team,line,station,hour_offset,mean_change
beşiktaş,F1,KABATAS,-12,16.05
beşiktaş,F1,KABATAS,-11,6.53
beşiktaş,F1,KABATAS,-10,-6.95
beşiktaş,F1,KABATAS,-9,0.39
beşiktaş,F1,KABATAS,-8,-0.22
beşiktaş,F1,KABATAS,-7,-3.16
beşiktaş,F1,KABATAS,-6,9.62
beşiktaş,F1,KABATAS,-5,45.08
beşiktaş,F1,KABATAS,-4,135.74
beşiktaş,F1,KABATAS,-3,166.73
beşiktaş,F1,KABATAS,-2,184.16
beşiktaş,F1,KABATAS,-1,162.81
beşiktaş,F1,KABATAS,0,112.31
beşiktaş,F1,KABATAS,1,148.55
beşiktaş,F1,KABATAS,2,917.07
beşiktaş,F1,KABATAS,3,126.22
beşiktaş,F1,KABATAS,4,0.35
beşiktaş,F1,KABATAS,5,-18.77
beşiktaş,F1,KABATAS,6,-44.17
beşiktaş,F1,KABATAS,7,-13.45
beşiktaş,F1,KABATAS,8,0.67
beşiktaş,F1,KABATAS,9,4.46
beşiktaş,F1,KABATAS,10,2.46
beşiktaş,F1,KABATAS,11,-5.51
beşiktaş,F1,KABATAS,12,0.43
beşiktaş,F1,TAKSIM,-12,2.9
beşiktaş,F1,TAKSIM,-11,5.0
beşiktaş,F1,TAKSIM,-10,7.28
beşiktaş,F1,TAKSIM,-9,-1.26
beşiktaş,F1,TAKSIM,-8,32.72
beşiktaş,F1,TAKSIM,-7,24.98
beşiktaş,F1,TAKSIM,-6,26.07
beşiktaş,F1,TAKSIM,-5,35.68
beşiktaş,F1,TAKSIM,-4,68.31
beşiktaş,F1,TAKSIM,-3,100.29
beşiktaş,F1,TAKSIM,-2,203.6
beşiktaş,F1,TAKSIM,-1,230.22
beşiktaş,F1,TAKSIM,0,50.5
beşiktaş,F1,TAKSIM,1,19.13
beşiktaş,F1,TAKSIM,2,12.94
beşiktaş,F1,TAKSIM,3,3.12
beşiktaş,F1,TAKSIM,4,1.27
beşiktaş,F1,TAKSIM,5,-11.9
beşiktaş,F1,TAKSIM,6,-14.44
beşiktaş,F1,TAKSIM,7,-3.07
beşiktaş,F1,TAKSIM,8,-6.55
beşiktaş,F1,TAKSIM,9,0.58
beşiktaş,F1,TAKSIM,10,2.65
beşiktaş,F1,TAKSIM,11,-1.95
beşiktaş,F1,TAKSIM,12,-2.73
beşiktaş,F4,ASIYAN,-12,-2.65
beşiktaş,F4,ASIYAN,-11,0.74
beşiktaş,F4,ASIYAN,-10,3.17
beşiktaş,F4,ASIYAN,-9,-2.62
beşiktaş,F4,ASIYAN,-8,-5.73
beşiktaş,F4,ASIYAN,-7,-5.48
beşiktaş,F4,ASIYAN,-6,9.13
beşiktaş,F4,ASIYAN,-5,1.56
beşiktaş,F4,ASIYAN,-4,8.1
beşiktaş,F4,ASIYAN,-3,16.81
beşiktaş,F4,ASIYAN,-2,12.44
beşiktaş,F4,ASIYAN,-1,5.91
beşiktaş,F4,ASIYAN,0,-1.54
beşiktaş,F4,ASIYAN,1,-6.7
beşiktaş,F4,ASIYAN,2,-17.92
beşiktaş,F4,ASIYAN,3,-23.97
beşiktaş,F4,ASIYAN,4,-27.22
beşiktaş,F4,ASIYAN,5,-33.09
beşiktaş,F4,ASIYAN,6,-8.09
beşiktaş,F4,ASIYAN,7,-20.86
beşiktaş,F4,ASIYAN,8,-0.02
beşiktaş,F4,ASIYAN,9,1.09
beşiktaş,F4,ASIYAN,10,2.7
beşiktaş,F4,ASIYAN,11,-0.17
beşiktaş,F4,ASIYAN,12,-3.59
beşiktaş,F4,RUMELI HISARUSTU,-12,-3.87
beşiktaş,F4,RUMELI HISARUSTU,-11,-0.43
beşiktaş,F4,RUMELI HISARUSTU,-10,-2.99
beşiktaş,F4,RUMELI HISARUSTU,-9,-2.26
beşiktaş,F4,RUMELI HISARUSTU,-8,-8.27
beşiktaş,F4,RUMELI HISARUSTU,-7,-3.1
beşiktaş,F4,RUMELI HISARUSTU,-6,-8.25
beşiktaş,F4,RUMELI HISARUSTU,-5,-6.94
beşiktaş,F4,RUMELI HISARUSTU,-4,1.53
beşiktaş,F4,RUMELI HISARUSTU,-3,0.07
beşiktaş,F4,RUMELI HISARUSTU,-2,-0.28
beşiktaş,F4,RUMELI HISARUSTU,-1,3.29
beşiktaş,F4,RUMELI HISARUSTU,0,-3.34
beşiktaş,F4,RUMELI HISARUSTU,1,-4.2
beşiktaş,F4,RUMELI HISARUSTU,2,-3.85
beşiktaş,F4,RUMELI HISARUSTU,3,-3.35
beşiktaş,F4,RUMELI HISARUSTU,4,-6.09
beşiktaş,F4,RUMELI HISARUSTU,5,-9.47
beşiktaş,F4,RUMELI HISARUSTU,6,-8.52
beşiktaş,F4,RUMELI HISARUSTU,7,-1.67
beşiktaş,F4,RUMELI HISARUSTU,8,1.22
beşiktaş,F4,RUMELI HISARUSTU,9,1.6
beşiktaş,F4,RUMELI HISARUSTU,10,-1.16
beşiktaş,F4,RUMELI HISARUSTU,11,-4.38
beşiktaş,F4,RUMELI HISARUSTU,12,-1.82
beşiktaş,M1,AKSARAY,-12,14.52
beşiktaş,M1,AKSARAY,-11,-2.54
beşiktaş,M1,AKSARAY,-10,-3.22
beşiktaş,M1,AKSARAY,-9,1.18
beşiktaş,M1,AKSARAY,-8,-12.59
beşiktaş,M1,AKSARAY,-7,-10.88
beşiktaş,M1,AKSARAY,-6,-11.93
beşiktaş,M1,AKSARAY,-5,-13.39
beşiktaş,M1,AKSARAY,-4,-14.18
beşiktaş,M1,AKSARAY,-3,-11.72
beşiktaş,M1,AKSARAY,-2,34.12
beşiktaş,M1,AKSARAY,-1,22.4
beşiktaş,M1,AKSARAY,0,-4.29
beşiktaş,M1,AKSARAY,1,-17.0
beşiktaş,M1,AKSARAY,2,90.08
beşiktaş,M1,AKSARAY,3,39.57
beşiktaş,M1,AKSARAY,4,-39.19
beşiktaş,M1,AKSARAY,5,-37.62
beşiktaş,M1,AKSARAY,6,-42.24
beşiktaş,M1,AKSARAY,7,-37.97
beşiktaş,M1,AKSARAY,8,-11.0
beşiktaş,M1,AKSARAY,9,-1.27
beşiktaş,M1,AKSARAY,10,-11.13
beşiktaş,M1,AKSARAY,11,-11.35
beşiktaş,M1,AKSARAY,12,13.88
beşiktaş,M1,ATAKOY,-12,2.1
beşiktaş,M1,ATAKOY,-11,24.81
beşiktaş,M1,ATAKOY,-10,-6.93
beşiktaş,M1,ATAKOY,-9,12.74
beşiktaş,M1,ATAKOY,-8,61.32
beşiktaş,M1,ATAKOY,-7,65.08
beşiktaş,M1,ATAKOY,-6,74.82
beşiktaş,M1,ATAKOY,-5,78.71
beşiktaş,M1,ATAKOY,-4,63.03
beşiktaş,M1,ATAKOY,-3,38.43
beşiktaş,M1,ATAKOY,-2,25.97
beşiktaş,M1,ATAKOY,-1,8.95
beşiktaş,M1,ATAKOY,0,4.07
beşiktaş,M1,ATAKOY,1,-8.29
beşiktaş,M1,ATAKOY,2,-9.25
beşiktaş,M1,ATAKOY,3,-33.16
beşiktaş,M1,ATAKOY,4,-17.17
beşiktaş,M1,ATAKOY,5,-21.28
beşiktaş,M1,ATAKOY,6,-22.18
beşiktaş,M1,ATAKOY,7,-18.42
beşiktaş,M1,ATAKOY,8,-6.13
beşiktaş,M1,ATAKOY,9,1.36
beşiktaş,M1,ATAKOY,10,-41.65
beşiktaş,M1,ATAKOY,11,-51.44
beşiktaş,M1,ATAKOY,12,-4.85
beşiktaş,M1,BAGCILAR MEYDAN,-12,96.45
beşiktaş,M1,BAGCILAR MEYDAN,-11,33.86
beşiktaş,M1,BAGCILAR MEYDAN,-10,-5.0
beşiktaş,M1,BAGCILAR MEYDAN,-9,-5.1
beşiktaş,M1,BAGCILAR MEYDAN,-8,9.07
beşiktaş,M1,BAGCILAR MEYDAN,-7,14.9
beşiktaş,M1,BAGCILAR MEYDAN,-6,19.61
beşiktaş,M1,BAGCILAR MEYDAN,-5,9.52
beşiktaş,M1,BAGCILAR MEYDAN,-4,22.94
beşiktaş,M1,BAGCILAR MEYDAN,-3,44.68
beşiktaş,M1,BAGCILAR MEYDAN,-2,24.59
beşiktaş,M1,BAGCILAR MEYDAN,-1,15.56
beşiktaş,M1,BAGCILAR MEYDAN,0,-0.57
beşiktaş,M1,BAGCILAR MEYDAN,1,-18.57
beşiktaş,M1,BAGCILAR MEYDAN,2,6.03
beşiktaş,M1,BAGCILAR MEYDAN,3,-21.95
beşiktaş,M1,BAGCILAR MEYDAN,4,-21.03
beşiktaş,M1,BAGCILAR MEYDAN,5,-16.67
beşiktaş,M1,BAGCILAR MEYDAN,6,-4.4
beşiktaş,M1,BAGCILAR MEYDAN,7,-13.89
beşiktaş,M1,BAGCILAR MEYDAN,8,-12.37
beşiktaş,M1,BAGCILAR MEYDAN,9,-2.98
beşiktaş,M1,BAGCILAR MEYDAN,10,-60.84
beşiktaş,M1,BAGCILAR MEYDAN,11,29.5
beşiktaş,M1,BAGCILAR MEYDAN,12,109.27
beşiktaş,M1,BAHCELIEVLER,-12,18.87
beşiktaş,M1,BAHCELIEVLER,-11,16.36
beşiktaş,M1,BAHCELIEVLER,-10,3.24
beşiktaş,M1,BAHCELIEVLER,-9,22.52
beşiktaş,M1,BAHCELIEVLER,-8,10.73
beşiktaş,M1,BAHCELIEVLER,-7,22.39
beşiktaş,M1,BAHCELIEVLER,-6,23.49
beşiktaş,M1,BAHCELIEVLER,-5,45.0
beşiktaş,M1,BAHCELIEVLER,-4,34.49
beşiktaş,M1,BAHCELIEVLER,-3,38.49
beşiktaş,M1,BAHCELIEVLER,-2,33.36
beşiktaş,M1,BAHCELIEVLER,-1,10.64
beşiktaş,M1,BAHCELIEVLER,0,7.61
beşiktaş,M1,BAHCELIEVLER,1,0.39
beşiktaş,M1,BAHCELIEVLER,2,5.21
beşiktaş,M1,BAHCELIEVLER,3,-4.61
beşiktaş,M1,BAHCELIEVLER,4,-4.93
beşiktaş,M1,BAHCELIEVLER,5,-6.43
beşiktaş,M1,BAHCELIEVLER,6,-4.97
beşiktaş,M1,BAHCELIEVLER,7,-3.59
beşiktaş,M1,BAHCELIEVLER,8,-3.19
beşiktaş,M1,BAHCELIEVLER,9,0.59
beşiktaş,M1,BAHCELIEVLER,10,-15.56
beşiktaş,M1,BAHCELIEVLER,11,-8.84
beşiktaş,M1,BAHCELIEVLER,12,20.09
beşiktaş,M1,BAKIRKOY,-12,8.14
beşiktaş,M1,BAKIRKOY,-11,-2.98
beşiktaş,M1,BAKIRKOY,-10,-9.59
beşiktaş,M1,BAKIRKOY,-9,-14.6
beşiktaş,M1,BAKIRKOY,-8,-19.08
beşiktaş,M1,BAKIRKOY,-7,-27.02
beşiktaş,M1,BAKIRKOY,-6,-28.76
beşiktaş,M1,BAKIRKOY,-5,-9.94
beşiktaş,M1,BAKIRKOY,-4,3.15
beşiktaş,M1,BAKIRKOY,-3,21.5
beşiktaş,M1,BAKIRKOY,-2,-3.28
beşiktaş,M1,BAKIRKOY,-1,-11.9
beşiktaş,M1,BAKIRKOY,0,-12.89
beşiktaş,M1,BAKIRKOY,1,-8.61
beşiktaş,M1,BAKIRKOY,2,10.41
beşiktaş,M1,BAKIRKOY,3,4.94
beşiktaş,M1,BAKIRKOY,4,-8.66
beşiktaş,M1,BAKIRKOY,5,-6.65
beşiktaş,M1,BAKIRKOY,6,-0.2
beşiktaş,M1,BAKIRKOY,7,-1.63
beşiktaş,M1,BAKIRKOY,8,-0.39
beşiktaş,M1,BAKIRKOY,9,11.17
beşiktaş,M1,BAKIRKOY,10,-3.49
beşiktaş,M1,BAKIRKOY,11,-20.56
beşiktaş,M1,BAKIRKOY,12,-2.96
beşiktaş,M1,BAYRAMPASA,-12,21.62
beşiktaş,M1,BAYRAMPASA,-11,6.67
beşiktaş,M1,BAYRAMPASA,-10,-2.5
beşiktaş,M1,BAYRAMPASA,-9,1.33
beşiktaş,M1,BAYRAMPASA,-8,9.8
beşiktaş,M1,BAYRAMPASA,-7,-0.57
beşiktaş,M1,BAYRAMPASA,-6,-10.79
beşiktaş,M1,BAYRAMPASA,-5,2.23
beşiktaş,M1,BAYRAMPASA,-4,9.27
beşiktaş,M1,BAYRAMPASA,-3,15.88
beşiktaş,M1,BAYRAMPASA,-2,55.17
beşiktaş,M1,BAYRAMPASA,-1,34.6
beşiktaş,M1,BAYRAMPASA,0,21.34
beşiktaş,M1,BAYRAMPASA,1,-0.56
beşiktaş,M1,BAYRAMPASA,2,5.23
beşiktaş,M1,BAYRAMPASA,3,1.91
beşiktaş,M1,BAYRAMPASA,4,-6.23
beşiktaş,M1,BAYRAMPASA,5,-7.72
beşiktaş,M1,BAYRAMPASA,6,-1.57
beşiktaş,M1,BAYRAMPASA,7,-5.23
beşiktaş,M1,BAYRAMPASA,8,0.54
beşiktaş,M1,BAYRAMPASA,9,3.97
beşiktaş,M1,BAYRAMPASA,10,-13.08
beşiktaş,M1,BAYRAMPASA,11,-7.49
beşiktaş,M1,BAYRAMPASA,12,21.83
beşiktaş,M1,DAVUTPASA,-12,8.46
beşiktaş,M1,DAVUTPASA,-11,2.45
beşiktaş,M1,DAVUTPASA,-10,3.28
beşiktaş,M1,DAVUTPASA,-9,-1.19
beşiktaş,M1,DAVUTPASA,-8,55.37
beşiktaş,M1,DAVUTPASA,-7,27.76
beşiktaş,M1,DAVUTPASA,-6,17.73
beşiktaş,M1,DAVUTPASA,-5,110.61
beşiktaş,M1,DAVUTPASA,-4,66.09
beşiktaş,M1,DAVUTPASA,-3,40.34
beşiktaş,M1,DAVUTPASA,-2,61.06
beşiktaş,M1,DAVUTPASA,-1,79.88
beşiktaş,M1,DAVUTPASA,0,22.95
beşiktaş,M1,DAVUTPASA,1,0.7
beşiktaş,M1,DAVUTPASA,2,-12.45
beşiktaş,M1,DAVUTPASA,3,-18.84
beşiktaş,M1,DAVUTPASA,4,-10.55
beşiktaş,M1,DAVUTPASA,5,-2.4
beşiktaş,M1,DAVUTPASA,6,-1.26
beşiktaş,M1,DAVUTPASA,7,-2.16
beşiktaş,M1,DAVUTPASA,8,-2.35
beşiktaş,M1,DAVUTPASA,9,-0.69
beşiktaş,M1,DAVUTPASA,10,-11.56
beşiktaş,M1,DAVUTPASA,11,-9.71
beşiktaş,M1,DAVUTPASA,12,9.07
beşiktaş,M1,EMNIYET,-12,29.55
beşiktaş,M1,EMNIYET,-11,20.0
beşiktaş,M1,EMNIYET,-10,7.58
beşiktaş,M1,EMNIYET,-9,-0.83
beşiktaş,M1,EMNIYET,-8,7.49
beşiktaş,M1,EMNIYET,-7,32.47
beşiktaş,M1,EMNIYET,-6,25.15
beşiktaş,M1,EMNIYET,-5,40.32
beşiktaş,M1,EMNIYET,-4,54.96
beşiktaş,M1,EMNIYET,-3,73.28
beşiktaş,M1,EMNIYET,-2,91.02
beşiktaş,M1,EMNIYET,-1,27.41
beşiktaş,M1,EMNIYET,0,45.66
beşiktaş,M1,EMNIYET,1,16.01
beşiktaş,M1,EMNIYET,2,3.96
beşiktaş,M1,EMNIYET,3,-3.6
beşiktaş,M1,EMNIYET,4,-17.97
beşiktaş,M1,EMNIYET,5,-12.57
beşiktaş,M1,EMNIYET,6,-26.4
beşiktaş,M1,EMNIYET,7,-15.51
beşiktaş,M1,EMNIYET,8,-4.47
beşiktaş,M1,EMNIYET,9,2.09
beşiktaş,M1,EMNIYET,10,-15.07
beşiktaş,M1,EMNIYET,11,-7.55
beşiktaş,M1,EMNIYET,12,24.79
beşiktaş,M1,ESENLER,-12,31.03
beşiktaş,M1,ESENLER,-11,-5.07
beşiktaş,M1,ESENLER,-10,-4.87
beşiktaş,M1,ESENLER,-9,9.69
beşiktaş,M1,ESENLER,-8,2.84
beşiktaş,M1,ESENLER,-7,9.0
beşiktaş,M1,ESENLER,-6,21.06
beşiktaş,M1,ESENLER,-5,38.51
beşiktaş,M1,ESENLER,-4,39.1
beşiktaş,M1,ESENLER,-3,15.43
beşiktaş,M1,ESENLER,-2,19.49
beşiktaş,M1,ESENLER,-1,-9.43
beşiktaş,M1,ESENLER,0,-4.27
beşiktaş,M1,ESENLER,1,-25.67
beşiktaş,M1,ESENLER,2,-3.24
beşiktaş,M1,ESENLER,3,-7.94
beşiktaş,M1,ESENLER,4,-11.87
beşiktaş,M1,ESENLER,5,-10.46
beşiktaş,M1,ESENLER,6,-9.47
beşiktaş,M1,ESENLER,7,-7.17
beşiktaş,M1,ESENLER,8,-1.49
beşiktaş,M1,ESENLER,9,-3.12
beşiktaş,M1,ESENLER,10,-32.95
beşiktaş,M1,ESENLER,11,8.84
beşiktaş,M1,ESENLER,12,26.61
beşiktaş,M1,HAVAALANI,-12,0.29
beşiktaş,M1,HAVAALANI,-11,3.88
beşiktaş,M1,HAVAALANI,-10,1.39
beşiktaş,M1,HAVAALANI,-9,6.9
beşiktaş,M1,HAVAALANI,-8,25.3
beşiktaş,M1,HAVAALANI,-7,48.24
beşiktaş,M1,HAVAALANI,-6,54.67
beşiktaş,M1,HAVAALANI,-5,33.17
beşiktaş,M1,HAVAALANI,-4,66.61
beşiktaş,M1,HAVAALANI,-3,58.45
beşiktaş,M1,HAVAALANI,-2,77.57
beşiktaş,M1,HAVAALANI,-1,69.38
beşiktaş,M1,HAVAALANI,0,83.86
beşiktaş,M1,HAVAALANI,1,82.27
beşiktaş,M1,HAVAALANI,2,58.72
beşiktaş,M1,HAVAALANI,3,-1.86
beşiktaş,M1,HAVAALANI,4,-1.76
beşiktaş,M1,HAVAALANI,5,-9.54
beşiktaş,M1,HAVAALANI,6,-2.97
beşiktaş,M1,HAVAALANI,7,-2.08
beşiktaş,M1,HAVAALANI,8,0.01
beşiktaş,M1,HAVAALANI,9,0.44
beşiktaş,M1,HAVAALANI,10,-0.14
beşiktaş,M1,HAVAALANI,11,-0.17
beşiktaş,M1,HAVAALANI,12,-0.34
beşiktaş,M1,IDTM,-12,7.36
beşiktaş,M1,IDTM,-11,3.97
beşiktaş,M1,IDTM,-10,-3.05
beşiktaş,M1,IDTM,-9,-3.67
beşiktaş,M1,IDTM,-8,-3.76
beşiktaş,M1,IDTM,-7,32.6
beşiktaş,M1,IDTM,-6,76.2
beşiktaş,M1,IDTM,-5,77.46
beşiktaş,M1,IDTM,-4,76.91
beşiktaş,M1,IDTM,-3,61.18
beşiktaş,M1,IDTM,-2,82.86
beşiktaş,M1,IDTM,-1,207.54
beşiktaş,M1,IDTM,0,167.69
beşiktaş,M1,IDTM,1,66.8
beşiktaş,M1,IDTM,2,18.64
beşiktaş,M1,IDTM,3,-3.41
beşiktaş,M1,IDTM,4,0.61
beşiktaş,M1,IDTM,5,-3.73
beşiktaş,M1,IDTM,6,1.34
beşiktaş,M1,IDTM,7,4.81
beşiktaş,M1,IDTM,8,-0.2
beşiktaş,M1,IDTM,9,-0.08
beşiktaş,M1,IDTM,10,-2.68
beşiktaş,M1,IDTM,11,-1.99
beşiktaş,M1,IDTM,12,1.28
beşiktaş,M1,KARTALTEPE,-12,46.35
beşiktaş,M1,KARTALTEPE,-11,16.76
beşiktaş,M1,KARTALTEPE,-10,-0.96
beşiktaş,M1,KARTALTEPE,-9,12.03
beşiktaş,M1,KARTALTEPE,-8,27.62
beşiktaş,M1,KARTALTEPE,-7,21.17
beşiktaş,M1,KARTALTEPE,-6,2.22
beşiktaş,M1,KARTALTEPE,-5,9.13
beşiktaş,M1,KARTALTEPE,-4,61.37
beşiktaş,M1,KARTALTEPE,-3,58.01
beşiktaş,M1,KARTALTEPE,-2,96.65
beşiktaş,M1,KARTALTEPE,-1,63.71
beşiktaş,M1,KARTALTEPE,0,25.11
beşiktaş,M1,KARTALTEPE,1,9.33
beşiktaş,M1,KARTALTEPE,2,-13.84
beşiktaş,M1,KARTALTEPE,3,-35.18
beşiktaş,M1,KARTALTEPE,4,-31.59
beşiktaş,M1,KARTALTEPE,5,-9.98
beşiktaş,M1,KARTALTEPE,6,-13.13
beşiktaş,M1,KARTALTEPE,7,-6.85
beşiktaş,M1,KARTALTEPE,8,3.22
beşiktaş,M1,KARTALTEPE,9,5.99
beşiktaş,M1,KARTALTEPE,10,-47.55
beşiktaş,M1,KARTALTEPE,11,-33.22
beşiktaş,M1,KARTALTEPE,12,35.95
beşiktaş,M1,KIRAZLI,-12,74.23
beşiktaş,M1,KIRAZLI,-11,47.6
beşiktaş,M1,KIRAZLI,-10,19.61
beşiktaş,M1,KIRAZLI,-9,13.94
beşiktaş,M1,KIRAZLI,-8,11.51
beşiktaş,M1,KIRAZLI,-7,40.13
beşiktaş,M1,KIRAZLI,-6,31.74
beşiktaş,M1,KIRAZLI,-5,49.31
beşiktaş,M1,KIRAZLI,-4,55.16
beşiktaş,M1,KIRAZLI,-3,34.67
beşiktaş,M1,KIRAZLI,-2,37.42
beşiktaş,M1,KIRAZLI,-1,11.66
beşiktaş,M1,KIRAZLI,0,-3.54
beşiktaş,M1,KIRAZLI,1,-17.43
beşiktaş,M1,KIRAZLI,2,-10.96
beşiktaş,M1,KIRAZLI,3,-17.03
beşiktaş,M1,KIRAZLI,4,-15.85
beşiktaş,M1,KIRAZLI,5,-12.18
beşiktaş,M1,KIRAZLI,6,-8.04
beşiktaş,M1,KIRAZLI,7,-3.19
beşiktaş,M1,KIRAZLI,8,-9.45
beşiktaş,M1,KIRAZLI,9,-21.04
beşiktaş,M1,KIRAZLI,10,-43.58
beşiktaş,M1,KIRAZLI,11,30.85
beşiktaş,M1,KIRAZLI,12,89.73
beşiktaş,M1,MENDERES,-12,58.32
beşiktaş,M1,MENDERES,-11,8.44
beşiktaş,M1,MENDERES,-10,-5.46
beşiktaş,M1,MENDERES,-9,-5.66
beşiktaş,M1,MENDERES,-8,-0.83
beşiktaş,M1,MENDERES,-7,-0.09
beşiktaş,M1,MENDERES,-6,24.67
beşiktaş,M1,MENDERES,-5,33.48
beşiktaş,M1,MENDERES,-4,27.91
beşiktaş,M1,MENDERES,-3,9.43
beşiktaş,M1,MENDERES,-2,8.75
beşiktaş,M1,MENDERES,-1,-9.1
beşiktaş,M1,MENDERES,0,-4.71
beşiktaş,M1,MENDERES,1,-18.28
beşiktaş,M1,MENDERES,2,-8.45
beşiktaş,M1,MENDERES,3,-8.21
beşiktaş,M1,MENDERES,4,-13.91
beşiktaş,M1,MENDERES,5,-9.04
beşiktaş,M1,MENDERES,6,-14.66
beşiktaş,M1,MENDERES,7,-8.59
beşiktaş,M1,MENDERES,8,-2.77
beşiktaş,M1,MENDERES,9,-0.73
beşiktaş,M1,MENDERES,10,-51.86
beşiktaş,M1,MENDERES,11,15.72
beşiktaş,M1,MENDERES,12,59.25
beşiktaş,M1,MERTER,-12,8.39
beşiktaş,M1,MERTER,-11,11.41
beşiktaş,M1,MERTER,-10,1.21
beşiktaş,M1,MERTER,-9,6.01
beşiktaş,M1,MERTER,-8,11.24
beşiktaş,M1,MERTER,-7,7.16
beşiktaş,M1,MERTER,-6,-2.72
beşiktaş,M1,MERTER,-5,27.84
beşiktaş,M1,MERTER,-4,18.57
beşiktaş,M1,MERTER,-3,23.46
beşiktaş,M1,MERTER,-2,32.92
beşiktaş,M1,MERTER,-1,31.72
beşiktaş,M1,MERTER,0,25.0
beşiktaş,M1,MERTER,1,11.88
beşiktaş,M1,MERTER,2,12.5
beşiktaş,M1,MERTER,3,13.13
beşiktaş,M1,MERTER,4,-2.7
beşiktaş,M1,MERTER,5,-6.5
beşiktaş,M1,MERTER,6,-4.7
beşiktaş,M1,MERTER,7,-4.18
beşiktaş,M1,MERTER,8,-4.72
beşiktaş,M1,MERTER,9,1.24
beşiktaş,M1,MERTER,10,-3.2
beşiktaş,M1,MERTER,11,-3.53
beşiktaş,M1,MERTER,12,8.23
beşiktaş,M1,OTOGAR,-12,9.3
beşiktaş,M1,OTOGAR,-11,-1.54
beşiktaş,M1,OTOGAR,-10,-16.49
beşiktaş,M1,OTOGAR,-9,-37.93
beşiktaş,M1,OTOGAR,-8,2.96
beşiktaş,M1,OTOGAR,-7,-5.38
beşiktaş,M1,OTOGAR,-6,-23.54
beşiktaş,M1,OTOGAR,-5,-5.78
beşiktaş,M1,OTOGAR,-4,-2.29
beşiktaş,M1,OTOGAR,-3,-10.42
beşiktaş,M1,OTOGAR,-2,-9.31
beşiktaş,M1,OTOGAR,-1,-27.06
beşiktaş,M1,OTOGAR,0,3.99
beşiktaş,M1,OTOGAR,1,-28.0
beşiktaş,M1,OTOGAR,2,-25.26
beşiktaş,M1,OTOGAR,3,-13.69
beşiktaş,M1,OTOGAR,4,-10.13
beşiktaş,M1,OTOGAR,5,9.4
beşiktaş,M1,OTOGAR,6,11.6
beşiktaş,M1,OTOGAR,7,1.97
beşiktaş,M1,OTOGAR,8,5.73
beşiktaş,M1,OTOGAR,9,6.22
beşiktaş,M1,OTOGAR,10,-6.16
beşiktaş,M1,OTOGAR,11,1.14
beşiktaş,M1,OTOGAR,12,-1.4
beşiktaş,M1,SAGMALCILAR,-12,42.69
beşiktaş,M1,SAGMALCILAR,-11,15.08
beşiktaş,M1,SAGMALCILAR,-10,-6.32
beşiktaş,M1,SAGMALCILAR,-9,23.27
beşiktaş,M1,SAGMALCILAR,-8,22.1
beşiktaş,M1,SAGMALCILAR,-7,8.44
beşiktaş,M1,SAGMALCILAR,-6,0.87
beşiktaş,M1,SAGMALCILAR,-5,53.53
beşiktaş,M1,SAGMALCILAR,-4,52.95
beşiktaş,M1,SAGMALCILAR,-3,27.0
beşiktaş,M1,SAGMALCILAR,-2,30.27
beşiktaş,M1,SAGMALCILAR,-1,11.41
beşiktaş,M1,SAGMALCILAR,0,-4.33
beşiktaş,M1,SAGMALCILAR,1,-17.12
beşiktaş,M1,SAGMALCILAR,2,3.75
beşiktaş,M1,SAGMALCILAR,3,-7.89
beşiktaş,M1,SAGMALCILAR,4,-10.07
beşiktaş,M1,SAGMALCILAR,5,-4.47
beşiktaş,M1,SAGMALCILAR,6,-5.66
beşiktaş,M1,SAGMALCILAR,7,-6.04
beşiktaş,M1,SAGMALCILAR,8,-1.56
beşiktaş,M1,SAGMALCILAR,9,-0.74
beşiktaş,M1,SAGMALCILAR,10,-33.41
beşiktaş,M1,SAGMALCILAR,11,-9.39
beşiktaş,M1,SAGMALCILAR,12,41.86
beşiktaş,M1,TERAZIDERE,-12,34.03
beşiktaş,M1,TERAZIDERE,-11,10.82
beşiktaş,M1,TERAZIDERE,-10,-7.0
beşiktaş,M1,TERAZIDERE,-9,-3.38
beşiktaş,M1,TERAZIDERE,-8,0.6
beşiktaş,M1,TERAZIDERE,-7,-3.97
beşiktaş,M1,TERAZIDERE,-6,-2.13
beşiktaş,M1,TERAZIDERE,-5,19.72
beşiktaş,M1,TERAZIDERE,-4,1.5
beşiktaş,M1,TERAZIDERE,-3,10.07
beşiktaş,M1,TERAZIDERE,-2,27.05
beşiktaş,M1,TERAZIDERE,-1,10.26
beşiktaş,M1,TERAZIDERE,0,1.23
beşiktaş,M1,TERAZIDERE,1,-9.06
beşiktaş,M1,TERAZIDERE,2,2.03
beşiktaş,M1,TERAZIDERE,3,-7.37
beşiktaş,M1,TERAZIDERE,4,-5.82
beşiktaş,M1,TERAZIDERE,5,-5.83
beşiktaş,M1,TERAZIDERE,6,-5.59
beşiktaş,M1,TERAZIDERE,7,-3.61
beşiktaş,M1,TERAZIDERE,8,-0.64
beşiktaş,M1,TERAZIDERE,9,-0.36
beşiktaş,M1,TERAZIDERE,10,-26.03
beşiktaş,M1,TERAZIDERE,11,-3.98
beşiktaş,M1,TERAZIDERE,12,33.69
beşiktaş,M1,UCYUZLU,-12,54.73
beşiktaş,M1,UCYUZLU,-11,16.1
beşiktaş,M1,UCYUZLU,-10,-0.1
beşiktaş,M1,UCYUZLU,-9,2.02
beşiktaş,M1,UCYUZLU,-8,2.4
beşiktaş,M1,UCYUZLU,-7,4.63
beşiktaş,M1,UCYUZLU,-6,17.03
beşiktaş,M1,UCYUZLU,-5,27.16
beşiktaş,M1,UCYUZLU,-4,27.77
beşiktaş,M1,UCYUZLU,-3,8.65
beşiktaş,M1,UCYUZLU,-2,11.53
beşiktaş,M1,UCYUZLU,-1,0.86
beşiktaş,M1,UCYUZLU,0,-8.07
beşiktaş,M1,UCYUZLU,1,-19.28
beşiktaş,M1,UCYUZLU,2,-3.26
beşiktaş,M1,UCYUZLU,3,-7.07
beşiktaş,M1,UCYUZLU,4,-11.87
beşiktaş,M1,UCYUZLU,5,-8.02
beşiktaş,M1,UCYUZLU,6,-6.28
beşiktaş,M1,UCYUZLU,7,-5.78
beşiktaş,M1,UCYUZLU,8,3.15
beşiktaş,M1,UCYUZLU,9,7.17
beşiktaş,M1,UCYUZLU,10,-54.6
beşiktaş,M1,UCYUZLU,11,13.58
beşiktaş,M1,UCYUZLU,12,60.17
beşiktaş,M1,ULUBATLI,-12,47.17
beşiktaş,M1,ULUBATLI,-11,31.45
beşiktaş,M1,ULUBATLI,-10,1.67
beşiktaş,M1,ULUBATLI,-9,11.17
beşiktaş,M1,ULUBATLI,-8,21.15
beşiktaş,M1,ULUBATLI,-7,22.34
beşiktaş,M1,ULUBATLI,-6,26.01
beşiktaş,M1,ULUBATLI,-5,25.96
beşiktaş,M1,ULUBATLI,-4,34.49
beşiktaş,M1,ULUBATLI,-3,43.65
beşiktaş,M1,ULUBATLI,-2,37.41
beşiktaş,M1,ULUBATLI,-1,12.23
beşiktaş,M1,ULUBATLI,0,19.86
beşiktaş,M1,ULUBATLI,1,-1.38
beşiktaş,M1,ULUBATLI,2,7.32
beşiktaş,M1,ULUBATLI,3,2.55
beşiktaş,M1,ULUBATLI,4,-9.15
beşiktaş,M1,ULUBATLI,5,-8.58
beşiktaş,M1,ULUBATLI,6,-3.51
beşiktaş,M1,ULUBATLI,7,-4.46
beşiktaş,M1,ULUBATLI,8,-0.99
beşiktaş,M1,ULUBATLI,9,-1.16
beşiktaş,M1,ULUBATLI,10,-19.62
beşiktaş,M1,ULUBATLI,11,-15.49
beşiktaş,M1,ULUBATLI,12,14.39
beşiktaş,M1,YENIBOSNA,-12,13.75
beşiktaş,M1,YENIBOSNA,-11,8.56
beşiktaş,M1,YENIBOSNA,-10,15.82
beşiktaş,M1,YENIBOSNA,-9,28.1
beşiktaş,M1,YENIBOSNA,-8,30.49
beşiktaş,M1,YENIBOSNA,-7,26.46
beşiktaş,M1,YENIBOSNA,-6,44.19
beşiktaş,M1,YENIBOSNA,-5,47.37
beşiktaş,M1,YENIBOSNA,-4,23.79
beşiktaş,M1,YENIBOSNA,-3,9.67
beşiktaş,M1,YENIBOSNA,-2,10.37
beşiktaş,M1,YENIBOSNA,-1,24.04
beşiktaş,M1,YENIBOSNA,0,-2.8
beşiktaş,M1,YENIBOSNA,1,-13.76
beşiktaş,M1,YENIBOSNA,2,-9.02
beşiktaş,M1,YENIBOSNA,3,-17.34
beşiktaş,M1,YENIBOSNA,4,-11.05
beşiktaş,M1,YENIBOSNA,5,-6.77
beşiktaş,M1,YENIBOSNA,6,-6.43
beşiktaş,M1,YENIBOSNA,7,-5.17
beşiktaş,M1,YENIBOSNA,8,3.6
beşiktaş,M1,YENIBOSNA,9,23.12
beşiktaş,M1,YENIBOSNA,10,-0.15
beşiktaş,M1,YENIBOSNA,11,-12.96
beşiktaş,M1,YENIBOSNA,12,-3.15
beşiktaş,M1,YENIKAPI,-12,86.53
beşiktaş,M1,YENIKAPI,-11,81.52
beşiktaş,M1,YENIKAPI,-10,62.23
beşiktaş,M1,YENIKAPI,-9,57.38
beşiktaş,M1,YENIKAPI,-8,97.76
beşiktaş,M1,YENIKAPI,-7,114.0
beşiktaş,M1,YENIKAPI,-6,93.52
beşiktaş,M1,YENIKAPI,-5,78.07
beşiktaş,M1,YENIKAPI,-4,79.65
beşiktaş,M1,YENIKAPI,-3,143.11
beşiktaş,M1,YENIKAPI,-2,300.07
beşiktaş,M1,YENIKAPI,-1,256.75
beşiktaş,M1,YENIKAPI,0,197.07
beşiktaş,M1,YENIKAPI,1,105.77
beşiktaş,M1,YENIKAPI,2,299.45
beşiktaş,M1,YENIKAPI,3,148.6
beşiktaş,M1,YENIKAPI,4,-36.38
beşiktaş,M1,YENIKAPI,5,-96.01
beşiktaş,M1,YENIKAPI,6,-72.63
beşiktaş,M1,YENIKAPI,7,-65.3
beşiktaş,M1,YENIKAPI,8,-47.06
beşiktaş,M1,YENIKAPI,9,-1.81
beşiktaş,M1,YENIKAPI,10,-53.63
beşiktaş,M1,YENIKAPI,11,-13.93
beşiktaş,M1,YENIKAPI,12,63.85
beşiktaş,M1,ZEYTINBURNU,-12,56.59
beşiktaş,M1,ZEYTINBURNU,-11,37.31
beşiktaş,M1,ZEYTINBURNU,-10,2.87
beşiktaş,M1,ZEYTINBURNU,-9,15.54
beşiktaş,M1,ZEYTINBURNU,-8,20.38
beşiktaş,M1,ZEYTINBURNU,-7,13.88
beşiktaş,M1,ZEYTINBURNU,-6,0.89
beşiktaş,M1,ZEYTINBURNU,-5,7.34
beşiktaş,M1,ZEYTINBURNU,-4,12.28
beşiktaş,M1,ZEYTINBURNU,-3,3.4
beşiktaş,M1,ZEYTINBURNU,-2,19.16
beşiktaş,M1,ZEYTINBURNU,-1,25.48
beşiktaş,M1,ZEYTINBURNU,0,-3.21
beşiktaş,M1,ZEYTINBURNU,1,-13.03
beşiktaş,M1,ZEYTINBURNU,2,-19.89
beşiktaş,M1,ZEYTINBURNU,3,13.99
beşiktaş,M1,ZEYTINBURNU,4,-14.91
beşiktaş,M1,ZEYTINBURNU,5,-11.95
beşiktaş,M1,ZEYTINBURNU,6,-11.45
beşiktaş,M1,ZEYTINBURNU,7,-7.4
beşiktaş,M1,ZEYTINBURNU,8,-3.32
beşiktaş,M1,ZEYTINBURNU,9,8.37
beşiktaş,M1,ZEYTINBURNU,10,-24.99
beşiktaş,M1,ZEYTINBURNU,11,-40.84
beşiktaş,M1,ZEYTINBURNU,12,53.11
beşiktaş,M2,4. LEVENT,-12,122.28
beşiktaş,M2,4. LEVENT,-11,70.68
beşiktaş,M2,4. LEVENT,-10,20.74
beşiktaş,M2,4. LEVENT,-9,38.01
beşiktaş,M2,4. LEVENT,-8,30.58
beşiktaş,M2,4. LEVENT,-7,45.7
beşiktaş,M2,4. LEVENT,-6,44.46
beşiktaş,M2,4. LEVENT,-5,74.91
beşiktaş,M2,4. LEVENT,-4,58.79
beşiktaş,M2,4. LEVENT,-3,123.59
beşiktaş,M2,4. LEVENT,-2,184.0
beşiktaş,M2,4. LEVENT,-1,133.57
beşiktaş,M2,4. LEVENT,0,54.94
beşiktaş,M2,4. LEVENT,1,-2.54
beşiktaş,M2,4. LEVENT,2,29.26
beşiktaş,M2,4. LEVENT,3,11.25
beşiktaş,M2,4. LEVENT,4,-2.19
beşiktaş,M2,4. LEVENT,5,-10.42
beşiktaş,M2,4. LEVENT,6,-9.75
beşiktaş,M2,4. LEVENT,7,-3.97
beşiktaş,M2,4. LEVENT,8,-8.97
beşiktaş,M2,4. LEVENT,9,-9.21
beşiktaş,M2,4. LEVENT,10,-80.94
beşiktaş,M2,4. LEVENT,11,-46.83
beşiktaş,M2,4. LEVENT,12,66.6
beşiktaş,M2,ATATURK OTO SANAYI,-12,14.67
beşiktaş,M2,ATATURK OTO SANAYI,-11,11.29
beşiktaş,M2,ATATURK OTO SANAYI,-10,-0.82
beşiktaş,M2,ATATURK OTO SANAYI,-9,12.26
beşiktaş,M2,ATATURK OTO SANAYI,-8,22.25
beşiktaş,M2,ATATURK OTO SANAYI,-7,18.02
beşiktaş,M2,ATATURK OTO SANAYI,-6,12.63
beşiktaş,M2,ATATURK OTO SANAYI,-5,-5.09
beşiktaş,M2,ATATURK OTO SANAYI,-4,43.87
beşiktaş,M2,ATATURK OTO SANAYI,-3,49.81
beşiktaş,M2,ATATURK OTO SANAYI,-2,98.82
beşiktaş,M2,ATATURK OTO SANAYI,-1,54.95
beşiktaş,M2,ATATURK OTO SANAYI,0,17.36
beşiktaş,M2,ATATURK OTO SANAYI,1,8.85
beşiktaş,M2,ATATURK OTO SANAYI,2,10.49
beşiktaş,M2,ATATURK OTO SANAYI,3,-1.85
beşiktaş,M2,ATATURK OTO SANAYI,4,-6.3
beşiktaş,M2,ATATURK OTO SANAYI,5,-7.74
beşiktaş,M2,ATATURK OTO SANAYI,6,-9.25
beşiktaş,M2,ATATURK OTO SANAYI,7,-2.56
beşiktaş,M2,ATATURK OTO SANAYI,8,-2.3
beşiktaş,M2,ATATURK OTO SANAYI,9,0.31
beşiktaş,M2,ATATURK OTO SANAYI,10,-21.84
beşiktaş,M2,ATATURK OTO SANAYI,11,-3.07
beşiktaş,M2,ATATURK OTO SANAYI,12,12.09
beşiktaş,M2,DARUSSAFAKA,-12,12.18
beşiktaş,M2,DARUSSAFAKA,-11,4.94
beşiktaş,M2,DARUSSAFAKA,-10,3.37
beşiktaş,M2,DARUSSAFAKA,-9,12.08
beşiktaş,M2,DARUSSAFAKA,-8,11.26
beşiktaş,M2,DARUSSAFAKA,-7,14.49
beşiktaş,M2,DARUSSAFAKA,-6,-6.37
beşiktaş,M2,DARUSSAFAKA,-5,32.44
beşiktaş,M2,DARUSSAFAKA,-4,40.98
beşiktaş,M2,DARUSSAFAKA,-3,38.08
beşiktaş,M2,DARUSSAFAKA,-2,36.72
beşiktaş,M2,DARUSSAFAKA,-1,30.54
beşiktaş,M2,DARUSSAFAKA,0,5.78
beşiktaş,M2,DARUSSAFAKA,1,-2.56
beşiktaş,M2,DARUSSAFAKA,2,-7.62
beşiktaş,M2,DARUSSAFAKA,3,11.0
beşiktaş,M2,DARUSSAFAKA,4,-32.43
beşiktaş,M2,DARUSSAFAKA,5,-63.48
beşiktaş,M2,DARUSSAFAKA,6,-15.54
beşiktaş,M2,DARUSSAFAKA,7,-20.41
beşiktaş,M2,DARUSSAFAKA,8,-7.09
beşiktaş,M2,DARUSSAFAKA,9,-1.54
beşiktaş,M2,DARUSSAFAKA,10,-13.84
beşiktaş,M2,DARUSSAFAKA,11,-10.61
beşiktaş,M2,DARUSSAFAKA,12,6.26
beşiktaş,M2,GAYRETTEPE,-12,69.48
beşiktaş,M2,GAYRETTEPE,-11,140.09
beşiktaş,M2,GAYRETTEPE,-10,31.7
beşiktaş,M2,GAYRETTEPE,-9,37.17
beşiktaş,M2,GAYRETTEPE,-8,60.02
beşiktaş,M2,GAYRETTEPE,-7,34.26
beşiktaş,M2,GAYRETTEPE,-6,34.13
beşiktaş,M2,GAYRETTEPE,-5,61.43
beşiktaş,M2,GAYRETTEPE,-4,70.72
beşiktaş,M2,GAYRETTEPE,-3,134.58
beşiktaş,M2,GAYRETTEPE,-2,181.12
beşiktaş,M2,GAYRETTEPE,-1,196.09
beşiktaş,M2,GAYRETTEPE,0,102.35
beşiktaş,M2,GAYRETTEPE,1,57.24
beşiktaş,M2,GAYRETTEPE,2,65.07
beşiktaş,M2,GAYRETTEPE,3,76.13
beşiktaş,M2,GAYRETTEPE,4,31.42
beşiktaş,M2,GAYRETTEPE,5,11.29
beşiktaş,M2,GAYRETTEPE,6,-3.12
beşiktaş,M2,GAYRETTEPE,7,-13.1
beşiktaş,M2,GAYRETTEPE,8,-8.34
beşiktaş,M2,GAYRETTEPE,9,-3.55
beşiktaş,M2,GAYRETTEPE,10,-77.17
beşiktaş,M2,GAYRETTEPE,11,-95.47
beşiktaş,M2,GAYRETTEPE,12,-9.1
beşiktaş,M2,HACIOSMAN,-12,77.42
beşiktaş,M2,HACIOSMAN,-11,62.18
beşiktaş,M2,HACIOSMAN,-10,17.25
beşiktaş,M2,HACIOSMAN,-9,18.72
beşiktaş,M2,HACIOSMAN,-8,21.07
beşiktaş,M2,HACIOSMAN,-7,27.94
beşiktaş,M2,HACIOSMAN,-6,8.37
beşiktaş,M2,HACIOSMAN,-5,36.57
beşiktaş,M2,HACIOSMAN,-4,62.65
beşiktaş,M2,HACIOSMAN,-3,59.78
beşiktaş,M2,HACIOSMAN,-2,63.28
beşiktaş,M2,HACIOSMAN,-1,17.04
beşiktaş,M2,HACIOSMAN,0,-19.46
beşiktaş,M2,HACIOSMAN,1,-19.37
beşiktaş,M2,HACIOSMAN,2,-11.76
beşiktaş,M2,HACIOSMAN,3,-18.66
beşiktaş,M2,HACIOSMAN,4,-48.56
beşiktaş,M2,HACIOSMAN,5,-55.74
beşiktaş,M2,HACIOSMAN,6,-36.74
beşiktaş,M2,HACIOSMAN,7,-15.43
beşiktaş,M2,HACIOSMAN,8,-4.62
beşiktaş,M2,HACIOSMAN,9,1.52
beşiktaş,M2,HACIOSMAN,10,-65.16
beşiktaş,M2,HACIOSMAN,11,-35.15
beşiktaş,M2,HACIOSMAN,12,42.85
beşiktaş,M2,HALIC,-12,21.47
beşiktaş,M2,HALIC,-11,14.9
beşiktaş,M2,HALIC,-10,7.21
beşiktaş,M2,HALIC,-9,4.84
beşiktaş,M2,HALIC,-8,8.59
beşiktaş,M2,HALIC,-7,7.53
beşiktaş,M2,HALIC,-6,14.53
beşiktaş,M2,HALIC,-5,10.05
beşiktaş,M2,HALIC,-4,28.49
beşiktaş,M2,HALIC,-3,55.83
beşiktaş,M2,HALIC,-2,115.58
beşiktaş,M2,HALIC,-1,54.23
beşiktaş,M2,HALIC,0,9.2
beşiktaş,M2,HALIC,1,-29.15
beşiktaş,M2,HALIC,2,-39.38
beşiktaş,M2,HALIC,3,-51.02
beşiktaş,M2,HALIC,4,-42.27
beşiktaş,M2,HALIC,5,-61.25
beşiktaş,M2,HALIC,6,-46.57
beşiktaş,M2,HALIC,7,-38.29
beşiktaş,M2,HALIC,8,-8.45
beşiktaş,M2,HALIC,9,-1.48
beşiktaş,M2,HALIC,10,-5.13
beşiktaş,M2,HALIC,11,-9.69
beşiktaş,M2,HALIC,12,16.94
beşiktaş,M2,ITU,-12,61.09
beşiktaş,M2,ITU,-11,34.22
beşiktaş,M2,ITU,-10,6.04
beşiktaş,M2,ITU,-9,24.68
beşiktaş,M2,ITU,-8,105.09
beşiktaş,M2,ITU,-7,13.86
beşiktaş,M2,ITU,-6,148.94
beşiktaş,M2,ITU,-5,130.43
beşiktaş,M2,ITU,-4,194.36
beşiktaş,M2,ITU,-3,268.52
beşiktaş,M2,ITU,-2,367.61
beşiktaş,M2,ITU,-1,324.76
beşiktaş,M2,ITU,0,136.54
beşiktaş,M2,ITU,1,64.49
beşiktaş,M2,ITU,2,33.69
beşiktaş,M2,ITU,3,35.28
beşiktaş,M2,ITU,4,10.36
beşiktaş,M2,ITU,5,-9.27
beşiktaş,M2,ITU,6,-19.08
beşiktaş,M2,ITU,7,23.51
beşiktaş,M2,ITU,8,22.4
beşiktaş,M2,ITU,9,4.14
beşiktaş,M2,ITU,10,-23.1
beşiktaş,M2,ITU,11,-13.2
beşiktaş,M2,ITU,12,22.75
beşiktaş,M2,LEVENT,-12,56.38
beşiktaş,M2,LEVENT,-11,44.83
beşiktaş,M2,LEVENT,-10,9.71
beşiktaş,M2,LEVENT,-9,22.07
beşiktaş,M2,LEVENT,-8,37.75
beşiktaş,M2,LEVENT,-7,25.25
beşiktaş,M2,LEVENT,-6,32.61
beşiktaş,M2,LEVENT,-5,81.28
beşiktaş,M2,LEVENT,-4,164.07
beşiktaş,M2,LEVENT,-3,225.32
beşiktaş,M2,LEVENT,-2,351.53
beşiktaş,M2,LEVENT,-1,309.72
beşiktaş,M2,LEVENT,0,155.59
beşiktaş,M2,LEVENT,1,87.39
beşiktaş,M2,LEVENT,2,88.18
beşiktaş,M2,LEVENT,3,42.87
beşiktaş,M2,LEVENT,4,-4.4
beşiktaş,M2,LEVENT,5,-20.5
beşiktaş,M2,LEVENT,6,-2.95
beşiktaş,M2,LEVENT,7,1.44
beşiktaş,M2,LEVENT,8,-10.36
beşiktaş,M2,LEVENT,9,-13.23
beşiktaş,M2,LEVENT,10,-33.98
beşiktaş,M2,LEVENT,11,-42.75
beşiktaş,M2,LEVENT,12,28.5
beşiktaş,M2,OSMANBEY,-12,92.58
beşiktaş,M2,OSMANBEY,-11,69.91
beşiktaş,M2,OSMANBEY,-10,8.86
beşiktaş,M2,OSMANBEY,-9,12.71
beşiktaş,M2,OSMANBEY,-8,66.06
beşiktaş,M2,OSMANBEY,-7,24.12
beşiktaş,M2,OSMANBEY,-6,20.53
beşiktaş,M2,OSMANBEY,-5,134.18
beşiktaş,M2,OSMANBEY,-4,226.07
beşiktaş,M2,OSMANBEY,-3,326.5
beşiktaş,M2,OSMANBEY,-2,487.98
beşiktaş,M2,OSMANBEY,-1,457.67
beşiktaş,M2,OSMANBEY,0,336.2
beşiktaş,M2,OSMANBEY,1,179.37
beşiktaş,M2,OSMANBEY,2,298.79
beşiktaş,M2,OSMANBEY,3,152.27
beşiktaş,M2,OSMANBEY,4,-18.13
beşiktaş,M2,OSMANBEY,5,-10.79
beşiktaş,M2,OSMANBEY,6,31.51
beşiktaş,M2,OSMANBEY,7,-4.37
beşiktaş,M2,OSMANBEY,8,-2.89
beşiktaş,M2,OSMANBEY,9,4.7
beşiktaş,M2,OSMANBEY,10,-59.98
beşiktaş,M2,OSMANBEY,11,-50.97
beşiktaş,M2,OSMANBEY,12,82.14
beşiktaş,M2,SANAYI MAH.,-12,58.18
beşiktaş,M2,SANAYI MAH.,-11,20.33
beşiktaş,M2,SANAYI MAH.,-10,7.59
beşiktaş,M2,SANAYI MAH.,-9,3.3
beşiktaş,M2,SANAYI MAH.,-8,8.58
beşiktaş,M2,SANAYI MAH.,-7,14.45
beşiktaş,M2,SANAYI MAH.,-6,17.71
beşiktaş,M2,SANAYI MAH.,-5,20.71
beşiktaş,M2,SANAYI MAH.,-4,28.17
beşiktaş,M2,SANAYI MAH.,-3,56.73
beşiktaş,M2,SANAYI MAH.,-2,104.58
beşiktaş,M2,SANAYI MAH.,-1,54.46
beşiktaş,M2,SANAYI MAH.,0,36.01
beşiktaş,M2,SANAYI MAH.,1,1.62
beşiktaş,M2,SANAYI MAH.,2,9.42
beşiktaş,M2,SANAYI MAH.,3,4.45
beşiktaş,M2,SANAYI MAH.,4,3.36
beşiktaş,M2,SANAYI MAH.,5,-4.43
beşiktaş,M2,SANAYI MAH.,6,-1.16
beşiktaş,M2,SANAYI MAH.,7,-0.81
beşiktaş,M2,SANAYI MAH.,8,-7.36
beşiktaş,M2,SANAYI MAH.,9,-2.97
beşiktaş,M2,SANAYI MAH.,10,-37.58
beşiktaş,M2,SANAYI MAH.,11,-8.26
beşiktaş,M2,SANAYI MAH.,12,23.98
beşiktaş,M2,SEYRANTEPE,-12,28.22
beşiktaş,M2,SEYRANTEPE,-11,29.45
beşiktaş,M2,SEYRANTEPE,-10,15.04
beşiktaş,M2,SEYRANTEPE,-9,18.41
beşiktaş,M2,SEYRANTEPE,-8,12.82
beşiktaş,M2,SEYRANTEPE,-7,15.76
beşiktaş,M2,SEYRANTEPE,-6,55.1
beşiktaş,M2,SEYRANTEPE,-5,48.16
beşiktaş,M2,SEYRANTEPE,-4,34.88
beşiktaş,M2,SEYRANTEPE,-3,62.45
beşiktaş,M2,SEYRANTEPE,-2,73.77
beşiktaş,M2,SEYRANTEPE,-1,23.65
beşiktaş,M2,SEYRANTEPE,0,1.1
beşiktaş,M2,SEYRANTEPE,1,-30.05
beşiktaş,M2,SEYRANTEPE,2,-76.36
beşiktaş,M2,SEYRANTEPE,3,-56.07
beşiktaş,M2,SEYRANTEPE,4,-47.15
beşiktaş,M2,SEYRANTEPE,5,-74.35
beşiktaş,M2,SEYRANTEPE,6,4.61
beşiktaş,M2,SEYRANTEPE,7,0.5
beşiktaş,M2,SEYRANTEPE,8,-55.1
beşiktaş,M2,SEYRANTEPE,9,-2.76
beşiktaş,M2,SEYRANTEPE,10,-25.85
beşiktaş,M2,SEYRANTEPE,11,-8.09
beşiktaş,M2,SEYRANTEPE,12,13.43
beşiktaş,M2,SISHANE,-12,40.29
beşiktaş,M2,SISHANE,-11,33.88
beşiktaş,M2,SISHANE,-10,12.08
beşiktaş,M2,SISHANE,-9,12.8
beşiktaş,M2,SISHANE,-8,19.53
beşiktaş,M2,SISHANE,-7,13.3
beşiktaş,M2,SISHANE,-6,-1.03
beşiktaş,M2,SISHANE,-5,43.09
beşiktaş,M2,SISHANE,-4,108.44
beşiktaş,M2,SISHANE,-3,127.6
beşiktaş,M2,SISHANE,-2,176.96
beşiktaş,M2,SISHANE,-1,166.55
beşiktaş,M2,SISHANE,0,133.19
beşiktaş,M2,SISHANE,1,121.93
beşiktaş,M2,SISHANE,2,146.86
beşiktaş,M2,SISHANE,3,82.41
beşiktaş,M2,SISHANE,4,42.11
beşiktaş,M2,SISHANE,5,92.47
beşiktaş,M2,SISHANE,6,54.69
beşiktaş,M2,SISHANE,7,-3.04
beşiktaş,M2,SISHANE,8,-7.62
beşiktaş,M2,SISHANE,9,-4.51
beşiktaş,M2,SISHANE,10,-30.74
beşiktaş,M2,SISHANE,11,-13.33
beşiktaş,M2,SISHANE,12,33.36
beşiktaş,M2,SISLI,-12,274.41
beşiktaş,M2,SISLI,-11,269.59
beşiktaş,M2,SISLI,-10,87.19
beşiktaş,M2,SISLI,-9,62.96
beşiktaş,M2,SISLI,-8,148.75
beşiktaş,M2,SISLI,-7,173.89
beşiktaş,M2,SISLI,-6,149.73
beşiktaş,M2,SISLI,-5,189.18
beşiktaş,M2,SISLI,-4,274.75
beşiktaş,M2,SISLI,-3,382.68
beşiktaş,M2,SISLI,-2,521.16
beşiktaş,M2,SISLI,-1,447.23
beşiktaş,M2,SISLI,0,235.14
beşiktaş,M2,SISLI,1,121.95
beşiktaş,M2,SISLI,2,108.74
beşiktaş,M2,SISLI,3,75.28
beşiktaş,M2,SISLI,4,27.13
beşiktaş,M2,SISLI,5,-5.36
beşiktaş,M2,SISLI,6,-29.13
beşiktaş,M2,SISLI,7,-11.93
beşiktaş,M2,SISLI,8,-6.09
beşiktaş,M2,SISLI,9,1.56
beşiktaş,M2,SISLI,10,-99.72
beşiktaş,M2,SISLI,11,-149.13
beşiktaş,M2,SISLI,12,122.15
beşiktaş,M2,TAKSIM,-12,22.52
beşiktaş,M2,TAKSIM,-11,22.65
beşiktaş,M2,TAKSIM,-10,14.86
beşiktaş,M2,TAKSIM,-9,7.43
beşiktaş,M2,TAKSIM,-8,21.81
beşiktaş,M2,TAKSIM,-7,28.46
beşiktaş,M2,TAKSIM,-6,-11.27
beşiktaş,M2,TAKSIM,-5,88.3
beşiktaş,M2,TAKSIM,-4,220.92
beşiktaş,M2,TAKSIM,-3,311.3
beşiktaş,M2,TAKSIM,-2,392.26
beşiktaş,M2,TAKSIM,-1,319.44
beşiktaş,M2,TAKSIM,0,271.0
beşiktaş,M2,TAKSIM,1,221.75
beşiktaş,M2,TAKSIM,2,1665.95
beşiktaş,M2,TAKSIM,3,425.97
beşiktaş,M2,TAKSIM,4,34.38
beşiktaş,M2,TAKSIM,5,-95.13
beşiktaş,M2,TAKSIM,6,-6.27
beşiktaş,M2,TAKSIM,7,-6.02
beşiktaş,M2,TAKSIM,8,-33.25
beşiktaş,M2,TAKSIM,9,-7.9
beşiktaş,M2,TAKSIM,10,-10.6
beşiktaş,M2,TAKSIM,11,-9.54
beşiktaş,M2,TAKSIM,12,22.76
beşiktaş,M2,VEZNECILER,-12,22.07
beşiktaş,M2,VEZNECILER,-11,22.85
beşiktaş,M2,VEZNECILER,-10,2.51
beşiktaş,M2,VEZNECILER,-9,22.26
beşiktaş,M2,VEZNECILER,-8,33.56
beşiktaş,M2,VEZNECILER,-7,34.55
beşiktaş,M2,VEZNECILER,-6,63.31
beşiktaş,M2,VEZNECILER,-5,71.59
beşiktaş,M2,VEZNECILER,-4,112.77
beşiktaş,M2,VEZNECILER,-3,128.69
beşiktaş,M2,VEZNECILER,-2,142.51
beşiktaş,M2,VEZNECILER,-1,115.49
beşiktaş,M2,VEZNECILER,0,60.95
beşiktaş,M2,VEZNECILER,1,49.63
beşiktaş,M2,VEZNECILER,2,44.13
beşiktaş,M2,VEZNECILER,3,-3.93
beşiktaş,M2,VEZNECILER,4,-16.27
beşiktaş,M2,VEZNECILER,5,-16.76
beşiktaş,M2,VEZNECILER,6,-10.13
beşiktaş,M2,VEZNECILER,7,-6.65
beşiktaş,M2,VEZNECILER,8,-2.52
beşiktaş,M2,VEZNECILER,9,-1.52
beşiktaş,M2,VEZNECILER,10,-8.64
beşiktaş,M2,VEZNECILER,11,-7.44
beşiktaş,M2,VEZNECILER,12,13.14
beşiktaş,M2,YENIKAPI,-12,396.5
beşiktaş,M2,YENIKAPI,-11,314.86
beşiktaş,M2,YENIKAPI,-10,127.49
beşiktaş,M2,YENIKAPI,-9,154.85
beşiktaş,M2,YENIKAPI,-8,61.77
beşiktaş,M2,YENIKAPI,-7,155.81
beşiktaş,M2,YENIKAPI,-6,175.61
beşiktaş,M2,YENIKAPI,-5,153.39
beşiktaş,M2,YENIKAPI,-4,230.55
beşiktaş,M2,YENIKAPI,-3,263.39
beşiktaş,M2,YENIKAPI,-2,398.76
beşiktaş,M2,YENIKAPI,-1,252.26
beşiktaş,M2,YENIKAPI,0,96.72
beşiktaş,M2,YENIKAPI,1,55.24
beşiktaş,M2,YENIKAPI,2,43.68
beşiktaş,M2,YENIKAPI,3,3.73
beşiktaş,M2,YENIKAPI,4,-51.88
beşiktaş,M2,YENIKAPI,5,-53.28
beşiktaş,M2,YENIKAPI,6,-53.52
beşiktaş,M2,YENIKAPI,7,-18.23
beşiktaş,M2,YENIKAPI,8,-10.81
beşiktaş,M2,YENIKAPI,9,24.31
beşiktaş,M2,YENIKAPI,10,-154.42
beşiktaş,M2,YENIKAPI,11,-187.2
beşiktaş,M2,YENIKAPI,12,142.79
beşiktaş,M3,BAKIRKOY IDO,-12,0.86
beşiktaş,M3,BAKIRKOY IDO,-11,-0.29
beşiktaş,M3,BAKIRKOY IDO,-10,-2.01
beşiktaş,M3,BAKIRKOY IDO,-9,-0.28
beşiktaş,M3,BAKIRKOY IDO,-8,-2.28
beşiktaş,M3,BAKIRKOY IDO,-7,3.18
beşiktaş,M3,BAKIRKOY IDO,-6,-4.57
beşiktaş,M3,BAKIRKOY IDO,-5,12.05
beşiktaş,M3,BAKIRKOY IDO,-4,9.92
beşiktaş,M3,BAKIRKOY IDO,-3,19.45
beşiktaş,M3,BAKIRKOY IDO,-2,44.33
beşiktaş,M3,BAKIRKOY IDO,-1,50.41
beşiktaş,M3,BAKIRKOY IDO,0,28.69
beşiktaş,M3,BAKIRKOY IDO,1,-5.23
beşiktaş,M3,BAKIRKOY IDO,2,-45.61
beşiktaş,M3,BAKIRKOY IDO,3,-94.93
beşiktaş,M3,BAKIRKOY IDO,4,-106.64
beşiktaş,M3,BAKIRKOY IDO,5,-21.93
beşiktaş,M3,BAKIRKOY IDO,7,-1.22
beşiktaş,M3,BAKIRKOY IDO,8,0.25
beşiktaş,M3,BAKIRKOY IDO,9,7.22
beşiktaş,M3,BAKIRKOY IDO,10,0.51
beşiktaş,M3,BAKIRKOY IDO,11,-0.14
beşiktaş,M3,BAKIRKOY IDO,12,-1.71
beşiktaş,M3,BASAK KONUTLARI,-12,12.95
beşiktaş,M3,BASAK KONUTLARI,-11,6.9
beşiktaş,M3,BASAK KONUTLARI,-10,-2.22
beşiktaş,M3,BASAK KONUTLARI,-9,-4.7
beşiktaş,M3,BASAK KONUTLARI,-8,1.95
beşiktaş,M3,BASAK KONUTLARI,-7,8.78
beşiktaş,M3,BASAK KONUTLARI,-6,-4.16
beşiktaş,M3,BASAK KONUTLARI,-5,9.42
beşiktaş,M3,BASAK KONUTLARI,-4,11.41
beşiktaş,M3,BASAK KONUTLARI,-3,2.88
beşiktaş,M3,BASAK KONUTLARI,-2,47.21
beşiktaş,M3,BASAK KONUTLARI,-1,19.27
beşiktaş,M3,BASAK KONUTLARI,0,6.72
beşiktaş,M3,BASAK KONUTLARI,1,4.04
beşiktaş,M3,BASAK KONUTLARI,2,-0.71
beşiktaş,M3,BASAK KONUTLARI,3,-0.25
beşiktaş,M3,BASAK KONUTLARI,4,-1.92
beşiktaş,M3,BASAK KONUTLARI,5,-1.25
beşiktaş,M3,BASAK KONUTLARI,6,-16.66
beşiktaş,M3,BASAK KONUTLARI,7,-5.12
beşiktaş,M3,BASAK KONUTLARI,8,1.0
beşiktaş,M3,BASAK KONUTLARI,9,1.31
beşiktaş,M3,BASAK KONUTLARI,10,-11.31
beşiktaş,M3,BASAK KONUTLARI,11,-14.22
beşiktaş,M3,BASAK KONUTLARI,12,-2.19
beşiktaş,M3,HAZNEDAR,-12,8.31
beşiktaş,M3,HAZNEDAR,-11,5.9
beşiktaş,M3,HAZNEDAR,-10,-12.17
beşiktaş,M3,HAZNEDAR,-9,2.5
beşiktaş,M3,HAZNEDAR,-8,-0.24
beşiktaş,M3,HAZNEDAR,-7,10.84
beşiktaş,M3,HAZNEDAR,-6,19.43
beşiktaş,M3,HAZNEDAR,-5,41.85
beşiktaş,M3,HAZNEDAR,-4,16.38
beşiktaş,M3,HAZNEDAR,-3,22.02
beşiktaş,M3,HAZNEDAR,-2,-10.75
beşiktaş,M3,HAZNEDAR,-1,-11.73
beşiktaş,M3,HAZNEDAR,0,-0.31
beşiktaş,M3,HAZNEDAR,1,-7.18
beşiktaş,M3,HAZNEDAR,2,4.02
beşiktaş,M3,HAZNEDAR,3,-3.36
beşiktaş,M3,HAZNEDAR,4,0.88
beşiktaş,M3,HAZNEDAR,5,-2.83
beşiktaş,M3,HAZNEDAR,6,-2.0
beşiktaş,M3,HAZNEDAR,7,1.38
beşiktaş,M3,HAZNEDAR,8,4.26
beşiktaş,M3,HAZNEDAR,9,20.91
beşiktaş,M3,HAZNEDAR,10,-3.16
beşiktaş,M3,HAZNEDAR,11,-13.76
beşiktaş,M3,HAZNEDAR,12,-3.81
beşiktaş,M3,IKITELLI SANAYI,-12,-1.33
beşiktaş,M3,IKITELLI SANAYI,-11,-5.85
beşiktaş,M3,IKITELLI SANAYI,-10,-2.33
beşiktaş,M3,IKITELLI SANAYI,-9,-8.28
beşiktaş,M3,IKITELLI SANAYI,-8,-6.36
beşiktaş,M3,IKITELLI SANAYI,-7,-11.66
beşiktaş,M3,IKITELLI SANAYI,-6,-27.24
beşiktaş,M3,IKITELLI SANAYI,-5,-5.13
beşiktaş,M3,IKITELLI SANAYI,-4,4.83
beşiktaş,M3,IKITELLI SANAYI,-3,4.1
beşiktaş,M3,IKITELLI SANAYI,-2,57.22
beşiktaş,M3,IKITELLI SANAYI,-1,39.28
beşiktaş,M3,IKITELLI SANAYI,0,8.31
beşiktaş,M3,IKITELLI SANAYI,1,-5.1
beşiktaş,M3,IKITELLI SANAYI,2,-2.54
beşiktaş,M3,IKITELLI SANAYI,3,-2.47
beşiktaş,M3,IKITELLI SANAYI,4,-0.4
beşiktaş,M3,IKITELLI SANAYI,5,4.94
beşiktaş,M3,IKITELLI SANAYI,6,15.27
beşiktaş,M3,IKITELLI SANAYI,7,-0.47
beşiktaş,M3,IKITELLI SANAYI,8,0.48
beşiktaş,M3,IKITELLI SANAYI,9,1.93
beşiktaş,M3,IKITELLI SANAYI,10,-1.65
beşiktaş,M3,IKITELLI SANAYI,11,-3.54
beşiktaş,M3,IKITELLI SANAYI,12,-2.93
beşiktaş,M3,ILKYUVA,-12,24.52
beşiktaş,M3,ILKYUVA,-11,-43.48
beşiktaş,M3,ILKYUVA,-10,-16.9
beşiktaş,M3,ILKYUVA,-9,-21.71
beşiktaş,M3,ILKYUVA,-8,9.69
beşiktaş,M3,ILKYUVA,-7,48.98
beşiktaş,M3,ILKYUVA,-6,25.44
beşiktaş,M3,ILKYUVA,-5,11.89
beşiktaş,M3,ILKYUVA,-4,-3.26
beşiktaş,M3,ILKYUVA,-3,-13.47
beşiktaş,M3,ILKYUVA,-2,-38.2
beşiktaş,M3,ILKYUVA,-1,-49.51
beşiktaş,M3,ILKYUVA,0,-22.54
beşiktaş,M3,ILKYUVA,1,-31.12
beşiktaş,M3,ILKYUVA,2,-6.5
beşiktaş,M3,ILKYUVA,3,-5.37
beşiktaş,M3,ILKYUVA,4,-4.02
beşiktaş,M3,ILKYUVA,5,-8.56
beşiktaş,M3,ILKYUVA,7,8.29
beşiktaş,M3,ILKYUVA,8,54.67
beşiktaş,M3,ILKYUVA,9,72.85
beşiktaş,M3,ILKYUVA,10,-44.23
beşiktaş,M3,ILKYUVA,11,-65.34
beşiktaş,M3,ILKYUVA,12,-12.13
beşiktaş,M3,INCIRLI,-12,-34.12
beşiktaş,M3,INCIRLI,-11,-37.13
beşiktaş,M3,INCIRLI,-10,-32.68
beşiktaş,M3,INCIRLI,-9,-49.24
beşiktaş,M3,INCIRLI,-8,-49.52
beşiktaş,M3,INCIRLI,-7,-30.9
beşiktaş,M3,INCIRLI,-6,-41.95
beşiktaş,M3,INCIRLI,-5,14.3
beşiktaş,M3,INCIRLI,-4,5.06
beşiktaş,M3,INCIRLI,-3,29.34
beşiktaş,M3,INCIRLI,-2,8.54
beşiktaş,M3,INCIRLI,-1,-36.8
beşiktaş,M3,INCIRLI,0,-8.39
beşiktaş,M3,INCIRLI,1,-8.85
beşiktaş,M3,INCIRLI,2,-18.33
beşiktaş,M3,INCIRLI,3,-18.86
beşiktaş,M3,INCIRLI,4,-2.01
beşiktaş,M3,INCIRLI,5,-4.75
beşiktaş,M3,INCIRLI,7,1.0
beşiktaş,M3,INCIRLI,8,21.78
beşiktaş,M3,INCIRLI,9,32.55
beşiktaş,M3,INCIRLI,10,12.28
beşiktaş,M3,INCIRLI,11,-8.82
beşiktaş,M3,INCIRLI,12,6.65
beşiktaş,M3,ISTOC,-12,1.55
beşiktaş,M3,ISTOC,-11,0.81
beşiktaş,M3,ISTOC,-10,1.09
beşiktaş,M3,ISTOC,-9,-0.18
beşiktaş,M3,ISTOC,-8,-0.78
beşiktaş,M3,ISTOC,-7,-4.29
beşiktaş,M3,ISTOC,-6,-5.97
beşiktaş,M3,ISTOC,-5,-3.52
beşiktaş,M3,ISTOC,-4,-10.39
beşiktaş,M3,ISTOC,-3,-3.34
beşiktaş,M3,ISTOC,-2,49.15
beşiktaş,M3,ISTOC,-1,6.94
beşiktaş,M3,ISTOC,0,0.63
beşiktaş,M3,ISTOC,1,-0.54
beşiktaş,M3,ISTOC,2,-0.28
beşiktaş,M3,ISTOC,3,-1.1
beşiktaş,M3,ISTOC,4,-0.03
beşiktaş,M3,ISTOC,5,0.3
beşiktaş,M3,ISTOC,6,-2.51
beşiktaş,M3,ISTOC,7,-0.14
beşiktaş,M3,ISTOC,8,0.3
beşiktaş,M3,ISTOC,9,0.45
beşiktaş,M3,ISTOC,10,-1.64
beşiktaş,M3,ISTOC,11,-0.55
beşiktaş,M3,ISTOC,12,2.96
beşiktaş,M3,KAYASEHIR MERKEZ,-12,50.08
beşiktaş,M3,KAYASEHIR MERKEZ,-11,16.24
beşiktaş,M3,KAYASEHIR MERKEZ,-10,-4.41
beşiktaş,M3,KAYASEHIR MERKEZ,-9,-7.44
beşiktaş,M3,KAYASEHIR MERKEZ,-8,-5.3
beşiktaş,M3,KAYASEHIR MERKEZ,-7,-8.97
beşiktaş,M3,KAYASEHIR MERKEZ,-6,-10.78
beşiktaş,M3,KAYASEHIR MERKEZ,-5,7.88
beşiktaş,M3,KAYASEHIR MERKEZ,-4,21.69
beşiktaş,M3,KAYASEHIR MERKEZ,-3,12.78
beşiktaş,M3,KAYASEHIR MERKEZ,-2,1.12
beşiktaş,M3,KAYASEHIR MERKEZ,-1,0.75
beşiktaş,M3,KAYASEHIR MERKEZ,0,-7.86
beşiktaş,M3,KAYASEHIR MERKEZ,1,-8.7
beşiktaş,M3,KAYASEHIR MERKEZ,2,-7.53
beşiktaş,M3,KAYASEHIR MERKEZ,3,-33.98
beşiktaş,M3,KAYASEHIR MERKEZ,4,-33.62
beşiktaş,M3,KAYASEHIR MERKEZ,5,-20.25
beşiktaş,M3,KAYASEHIR MERKEZ,6,-67.56
beşiktaş,M3,KAYASEHIR MERKEZ,7,-72.82
beşiktaş,M3,KAYASEHIR MERKEZ,8,10.71
beşiktaş,M3,KAYASEHIR MERKEZ,9,12.14
beşiktaş,M3,KAYASEHIR MERKEZ,10,-14.09
beşiktaş,M3,KAYASEHIR MERKEZ,11,-42.95
beşiktaş,M3,KAYASEHIR MERKEZ,12,16.33
beşiktaş,M3,KIRAZLI,-12,60.06
beşiktaş,M3,KIRAZLI,-11,10.24
beşiktaş,M3,KIRAZLI,-10,-12.6
beşiktaş,M3,KIRAZLI,-9,-6.99
beşiktaş,M3,KIRAZLI,-8,-6.4
beşiktaş,M3,KIRAZLI,-7,4.93
beşiktaş,M3,KIRAZLI,-6,-2.2
beşiktaş,M3,KIRAZLI,-5,-7.08
beşiktaş,M3,KIRAZLI,-4,-4.54
beşiktaş,M3,KIRAZLI,-3,-4.76
beşiktaş,M3,KIRAZLI,-2,0.43
beşiktaş,M3,KIRAZLI,-1,-16.92
beşiktaş,M3,KIRAZLI,0,-9.87
beşiktaş,M3,KIRAZLI,1,-10.88
beşiktaş,M3,KIRAZLI,2,-5.98
beşiktaş,M3,KIRAZLI,3,-5.89
beşiktaş,M3,KIRAZLI,4,-5.32
beşiktaş,M3,KIRAZLI,5,-4.77
beşiktaş,M3,KIRAZLI,6,-8.06
beşiktaş,M3,KIRAZLI,7,1.35
beşiktaş,M3,KIRAZLI,8,-2.96
beşiktaş,M3,KIRAZLI,9,9.88
beşiktaş,M3,KIRAZLI,10,-19.51
beşiktaş,M3,KIRAZLI,11,2.41
beşiktaş,M3,KIRAZLI,12,72.79
beşiktaş,M3,MAHMUTBEY,-12,56.35
beşiktaş,M3,MAHMUTBEY,-11,7.37
beşiktaş,M3,MAHMUTBEY,-10,-3.73
beşiktaş,M3,MAHMUTBEY,-9,0.02
beşiktaş,M3,MAHMUTBEY,-8,1.76
beşiktaş,M3,MAHMUTBEY,-7,13.77
beşiktaş,M3,MAHMUTBEY,-6,-7.55
beşiktaş,M3,MAHMUTBEY,-5,15.07
beşiktaş,M3,MAHMUTBEY,-4,12.15
beşiktaş,M3,MAHMUTBEY,-3,30.38
beşiktaş,M3,MAHMUTBEY,-2,41.88
beşiktaş,M3,MAHMUTBEY,-1,32.46
beşiktaş,M3,MAHMUTBEY,0,21.53
beşiktaş,M3,MAHMUTBEY,1,2.36
beşiktaş,M3,MAHMUTBEY,2,5.31
beşiktaş,M3,MAHMUTBEY,3,3.48
beşiktaş,M3,MAHMUTBEY,4,4.55
beşiktaş,M3,MAHMUTBEY,5,-5.05
beşiktaş,M3,MAHMUTBEY,6,-1.24
beşiktaş,M3,MAHMUTBEY,7,-9.09
beşiktaş,M3,MAHMUTBEY,8,10.36
beşiktaş,M3,MAHMUTBEY,9,2.4
beşiktaş,M3,MAHMUTBEY,10,-19.79
beşiktaş,M3,MAHMUTBEY,11,-6.83
beşiktaş,M3,MAHMUTBEY,12,44.42
beşiktaş,M3,MAHMUTBEY M7 HOL,-12,7.7
beşiktaş,M3,MAHMUTBEY M7 HOL,-11,-4.61
beşiktaş,M3,MAHMUTBEY M7 HOL,-10,-9.78
beşiktaş,M3,MAHMUTBEY M7 HOL,-9,-6.15
beşiktaş,M3,MAHMUTBEY M7 HOL,-8,-7.01
beşiktaş,M3,MAHMUTBEY M7 HOL,-7,-8.07
beşiktaş,M3,MAHMUTBEY M7 HOL,-6,-15.84
beşiktaş,M3,MAHMUTBEY M7 HOL,-5,-3.42
beşiktaş,M3,MAHMUTBEY M7 HOL,-4,-7.4
beşiktaş,M3,MAHMUTBEY M7 HOL,-3,0.56
beşiktaş,M3,MAHMUTBEY M7 HOL,-2,11.33
beşiktaş,M3,MAHMUTBEY M7 HOL,-1,6.11
beşiktaş,M3,MAHMUTBEY M7 HOL,0,6.45
beşiktaş,M3,MAHMUTBEY M7 HOL,1,-4.07
beşiktaş,M3,MAHMUTBEY M7 HOL,2,-0.13
beşiktaş,M3,MAHMUTBEY M7 HOL,3,5.2
beşiktaş,M3,MAHMUTBEY M7 HOL,4,-5.99
beşiktaş,M3,MAHMUTBEY M7 HOL,5,-8.45
beşiktaş,M3,MAHMUTBEY M7 HOL,6,-1.23
beşiktaş,M3,MAHMUTBEY M7 HOL,7,-3.79
beşiktaş,M3,MAHMUTBEY M7 HOL,8,10.47
beşiktaş,M3,MAHMUTBEY M7 HOL,9,30.16
beşiktaş,M3,MAHMUTBEY M7 HOL,10,-1.24
beşiktaş,M3,MAHMUTBEY M7 HOL,11,-15.14
beşiktaş,M3,MAHMUTBEY M7 HOL,12,-1.88
beşiktaş,M3,METROKENT,-12,25.23
beşiktaş,M3,METROKENT,-11,12.54
beşiktaş,M3,METROKENT,-10,-5.43
beşiktaş,M3,METROKENT,-9,-5.2
beşiktaş,M3,METROKENT,-8,4.87
beşiktaş,M3,METROKENT,-7,11.44
beşiktaş,M3,METROKENT,-6,2.14
beşiktaş,M3,METROKENT,-5,2.18
beşiktaş,M3,METROKENT,-4,24.11
beşiktaş,M3,METROKENT,-3,28.7
beşiktaş,M3,METROKENT,-2,16.89
beşiktaş,M3,METROKENT,-1,16.62
beşiktaş,M3,METROKENT,0,18.99
beşiktaş,M3,METROKENT,1,16.38
beşiktaş,M3,METROKENT,2,20.26
beşiktaş,M3,METROKENT,3,-0.73
beşiktaş,M3,METROKENT,4,-16.22
beşiktaş,M3,METROKENT,5,-5.83
beşiktaş,M3,METROKENT,6,-25.56
beşiktaş,M3,METROKENT,7,-15.26
beşiktaş,M3,METROKENT,8,-0.32
beşiktaş,M3,METROKENT,9,1.8
beşiktaş,M3,METROKENT,10,-15.71
beşiktaş,M3,METROKENT,11,-24.9
beşiktaş,M3,METROKENT,12,10.67
beşiktaş,M3,MOLLA GURANI,-12,-20.58
beşiktaş,M3,MOLLA GURANI,-11,-64.96
beşiktaş,M3,MOLLA GURANI,-10,-55.2
beşiktaş,M3,MOLLA GURANI,-9,-36.33
beşiktaş,M3,MOLLA GURANI,-8,-16.19
beşiktaş,M3,MOLLA GURANI,-7,-1.09
beşiktaş,M3,MOLLA GURANI,-6,9.54
beşiktaş,M3,MOLLA GURANI,-5,46.4
beşiktaş,M3,MOLLA GURANI,-4,-3.3
beşiktaş,M3,MOLLA GURANI,-3,-10.66
beşiktaş,M3,MOLLA GURANI,-2,-33.09
beşiktaş,M3,MOLLA GURANI,-1,-39.67
beşiktaş,M3,MOLLA GURANI,0,-20.04
beşiktaş,M3,MOLLA GURANI,1,-25.37
beşiktaş,M3,MOLLA GURANI,2,-16.12
beşiktaş,M3,MOLLA GURANI,3,-8.48
beşiktaş,M3,MOLLA GURANI,4,-5.56
beşiktaş,M3,MOLLA GURANI,5,-7.72
beşiktaş,M3,MOLLA GURANI,7,7.71
beşiktaş,M3,MOLLA GURANI,8,61.21
beşiktaş,M3,MOLLA GURANI,9,79.6
beşiktaş,M3,MOLLA GURANI,10,-60.81
beşiktaş,M3,MOLLA GURANI,11,-47.25
beşiktaş,M3,MOLLA GURANI,12,-19.2
beşiktaş,M3,ONURKENT,-12,18.09
beşiktaş,M3,ONURKENT,-11,3.24
beşiktaş,M3,ONURKENT,-10,-3.48
beşiktaş,M3,ONURKENT,-9,-2.92
beşiktaş,M3,ONURKENT,-8,-0.38
beşiktaş,M3,ONURKENT,-7,-7.14
beşiktaş,M3,ONURKENT,-6,-19.43
beşiktaş,M3,ONURKENT,-5,19.57
beşiktaş,M3,ONURKENT,-4,27.35
beşiktaş,M3,ONURKENT,-3,4.39
beşiktaş,M3,ONURKENT,-2,5.63
beşiktaş,M3,ONURKENT,-1,-8.67
beşiktaş,M3,ONURKENT,0,-2.66
beşiktaş,M3,ONURKENT,1,-3.17
beşiktaş,M3,ONURKENT,2,-7.3
beşiktaş,M3,ONURKENT,3,-6.05
beşiktaş,M3,ONURKENT,4,-4.57
beşiktaş,M3,ONURKENT,5,-4.71
beşiktaş,M3,ONURKENT,6,-15.22
beşiktaş,M3,ONURKENT,7,-4.9
beşiktaş,M3,ONURKENT,8,4.99
beşiktaş,M3,ONURKENT,9,5.01
beşiktaş,M3,ONURKENT,10,-5.08
beşiktaş,M3,ONURKENT,11,-12.34
beşiktaş,M3,ONURKENT,12,5.86
beşiktaş,M3,OZGURLUK MEYDANI,-12,12.62
beşiktaş,M3,OZGURLUK MEYDANI,-11,-22.09
beşiktaş,M3,OZGURLUK MEYDANI,-10,-26.04
beşiktaş,M3,OZGURLUK MEYDANI,-9,-15.39
beşiktaş,M3,OZGURLUK MEYDANI,-8,-13.13
beşiktaş,M3,OZGURLUK MEYDANI,-7,-3.2
beşiktaş,M3,OZGURLUK MEYDANI,-6,59.88
beşiktaş,M3,OZGURLUK MEYDANI,-5,109.04
beşiktaş,M3,OZGURLUK MEYDANI,-4,158.0
beşiktaş,M3,OZGURLUK MEYDANI,-3,73.71
beşiktaş,M3,OZGURLUK MEYDANI,-2,121.15
beşiktaş,M3,OZGURLUK MEYDANI,-1,58.15
beşiktaş,M3,OZGURLUK MEYDANI,0,14.21
beşiktaş,M3,OZGURLUK MEYDANI,1,-17.62
beşiktaş,M3,OZGURLUK MEYDANI,2,-83.03
beşiktaş,M3,OZGURLUK MEYDANI,3,-68.86
beşiktaş,M3,OZGURLUK MEYDANI,4,-11.06
beşiktaş,M3,OZGURLUK MEYDANI,5,-34.1
beşiktaş,M3,OZGURLUK MEYDANI,7,-2.95
beşiktaş,M3,OZGURLUK MEYDANI,8,14.65
beşiktaş,M3,OZGURLUK MEYDANI,9,30.52
beşiktaş,M3,OZGURLUK MEYDANI,10,-12.34
beşiktaş,M3,OZGURLUK MEYDANI,11,-20.71
beşiktaş,M3,OZGURLUK MEYDANI,12,3.28
beşiktaş,M3,SEHIR HASTANESI,-12,1.22
beşiktaş,M3,SEHIR HASTANESI,-11,-2.39
beşiktaş,M3,SEHIR HASTANESI,-10,-5.81
beşiktaş,M3,SEHIR HASTANESI,-9,0.89
beşiktaş,M3,SEHIR HASTANESI,-8,1.51
beşiktaş,M3,SEHIR HASTANESI,-7,-15.62
beşiktaş,M3,SEHIR HASTANESI,-6,-4.0
beşiktaş,M3,SEHIR HASTANESI,-5,10.2
beşiktaş,M3,SEHIR HASTANESI,-4,13.67
beşiktaş,M3,SEHIR HASTANESI,-3,8.4
beşiktaş,M3,SEHIR HASTANESI,-2,4.76
beşiktaş,M3,SEHIR HASTANESI,-1,0.29
beşiktaş,M3,SEHIR HASTANESI,0,-6.24
beşiktaş,M3,SEHIR HASTANESI,1,-6.14
beşiktaş,M3,SEHIR HASTANESI,2,-2.93
beşiktaş,M3,SEHIR HASTANESI,3,-4.0
beşiktaş,M3,SEHIR HASTANESI,4,-4.68
beşiktaş,M3,SEHIR HASTANESI,5,-8.57
beşiktaş,M3,SEHIR HASTANESI,6,-21.05
beşiktaş,M3,SEHIR HASTANESI,7,-13.96
beşiktaş,M3,SEHIR HASTANESI,8,1.75
beşiktaş,M3,SEHIR HASTANESI,9,1.85
beşiktaş,M3,SEHIR HASTANESI,10,0.07
beşiktaş,M3,SEHIR HASTANESI,11,-6.94
beşiktaş,M3,SEHIR HASTANESI,12,-2.24
beşiktaş,M3,SITELER,-12,1.68
beşiktaş,M3,SITELER,-11,0.91
beşiktaş,M3,SITELER,-10,0.59
beşiktaş,M3,SITELER,-9,-1.34
beşiktaş,M3,SITELER,-8,-2.36
beşiktaş,M3,SITELER,-7,-2.53
beşiktaş,M3,SITELER,-6,-5.71
beşiktaş,M3,SITELER,-5,-2.62
beşiktaş,M3,SITELER,-4,-4.93
beşiktaş,M3,SITELER,-3,2.01
beşiktaş,M3,SITELER,-2,23.0
beşiktaş,M3,SITELER,-1,13.95
beşiktaş,M3,SITELER,0,2.34
beşiktaş,M3,SITELER,1,3.92
beşiktaş,M3,SITELER,2,2.79
beşiktaş,M3,SITELER,3,-1.13
beşiktaş,M3,SITELER,4,1.01
beşiktaş,M3,SITELER,5,2.69
beşiktaş,M3,SITELER,6,-6.43
beşiktaş,M3,SITELER,7,-3.81
beşiktaş,M3,SITELER,8,-2.56
beşiktaş,M3,SITELER,9,2.12
beşiktaş,M3,SITELER,10,1.79
beşiktaş,M3,SITELER,11,-1.54
beşiktaş,M3,SITELER,12,0.36
beşiktaş,M3,TOPLU KONUTLAR,-12,55.78
beşiktaş,M3,TOPLU KONUTLAR,-11,20.82
beşiktaş,M3,TOPLU KONUTLAR,-10,-2.1
beşiktaş,M3,TOPLU KONUTLAR,-9,-6.05
beşiktaş,M3,TOPLU KONUTLAR,-8,-7.82
beşiktaş,M3,TOPLU KONUTLAR,-7,0.8
beşiktaş,M3,TOPLU KONUTLAR,-6,-8.96
beşiktaş,M3,TOPLU KONUTLAR,-5,4.8
beşiktaş,M3,TOPLU KONUTLAR,-4,23.52
beşiktaş,M3,TOPLU KONUTLAR,-3,10.03
beşiktaş,M3,TOPLU KONUTLAR,-2,4.37
beşiktaş,M3,TOPLU KONUTLAR,-1,-16.75
beşiktaş,M3,TOPLU KONUTLAR,0,-2.84
beşiktaş,M3,TOPLU KONUTLAR,1,-8.28
beşiktaş,M3,TOPLU KONUTLAR,2,-4.0
beşiktaş,M3,TOPLU KONUTLAR,3,-4.06
beşiktaş,M3,TOPLU KONUTLAR,4,-7.53
beşiktaş,M3,TOPLU KONUTLAR,5,-9.15
beşiktaş,M3,TOPLU KONUTLAR,6,-13.78
beşiktaş,M3,TOPLU KONUTLAR,7,-10.83
beşiktaş,M3,TOPLU KONUTLAR,8,14.0
beşiktaş,M3,TOPLU KONUTLAR,9,5.48
beşiktaş,M3,TOPLU KONUTLAR,10,-14.09
beşiktaş,M3,TOPLU KONUTLAR,11,-24.84
beşiktaş,M3,TOPLU KONUTLAR,12,27.3
beşiktaş,M3,TURGUT OZAL,-12,1.78
beşiktaş,M3,TURGUT OZAL,-11,-1.34
beşiktaş,M3,TURGUT OZAL,-10,-4.04
beşiktaş,M3,TURGUT OZAL,-9,-5.43
beşiktaş,M3,TURGUT OZAL,-8,-3.24
beşiktaş,M3,TURGUT OZAL,-7,-6.21
beşiktaş,M3,TURGUT OZAL,-6,-17.79
beşiktaş,M3,TURGUT OZAL,-5,-4.3
beşiktaş,M3,TURGUT OZAL,-4,25.66
beşiktaş,M3,TURGUT OZAL,-3,-9.92
beşiktaş,M3,TURGUT OZAL,-2,33.54
beşiktaş,M3,TURGUT OZAL,-1,28.13
beşiktaş,M3,TURGUT OZAL,0,2.94
beşiktaş,M3,TURGUT OZAL,1,-1.58
beşiktaş,M3,TURGUT OZAL,2,-1.21
beşiktaş,M3,TURGUT OZAL,3,0.85
beşiktaş,M3,TURGUT OZAL,4,-0.64
beşiktaş,M3,TURGUT OZAL,5,1.05
beşiktaş,M3,TURGUT OZAL,6,-3.49
beşiktaş,M3,TURGUT OZAL,7,2.48
beşiktaş,M3,TURGUT OZAL,8,-1.64
beşiktaş,M3,TURGUT OZAL,9,-0.08
beşiktaş,M3,TURGUT OZAL,10,-0.18
beşiktaş,M3,TURGUT OZAL,11,0.04
beşiktaş,M3,TURGUT OZAL,12,-1.28
beşiktaş,M3,YENI MAHALLE,-12,36.69
beşiktaş,M3,YENI MAHALLE,-11,3.14
beşiktaş,M3,YENI MAHALLE,-10,-12.64
beşiktaş,M3,YENI MAHALLE,-9,-6.48
beşiktaş,M3,YENI MAHALLE,-8,2.55
beşiktaş,M3,YENI MAHALLE,-7,5.84
beşiktaş,M3,YENI MAHALLE,-6,2.18
beşiktaş,M3,YENI MAHALLE,-5,-10.27
beşiktaş,M3,YENI MAHALLE,-4,12.49
beşiktaş,M3,YENI MAHALLE,-3,-6.54
beşiktaş,M3,YENI MAHALLE,-2,-2.92
beşiktaş,M3,YENI MAHALLE,-1,-15.25
beşiktaş,M3,YENI MAHALLE,0,-7.36
beşiktaş,M3,YENI MAHALLE,1,-14.36
beşiktaş,M3,YENI MAHALLE,2,-5.06
beşiktaş,M3,YENI MAHALLE,3,-7.26
beşiktaş,M3,YENI MAHALLE,4,-7.03
beşiktaş,M3,YENI MAHALLE,5,-7.09
beşiktaş,M3,YENI MAHALLE,6,-12.25
beşiktaş,M3,YENI MAHALLE,7,-5.46
beşiktaş,M3,YENI MAHALLE,8,9.23
beşiktaş,M3,YENI MAHALLE,9,10.8
beşiktaş,M3,YENI MAHALLE,10,-17.6
beşiktaş,M3,YENI MAHALLE,11,-7.96
beşiktaş,M3,YENI MAHALLE,12,24.05
beşiktaş,M4,ACIBADEM,-12,34.54
beşiktaş,M4,ACIBADEM,-11,24.57
beşiktaş,M4,ACIBADEM,-10,8.94
beşiktaş,M4,ACIBADEM,-9,9.32
beşiktaş,M4,ACIBADEM,-8,12.91
beşiktaş,M4,ACIBADEM,-7,23.75
beşiktaş,M4,ACIBADEM,-6,2.22
beşiktaş,M4,ACIBADEM,-5,26.51
beşiktaş,M4,ACIBADEM,-4,25.53
beşiktaş,M4,ACIBADEM,-3,45.57
beşiktaş,M4,ACIBADEM,-2,49.15
beşiktaş,M4,ACIBADEM,-1,16.74
beşiktaş,M4,ACIBADEM,0,10.09
beşiktaş,M4,ACIBADEM,1,6.12
beşiktaş,M4,ACIBADEM,2,16.52
beşiktaş,M4,ACIBADEM,3,8.3
beşiktaş,M4,ACIBADEM,4,2.11
beşiktaş,M4,ACIBADEM,5,7.11
beşiktaş,M4,ACIBADEM,6,0.47
beşiktaş,M4,ACIBADEM,7,0.21
beşiktaş,M4,ACIBADEM,8,-0.48
beşiktaş,M4,ACIBADEM,9,-0.08
beşiktaş,M4,ACIBADEM,10,-18.88
beşiktaş,M4,ACIBADEM,11,-1.68
beşiktaş,M4,ACIBADEM,12,19.34
beşiktaş,M4,AYRILIKCESME,-12,62.6
beşiktaş,M4,AYRILIKCESME,-11,81.61
beşiktaş,M4,AYRILIKCESME,-10,40.18
beşiktaş,M4,AYRILIKCESME,-9,22.94
beşiktaş,M4,AYRILIKCESME,-8,38.07
beşiktaş,M4,AYRILIKCESME,-7,44.77
beşiktaş,M4,AYRILIKCESME,-6,2.56
beşiktaş,M4,AYRILIKCESME,-5,57.4
beşiktaş,M4,AYRILIKCESME,-4,82.53
beşiktaş,M4,AYRILIKCESME,-3,124.74
beşiktaş,M4,AYRILIKCESME,-2,126.5
beşiktaş,M4,AYRILIKCESME,-1,133.08
beşiktaş,M4,AYRILIKCESME,0,65.73
beşiktaş,M4,AYRILIKCESME,1,49.79
beşiktaş,M4,AYRILIKCESME,2,85.24
beşiktaş,M4,AYRILIKCESME,3,76.43
beşiktaş,M4,AYRILIKCESME,4,-23.08
beşiktaş,M4,AYRILIKCESME,5,-27.85
beşiktaş,M4,AYRILIKCESME,6,-29.22
beşiktaş,M4,AYRILIKCESME,7,-20.76
beşiktaş,M4,AYRILIKCESME,8,-6.17
beşiktaş,M4,AYRILIKCESME,9,5.31
beşiktaş,M4,AYRILIKCESME,10,-44.0
beşiktaş,M4,AYRILIKCESME,11,-15.13
beşiktaş,M4,AYRILIKCESME,12,25.75
beşiktaş,M4,BOSTANCI,-12,94.81
beşiktaş,M4,BOSTANCI,-11,79.34
beşiktaş,M4,BOSTANCI,-10,52.4
beşiktaş,M4,BOSTANCI,-9,27.28
beşiktaş,M4,BOSTANCI,-8,40.39
beşiktaş,M4,BOSTANCI,-7,33.48
beşiktaş,M4,BOSTANCI,-6,22.39
beşiktaş,M4,BOSTANCI,-5,64.72
beşiktaş,M4,BOSTANCI,-4,78.51
beşiktaş,M4,BOSTANCI,-3,115.87
beşiktaş,M4,BOSTANCI,-2,113.11
beşiktaş,M4,BOSTANCI,-1,54.65
beşiktaş,M4,BOSTANCI,0,23.9
beşiktaş,M4,BOSTANCI,1,9.81
beşiktaş,M4,BOSTANCI,2,12.67
beşiktaş,M4,BOSTANCI,3,3.52
beşiktaş,M4,BOSTANCI,4,-5.54
beşiktaş,M4,BOSTANCI,5,1.63
beşiktaş,M4,BOSTANCI,6,21.94
beşiktaş,M4,BOSTANCI,7,2.26
beşiktaş,M4,BOSTANCI,8,-1.78
beşiktaş,M4,BOSTANCI,9,-7.0
beşiktaş,M4,BOSTANCI,10,-75.13
beşiktaş,M4,BOSTANCI,11,-6.69
beşiktaş,M4,BOSTANCI,12,46.0
beşiktaş,M4,ESENKENT CEVIZLI,-12,21.33
beşiktaş,M4,ESENKENT CEVIZLI,-11,9.99
beşiktaş,M4,ESENKENT CEVIZLI,-10,3.74
beşiktaş,M4,ESENKENT CEVIZLI,-9,3.08
beşiktaş,M4,ESENKENT CEVIZLI,-8,12.94
beşiktaş,M4,ESENKENT CEVIZLI,-7,1.93
beşiktaş,M4,ESENKENT CEVIZLI,-6,-3.03
beşiktaş,M4,ESENKENT CEVIZLI,-5,12.97
beşiktaş,M4,ESENKENT CEVIZLI,-4,18.22
beşiktaş,M4,ESENKENT CEVIZLI,-3,40.31
beşiktaş,M4,ESENKENT CEVIZLI,-2,51.69
beşiktaş,M4,ESENKENT CEVIZLI,-1,31.28
beşiktaş,M4,ESENKENT CEVIZLI,0,15.99
beşiktaş,M4,ESENKENT CEVIZLI,1,18.54
beşiktaş,M4,ESENKENT CEVIZLI,2,13.76
beşiktaş,M4,ESENKENT CEVIZLI,3,-5.42
beşiktaş,M4,ESENKENT CEVIZLI,4,-5.14
beşiktaş,M4,ESENKENT CEVIZLI,5,5.23
beşiktaş,M4,ESENKENT CEVIZLI,6,-5.95
beşiktaş,M4,ESENKENT CEVIZLI,7,-1.63
beşiktaş,M4,ESENKENT CEVIZLI,8,-1.03
beşiktaş,M4,ESENKENT CEVIZLI,9,-1.24
beşiktaş,M4,ESENKENT CEVIZLI,10,-20.48
beşiktaş,M4,ESENKENT CEVIZLI,11,5.71
beşiktaş,M4,ESENKENT CEVIZLI,12,7.47
beşiktaş,M4,FEVZI CAKMAK,-12,66.92
beşiktaş,M4,FEVZI CAKMAK,-11,13.19
beşiktaş,M4,FEVZI CAKMAK,-10,18.79
beşiktaş,M4,FEVZI CAKMAK,-9,22.27
beşiktaş,M4,FEVZI CAKMAK,-8,10.23
beşiktaş,M4,FEVZI CAKMAK,-7,10.03
beşiktaş,M4,FEVZI CAKMAK,-6,17.22
beşiktaş,M4,FEVZI CAKMAK,-5,25.27
beşiktaş,M4,FEVZI CAKMAK,-4,35.58
beşiktaş,M4,FEVZI CAKMAK,-3,34.43
beşiktaş,M4,FEVZI CAKMAK,-2,23.01
beşiktaş,M4,FEVZI CAKMAK,-1,11.08
beşiktaş,M4,FEVZI CAKMAK,0,1.0
beşiktaş,M4,FEVZI CAKMAK,1,2.07
beşiktaş,M4,FEVZI CAKMAK,2,5.47
beşiktaş,M4,FEVZI CAKMAK,3,-1.79
beşiktaş,M4,FEVZI CAKMAK,4,-1.99
beşiktaş,M4,FEVZI CAKMAK,5,0.97
beşiktaş,M4,FEVZI CAKMAK,6,-0.02
beşiktaş,M4,FEVZI CAKMAK,7,-0.44
beşiktaş,M4,FEVZI CAKMAK,8,-0.09
beşiktaş,M4,FEVZI CAKMAK,9,0.33
beşiktaş,M4,FEVZI CAKMAK,10,-9.28
beşiktaş,M4,FEVZI CAKMAK,11,-6.63
beşiktaş,M4,FEVZI CAKMAK,12,39.72
beşiktaş,M4,GOZTEPE,-12,43.07
beşiktaş,M4,GOZTEPE,-11,32.52
beşiktaş,M4,GOZTEPE,-10,25.97
beşiktaş,M4,GOZTEPE,-9,26.56
beşiktaş,M4,GOZTEPE,-8,52.24
beşiktaş,M4,GOZTEPE,-7,39.25
beşiktaş,M4,GOZTEPE,-6,32.82
beşiktaş,M4,GOZTEPE,-5,44.11
beşiktaş,M4,GOZTEPE,-4,91.83
beşiktaş,M4,GOZTEPE,-3,128.47
beşiktaş,M4,GOZTEPE,-2,90.43
beşiktaş,M4,GOZTEPE,-1,38.45
beşiktaş,M4,GOZTEPE,0,27.68
beşiktaş,M4,GOZTEPE,1,24.37
beşiktaş,M4,GOZTEPE,2,23.83
beşiktaş,M4,GOZTEPE,3,8.35
beşiktaş,M4,GOZTEPE,4,-1.96
beşiktaş,M4,GOZTEPE,5,-1.96
beşiktaş,M4,GOZTEPE,6,-3.19
beşiktaş,M4,GOZTEPE,7,-2.14
beşiktaş,M4,GOZTEPE,8,0.07
beşiktaş,M4,GOZTEPE,9,11.97
beşiktaş,M4,GOZTEPE,10,-47.92
beşiktaş,M4,GOZTEPE,11,8.65
beşiktaş,M4,GOZTEPE,12,20.85
beşiktaş,M4,GULSUYU,-12,29.61
beşiktaş,M4,GULSUYU,-11,19.18
beşiktaş,M4,GULSUYU,-10,5.85
beşiktaş,M4,GULSUYU,-9,2.64
beşiktaş,M4,GULSUYU,-8,2.04
beşiktaş,M4,GULSUYU,-7,13.07
beşiktaş,M4,GULSUYU,-6,3.54
beşiktaş,M4,GULSUYU,-5,6.38
beşiktaş,M4,GULSUYU,-4,33.02
beşiktaş,M4,GULSUYU,-3,23.25
beşiktaş,M4,GULSUYU,-2,38.58
beşiktaş,M4,GULSUYU,-1,13.75
beşiktaş,M4,GULSUYU,0,6.77
beşiktaş,M4,GULSUYU,1,5.45
beşiktaş,M4,GULSUYU,2,5.13
beşiktaş,M4,GULSUYU,3,1.93
beşiktaş,M4,GULSUYU,4,-1.25
beşiktaş,M4,GULSUYU,5,0.46
beşiktaş,M4,GULSUYU,6,1.2
beşiktaş,M4,GULSUYU,7,-0.42
beşiktaş,M4,GULSUYU,8,2.2
beşiktaş,M4,GULSUYU,9,2.25
beşiktaş,M4,GULSUYU,10,-13.87
beşiktaş,M4,GULSUYU,11,-5.98
beşiktaş,M4,GULSUYU,12,21.32
beşiktaş,M4,HASTANE,-12,11.03
beşiktaş,M4,HASTANE,-11,1.37
beşiktaş,M4,HASTANE,-10,-5.94
beşiktaş,M4,HASTANE,-9,-0.29
beşiktaş,M4,HASTANE,-8,22.79
beşiktaş,M4,HASTANE,-7,9.49
beşiktaş,M4,HASTANE,-6,49.6
beşiktaş,M4,HASTANE,-5,47.25
beşiktaş,M4,HASTANE,-4,56.85
beşiktaş,M4,HASTANE,-3,69.41
beşiktaş,M4,HASTANE,-2,38.59
beşiktaş,M4,HASTANE,-1,19.61
beşiktaş,M4,HASTANE,0,16.07
beşiktaş,M4,HASTANE,1,6.52
beşiktaş,M4,HASTANE,2,4.31
beşiktaş,M4,HASTANE,3,-1.87
beşiktaş,M4,HASTANE,4,-2.94
beşiktaş,M4,HASTANE,5,-4.45
beşiktaş,M4,HASTANE,6,-1.53
beşiktaş,M4,HASTANE,7,-2.04
beşiktaş,M4,HASTANE,8,0.04
beşiktaş,M4,HASTANE,9,0.33
beşiktaş,M4,HASTANE,10,-10.8
beşiktaş,M4,HASTANE,11,-6.72
beşiktaş,M4,HASTANE,12,-12.83
beşiktaş,M4,HUZUREVI,-12,55.57
beşiktaş,M4,HUZUREVI,-11,37.41
beşiktaş,M4,HUZUREVI,-10,12.11
beşiktaş,M4,HUZUREVI,-9,13.08
beşiktaş,M4,HUZUREVI,-8,18.52
beşiktaş,M4,HUZUREVI,-7,26.41
beşiktaş,M4,HUZUREVI,-6,19.17
beşiktaş,M4,HUZUREVI,-5,16.07
beşiktaş,M4,HUZUREVI,-4,22.18
beşiktaş,M4,HUZUREVI,-3,29.68
beşiktaş,M4,HUZUREVI,-2,32.52
beşiktaş,M4,HUZUREVI,-1,10.6
beşiktaş,M4,HUZUREVI,0,1.46
beşiktaş,M4,HUZUREVI,1,-0.22
beşiktaş,M4,HUZUREVI,2,1.87
beşiktaş,M4,HUZUREVI,3,0.2
beşiktaş,M4,HUZUREVI,4,-6.1
beşiktaş,M4,HUZUREVI,5,-2.25
beşiktaş,M4,HUZUREVI,6,-0.4
beşiktaş,M4,HUZUREVI,7,-1.14
beşiktaş,M4,HUZUREVI,8,0.06
beşiktaş,M4,HUZUREVI,9,-0.43
beşiktaş,M4,HUZUREVI,10,-36.35
beşiktaş,M4,HUZUREVI,11,-1.42
beşiktaş,M4,HUZUREVI,12,34.33
beşiktaş,M4,KADIKOY,-12,14.78
beşiktaş,M4,KADIKOY,-11,1.84
beşiktaş,M4,KADIKOY,-10,7.9
beşiktaş,M4,KADIKOY,-9,-4.96
beşiktaş,M4,KADIKOY,-8,8.11
beşiktaş,M4,KADIKOY,-7,15.73
beşiktaş,M4,KADIKOY,-6,-13.37
beşiktaş,M4,KADIKOY,-5,34.57
beşiktaş,M4,KADIKOY,-4,114.68
beşiktaş,M4,KADIKOY,-3,172.59
beşiktaş,M4,KADIKOY,-2,268.76
beşiktaş,M4,KADIKOY,-1,264.62
beşiktaş,M4,KADIKOY,0,187.39
beşiktaş,M4,KADIKOY,1,160.15
beşiktaş,M4,KADIKOY,2,485.41
beşiktaş,M4,KADIKOY,3,355.27
beşiktaş,M4,KADIKOY,4,12.07
beşiktaş,M4,KADIKOY,5,-57.03
beşiktaş,M4,KADIKOY,6,-44.63
beşiktaş,M4,KADIKOY,7,-38.16
beşiktaş,M4,KADIKOY,8,-37.33
beşiktaş,M4,KADIKOY,9,-13.84
beşiktaş,M4,KADIKOY,10,-23.64
beşiktaş,M4,KADIKOY,11,-9.61
beşiktaş,M4,KADIKOY,12,-1.5
beşiktaş,M4,KARTAL,-12,54.84
beşiktaş,M4,KARTAL,-11,32.22
beşiktaş,M4,KARTAL,-10,16.9
beşiktaş,M4,KARTAL,-9,11.37
beşiktaş,M4,KARTAL,-8,40.25
beşiktaş,M4,KARTAL,-7,20.61
beşiktaş,M4,KARTAL,-6,24.05
beşiktaş,M4,KARTAL,-5,23.37
beşiktaş,M4,KARTAL,-4,31.42
beşiktaş,M4,KARTAL,-3,46.66
beşiktaş,M4,KARTAL,-2,41.28
beşiktaş,M4,KARTAL,-1,15.62
beşiktaş,M4,KARTAL,0,5.16
beşiktaş,M4,KARTAL,1,5.18
beşiktaş,M4,KARTAL,2,2.59
beşiktaş,M4,KARTAL,3,-1.06
beşiktaş,M4,KARTAL,4,-0.67
beşiktaş,M4,KARTAL,5,1.85
beşiktaş,M4,KARTAL,6,-0.57
beşiktaş,M4,KARTAL,7,0.35
beşiktaş,M4,KARTAL,8,-3.57
beşiktaş,M4,KARTAL,9,-6.4
beşiktaş,M4,KARTAL,10,-29.06
beşiktaş,M4,KARTAL,11,7.88
beşiktaş,M4,KARTAL,12,20.72
beşiktaş,M4,KOZYATAGI,-12,114.6
beşiktaş,M4,KOZYATAGI,-11,84.56
beşiktaş,M4,KOZYATAGI,-10,44.19
beşiktaş,M4,KOZYATAGI,-9,27.5
beşiktaş,M4,KOZYATAGI,-8,51.91
beşiktaş,M4,KOZYATAGI,-7,72.39
beşiktaş,M4,KOZYATAGI,-6,74.4
beşiktaş,M4,KOZYATAGI,-5,79.14
beşiktaş,M4,KOZYATAGI,-4,113.68
beşiktaş,M4,KOZYATAGI,-3,187.21
beşiktaş,M4,KOZYATAGI,-2,235.44
beşiktaş,M4,KOZYATAGI,-1,115.53
beşiktaş,M4,KOZYATAGI,0,58.75
beşiktaş,M4,KOZYATAGI,1,23.97
beşiktaş,M4,KOZYATAGI,2,13.45
beşiktaş,M4,KOZYATAGI,3,9.32
beşiktaş,M4,KOZYATAGI,4,1.52
beşiktaş,M4,KOZYATAGI,5,2.3
beşiktaş,M4,KOZYATAGI,6,12.53
beşiktaş,M4,KOZYATAGI,7,-2.97
beşiktaş,M4,KOZYATAGI,8,3.93
beşiktaş,M4,KOZYATAGI,9,11.95
beşiktaş,M4,KOZYATAGI,10,-64.54
beşiktaş,M4,KOZYATAGI,11,-12.65
beşiktaş,M4,KOZYATAGI,12,78.27
beşiktaş,M4,KUCUKYALI,-12,54.36
beşiktaş,M4,KUCUKYALI,-11,33.48
beşiktaş,M4,KUCUKYALI,-10,5.04
beşiktaş,M4,KUCUKYALI,-9,19.03
beşiktaş,M4,KUCUKYALI,-8,44.8
beşiktaş,M4,KUCUKYALI,-7,46.07
beşiktaş,M4,KUCUKYALI,-6,0.31
beşiktaş,M4,KUCUKYALI,-5,103.18
beşiktaş,M4,KUCUKYALI,-4,112.74
beşiktaş,M4,KUCUKYALI,-3,133.85
beşiktaş,M4,KUCUKYALI,-2,99.66
beşiktaş,M4,KUCUKYALI,-1,49.36
beşiktaş,M4,KUCUKYALI,0,29.71
beşiktaş,M4,KUCUKYALI,1,19.11
beşiktaş,M4,KUCUKYALI,2,16.16
beşiktaş,M4,KUCUKYALI,3,4.57
beşiktaş,M4,KUCUKYALI,4,-4.59
beşiktaş,M4,KUCUKYALI,5,2.86
beşiktaş,M4,KUCUKYALI,6,1.19
beşiktaş,M4,KUCUKYALI,7,-1.36
beşiktaş,M4,KUCUKYALI,8,0.19
beşiktaş,M4,KUCUKYALI,9,-3.71
beşiktaş,M4,KUCUKYALI,10,-43.91
beşiktaş,M4,KUCUKYALI,11,-9.25
beşiktaş,M4,KUCUKYALI,12,41.26
beşiktaş,M4,KURTKOY,-12,36.58
beşiktaş,M4,KURTKOY,-11,40.34
beşiktaş,M4,KURTKOY,-10,1.24
beşiktaş,M4,KURTKOY,-9,128.59
beşiktaş,M4,KURTKOY,-8,-16.57
beşiktaş,M4,KURTKOY,-7,11.86
beşiktaş,M4,KURTKOY,-6,29.69
beşiktaş,M4,KURTKOY,-5,16.43
beşiktaş,M4,KURTKOY,-4,28.84
beşiktaş,M4,KURTKOY,-3,20.8
beşiktaş,M4,KURTKOY,-2,23.62
beşiktaş,M4,KURTKOY,-1,-3.66
beşiktaş,M4,KURTKOY,0,-18.27
beşiktaş,M4,KURTKOY,1,-12.88
beşiktaş,M4,KURTKOY,2,15.15
beşiktaş,M4,KURTKOY,3,1.9
beşiktaş,M4,KURTKOY,4,12.77
beşiktaş,M4,KURTKOY,5,14.73
beşiktaş,M4,KURTKOY,6,14.09
beşiktaş,M4,KURTKOY,7,2.02
beşiktaş,M4,KURTKOY,8,6.44
beşiktaş,M4,KURTKOY,9,-6.79
beşiktaş,M4,KURTKOY,10,-215.6
beşiktaş,M4,KURTKOY,11,-171.39
beşiktaş,M4,KURTKOY,12,-89.75
beşiktaş,M4,M4 KURTKOY,-12,62.39
beşiktaş,M4,M4 KURTKOY,-11,19.78
beşiktaş,M4,M4 KURTKOY,-10,11.68
beşiktaş,M4,M4 KURTKOY,-9,21.72
beşiktaş,M4,M4 KURTKOY,-8,25.06
beşiktaş,M4,M4 KURTKOY,-7,31.47
beşiktaş,M4,M4 KURTKOY,-6,7.91
beşiktaş,M4,M4 KURTKOY,-5,29.28
beşiktaş,M4,M4 KURTKOY,-4,78.55
beşiktaş,M4,M4 KURTKOY,-3,66.41
beşiktaş,M4,M4 KURTKOY,-2,39.26
beşiktaş,M4,M4 KURTKOY,-1,9.66
beşiktaş,M4,M4 KURTKOY,0,15.47
beşiktaş,M4,M4 KURTKOY,1,1.6
beşiktaş,M4,M4 KURTKOY,2,10.21
beşiktaş,M4,M4 KURTKOY,3,-0.08
beşiktaş,M4,M4 KURTKOY,4,-2.58
beşiktaş,M4,M4 KURTKOY,5,-1.8
beşiktaş,M4,M4 KURTKOY,6,-2.17
beşiktaş,M4,M4 KURTKOY,7,0.03
beşiktaş,M4,M4 KURTKOY,8,-2.32
beşiktaş,M4,M4 KURTKOY,9,-6.14
beşiktaş,M4,M4 KURTKOY,10,-2.51
beşiktaş,M4,M4 KURTKOY,11,30.06
beşiktaş,M4,M4 KURTKOY,12,41.79
beşiktaş,M4,MALTEPE,-12,93.16
beşiktaş,M4,MALTEPE,-11,57.19
beşiktaş,M4,MALTEPE,-10,17.64
beşiktaş,M4,MALTEPE,-9,20.47
beşiktaş,M4,MALTEPE,-8,50.53
beşiktaş,M4,MALTEPE,-7,44.38
beşiktaş,M4,MALTEPE,-6,49.73
beşiktaş,M4,MALTEPE,-5,35.13
beşiktaş,M4,MALTEPE,-4,57.87
beşiktaş,M4,MALTEPE,-3,93.05
beşiktaş,M4,MALTEPE,-2,87.88
beşiktaş,M4,MALTEPE,-1,30.16
beşiktaş,M4,MALTEPE,0,26.84
beşiktaş,M4,MALTEPE,1,10.1
beşiktaş,M4,MALTEPE,2,1.16
beşiktaş,M4,MALTEPE,3,-3.65
beşiktaş,M4,MALTEPE,4,-7.77
beşiktaş,M4,MALTEPE,5,-1.71
beşiktaş,M4,MALTEPE,6,-4.96
beşiktaş,M4,MALTEPE,7,-3.75
beşiktaş,M4,MALTEPE,8,4.27
beşiktaş,M4,MALTEPE,9,-2.41
beşiktaş,M4,MALTEPE,10,-51.51
beşiktaş,M4,MALTEPE,11,-16.14
beşiktaş,M4,MALTEPE,12,38.86
beşiktaş,M4,PENDIK,-12,45.61
beşiktaş,M4,PENDIK,-11,21.15
beşiktaş,M4,PENDIK,-10,3.66
beşiktaş,M4,PENDIK,-9,1.27
beşiktaş,M4,PENDIK,-8,10.49
beşiktaş,M4,PENDIK,-7,20.72
beşiktaş,M4,PENDIK,-6,17.39
beşiktaş,M4,PENDIK,-5,0.49
beşiktaş,M4,PENDIK,-4,34.47
beşiktaş,M4,PENDIK,-3,47.41
beşiktaş,M4,PENDIK,-2,32.58
beşiktaş,M4,PENDIK,-1,11.8
beşiktaş,M4,PENDIK,0,2.98
beşiktaş,M4,PENDIK,1,5.25
beşiktaş,M4,PENDIK,2,5.49
beşiktaş,M4,PENDIK,3,-11.14
beşiktaş,M4,PENDIK,4,-9.81
beşiktaş,M4,PENDIK,5,-3.14
beşiktaş,M4,PENDIK,6,-3.47
beşiktaş,M4,PENDIK,7,-5.94
beşiktaş,M4,PENDIK,8,-1.69
beşiktaş,M4,PENDIK,9,-4.19
beşiktaş,M4,PENDIK,10,-23.21
beşiktaş,M4,PENDIK,11,-7.54
beşiktaş,M4,PENDIK,12,27.75
beşiktaş,M4,SABIHA GOKCEN,-12,27.41
beşiktaş,M4,SABIHA GOKCEN,-11,25.05
beşiktaş,M4,SABIHA GOKCEN,-10,25.9
beşiktaş,M4,SABIHA GOKCEN,-9,46.46
beşiktaş,M4,SABIHA GOKCEN,-8,60.88
beşiktaş,M4,SABIHA GOKCEN,-7,38.3
beşiktaş,M4,SABIHA GOKCEN,-6,44.49
beşiktaş,M4,SABIHA GOKCEN,-5,68.74
beşiktaş,M4,SABIHA GOKCEN,-4,41.59
beşiktaş,M4,SABIHA GOKCEN,-3,37.37
beşiktaş,M4,SABIHA GOKCEN,-2,66.0
beşiktaş,M4,SABIHA GOKCEN,-1,36.41
beşiktaş,M4,SABIHA GOKCEN,0,34.83
beşiktaş,M4,SABIHA GOKCEN,1,5.3
beşiktaş,M4,SABIHA GOKCEN,2,48.49
beşiktaş,M4,SABIHA GOKCEN,3,42.52
beşiktaş,M4,SABIHA GOKCEN,4,20.91
beşiktaş,M4,SABIHA GOKCEN,5,-14.66
beşiktaş,M4,SABIHA GOKCEN,6,45.27
beşiktaş,M4,SABIHA GOKCEN,7,6.3
beşiktaş,M4,SABIHA GOKCEN,8,-14.51
beşiktaş,M4,SABIHA GOKCEN,9,-10.04
beşiktaş,M4,SABIHA GOKCEN,10,-2.66
beşiktaş,M4,SABIHA GOKCEN,11,39.55
beşiktaş,M4,SABIHA GOKCEN,12,43.83
beşiktaş,M4,SABIHA GOKCEN HAVALIMANI,-12,44.33
beşiktaş,M4,SABIHA GOKCEN HAVALIMANI,-11,-53.56
beşiktaş,M4,SABIHA GOKCEN HAVALIMANI,-10,-60.99
beşiktaş,M4,SABIHA GOKCEN HAVALIMANI,-9,-36.36
beşiktaş,M4,SABIHA GOKCEN HAVALIMANI,-8,28.51
beşiktaş,M4,SABIHA GOKCEN HAVALIMANI,-7,8.42
beşiktaş,M4,SABIHA GOKCEN HAVALIMANI,-6,34.6
beşiktaş,M4,SABIHA GOKCEN HAVALIMANI,-5,-108.72
beşiktaş,M4,SABIHA GOKCEN HAVALIMANI,-4,121.38
beşiktaş,M4,SABIHA GOKCEN HAVALIMANI,-3,144.78
beşiktaş,M4,SABIHA GOKCEN HAVALIMANI,-2,40.39
beşiktaş,M4,SABIHA GOKCEN HAVALIMANI,-1,1.54
beşiktaş,M4,SABIHA GOKCEN HAVALIMANI,0,-27.54
beşiktaş,M4,SABIHA GOKCEN HAVALIMANI,1,102.15
beşiktaş,M4,SABIHA GOKCEN HAVALIMANI,2,58.73
beşiktaş,M4,SABIHA GOKCEN HAVALIMANI,3,11.07
beşiktaş,M4,SABIHA GOKCEN HAVALIMANI,4,-36.91
beşiktaş,M4,SABIHA GOKCEN HAVALIMANI,5,32.0
beşiktaş,M4,SABIHA GOKCEN HAVALIMANI,6,-187.91
beşiktaş,M4,SABIHA GOKCEN HAVALIMANI,7,-51.65
beşiktaş,M4,SABIHA GOKCEN HAVALIMANI,8,-51.84
beşiktaş,M4,SABIHA GOKCEN HAVALIMANI,9,-30.99
beşiktaş,M4,SABIHA GOKCEN HAVALIMANI,10,-91.59
beşiktaş,M4,SABIHA GOKCEN HAVALIMANI,11,-90.03
beşiktaş,M4,SABIHA GOKCEN HAVALIMANI,12,24.27
beşiktaş,M4,SOGANLIK,-12,54.25
beşiktaş,M4,SOGANLIK,-11,28.4
beşiktaş,M4,SOGANLIK,-10,17.66
beşiktaş,M4,SOGANLIK,-9,22.18
beşiktaş,M4,SOGANLIK,-8,17.59
beşiktaş,M4,SOGANLIK,-7,14.97
beşiktaş,M4,SOGANLIK,-6,-6.52
beşiktaş,M4,SOGANLIK,-5,38.6
beşiktaş,M4,SOGANLIK,-4,57.3
beşiktaş,M4,SOGANLIK,-3,50.93
beşiktaş,M4,SOGANLIK,-2,50.3
beşiktaş,M4,SOGANLIK,-1,2.72
beşiktaş,M4,SOGANLIK,0,8.19
beşiktaş,M4,SOGANLIK,1,-0.6
beşiktaş,M4,SOGANLIK,2,5.1
beşiktaş,M4,SOGANLIK,3,-0.81
beşiktaş,M4,SOGANLIK,4,-8.56
beşiktaş,M4,SOGANLIK,5,-0.1
beşiktaş,M4,SOGANLIK,6,-3.95
beşiktaş,M4,SOGANLIK,7,0.25
beşiktaş,M4,SOGANLIK,8,3.63
beşiktaş,M4,SOGANLIK,9,-1.83
beşiktaş,M4,SOGANLIK,10,-26.02
beşiktaş,M4,SOGANLIK,11,6.71
beşiktaş,M4,SOGANLIK,12,37.3
beşiktaş,M4,TAVSANTEPE,-12,81.74
beşiktaş,M4,TAVSANTEPE,-11,43.94
beşiktaş,M4,TAVSANTEPE,-10,13.66
beşiktaş,M4,TAVSANTEPE,-9,12.01
beşiktaş,M4,TAVSANTEPE,-8,18.95
beşiktaş,M4,TAVSANTEPE,-7,23.19
beşiktaş,M4,TAVSANTEPE,-6,32.03
beşiktaş,M4,TAVSANTEPE,-5,35.89
beşiktaş,M4,TAVSANTEPE,-4,37.82
beşiktaş,M4,TAVSANTEPE,-3,46.04
beşiktaş,M4,TAVSANTEPE,-2,40.79
beşiktaş,M4,TAVSANTEPE,-1,12.0
beşiktaş,M4,TAVSANTEPE,0,2.26
beşiktaş,M4,TAVSANTEPE,1,7.28
beşiktaş,M4,TAVSANTEPE,2,-0.1
beşiktaş,M4,TAVSANTEPE,3,-5.78
beşiktaş,M4,TAVSANTEPE,4,-1.22
beşiktaş,M4,TAVSANTEPE,5,-1.68
beşiktaş,M4,TAVSANTEPE,6,-0.94
beşiktaş,M4,TAVSANTEPE,7,-2.73
beşiktaş,M4,TAVSANTEPE,8,-1.49
beşiktaş,M4,TAVSANTEPE,9,-25.62
beşiktaş,M4,TAVSANTEPE,10,-27.36
beşiktaş,M4,TAVSANTEPE,11,-14.35
beşiktaş,M4,TAVSANTEPE,12,36.06
beşiktaş,M4,UNALAN,-12,72.59
beşiktaş,M4,UNALAN,-11,47.58
beşiktaş,M4,UNALAN,-10,20.08
beşiktaş,M4,UNALAN,-9,20.62
beşiktaş,M4,UNALAN,-8,29.88
beşiktaş,M4,UNALAN,-7,31.62
beşiktaş,M4,UNALAN,-6,35.79
beşiktaş,M4,UNALAN,-5,34.38
beşiktaş,M4,UNALAN,-4,63.26
beşiktaş,M4,UNALAN,-3,132.82
beşiktaş,M4,UNALAN,-2,153.97
beşiktaş,M4,UNALAN,-1,147.94
beşiktaş,M4,UNALAN,0,79.14
beşiktaş,M4,UNALAN,1,64.71
beşiktaş,M4,UNALAN,2,45.16
beşiktaş,M4,UNALAN,3,37.77
beşiktaş,M4,UNALAN,4,7.41
beşiktaş,M4,UNALAN,5,-9.07
beşiktaş,M4,UNALAN,6,13.69
beşiktaş,M4,UNALAN,7,-5.53
beşiktaş,M4,UNALAN,8,-6.35
beşiktaş,M4,UNALAN,9,2.57
beşiktaş,M4,UNALAN,10,-35.6
beşiktaş,M4,UNALAN,11,-27.33
beşiktaş,M4,UNALAN,12,15.13
beşiktaş,M4,YAKACIK,-12,50.38
beşiktaş,M4,YAKACIK,-11,13.2
beşiktaş,M4,YAKACIK,-10,1.65
beşiktaş,M4,YAKACIK,-9,2.65
beşiktaş,M4,YAKACIK,-8,2.11
beşiktaş,M4,YAKACIK,-7,17.04
beşiktaş,M4,YAKACIK,-6,17.15
beşiktaş,M4,YAKACIK,-5,12.97
beşiktaş,M4,YAKACIK,-4,21.3
beşiktaş,M4,YAKACIK,-3,26.06
beşiktaş,M4,YAKACIK,-2,34.06
beşiktaş,M4,YAKACIK,-1,8.32
beşiktaş,M4,YAKACIK,0,2.91
beşiktaş,M4,YAKACIK,1,-1.24
beşiktaş,M4,YAKACIK,2,4.96
beşiktaş,M4,YAKACIK,3,-3.87
beşiktaş,M4,YAKACIK,4,-3.6
beşiktaş,M4,YAKACIK,5,-2.22
beşiktaş,M4,YAKACIK,6,-3.62
beşiktaş,M4,YAKACIK,7,-0.21
beşiktaş,M4,YAKACIK,8,1.18
beşiktaş,M4,YAKACIK,9,-1.44
beşiktaş,M4,YAKACIK,10,-24.32
beşiktaş,M4,YAKACIK,11,-13.41
beşiktaş,M4,YAKACIK,12,24.73
beşiktaş,M4,YAYALAR,-12,44.61
beşiktaş,M4,YAYALAR,-11,15.83
beşiktaş,M4,YAYALAR,-10,4.41
beşiktaş,M4,YAYALAR,-9,6.38
beşiktaş,M4,YAYALAR,-8,20.65
beşiktaş,M4,YAYALAR,-7,17.83
beşiktaş,M4,YAYALAR,-6,17.83
beşiktaş,M4,YAYALAR,-5,9.61
beşiktaş,M4,YAYALAR,-4,29.58
beşiktaş,M4,YAYALAR,-3,29.09
beşiktaş,M4,YAYALAR,-2,21.95
beşiktaş,M4,YAYALAR,-1,-2.33
beşiktaş,M4,YAYALAR,0,2.18
beşiktaş,M4,YAYALAR,1,-0.81
beşiktaş,M4,YAYALAR,2,1.67
beşiktaş,M4,YAYALAR,3,0.64
beşiktaş,M4,YAYALAR,4,-2.1
beşiktaş,M4,YAYALAR,5,-1.17
beşiktaş,M4,YAYALAR,6,-2.65
beşiktaş,M4,YAYALAR,7,0.34
beşiktaş,M4,YAYALAR,8,3.77
beşiktaş,M4,YAYALAR,9,-1.05
beşiktaş,M4,YAYALAR,10,-11.01
beşiktaş,M4,YAYALAR,11,0.63
beşiktaş,M4,YAYALAR,12,34.87
beşiktaş,M4,YENISAHRA,-12,43.71
beşiktaş,M4,YENISAHRA,-11,23.97
beşiktaş,M4,YENISAHRA,-10,7.25
beşiktaş,M4,YENISAHRA,-9,11.01
beşiktaş,M4,YENISAHRA,-8,14.27
beşiktaş,M4,YENISAHRA,-7,10.33
beşiktaş,M4,YENISAHRA,-6,10.93
beşiktaş,M4,YENISAHRA,-5,38.1
beşiktaş,M4,YENISAHRA,-4,40.0
beşiktaş,M4,YENISAHRA,-3,61.74
beşiktaş,M4,YENISAHRA,-2,88.61
beşiktaş,M4,YENISAHRA,-1,52.42
beşiktaş,M4,YENISAHRA,0,24.75
beşiktaş,M4,YENISAHRA,1,23.9
beşiktaş,M4,YENISAHRA,2,12.89
beşiktaş,M4,YENISAHRA,3,55.08
beşiktaş,M4,YENISAHRA,4,23.85
beşiktaş,M4,YENISAHRA,5,1.37
beşiktaş,M4,YENISAHRA,6,5.51
beşiktaş,M4,YENISAHRA,7,0.01
beşiktaş,M4,YENISAHRA,8,-0.2
beşiktaş,M4,YENISAHRA,9,3.27
beşiktaş,M4,YENISAHRA,10,-35.3
beşiktaş,M4,YENISAHRA,11,2.16
beşiktaş,M4,YENISAHRA,12,30.82
beşiktaş,M5,ALTINSEHIR,-12,56.83
beşiktaş,M5,ALTINSEHIR,-11,28.99
beşiktaş,M5,ALTINSEHIR,-10,1.91
beşiktaş,M5,ALTINSEHIR,-9,3.72
beşiktaş,M5,ALTINSEHIR,-8,20.69
beşiktaş,M5,ALTINSEHIR,-7,8.24
beşiktaş,M5,ALTINSEHIR,-6,26.14
beşiktaş,M5,ALTINSEHIR,-5,14.57
beşiktaş,M5,ALTINSEHIR,-4,19.72
beşiktaş,M5,ALTINSEHIR,-3,44.08
beşiktaş,M5,ALTINSEHIR,-2,35.02
beşiktaş,M5,ALTINSEHIR,-1,3.58
beşiktaş,M5,ALTINSEHIR,0,-5.08
beşiktaş,M5,ALTINSEHIR,1,-14.76
beşiktaş,M5,ALTINSEHIR,2,-1.63
beşiktaş,M5,ALTINSEHIR,3,-9.27
beşiktaş,M5,ALTINSEHIR,4,-5.7
beşiktaş,M5,ALTINSEHIR,5,-2.55
beşiktaş,M5,ALTINSEHIR,6,-4.35
beşiktaş,M5,ALTINSEHIR,7,-3.56
beşiktaş,M5,ALTINSEHIR,8,0.57
beşiktaş,M5,ALTINSEHIR,9,-1.08
beşiktaş,M5,ALTINSEHIR,10,-51.82
beşiktaş,M5,ALTINSEHIR,11,14.32
beşiktaş,M5,ALTINSEHIR,12,43.29
beşiktaş,M5,ALTUNIZADE,-12,39.39
beşiktaş,M5,ALTUNIZADE,-11,30.45
beşiktaş,M5,ALTUNIZADE,-10,-5.9
beşiktaş,M5,ALTUNIZADE,-9,-12.44
beşiktaş,M5,ALTUNIZADE,-8,10.41
beşiktaş,M5,ALTUNIZADE,-7,16.35
beşiktaş,M5,ALTUNIZADE,-6,-22.91
beşiktaş,M5,ALTUNIZADE,-5,40.88
beşiktaş,M5,ALTUNIZADE,-4,67.78
beşiktaş,M5,ALTUNIZADE,-3,173.03
beşiktaş,M5,ALTUNIZADE,-2,167.73
beşiktaş,M5,ALTUNIZADE,-1,213.04
beşiktaş,M5,ALTUNIZADE,0,96.52
beşiktaş,M5,ALTUNIZADE,1,41.46
beşiktaş,M5,ALTUNIZADE,2,38.87
beşiktaş,M5,ALTUNIZADE,3,38.55
beşiktaş,M5,ALTUNIZADE,4,-6.34
beşiktaş,M5,ALTUNIZADE,5,-22.58
beşiktaş,M5,ALTUNIZADE,6,-27.82
beşiktaş,M5,ALTUNIZADE,7,-11.62
beşiktaş,M5,ALTUNIZADE,8,-10.2
beşiktaş,M5,ALTUNIZADE,9,0.51
beşiktaş,M5,ALTUNIZADE,10,-31.54
beşiktaş,M5,ALTUNIZADE,11,-14.69
beşiktaş,M5,ALTUNIZADE,12,25.29
beşiktaş,M5,BAGLARBASI,-12,23.51
beşiktaş,M5,BAGLARBASI,-11,11.88
beşiktaş,M5,BAGLARBASI,-10,-1.09
beşiktaş,M5,BAGLARBASI,-9,3.54
beşiktaş,M5,BAGLARBASI,-8,16.24
beşiktaş,M5,BAGLARBASI,-7,16.3
beşiktaş,M5,BAGLARBASI,-6,-25.14
beşiktaş,M5,BAGLARBASI,-5,36.94
beşiktaş,M5,BAGLARBASI,-4,100.8
beşiktaş,M5,BAGLARBASI,-3,141.6
beşiktaş,M5,BAGLARBASI,-2,107.78
beşiktaş,M5,BAGLARBASI,-1,97.14
beşiktaş,M5,BAGLARBASI,0,60.02
beşiktaş,M5,BAGLARBASI,1,18.01
beşiktaş,M5,BAGLARBASI,2,38.03
beşiktaş,M5,BAGLARBASI,3,5.15
beşiktaş,M5,BAGLARBASI,4,-10.38
beşiktaş,M5,BAGLARBASI,5,-7.46
beşiktaş,M5,BAGLARBASI,6,-1.19
beşiktaş,M5,BAGLARBASI,7,0.23
beşiktaş,M5,BAGLARBASI,8,-1.82
beşiktaş,M5,BAGLARBASI,9,2.27
beşiktaş,M5,BAGLARBASI,10,-15.16
beşiktaş,M5,BAGLARBASI,11,-2.33
beşiktaş,M5,BAGLARBASI,12,9.84
beşiktaş,M5,BULGURLU,-12,128.22
beşiktaş,M5,BULGURLU,-11,75.48
beşiktaş,M5,BULGURLU,-10,23.68
beşiktaş,M5,BULGURLU,-9,28.71
beşiktaş,M5,BULGURLU,-8,26.84
beşiktaş,M5,BULGURLU,-7,40.81
beşiktaş,M5,BULGURLU,-6,28.72
beşiktaş,M5,BULGURLU,-5,57.66
beşiktaş,M5,BULGURLU,-4,73.71
beşiktaş,M5,BULGURLU,-3,81.2
beşiktaş,M5,BULGURLU,-2,104.5
beşiktaş,M5,BULGURLU,-1,58.03
beşiktaş,M5,BULGURLU,0,7.69
beşiktaş,M5,BULGURLU,1,-13.66
beşiktaş,M5,BULGURLU,2,2.9
beşiktaş,M5,BULGURLU,3,-11.0
beşiktaş,M5,BULGURLU,4,-13.11
beşiktaş,M5,BULGURLU,5,-10.32
beşiktaş,M5,BULGURLU,6,-7.65
beşiktaş,M5,BULGURLU,7,-4.79
beşiktaş,M5,BULGURLU,8,1.09
beşiktaş,M5,BULGURLU,9,9.75
beşiktaş,M5,BULGURLU,10,-103.86
beşiktaş,M5,BULGURLU,11,-18.31
beşiktaş,M5,BULGURLU,12,107.31
beşiktaş,M5,CAKMAK,-12,68.23
beşiktaş,M5,CAKMAK,-11,30.26
beşiktaş,M5,CAKMAK,-10,3.04
beşiktaş,M5,CAKMAK,-9,9.88
beşiktaş,M5,CAKMAK,-8,29.1
beşiktaş,M5,CAKMAK,-7,20.69
beşiktaş,M5,CAKMAK,-6,23.74
beşiktaş,M5,CAKMAK,-5,40.56
beşiktaş,M5,CAKMAK,-4,58.04
beşiktaş,M5,CAKMAK,-3,73.41
beşiktaş,M5,CAKMAK,-2,130.58
beşiktaş,M5,CAKMAK,-1,38.0
beşiktaş,M5,CAKMAK,0,2.96
beşiktaş,M5,CAKMAK,1,-12.07
beşiktaş,M5,CAKMAK,2,-1.31
beşiktaş,M5,CAKMAK,3,-12.13
beşiktaş,M5,CAKMAK,4,-8.44
beşiktaş,M5,CAKMAK,5,-10.24
beşiktaş,M5,CAKMAK,6,-13.77
beşiktaş,M5,CAKMAK,7,0.31
beşiktaş,M5,CAKMAK,8,0.75
beşiktaş,M5,CAKMAK,9,-2.48
beşiktaş,M5,CAKMAK,10,-64.1
beşiktaş,M5,CAKMAK,11,12.16
beşiktaş,M5,CAKMAK,12,57.21
beşiktaş,M5,CARSI,-12,97.7
beşiktaş,M5,CARSI,-11,31.28
beşiktaş,M5,CARSI,-10,7.64
beşiktaş,M5,CARSI,-9,-5.22
beşiktaş,M5,CARSI,-8,26.67
beşiktaş,M5,CARSI,-7,11.78
beşiktaş,M5,CARSI,-6,22.46
beşiktaş,M5,CARSI,-5,54.72
beşiktaş,M5,CARSI,-4,65.5
beşiktaş,M5,CARSI,-3,81.83
beşiktaş,M5,CARSI,-2,92.37
beşiktaş,M5,CARSI,-1,38.1
beşiktaş,M5,CARSI,0,-0.52
beşiktaş,M5,CARSI,1,-13.31
beşiktaş,M5,CARSI,2,8.23
beşiktaş,M5,CARSI,3,-11.56
beşiktaş,M5,CARSI,4,-19.11
beşiktaş,M5,CARSI,5,-20.94
beşiktaş,M5,CARSI,6,-7.51
beşiktaş,M5,CARSI,7,-5.93
beşiktaş,M5,CARSI,8,2.15
beşiktaş,M5,CARSI,9,8.34
beşiktaş,M5,CARSI,10,-90.22
beşiktaş,M5,CARSI,11,2.02
beşiktaş,M5,CARSI,12,85.81
beşiktaş,M5,CEKMEKOY,-12,278.62
beşiktaş,M5,CEKMEKOY,-11,160.32
beşiktaş,M5,CEKMEKOY,-10,87.2
beşiktaş,M5,CEKMEKOY,-9,79.84
beşiktaş,M5,CEKMEKOY,-8,103.41
beşiktaş,M5,CEKMEKOY,-7,134.68
beşiktaş,M5,CEKMEKOY,-6,131.64
beşiktaş,M5,CEKMEKOY,-5,100.27
beşiktaş,M5,CEKMEKOY,-4,181.9
beşiktaş,M5,CEKMEKOY,-3,220.96
beşiktaş,M5,CEKMEKOY,-2,188.28
beşiktaş,M5,CEKMEKOY,-1,65.43
beşiktaş,M5,CEKMEKOY,0,39.29
beşiktaş,M5,CEKMEKOY,1,7.96
beşiktaş,M5,CEKMEKOY,2,29.5
beşiktaş,M5,CEKMEKOY,3,6.06
beşiktaş,M5,CEKMEKOY,4,-18.03
beşiktaş,M5,CEKMEKOY,5,-5.97
beşiktaş,M5,CEKMEKOY,6,-6.41
beşiktaş,M5,CEKMEKOY,7,-10.98
beşiktaş,M5,CEKMEKOY,8,-37.34
beşiktaş,M5,CEKMEKOY,9,-111.07
beşiktaş,M5,CEKMEKOY,10,-126.54
beşiktaş,M5,CEKMEKOY,11,203.46
beşiktaş,M5,CEKMEKOY,12,307.32
beşiktaş,M5,DUDULLU,-12,87.98
beşiktaş,M5,DUDULLU,-11,50.43
beşiktaş,M5,DUDULLU,-10,22.95
beşiktaş,M5,DUDULLU,-9,3.47
beşiktaş,M5,DUDULLU,-8,23.13
beşiktaş,M5,DUDULLU,-7,28.5
beşiktaş,M5,DUDULLU,-6,17.36
beşiktaş,M5,DUDULLU,-5,47.71
beşiktaş,M5,DUDULLU,-4,71.72
beşiktaş,M5,DUDULLU,-3,87.08
beşiktaş,M5,DUDULLU,-2,178.57
beşiktaş,M5,DUDULLU,-1,54.04
beşiktaş,M5,DUDULLU,0,24.53
beşiktaş,M5,DUDULLU,1,-11.81
beşiktaş,M5,DUDULLU,2,-4.78
beşiktaş,M5,DUDULLU,3,-38.58
beşiktaş,M5,DUDULLU,4,-28.11
beşiktaş,M5,DUDULLU,5,-8.51
beşiktaş,M5,DUDULLU,6,-7.52
beşiktaş,M5,DUDULLU,7,-4.82
beşiktaş,M5,DUDULLU,8,-0.53
beşiktaş,M5,DUDULLU,9,3.61
beşiktaş,M5,DUDULLU,10,-42.2
beşiktaş,M5,DUDULLU,11,17.44
beşiktaş,M5,DUDULLU,12,71.28
beşiktaş,M5,FISTIKAGACI,-12,21.62
beşiktaş,M5,FISTIKAGACI,-11,11.48
beşiktaş,M5,FISTIKAGACI,-10,-0.19
beşiktaş,M5,FISTIKAGACI,-9,3.71
beşiktaş,M5,FISTIKAGACI,-8,-6.27
beşiktaş,M5,FISTIKAGACI,-7,2.84
beşiktaş,M5,FISTIKAGACI,-6,-53.29
beşiktaş,M5,FISTIKAGACI,-5,51.28
beşiktaş,M5,FISTIKAGACI,-4,18.79
beşiktaş,M5,FISTIKAGACI,-3,8.67
beşiktaş,M5,FISTIKAGACI,-2,6.31
beşiktaş,M5,FISTIKAGACI,-1,-4.76
beşiktaş,M5,FISTIKAGACI,0,-4.69
beşiktaş,M5,FISTIKAGACI,1,-13.29
beşiktaş,M5,FISTIKAGACI,2,-2.14
beşiktaş,M5,FISTIKAGACI,3,-0.54
beşiktaş,M5,FISTIKAGACI,4,-6.15
beşiktaş,M5,FISTIKAGACI,5,-5.84
beşiktaş,M5,FISTIKAGACI,6,0.83
beşiktaş,M5,FISTIKAGACI,7,-2.87
beşiktaş,M5,FISTIKAGACI,8,1.34
beşiktaş,M5,FISTIKAGACI,9,1.86
beşiktaş,M5,FISTIKAGACI,10,-9.49
beşiktaş,M5,FISTIKAGACI,11,-4.35
beşiktaş,M5,FISTIKAGACI,12,9.01
beşiktaş,M5,IHLAMUR KUYU,-12,58.89
beşiktaş,M5,IHLAMUR KUYU,-11,24.06
beşiktaş,M5,IHLAMUR KUYU,-10,5.72
beşiktaş,M5,IHLAMUR KUYU,-9,-1.15
beşiktaş,M5,IHLAMUR KUYU,-8,12.37
beşiktaş,M5,IHLAMUR KUYU,-7,16.8
beşiktaş,M5,IHLAMUR KUYU,-6,13.27
beşiktaş,M5,IHLAMUR KUYU,-5,4.53
beşiktaş,M5,IHLAMUR KUYU,-4,15.35
beşiktaş,M5,IHLAMUR KUYU,-3,46.81
beşiktaş,M5,IHLAMUR KUYU,-2,55.6
beşiktaş,M5,IHLAMUR KUYU,-1,5.94
beşiktaş,M5,IHLAMUR KUYU,0,8.52
beşiktaş,M5,IHLAMUR KUYU,1,-10.44
beşiktaş,M5,IHLAMUR KUYU,2,4.72
beşiktaş,M5,IHLAMUR KUYU,3,-2.94
beşiktaş,M5,IHLAMUR KUYU,4,-1.2
beşiktaş,M5,IHLAMUR KUYU,5,-3.88
beşiktaş,M5,IHLAMUR KUYU,6,-2.88
beşiktaş,M5,IHLAMUR KUYU,7,-2.31
beşiktaş,M5,IHLAMUR KUYU,8,-2.59
beşiktaş,M5,IHLAMUR KUYU,9,-10.27
beşiktaş,M5,IHLAMUR KUYU,10,-41.84
beşiktaş,M5,IHLAMUR KUYU,11,23.92
beşiktaş,M5,IHLAMUR KUYU,12,47.93
beşiktaş,M5,IHLAMURKUYU,-12,29.55
beşiktaş,M5,IHLAMURKUYU,-11,28.03
beşiktaş,M5,IHLAMURKUYU,-10,21.79
beşiktaş,M5,IHLAMURKUYU,-9,88.44
beşiktaş,M5,IHLAMURKUYU,-8,31.23
beşiktaş,M5,IHLAMURKUYU,-7,88.81
beşiktaş,M5,IHLAMURKUYU,-6,122.05
beşiktaş,M5,IHLAMURKUYU,-5,83.49
beşiktaş,M5,IHLAMURKUYU,-4,52.01
beşiktaş,M5,IHLAMURKUYU,-3,15.42
beşiktaş,M5,IHLAMURKUYU,-2,63.99
beşiktaş,M5,IHLAMURKUYU,-1,70.3
beşiktaş,M5,IHLAMURKUYU,0,32.53
beşiktaş,M5,IHLAMURKUYU,1,8.91
beşiktaş,M5,IHLAMURKUYU,2,-9.63
beşiktaş,M5,IHLAMURKUYU,3,4.68
beşiktaş,M5,IHLAMURKUYU,4,19.46
beşiktaş,M5,IHLAMURKUYU,5,-7.08
beşiktaş,M5,IHLAMURKUYU,6,8.27
beşiktaş,M5,IHLAMURKUYU,7,-0.49
beşiktaş,M5,IHLAMURKUYU,8,3.08
beşiktaş,M5,IHLAMURKUYU,9,93.69
beşiktaş,M5,IHLAMURKUYU,10,-202.5
beşiktaş,M5,IHLAMURKUYU,11,-244.47
beşiktaş,M5,IHLAMURKUYU,12,-89.16
beşiktaş,M5,IMAM HATIP LISESI,-12,38.84
beşiktaş,M5,IMAM HATIP LISESI,-11,24.85
beşiktaş,M5,IMAM HATIP LISESI,-10,0.3
beşiktaş,M5,IMAM HATIP LISESI,-9,-3.82
beşiktaş,M5,IMAM HATIP LISESI,-8,5.27
beşiktaş,M5,IMAM HATIP LISESI,-7,7.39
beşiktaş,M5,IMAM HATIP LISESI,-6,6.72
beşiktaş,M5,IMAM HATIP LISESI,-5,0.18
beşiktaş,M5,IMAM HATIP LISESI,-4,7.44
beşiktaş,M5,IMAM HATIP LISESI,-3,4.34
beşiktaş,M5,IMAM HATIP LISESI,-2,23.82
beşiktaş,M5,IMAM HATIP LISESI,-1,2.36
beşiktaş,M5,IMAM HATIP LISESI,0,-7.82
beşiktaş,M5,IMAM HATIP LISESI,1,-11.91
beşiktaş,M5,IMAM HATIP LISESI,2,-2.16
beşiktaş,M5,IMAM HATIP LISESI,3,-8.54
beşiktaş,M5,IMAM HATIP LISESI,4,-6.26
beşiktaş,M5,IMAM HATIP LISESI,5,-2.5
beşiktaş,M5,IMAM HATIP LISESI,6,-2.06
beşiktaş,M5,IMAM HATIP LISESI,7,-2.44
beşiktaş,M5,IMAM HATIP LISESI,8,3.72
beşiktaş,M5,IMAM HATIP LISESI,9,2.11
beşiktaş,M5,IMAM HATIP LISESI,10,-45.95
beşiktaş,M5,IMAM HATIP LISESI,11,5.23
beşiktaş,M5,IMAM HATIP LISESI,12,30.97
beşiktaş,M5,KISIKLI,-12,16.12
beşiktaş,M5,KISIKLI,-11,8.11
beşiktaş,M5,KISIKLI,-10,-2.4
beşiktaş,M5,KISIKLI,-9,4.39
beşiktaş,M5,KISIKLI,-8,2.19
beşiktaş,M5,KISIKLI,-7,-5.21
beşiktaş,M5,KISIKLI,-6,-5.83
beşiktaş,M5,KISIKLI,-5,5.7
beşiktaş,M5,KISIKLI,-4,9.61
beşiktaş,M5,KISIKLI,-3,19.92
beşiktaş,M5,KISIKLI,-2,26.46
beşiktaş,M5,KISIKLI,-1,10.15
beşiktaş,M5,KISIKLI,0,-10.35
beşiktaş,M5,KISIKLI,1,-12.13
beşiktaş,M5,KISIKLI,2,-13.8
beşiktaş,M5,KISIKLI,3,-13.48
beşiktaş,M5,KISIKLI,4,-13.29
beşiktaş,M5,KISIKLI,5,-11.27
beşiktaş,M5,KISIKLI,6,-6.42
beşiktaş,M5,KISIKLI,7,-6.83
beşiktaş,M5,KISIKLI,8,-2.11
beşiktaş,M5,KISIKLI,9,-1.0
beşiktaş,M5,KISIKLI,10,-6.1
beşiktaş,M5,KISIKLI,11,-2.94
beşiktaş,M5,KISIKLI,12,12.02
beşiktaş,M5,MECLIS,-12,-47.32
beşiktaş,M5,MECLIS,-11,-42.07
beşiktaş,M5,MECLIS,-10,-25.97
beşiktaş,M5,MECLIS,-9,-74.62
beşiktaş,M5,MECLIS,-8,-35.5
beşiktaş,M5,MECLIS,-7,10.36
beşiktaş,M5,MECLIS,-6,-13.2
beşiktaş,M5,MECLIS,-5,20.51
beşiktaş,M5,MECLIS,-4,30.14
beşiktaş,M5,MECLIS,-3,6.01
beşiktaş,M5,MECLIS,-2,19.12
beşiktaş,M5,MECLIS,-1,-12.71
beşiktaş,M5,MECLIS,0,-16.06
beşiktaş,M5,MECLIS,1,-4.06
beşiktaş,M5,MECLIS,2,-9.75
beşiktaş,M5,MECLIS,3,2.42
beşiktaş,M5,MECLIS,4,-2.24
beşiktaş,M5,MECLIS,5,0.32
beşiktaş,M5,MECLIS,6,0.66
beşiktaş,M5,MECLIS,7,-1.05
beşiktaş,M5,MECLIS,8,27.67
beşiktaş,M5,MECLIS,9,18.73
beşiktaş,M5,MECLIS,10,-23.12
beşiktaş,M5,MECLIS,11,-36.17
beşiktaş,M5,MECLIS,12,-9.88
beşiktaş,M5,NECIP FAZIL,-12,35.0
beşiktaş,M5,NECIP FAZIL,-11,20.1
beşiktaş,M5,NECIP FAZIL,-10,10.04
beşiktaş,M5,NECIP FAZIL,-9,-0.13
beşiktaş,M5,NECIP FAZIL,-8,11.84
beşiktaş,M5,NECIP FAZIL,-7,3.96
beşiktaş,M5,NECIP FAZIL,-6,18.47
beşiktaş,M5,NECIP FAZIL,-5,1.16
beşiktaş,M5,NECIP FAZIL,-4,37.61
beşiktaş,M5,NECIP FAZIL,-3,55.71
beşiktaş,M5,NECIP FAZIL,-2,50.89
beşiktaş,M5,NECIP FAZIL,-1,-13.0
beşiktaş,M5,NECIP FAZIL,0,-5.56
beşiktaş,M5,NECIP FAZIL,1,-18.55
beşiktaş,M5,NECIP FAZIL,2,-2.54
beşiktaş,M5,NECIP FAZIL,3,-12.98
beşiktaş,M5,NECIP FAZIL,4,-12.09
beşiktaş,M5,NECIP FAZIL,5,-7.35
beşiktaş,M5,NECIP FAZIL,6,-9.29
beşiktaş,M5,NECIP FAZIL,7,-4.46
beşiktaş,M5,NECIP FAZIL,8,-0.63
beşiktaş,M5,NECIP FAZIL,9,-15.38
beşiktaş,M5,NECIP FAZIL,10,-34.52
beşiktaş,M5,NECIP FAZIL,11,28.2
beşiktaş,M5,NECIP FAZIL,12,40.44
beşiktaş,M5,SAMANDIRA MERKEZ,-12,26.68
beşiktaş,M5,SAMANDIRA MERKEZ,-11,-44.26
beşiktaş,M5,SAMANDIRA MERKEZ,-10,-55.34
beşiktaş,M5,SAMANDIRA MERKEZ,-9,0.1
beşiktaş,M5,SAMANDIRA MERKEZ,-8,17.12
beşiktaş,M5,SAMANDIRA MERKEZ,-7,27.39
beşiktaş,M5,SAMANDIRA MERKEZ,-6,64.95
beşiktaş,M5,SAMANDIRA MERKEZ,-5,-100.6
beşiktaş,M5,SAMANDIRA MERKEZ,-4,58.55
beşiktaş,M5,SAMANDIRA MERKEZ,-3,37.98
beşiktaş,M5,SAMANDIRA MERKEZ,-2,-10.3
beşiktaş,M5,SAMANDIRA MERKEZ,-1,-76.25
beşiktaş,M5,SAMANDIRA MERKEZ,0,10.5
beşiktaş,M5,SAMANDIRA MERKEZ,1,9.63
beşiktaş,M5,SAMANDIRA MERKEZ,2,-21.18
beşiktaş,M5,SAMANDIRA MERKEZ,3,-6.36
beşiktaş,M5,SAMANDIRA MERKEZ,4,-4.33
beşiktaş,M5,SAMANDIRA MERKEZ,5,1.46
beşiktaş,M5,SAMANDIRA MERKEZ,6,-0.75
beşiktaş,M5,SAMANDIRA MERKEZ,7,1.71
beşiktaş,M5,SAMANDIRA MERKEZ,8,46.23
beşiktaş,M5,SAMANDIRA MERKEZ,9,55.99
beşiktaş,M5,SAMANDIRA MERKEZ,10,-86.44
beşiktaş,M5,SAMANDIRA MERKEZ,11,-94.77
beşiktaş,M5,SAMANDIRA MERKEZ,12,0.43
beşiktaş,M5,SANCAKTEPE,-12,25.25
beşiktaş,M5,SANCAKTEPE,-11,1.91
beşiktaş,M5,SANCAKTEPE,-10,-21.15
beşiktaş,M5,SANCAKTEPE,-9,-5.56
beşiktaş,M5,SANCAKTEPE,-8,-12.19
beşiktaş,M5,SANCAKTEPE,-7,-22.44
beşiktaş,M5,SANCAKTEPE,-6,-10.07
beşiktaş,M5,SANCAKTEPE,-5,14.69
beşiktaş,M5,SANCAKTEPE,-4,29.03
beşiktaş,M5,SANCAKTEPE,-3,11.77
beşiktaş,M5,SANCAKTEPE,-2,7.03
beşiktaş,M5,SANCAKTEPE,-1,0.25
beşiktaş,M5,SANCAKTEPE,0,42.22
beşiktaş,M5,SANCAKTEPE,1,-3.24
beşiktaş,M5,SANCAKTEPE,2,-2.51
beşiktaş,M5,SANCAKTEPE,3,-7.02
beşiktaş,M5,SANCAKTEPE,4,-11.65
beşiktaş,M5,SANCAKTEPE,5,-7.2
beşiktaş,M5,SANCAKTEPE,6,-1.87
beşiktaş,M5,SANCAKTEPE,7,2.48
beşiktaş,M5,SANCAKTEPE,8,24.65
beşiktaş,M5,SANCAKTEPE,9,30.66
beşiktaş,M5,SANCAKTEPE,10,-29.8
beşiktaş,M5,SANCAKTEPE,11,-51.52
beşiktaş,M5,SANCAKTEPE,12,-6.2
beşiktaş,M5,SARIGAZI,-12,7.18
beşiktaş,M5,SARIGAZI,-11,-54.62
beşiktaş,M5,SARIGAZI,-10,-58.83
beşiktaş,M5,SARIGAZI,-9,-156.82
beşiktaş,M5,SARIGAZI,-8,-44.38
beşiktaş,M5,SARIGAZI,-7,14.37
beşiktaş,M5,SARIGAZI,-6,5.99
beşiktaş,M5,SARIGAZI,-5,44.61
beşiktaş,M5,SARIGAZI,-4,-38.08
beşiktaş,M5,SARIGAZI,-3,3.82
beşiktaş,M5,SARIGAZI,-2,-45.94
beşiktaş,M5,SARIGAZI,-1,-72.33
beşiktaş,M5,SARIGAZI,0,-8.27
beşiktaş,M5,SARIGAZI,1,32.15
beşiktaş,M5,SARIGAZI,2,46.68
beşiktaş,M5,SARIGAZI,3,2.92
beşiktaş,M5,SARIGAZI,4,-13.09
beşiktaş,M5,SARIGAZI,5,-1.82
beşiktaş,M5,SARIGAZI,6,0.33
beşiktaş,M5,SARIGAZI,7,-2.23
beşiktaş,M5,SARIGAZI,8,46.77
beşiktaş,M5,SARIGAZI,9,43.17
beşiktaş,M5,SARIGAZI,10,-109.92
beşiktaş,M5,SARIGAZI,11,-122.15
beşiktaş,M5,SARIGAZI,12,-22.35
beşiktaş,M5,UMRANIYE,-12,128.96
beşiktaş,M5,UMRANIYE,-11,63.22
beşiktaş,M5,UMRANIYE,-10,15.22
beşiktaş,M5,UMRANIYE,-9,10.06
beşiktaş,M5,UMRANIYE,-8,31.48
beşiktaş,M5,UMRANIYE,-7,24.31
beşiktaş,M5,UMRANIYE,-6,24.58
beşiktaş,M5,UMRANIYE,-5,41.68
beşiktaş,M5,UMRANIYE,-4,70.58
beşiktaş,M5,UMRANIYE,-3,74.45
beşiktaş,M5,UMRANIYE,-2,115.65
beşiktaş,M5,UMRANIYE,-1,40.08
beşiktaş,M5,UMRANIYE,0,-2.05
beşiktaş,M5,UMRANIYE,1,-18.85
beşiktaş,M5,UMRANIYE,2,3.83
beşiktaş,M5,UMRANIYE,3,-18.42
beşiktaş,M5,UMRANIYE,4,-17.2
beşiktaş,M5,UMRANIYE,5,-5.41
beşiktaş,M5,UMRANIYE,6,-12.31
beşiktaş,M5,UMRANIYE,7,-0.21
beşiktaş,M5,UMRANIYE,8,-0.05
beşiktaş,M5,UMRANIYE,9,14.91
beşiktaş,M5,UMRANIYE,10,-115.8
beşiktaş,M5,UMRANIYE,11,-7.45
beşiktaş,M5,UMRANIYE,12,112.41
beşiktaş,M5,USKUDAR,-12,75.6
beşiktaş,M5,USKUDAR,-11,25.94
beşiktaş,M5,USKUDAR,-10,-10.63
beşiktaş,M5,USKUDAR,-9,-28.88
beşiktaş,M5,USKUDAR,-8,-18.55
beşiktaş,M5,USKUDAR,-7,-18.53
beşiktaş,M5,USKUDAR,-6,-82.11
beşiktaş,M5,USKUDAR,-5,-33.85
beşiktaş,M5,USKUDAR,-4,58.25
beşiktaş,M5,USKUDAR,-3,159.38
beşiktaş,M5,USKUDAR,-2,250.11
beşiktaş,M5,USKUDAR,-1,178.99
beşiktaş,M5,USKUDAR,0,100.56
beşiktaş,M5,USKUDAR,1,11.64
beşiktaş,M5,USKUDAR,2,806.82
beşiktaş,M5,USKUDAR,3,272.8
beşiktaş,M5,USKUDAR,4,-141.95
beşiktaş,M5,USKUDAR,5,-138.36
beşiktaş,M5,USKUDAR,6,-126.13
beşiktaş,M5,USKUDAR,7,-89.09
beşiktaş,M5,USKUDAR,8,-24.11
beşiktaş,M5,USKUDAR,9,0.69
beşiktaş,M5,USKUDAR,10,-47.39
beşiktaş,M5,USKUDAR,11,-42.16
beşiktaş,M5,USKUDAR,12,35.58
beşiktaş,M5,YAMANEVLER,-12,53.19
beşiktaş,M5,YAMANEVLER,-11,21.54
beşiktaş,M5,YAMANEVLER,-10,2.38
beşiktaş,M5,YAMANEVLER,-9,12.48
beşiktaş,M5,YAMANEVLER,-8,6.63
beşiktaş,M5,YAMANEVLER,-7,8.85
beşiktaş,M5,YAMANEVLER,-6,5.75
beşiktaş,M5,YAMANEVLER,-5,20.57
beşiktaş,M5,YAMANEVLER,-4,26.27
beşiktaş,M5,YAMANEVLER,-3,35.94
beşiktaş,M5,YAMANEVLER,-2,48.06
beşiktaş,M5,YAMANEVLER,-1,10.7
beşiktaş,M5,YAMANEVLER,0,8.79
beşiktaş,M5,YAMANEVLER,1,-9.98
beşiktaş,M5,YAMANEVLER,2,0.42
beşiktaş,M5,YAMANEVLER,3,-1.96
beşiktaş,M5,YAMANEVLER,4,-0.9
beşiktaş,M5,YAMANEVLER,5,-5.09
beşiktaş,M5,YAMANEVLER,6,-11.89
beşiktaş,M5,YAMANEVLER,7,-3.06
beşiktaş,M5,YAMANEVLER,8,2.6
beşiktaş,M5,YAMANEVLER,9,4.14
beşiktaş,M5,YAMANEVLER,10,-43.37
beşiktaş,M5,YAMANEVLER,11,2.54
beşiktaş,M5,YAMANEVLER,12,46.0
beşiktaş,M6,BOGAZICI,-12,4.52
beşiktaş,M6,BOGAZICI,-11,1.33
beşiktaş,M6,BOGAZICI,-10,0.71
beşiktaş,M6,BOGAZICI,-9,-1.72
beşiktaş,M6,BOGAZICI,-8,6.84
beşiktaş,M6,BOGAZICI,-7,4.37
beşiktaş,M6,BOGAZICI,-6,21.36
beşiktaş,M6,BOGAZICI,-5,23.07
beşiktaş,M6,BOGAZICI,-4,28.45
beşiktaş,M6,BOGAZICI,-3,51.69
beşiktaş,M6,BOGAZICI,-2,41.6
beşiktaş,M6,BOGAZICI,-1,23.49
beşiktaş,M6,BOGAZICI,0,20.64
beşiktaş,M6,BOGAZICI,1,5.45
beşiktaş,M6,BOGAZICI,2,-1.9
beşiktaş,M6,BOGAZICI,3,-3.81
beşiktaş,M6,BOGAZICI,4,-17.99
beşiktaş,M6,BOGAZICI,5,-15.39
beşiktaş,M6,BOGAZICI,6,-7.44
beşiktaş,M6,BOGAZICI,7,-1.85
beşiktaş,M6,BOGAZICI,8,-3.25
beşiktaş,M6,BOGAZICI,9,-0.46
beşiktaş,M6,BOGAZICI,10,-5.24
beşiktaş,M6,BOGAZICI,11,-4.18
beşiktaş,M6,BOGAZICI,12,0.55
beşiktaş,M6,ETILER,-12,2.72
beşiktaş,M6,ETILER,-11,1.18
beşiktaş,M6,ETILER,-10,-2.56
beşiktaş,M6,ETILER,-9,1.24
beşiktaş,M6,ETILER,-8,0.19
beşiktaş,M6,ETILER,-7,-1.52
beşiktaş,M6,ETILER,-6,-10.02
beşiktaş,M6,ETILER,-5,18.64
beşiktaş,M6,ETILER,-4,14.0
beşiktaş,M6,ETILER,-3,4.61
beşiktaş,M6,ETILER,-2,15.1
beşiktaş,M6,ETILER,-1,12.63
beşiktaş,M6,ETILER,0,8.29
beşiktaş,M6,ETILER,1,1.54
beşiktaş,M6,ETILER,2,2.53
beşiktaş,M6,ETILER,3,3.48
beşiktaş,M6,ETILER,4,0.95
beşiktaş,M6,ETILER,5,-3.19
beşiktaş,M6,ETILER,6,-0.75
beşiktaş,M6,ETILER,7,-3.72
beşiktaş,M6,ETILER,8,-0.93
beşiktaş,M6,ETILER,9,0.01
beşiktaş,M6,ETILER,10,-1.76
beşiktaş,M6,ETILER,11,-3.8
beşiktaş,M6,ETILER,12,-0.59
beşiktaş,M6,LEVENT,-12,46.74
beşiktaş,M6,LEVENT,-11,49.28
beşiktaş,M6,LEVENT,-10,38.73
beşiktaş,M6,LEVENT,-9,25.1
beşiktaş,M6,LEVENT,-8,28.77
beşiktaş,M6,LEVENT,-7,22.66
beşiktaş,M6,LEVENT,-6,3.47
beşiktaş,M6,LEVENT,-5,20.26
beşiktaş,M6,LEVENT,-4,33.79
beşiktaş,M6,LEVENT,-3,32.8
beşiktaş,M6,LEVENT,-2,44.51
beşiktaş,M6,LEVENT,-1,46.98
beşiktaş,M6,LEVENT,0,22.65
beşiktaş,M6,LEVENT,1,20.21
beşiktaş,M6,LEVENT,2,41.89
beşiktaş,M6,LEVENT,3,40.01
beşiktaş,M6,LEVENT,4,19.78
beşiktaş,M6,LEVENT,5,-8.25
beşiktaş,M6,LEVENT,6,-2.52
beşiktaş,M6,LEVENT,7,-3.04
beşiktaş,M6,LEVENT,8,-2.13
beşiktaş,M6,LEVENT,9,8.6
beşiktaş,M6,LEVENT,10,-36.16
beşiktaş,M6,LEVENT,11,-33.26
beşiktaş,M6,LEVENT,12,57.75
beşiktaş,M6,NISPETIYE,-12,2.26
beşiktaş,M6,NISPETIYE,-11,1.05
beşiktaş,M6,NISPETIYE,-10,-1.38
beşiktaş,M6,NISPETIYE,-9,0.95
beşiktaş,M6,NISPETIYE,-8,-0.19
beşiktaş,M6,NISPETIYE,-7,-2.52
beşiktaş,M6,NISPETIYE,-6,-6.17
beşiktaş,M6,NISPETIYE,-5,12.56
beşiktaş,M6,NISPETIYE,-4,8.51
beşiktaş,M6,NISPETIYE,-3,15.39
beşiktaş,M6,NISPETIYE,-2,15.26
beşiktaş,M6,NISPETIYE,-1,10.81
beşiktaş,M6,NISPETIYE,0,7.6
beşiktaş,M6,NISPETIYE,1,1.0
beşiktaş,M6,NISPETIYE,2,3.23
beşiktaş,M6,NISPETIYE,3,-2.7
beşiktaş,M6,NISPETIYE,4,0.02
beşiktaş,M6,NISPETIYE,5,-1.31
beşiktaş,M6,NISPETIYE,6,13.32
beşiktaş,M6,NISPETIYE,7,1.43
beşiktaş,M6,NISPETIYE,8,-0.04
beşiktaş,M6,NISPETIYE,9,-0.55
beşiktaş,M6,NISPETIYE,10,-1.09
beşiktaş,M6,NISPETIYE,11,-1.78
beşiktaş,M6,NISPETIYE,12,1.04
beşiktaş,M7,ALIBEYKOY,-12,49.86
beşiktaş,M7,ALIBEYKOY,-11,34.27
beşiktaş,M7,ALIBEYKOY,-10,2.65
beşiktaş,M7,ALIBEYKOY,-9,2.76
beşiktaş,M7,ALIBEYKOY,-8,36.17
beşiktaş,M7,ALIBEYKOY,-7,58.32
beşiktaş,M7,ALIBEYKOY,-6,1.52
beşiktaş,M7,ALIBEYKOY,-5,58.06
beşiktaş,M7,ALIBEYKOY,-4,107.68
beşiktaş,M7,ALIBEYKOY,-3,100.56
beşiktaş,M7,ALIBEYKOY,-2,106.74
beşiktaş,M7,ALIBEYKOY,-1,79.84
beşiktaş,M7,ALIBEYKOY,0,30.7
beşiktaş,M7,ALIBEYKOY,1,-4.41
beşiktaş,M7,ALIBEYKOY,2,15.34
beşiktaş,M7,ALIBEYKOY,3,-1.39
beşiktaş,M7,ALIBEYKOY,4,-30.75
beşiktaş,M7,ALIBEYKOY,5,1.04
beşiktaş,M7,ALIBEYKOY,6,0.3
beşiktaş,M7,ALIBEYKOY,7,-7.35
beşiktaş,M7,ALIBEYKOY,8,5.8
beşiktaş,M7,ALIBEYKOY,9,14.83
beşiktaş,M7,ALIBEYKOY,10,-23.36
beşiktaş,M7,ALIBEYKOY,11,-23.13
beşiktaş,M7,ALIBEYKOY,12,34.13
beşiktaş,M7,CAGLAYAN,-12,39.78
beşiktaş,M7,CAGLAYAN,-11,15.91
beşiktaş,M7,CAGLAYAN,-10,4.08
beşiktaş,M7,CAGLAYAN,-9,9.69
beşiktaş,M7,CAGLAYAN,-8,13.85
beşiktaş,M7,CAGLAYAN,-7,3.05
beşiktaş,M7,CAGLAYAN,-6,12.84
beşiktaş,M7,CAGLAYAN,-5,5.53
beşiktaş,M7,CAGLAYAN,-4,30.76
beşiktaş,M7,CAGLAYAN,-3,30.2
beşiktaş,M7,CAGLAYAN,-2,47.61
beşiktaş,M7,CAGLAYAN,-1,75.86
beşiktaş,M7,CAGLAYAN,0,21.2
beşiktaş,M7,CAGLAYAN,1,2.44
beşiktaş,M7,CAGLAYAN,2,10.64
beşiktaş,M7,CAGLAYAN,3,-1.09
beşiktaş,M7,CAGLAYAN,4,-1.07
beşiktaş,M7,CAGLAYAN,5,-3.22
beşiktaş,M7,CAGLAYAN,6,5.16
beşiktaş,M7,CAGLAYAN,7,2.75
beşiktaş,M7,CAGLAYAN,8,-0.61
beşiktaş,M7,CAGLAYAN,9,2.31
beşiktaş,M7,CAGLAYAN,10,-14.95
beşiktaş,M7,CAGLAYAN,11,-3.12
beşiktaş,M7,CAGLAYAN,12,30.01
beşiktaş,M7,CIRCIR,-12,53.69
beşiktaş,M7,CIRCIR,-11,23.44
beşiktaş,M7,CIRCIR,-10,7.29
beşiktaş,M7,CIRCIR,-9,16.27
beşiktaş,M7,CIRCIR,-8,14.23
beşiktaş,M7,CIRCIR,-7,8.52
beşiktaş,M7,CIRCIR,-6,14.82
beşiktaş,M7,CIRCIR,-5,25.48
beşiktaş,M7,CIRCIR,-4,13.98
beşiktaş,M7,CIRCIR,-3,16.47
beşiktaş,M7,CIRCIR,-2,18.28
beşiktaş,M7,CIRCIR,-1,5.75
beşiktaş,M7,CIRCIR,0,3.85
beşiktaş,M7,CIRCIR,1,-0.33
beşiktaş,M7,CIRCIR,2,2.35
beşiktaş,M7,CIRCIR,3,1.26
beşiktaş,M7,CIRCIR,4,-2.76
beşiktaş,M7,CIRCIR,5,-2.12
beşiktaş,M7,CIRCIR,6,1.83
beşiktaş,M7,CIRCIR,7,-1.31
beşiktaş,M7,CIRCIR,8,3.71
beşiktaş,M7,CIRCIR,9,0.61
beşiktaş,M7,CIRCIR,10,-33.47
beşiktaş,M7,CIRCIR,11,8.63
beşiktaş,M7,CIRCIR,12,49.04
beşiktaş,M7,GOZTEPE,-12,53.11
beşiktaş,M7,GOZTEPE,-11,21.12
beşiktaş,M7,GOZTEPE,-10,-0.13
beşiktaş,M7,GOZTEPE,-9,-3.11
beşiktaş,M7,GOZTEPE,-8,7.89
beşiktaş,M7,GOZTEPE,-7,2.73
beşiktaş,M7,GOZTEPE,-6,-11.81
beşiktaş,M7,GOZTEPE,-5,23.96
beşiktaş,M7,GOZTEPE,-4,23.06
beşiktaş,M7,GOZTEPE,-3,25.27
beşiktaş,M7,GOZTEPE,-2,26.15
beşiktaş,M7,GOZTEPE,-1,14.58
beşiktaş,M7,GOZTEPE,0,-1.4
beşiktaş,M7,GOZTEPE,1,-8.7
beşiktaş,M7,GOZTEPE,2,3.94
beşiktaş,M7,GOZTEPE,3,0.83
beşiktaş,M7,GOZTEPE,4,-7.87
beşiktaş,M7,GOZTEPE,5,-5.14
beşiktaş,M7,GOZTEPE,6,1.69
beşiktaş,M7,GOZTEPE,7,-4.59
beşiktaş,M7,GOZTEPE,8,2.22
beşiktaş,M7,GOZTEPE,9,12.14
beşiktaş,M7,GOZTEPE,10,-22.07
beşiktaş,M7,GOZTEPE,11,-10.82
beşiktaş,M7,GOZTEPE,12,30.84
beşiktaş,M7,KAGITHANE,-12,81.62
beşiktaş,M7,KAGITHANE,-11,59.3
beşiktaş,M7,KAGITHANE,-10,38.82
beşiktaş,M7,KAGITHANE,-9,50.69
beşiktaş,M7,KAGITHANE,-8,66.33
beşiktaş,M7,KAGITHANE,-7,74.57
beşiktaş,M7,KAGITHANE,-6,69.15
beşiktaş,M7,KAGITHANE,-5,111.05
beşiktaş,M7,KAGITHANE,-4,169.29
beşiktaş,M7,KAGITHANE,-3,206.52
beşiktaş,M7,KAGITHANE,-2,216.49
beşiktaş,M7,KAGITHANE,-1,144.36
beşiktaş,M7,KAGITHANE,0,81.08
beşiktaş,M7,KAGITHANE,1,44.33
beşiktaş,M7,KAGITHANE,2,46.96
beşiktaş,M7,KAGITHANE,3,32.13
beşiktaş,M7,KAGITHANE,4,-1.01
beşiktaş,M7,KAGITHANE,5,-7.37
beşiktaş,M7,KAGITHANE,6,8.14
beşiktaş,M7,KAGITHANE,7,1.65
beşiktaş,M7,KAGITHANE,8,-1.75
beşiktaş,M7,KAGITHANE,9,11.94
beşiktaş,M7,KAGITHANE,10,-30.63
beşiktaş,M7,KAGITHANE,11,-12.69
beşiktaş,M7,KAGITHANE,12,59.57
beşiktaş,M7,KARADENIZ MAH.,-12,121.48
beşiktaş,M7,KARADENIZ MAH.,-11,45.02
beşiktaş,M7,KARADENIZ MAH.,-10,18.85
beşiktaş,M7,KARADENIZ MAH.,-9,12.94
beşiktaş,M7,KARADENIZ MAH.,-8,24.32
beşiktaş,M7,KARADENIZ MAH.,-7,16.98
beşiktaş,M7,KARADENIZ MAH.,-6,21.18
beşiktaş,M7,KARADENIZ MAH.,-5,23.76
beşiktaş,M7,KARADENIZ MAH.,-4,25.81
beşiktaş,M7,KARADENIZ MAH.,-3,47.2
beşiktaş,M7,KARADENIZ MAH.,-2,64.63
beşiktaş,M7,KARADENIZ MAH.,-1,49.77
beşiktaş,M7,KARADENIZ MAH.,0,16.15
beşiktaş,M7,KARADENIZ MAH.,1,0.21
beşiktaş,M7,KARADENIZ MAH.,2,-2.51
beşiktaş,M7,KARADENIZ MAH.,3,-12.55
beşiktaş,M7,KARADENIZ MAH.,4,-20.9
beşiktaş,M7,KARADENIZ MAH.,5,-7.83
beşiktaş,M7,KARADENIZ MAH.,6,-8.0
beşiktaş,M7,KARADENIZ MAH.,7,-3.85
beşiktaş,M7,KARADENIZ MAH.,8,5.92
beşiktaş,M7,KARADENIZ MAH.,9,1.41
beşiktaş,M7,KARADENIZ MAH.,10,-25.62
beşiktaş,M7,KARADENIZ MAH.,11,-32.04
beşiktaş,M7,KARADENIZ MAH.,12,96.93
beşiktaş,M7,KAZIMKARABEKIR,-12,99.87
beşiktaş,M7,KAZIMKARABEKIR,-11,38.51
beşiktaş,M7,KAZIMKARABEKIR,-10,20.7
beşiktaş,M7,KAZIMKARABEKIR,-9,16.41
beşiktaş,M7,KAZIMKARABEKIR,-8,2.04
beşiktaş,M7,KAZIMKARABEKIR,-7,19.9
beşiktaş,M7,KAZIMKARABEKIR,-6,28.21
beşiktaş,M7,KAZIMKARABEKIR,-5,51.56
beşiktaş,M7,KAZIMKARABEKIR,-4,26.5
beşiktaş,M7,KAZIMKARABEKIR,-3,38.58
beşiktaş,M7,KAZIMKARABEKIR,-2,49.95
beşiktaş,M7,KAZIMKARABEKIR,-1,13.97
beşiktaş,M7,KAZIMKARABEKIR,0,5.92
beşiktaş,M7,KAZIMKARABEKIR,1,-4.46
beşiktaş,M7,KAZIMKARABEKIR,2,11.61
beşiktaş,M7,KAZIMKARABEKIR,3,-3.75
beşiktaş,M7,KAZIMKARABEKIR,4,-9.36
beşiktaş,M7,KAZIMKARABEKIR,5,-1.7
beşiktaş,M7,KAZIMKARABEKIR,6,-2.77
beşiktaş,M7,KAZIMKARABEKIR,7,-0.85
beşiktaş,M7,KAZIMKARABEKIR,8,21.78
beşiktaş,M7,KAZIMKARABEKIR,9,28.74
beşiktaş,M7,KAZIMKARABEKIR,10,-49.24
beşiktaş,M7,KAZIMKARABEKIR,11,-18.27
beşiktaş,M7,KAZIMKARABEKIR,12,77.87
beşiktaş,M7,M7 FULYA,-12,5.18
beşiktaş,M7,M7 FULYA,-11,2.52
beşiktaş,M7,M7 FULYA,-10,1.75
beşiktaş,M7,M7 FULYA,-9,0.56
beşiktaş,M7,M7 FULYA,-8,2.22
beşiktaş,M7,M7 FULYA,-7,3.79
beşiktaş,M7,M7 FULYA,-6,-3.84
beşiktaş,M7,M7 FULYA,-5,13.05
beşiktaş,M7,M7 FULYA,-4,11.21
beşiktaş,M7,M7 FULYA,-3,18.2
beşiktaş,M7,M7 FULYA,-2,20.37
beşiktaş,M7,M7 FULYA,-1,13.9
beşiktaş,M7,M7 FULYA,0,5.71
beşiktaş,M7,M7 FULYA,1,3.06
beşiktaş,M7,M7 FULYA,2,5.42
beşiktaş,M7,M7 FULYA,3,1.73
beşiktaş,M7,M7 FULYA,4,-0.81
beşiktaş,M7,M7 FULYA,5,1.26
beşiktaş,M7,M7 FULYA,6,1.08
beşiktaş,M7,M7 FULYA,7,2.97
beşiktaş,M7,M7 FULYA,8,0.22
beşiktaş,M7,M7 FULYA,9,1.31
beşiktaş,M7,M7 FULYA,10,-1.38
beşiktaş,M7,M7 FULYA,11,0.85
beşiktaş,M7,M7 FULYA,12,3.6
beşiktaş,M7,MAHMUTBEY,-12,145.34
beşiktaş,M7,MAHMUTBEY,-11,75.85
beşiktaş,M7,MAHMUTBEY,-10,20.21
beşiktaş,M7,MAHMUTBEY,-9,17.59
beşiktaş,M7,MAHMUTBEY,-8,17.07
beşiktaş,M7,MAHMUTBEY,-7,20.53
beşiktaş,M7,MAHMUTBEY,-6,-18.55
beşiktaş,M7,MAHMUTBEY,-5,6.2
beşiktaş,M7,MAHMUTBEY,-4,49.07
beşiktaş,M7,MAHMUTBEY,-3,50.67
beşiktaş,M7,MAHMUTBEY,-2,95.94
beşiktaş,M7,MAHMUTBEY,-1,33.47
beşiktaş,M7,MAHMUTBEY,0,-8.73
beşiktaş,M7,MAHMUTBEY,1,1.43
beşiktaş,M7,MAHMUTBEY,2,-8.91
beşiktaş,M7,MAHMUTBEY,3,-17.08
beşiktaş,M7,MAHMUTBEY,4,-33.1
beşiktaş,M7,MAHMUTBEY,5,-22.81
beşiktaş,M7,MAHMUTBEY,6,-13.59
beşiktaş,M7,MAHMUTBEY,7,-8.75
beşiktaş,M7,MAHMUTBEY,8,4.72
beşiktaş,M7,MAHMUTBEY,9,16.38
beşiktaş,M7,MAHMUTBEY,10,-30.66
beşiktaş,M7,MAHMUTBEY,11,-29.21
beşiktaş,M7,MAHMUTBEY,12,63.87
beşiktaş,M7,MECIDIYEKOY,-12,126.08
beşiktaş,M7,MECIDIYEKOY,-11,131.97
beşiktaş,M7,MECIDIYEKOY,-10,45.73
beşiktaş,M7,MECIDIYEKOY,-9,22.22
beşiktaş,M7,MECIDIYEKOY,-8,68.57
beşiktaş,M7,MECIDIYEKOY,-7,67.82
beşiktaş,M7,MECIDIYEKOY,-6,63.27
beşiktaş,M7,MECIDIYEKOY,-5,100.5
beşiktaş,M7,MECIDIYEKOY,-4,202.7
beşiktaş,M7,MECIDIYEKOY,-3,327.55
beşiktaş,M7,MECIDIYEKOY,-2,444.78
beşiktaş,M7,MECIDIYEKOY,-1,430.98
beşiktaş,M7,MECIDIYEKOY,0,309.91
beşiktaş,M7,MECIDIYEKOY,1,210.85
beşiktaş,M7,MECIDIYEKOY,2,430.77
beşiktaş,M7,MECIDIYEKOY,3,221.28
beşiktaş,M7,MECIDIYEKOY,4,19.9
beşiktaş,M7,MECIDIYEKOY,5,-18.05
beşiktaş,M7,MECIDIYEKOY,6,5.42
beşiktaş,M7,MECIDIYEKOY,7,-6.46
beşiktaş,M7,MECIDIYEKOY,8,-25.61
beşiktaş,M7,MECIDIYEKOY,9,0.87
beşiktaş,M7,MECIDIYEKOY,10,0.62
beşiktaş,M7,MECIDIYEKOY,11,-10.59
beşiktaş,M7,MECIDIYEKOY,12,79.69
beşiktaş,M7,NURTEPE,-12,45.89
beşiktaş,M7,NURTEPE,-11,29.13
beşiktaş,M7,NURTEPE,-10,7.06
beşiktaş,M7,NURTEPE,-9,11.7
beşiktaş,M7,NURTEPE,-8,18.62
beşiktaş,M7,NURTEPE,-7,14.34
beşiktaş,M7,NURTEPE,-6,20.29
beşiktaş,M7,NURTEPE,-5,19.31
beşiktaş,M7,NURTEPE,-4,21.85
beşiktaş,M7,NURTEPE,-3,19.43
beşiktaş,M7,NURTEPE,-2,39.71
beşiktaş,M7,NURTEPE,-1,17.66
beşiktaş,M7,NURTEPE,0,-0.96
beşiktaş,M7,NURTEPE,1,-3.88
beşiktaş,M7,NURTEPE,2,4.31
beşiktaş,M7,NURTEPE,3,-2.03
beşiktaş,M7,NURTEPE,4,-4.62
beşiktaş,M7,NURTEPE,5,-5.12
beşiktaş,M7,NURTEPE,6,-4.87
beşiktaş,M7,NURTEPE,7,-2.44
beşiktaş,M7,NURTEPE,8,0.39
beşiktaş,M7,NURTEPE,9,-0.32
beşiktaş,M7,NURTEPE,10,-34.25
beşiktaş,M7,NURTEPE,11,-14.6
beşiktaş,M7,NURTEPE,12,42.03
beşiktaş,M7,ORUCREIS,-12,47.69
beşiktaş,M7,ORUCREIS,-11,13.83
beşiktaş,M7,ORUCREIS,-10,-4.15
beşiktaş,M7,ORUCREIS,-9,-3.24
beşiktaş,M7,ORUCREIS,-8,-13.11
beşiktaş,M7,ORUCREIS,-7,4.26
beşiktaş,M7,ORUCREIS,-6,0.39
beşiktaş,M7,ORUCREIS,-5,6.68
beşiktaş,M7,ORUCREIS,-4,10.63
beşiktaş,M7,ORUCREIS,-3,-1.32
beşiktaş,M7,ORUCREIS,-2,32.35
beşiktaş,M7,ORUCREIS,-1,-22.25
beşiktaş,M7,ORUCREIS,0,-6.72
beşiktaş,M7,ORUCREIS,1,-10.28
beşiktaş,M7,ORUCREIS,2,1.47
beşiktaş,M7,ORUCREIS,3,-2.97
beşiktaş,M7,ORUCREIS,4,-8.6
beşiktaş,M7,ORUCREIS,5,-2.8
beşiktaş,M7,ORUCREIS,6,-4.56
beşiktaş,M7,ORUCREIS,7,-3.24
beşiktaş,M7,ORUCREIS,8,7.0
beşiktaş,M7,ORUCREIS,9,5.82
beşiktaş,M7,ORUCREIS,10,-15.82
beşiktaş,M7,ORUCREIS,11,-8.85
beşiktaş,M7,ORUCREIS,12,37.01
beşiktaş,M7,TEKSTILKENT,-12,12.17
beşiktaş,M7,TEKSTILKENT,-11,6.07
beşiktaş,M7,TEKSTILKENT,-10,0.6
beşiktaş,M7,TEKSTILKENT,-9,0.52
beşiktaş,M7,TEKSTILKENT,-8,1.22
beşiktaş,M7,TEKSTILKENT,-7,0.96
beşiktaş,M7,TEKSTILKENT,-6,-1.44
beşiktaş,M7,TEKSTILKENT,-5,0.67
beşiktaş,M7,TEKSTILKENT,-4,-6.54
beşiktaş,M7,TEKSTILKENT,-3,11.4
beşiktaş,M7,TEKSTILKENT,-2,39.91
beşiktaş,M7,TEKSTILKENT,-1,9.87
beşiktaş,M7,TEKSTILKENT,0,-1.59
beşiktaş,M7,TEKSTILKENT,1,0.02
beşiktaş,M7,TEKSTILKENT,2,-0.09
beşiktaş,M7,TEKSTILKENT,3,0.27
beşiktaş,M7,TEKSTILKENT,4,-2.59
beşiktaş,M7,TEKSTILKENT,5,-1.45
beşiktaş,M7,TEKSTILKENT,6,-1.2
beşiktaş,M7,TEKSTILKENT,7,-1.15
beşiktaş,M7,TEKSTILKENT,8,2.2
beşiktaş,M7,TEKSTILKENT,9,4.81
beşiktaş,M7,TEKSTILKENT,10,-10.77
beşiktaş,M7,TEKSTILKENT,11,-1.19
beşiktaş,M7,TEKSTILKENT,12,4.39
beşiktaş,M7,VEYSELKARANI,-12,52.77
beşiktaş,M7,VEYSELKARANI,-11,19.05
beşiktaş,M7,VEYSELKARANI,-10,6.1
beşiktaş,M7,VEYSELKARANI,-9,6.46
beşiktaş,M7,VEYSELKARANI,-8,12.76
beşiktaş,M7,VEYSELKARANI,-7,16.09
beşiktaş,M7,VEYSELKARANI,-6,12.31
beşiktaş,M7,VEYSELKARANI,-5,24.13
beşiktaş,M7,VEYSELKARANI,-4,34.58
beşiktaş,M7,VEYSELKARANI,-3,30.67
beşiktaş,M7,VEYSELKARANI,-2,39.12
beşiktaş,M7,VEYSELKARANI,-1,23.01
beşiktaş,M7,VEYSELKARANI,0,1.46
beşiktaş,M7,VEYSELKARANI,1,-6.26
beşiktaş,M7,VEYSELKARANI,2,12.82
beşiktaş,M7,VEYSELKARANI,3,1.83
beşiktaş,M7,VEYSELKARANI,4,-9.66
beşiktaş,M7,VEYSELKARANI,5,-2.46
beşiktaş,M7,VEYSELKARANI,6,2.25
beşiktaş,M7,VEYSELKARANI,7,1.77
beşiktaş,M7,VEYSELKARANI,8,5.88
beşiktaş,M7,VEYSELKARANI,9,13.73
beşiktaş,M7,VEYSELKARANI,10,-35.17
beşiktaş,M7,VEYSELKARANI,11,-10.53
beşiktaş,M7,VEYSELKARANI,12,37.6
beşiktaş,M7,YENIMAHALLE,-12,56.12
beşiktaş,M7,YENIMAHALLE,-11,22.28
beşiktaş,M7,YENIMAHALLE,-10,-1.86
beşiktaş,M7,YENIMAHALLE,-9,-0.63
beşiktaş,M7,YENIMAHALLE,-8,11.7
beşiktaş,M7,YENIMAHALLE,-7,7.17
beşiktaş,M7,YENIMAHALLE,-6,5.99
beşiktaş,M7,YENIMAHALLE,-5,16.47
beşiktaş,M7,YENIMAHALLE,-4,37.24
beşiktaş,M7,YENIMAHALLE,-3,20.14
beşiktaş,M7,YENIMAHALLE,-2,31.09
beşiktaş,M7,YENIMAHALLE,-1,11.72
beşiktaş,M7,YENIMAHALLE,0,-8.28
beşiktaş,M7,YENIMAHALLE,1,-10.56
beşiktaş,M7,YENIMAHALLE,2,-2.93
beşiktaş,M7,YENIMAHALLE,3,-1.57
beşiktaş,M7,YENIMAHALLE,4,-11.12
beşiktaş,M7,YENIMAHALLE,5,-4.34
beşiktaş,M7,YENIMAHALLE,6,-0.34
beşiktaş,M7,YENIMAHALLE,7,-2.59
beşiktaş,M7,YENIMAHALLE,8,11.68
beşiktaş,M7,YENIMAHALLE,9,8.05
beşiktaş,M7,YENIMAHALLE,10,-13.73
beşiktaş,M7,YENIMAHALLE,11,4.6
beşiktaş,M7,YENIMAHALLE,12,37.55
beşiktaş,M7,YESILPINAR,-12,59.27
beşiktaş,M7,YESILPINAR,-11,27.35
beşiktaş,M7,YESILPINAR,-10,-0.02
beşiktaş,M7,YESILPINAR,-9,0.77
beşiktaş,M7,YESILPINAR,-8,9.0
beşiktaş,M7,YESILPINAR,-7,17.35
beşiktaş,M7,YESILPINAR,-6,11.92
beşiktaş,M7,YESILPINAR,-5,23.77
beşiktaş,M7,YESILPINAR,-4,11.32
beşiktaş,M7,YESILPINAR,-3,27.05
beşiktaş,M7,YESILPINAR,-2,25.49
beşiktaş,M7,YESILPINAR,-1,5.02
beşiktaş,M7,YESILPINAR,0,5.05
beşiktaş,M7,YESILPINAR,1,-7.11
beşiktaş,M7,YESILPINAR,2,7.08
beşiktaş,M7,YESILPINAR,3,2.51
beşiktaş,M7,YESILPINAR,4,-6.31
beşiktaş,M7,YESILPINAR,5,-2.13
beşiktaş,M7,YESILPINAR,6,-4.29
beşiktaş,M7,YESILPINAR,7,-0.54
beşiktaş,M7,YESILPINAR,8,8.56
beşiktaş,M7,YESILPINAR,9,8.22
beşiktaş,M7,YESILPINAR,10,-37.39
beşiktaş,M7,YESILPINAR,11,6.71
beşiktaş,M7,YESILPINAR,12,52.59
beşiktaş,M7,YILDIZ,-12,10.71
beşiktaş,M7,YILDIZ,-11,5.74
beşiktaş,M7,YILDIZ,-10,1.56
beşiktaş,M7,YILDIZ,-9,3.52
beşiktaş,M7,YILDIZ,-8,4.21
beşiktaş,M7,YILDIZ,-7,3.95
beşiktaş,M7,YILDIZ,-6,-8.03
beşiktaş,M7,YILDIZ,-5,22.89
beşiktaş,M7,YILDIZ,-4,49.62
beşiktaş,M7,YILDIZ,-3,89.17
beşiktaş,M7,YILDIZ,-2,98.84
beşiktaş,M7,YILDIZ,-1,80.84
beşiktaş,M7,YILDIZ,0,37.9
beşiktaş,M7,YILDIZ,1,15.64
beşiktaş,M7,YILDIZ,2,105.4
beşiktaş,M7,YILDIZ,3,84.78
beşiktaş,M7,YILDIZ,4,1.41
beşiktaş,M7,YILDIZ,5,-21.35
beşiktaş,M7,YILDIZ,6,-14.29
beşiktaş,M7,YILDIZ,7,-13.04
beşiktaş,M7,YILDIZ,8,-5.88
beşiktaş,M7,YILDIZ,9,1.14
beşiktaş,M7,YILDIZ,10,-3.02
beşiktaş,M7,YILDIZ,11,-0.6
beşiktaş,M7,YILDIZ,12,8.81
beşiktaş,M8,AYSE KADIN,-12,19.91
beşiktaş,M8,AYSE KADIN,-11,15.41
beşiktaş,M8,AYSE KADIN,-10,-1.31
beşiktaş,M8,AYSE KADIN,-9,6.02
beşiktaş,M8,AYSE KADIN,-8,12.49
beşiktaş,M8,AYSE KADIN,-7,31.44
beşiktaş,M8,AYSE KADIN,-6,21.26
beşiktaş,M8,AYSE KADIN,-5,33.81
beşiktaş,M8,AYSE KADIN,-4,50.41
beşiktaş,M8,AYSE KADIN,-3,35.73
beşiktaş,M8,AYSE KADIN,-2,24.76
beşiktaş,M8,AYSE KADIN,-1,39.47
beşiktaş,M8,AYSE KADIN,0,9.06
beşiktaş,M8,AYSE KADIN,1,4.15
beşiktaş,M8,AYSE KADIN,2,13.32
beşiktaş,M8,AYSE KADIN,3,14.77
beşiktaş,M8,AYSE KADIN,4,-2.21
beşiktaş,M8,AYSE KADIN,7,-2.88
beşiktaş,M8,AYSE KADIN,8,-1.22
beşiktaş,M8,AYSE KADIN,9,6.84
beşiktaş,M8,AYSE KADIN,10,-16.71
beşiktaş,M8,AYSE KADIN,11,-41.5
beşiktaş,M8,AYSE KADIN,12,-8.64
beşiktaş,M8,AYSEKADIN,-12,16.05
beşiktaş,M8,AYSEKADIN,-11,5.18
beşiktaş,M8,AYSEKADIN,-10,2.38
beşiktaş,M8,AYSEKADIN,-9,5.27
beşiktaş,M8,AYSEKADIN,-8,0.28
beşiktaş,M8,AYSEKADIN,-7,3.43
beşiktaş,M8,AYSEKADIN,-6,3.86
beşiktaş,M8,AYSEKADIN,-5,14.34
beşiktaş,M8,AYSEKADIN,-4,11.14
beşiktaş,M8,AYSEKADIN,-3,20.54
beşiktaş,M8,AYSEKADIN,-2,17.89
beşiktaş,M8,AYSEKADIN,-1,8.48
beşiktaş,M8,AYSEKADIN,0,6.27
beşiktaş,M8,AYSEKADIN,1,4.54
beşiktaş,M8,AYSEKADIN,2,0.97
beşiktaş,M8,AYSEKADIN,3,1.76
beşiktaş,M8,AYSEKADIN,4,-4.08
beşiktaş,M8,AYSEKADIN,5,-4.32
beşiktaş,M8,AYSEKADIN,6,-7.04
beşiktaş,M8,AYSEKADIN,7,-5.83
beşiktaş,M8,AYSEKADIN,8,-1.33
beşiktaş,M8,AYSEKADIN,9,-0.65
beşiktaş,M8,AYSEKADIN,10,-0.97
beşiktaş,M8,AYSEKADIN,11,0.94
beşiktaş,M8,AYSEKADIN,12,13.24
beşiktaş,M8,BOSTANCI,-12,29.6
beşiktaş,M8,BOSTANCI,-11,9.99
beşiktaş,M8,BOSTANCI,-10,-4.03
beşiktaş,M8,BOSTANCI,-9,-7.38
beşiktaş,M8,BOSTANCI,-8,-0.39
beşiktaş,M8,BOSTANCI,-7,-3.29
beşiktaş,M8,BOSTANCI,-6,-15.45
beşiktaş,M8,BOSTANCI,-5,-5.27
beşiktaş,M8,BOSTANCI,-4,9.0
beşiktaş,M8,BOSTANCI,-3,18.58
beşiktaş,M8,BOSTANCI,-2,12.77
beşiktaş,M8,BOSTANCI,-1,-19.95
beşiktaş,M8,BOSTANCI,0,-51.84
beşiktaş,M8,BOSTANCI,1,-81.75
beşiktaş,M8,BOSTANCI,2,-139.54
beşiktaş,M8,BOSTANCI,3,-106.42
beşiktaş,M8,BOSTANCI,4,-51.5
beşiktaş,M8,BOSTANCI,5,-204.76
beşiktaş,M8,BOSTANCI,6,-239.12
beşiktaş,M8,BOSTANCI,7,-26.49
beşiktaş,M8,BOSTANCI,8,4.75
beşiktaş,M8,BOSTANCI,9,9.22
beşiktaş,M8,BOSTANCI,10,0.8
beşiktaş,M8,BOSTANCI,11,-11.11
beşiktaş,M8,BOSTANCI,12,8.77
beşiktaş,M8,DUDULLU,-12,86.45
beşiktaş,M8,DUDULLU,-11,4.22
beşiktaş,M8,DUDULLU,-10,-22.11
beşiktaş,M8,DUDULLU,-9,-29.2
beşiktaş,M8,DUDULLU,-8,-16.68
beşiktaş,M8,DUDULLU,-7,-9.74
beşiktaş,M8,DUDULLU,-6,-15.38
beşiktaş,M8,DUDULLU,-5,-13.47
beşiktaş,M8,DUDULLU,-4,10.26
beşiktaş,M8,DUDULLU,-3,40.02
beşiktaş,M8,DUDULLU,-2,23.23
beşiktaş,M8,DUDULLU,-1,-1.19
beşiktaş,M8,DUDULLU,0,-4.7
beşiktaş,M8,DUDULLU,1,-16.58
beşiktaş,M8,DUDULLU,2,-13.54
beşiktaş,M8,DUDULLU,3,14.3
beşiktaş,M8,DUDULLU,4,-13.03
beşiktaş,M8,DUDULLU,5,-18.18
beşiktaş,M8,DUDULLU,6,-8.74
beşiktaş,M8,DUDULLU,7,-8.27
beşiktaş,M8,DUDULLU,8,27.73
beşiktaş,M8,DUDULLU,9,51.72
beşiktaş,M8,DUDULLU,10,-66.14
beşiktaş,M8,DUDULLU,11,-48.35
beşiktaş,M8,DUDULLU,12,-25.02
beşiktaş,M8,EMIN ALI PASA,-12,7.86
beşiktaş,M8,EMIN ALI PASA,-11,3.14
beşiktaş,M8,EMIN ALI PASA,-10,1.11
beşiktaş,M8,EMIN ALI PASA,-9,-0.34
beşiktaş,M8,EMIN ALI PASA,-8,0.01
beşiktaş,M8,EMIN ALI PASA,-7,4.46
beşiktaş,M8,EMIN ALI PASA,-6,-8.59
beşiktaş,M8,EMIN ALI PASA,-5,8.52
beşiktaş,M8,EMIN ALI PASA,-4,6.89
beşiktaş,M8,EMIN ALI PASA,-3,7.4
beşiktaş,M8,EMIN ALI PASA,-2,7.56
beşiktaş,M8,EMIN ALI PASA,-1,4.38
beşiktaş,M8,EMIN ALI PASA,0,2.58
beşiktaş,M8,EMIN ALI PASA,1,-1.6
beşiktaş,M8,EMIN ALI PASA,2,-2.99
beşiktaş,M8,EMIN ALI PASA,3,-0.55
beşiktaş,M8,EMIN ALI PASA,4,-1.7
beşiktaş,M8,EMIN ALI PASA,5,-2.58
beşiktaş,M8,EMIN ALI PASA,6,3.19
beşiktaş,M8,EMIN ALI PASA,7,-1.82
beşiktaş,M8,EMIN ALI PASA,8,1.44
beşiktaş,M8,EMIN ALI PASA,9,0.6
beşiktaş,M8,EMIN ALI PASA,10,-2.57
beşiktaş,M8,EMIN ALI PASA,11,-1.22
beşiktaş,M8,EMIN ALI PASA,12,5.71
beşiktaş,M8,HUZUR,-12,23.89
beşiktaş,M8,HUZUR,-11,3.76
beşiktaş,M8,HUZUR,-10,-0.79
beşiktaş,M8,HUZUR,-9,-3.05
beşiktaş,M8,HUZUR,-8,0.13
beşiktaş,M8,HUZUR,-7,-2.84
beşiktaş,M8,HUZUR,-6,0.68
beşiktaş,M8,HUZUR,-5,-1.08
beşiktaş,M8,HUZUR,-4,-3.2
beşiktaş,M8,HUZUR,-3,2.45
beşiktaş,M8,HUZUR,-2,-2.03
beşiktaş,M8,HUZUR,-1,-10.11
beşiktaş,M8,HUZUR,0,-6.65
beşiktaş,M8,HUZUR,1,-5.8
beşiktaş,M8,HUZUR,2,-5.56
beşiktaş,M8,HUZUR,3,-4.74
beşiktaş,M8,HUZUR,4,-4.83
beşiktaş,M8,HUZUR,5,-4.31
beşiktaş,M8,HUZUR,6,-5.95
beşiktaş,M8,HUZUR,7,3.74
beşiktaş,M8,HUZUR,8,9.08
beşiktaş,M8,HUZUR,9,6.24
beşiktaş,M8,HUZUR,10,-9.19
beşiktaş,M8,HUZUR,11,2.71
beşiktaş,M8,HUZUR,12,12.82
beşiktaş,M8,ICERENKOY,-12,28.63
beşiktaş,M8,ICERENKOY,-11,7.53
beşiktaş,M8,ICERENKOY,-10,-0.12
beşiktaş,M8,ICERENKOY,-9,-2.68
beşiktaş,M8,ICERENKOY,-8,4.18
beşiktaş,M8,ICERENKOY,-7,3.65
beşiktaş,M8,ICERENKOY,-6,-14.15
beşiktaş,M8,ICERENKOY,-5,31.15
beşiktaş,M8,ICERENKOY,-4,31.8
beşiktaş,M8,ICERENKOY,-3,25.44
beşiktaş,M8,ICERENKOY,-2,35.59
beşiktaş,M8,ICERENKOY,-1,4.48
beşiktaş,M8,ICERENKOY,0,0.61
beşiktaş,M8,ICERENKOY,1,-3.76
beşiktaş,M8,ICERENKOY,2,-0.15
beşiktaş,M8,ICERENKOY,3,-4.46
beşiktaş,M8,ICERENKOY,4,-2.88
beşiktaş,M8,ICERENKOY,5,33.19
beşiktaş,M8,ICERENKOY,6,-5.63
beşiktaş,M8,ICERENKOY,7,-1.47
beşiktaş,M8,ICERENKOY,8,5.54
beşiktaş,M8,ICERENKOY,9,8.86
beşiktaş,M8,ICERENKOY,10,-14.46
beşiktaş,M8,ICERENKOY,11,-8.05
beşiktaş,M8,ICERENKOY,12,24.54
beşiktaş,M8,IMES,-12,23.05
beşiktaş,M8,IMES,-11,11.38
beşiktaş,M8,IMES,-10,1.59
beşiktaş,M8,IMES,-9,1.73
beşiktaş,M8,IMES,-8,4.41
beşiktaş,M8,IMES,-7,2.44
beşiktaş,M8,IMES,-6,3.63
beşiktaş,M8,IMES,-5,-0.69
beşiktaş,M8,IMES,-4,3.1
beşiktaş,M8,IMES,-3,9.6
beşiktaş,M8,IMES,-2,62.16
beşiktaş,M8,IMES,-1,7.66
beşiktaş,M8,IMES,0,0.09
beşiktaş,M8,IMES,1,-1.59
beşiktaş,M8,IMES,2,-1.49
beşiktaş,M8,IMES,3,1.58
beşiktaş,M8,IMES,4,-1.57
beşiktaş,M8,IMES,5,-4.01
beşiktaş,M8,IMES,6,-2.34
beşiktaş,M8,IMES,7,-1.22
beşiktaş,M8,IMES,8,-0.18
beşiktaş,M8,IMES,9,1.57
beşiktaş,M8,IMES,10,-5.59
beşiktaş,M8,IMES,11,-0.73
beşiktaş,M8,IMES,12,14.57
beşiktaş,M8,KAYISDAGI,-12,6.46
beşiktaş,M8,KAYISDAGI,-11,-1.07
beşiktaş,M8,KAYISDAGI,-10,-2.36
beşiktaş,M8,KAYISDAGI,-9,-2.74
beşiktaş,M8,KAYISDAGI,-8,-2.76
beşiktaş,M8,KAYISDAGI,-7,-1.55
beşiktaş,M8,KAYISDAGI,-6,-11.93
beşiktaş,M8,KAYISDAGI,-5,14.3
beşiktaş,M8,KAYISDAGI,-4,0.57
beşiktaş,M8,KAYISDAGI,-3,15.9
beşiktaş,M8,KAYISDAGI,-2,11.29
beşiktaş,M8,KAYISDAGI,-1,-2.13
beşiktaş,M8,KAYISDAGI,0,-0.27
beşiktaş,M8,KAYISDAGI,1,-1.6
beşiktaş,M8,KAYISDAGI,2,1.99
beşiktaş,M8,KAYISDAGI,3,-2.33
beşiktaş,M8,KAYISDAGI,4,-4.07
beşiktaş,M8,KAYISDAGI,5,-9.78
beşiktaş,M8,KAYISDAGI,6,-10.34
beşiktaş,M8,KAYISDAGI,7,-2.02
beşiktaş,M8,KAYISDAGI,8,8.99
beşiktaş,M8,KAYISDAGI,9,5.58
beşiktaş,M8,KAYISDAGI,10,-7.02
beşiktaş,M8,KAYISDAGI,11,-4.83
beşiktaş,M8,KAYISDAGI,12,-3.64
beşiktaş,M8,KOZYATAGI,-12,43.5
beşiktaş,M8,KOZYATAGI,-11,20.69
beşiktaş,M8,KOZYATAGI,-10,-1.06
beşiktaş,M8,KOZYATAGI,-9,-1.87
beşiktaş,M8,KOZYATAGI,-8,8.23
beşiktaş,M8,KOZYATAGI,-7,6.01
beşiktaş,M8,KOZYATAGI,-6,-10.19
beşiktaş,M8,KOZYATAGI,-5,-6.6
beşiktaş,M8,KOZYATAGI,-4,19.16
beşiktaş,M8,KOZYATAGI,-3,47.25
beşiktaş,M8,KOZYATAGI,-2,61.36
beşiktaş,M8,KOZYATAGI,-1,40.22
beşiktaş,M8,KOZYATAGI,0,26.73
beşiktaş,M8,KOZYATAGI,1,3.41
beşiktaş,M8,KOZYATAGI,2,-4.28
beşiktaş,M8,KOZYATAGI,3,-6.36
beşiktaş,M8,KOZYATAGI,4,2.02
beşiktaş,M8,KOZYATAGI,5,3.08
beşiktaş,M8,KOZYATAGI,6,6.13
beşiktaş,M8,KOZYATAGI,7,-2.32
beşiktaş,M8,KOZYATAGI,8,6.0
beşiktaş,M8,KOZYATAGI,9,13.36
beşiktaş,M8,KOZYATAGI,10,-6.01
beşiktaş,M8,KOZYATAGI,11,-17.28
beşiktaş,M8,KOZYATAGI,12,19.9
beşiktaş,M8,KUCUKBAKKALKOY,-12,14.46
beşiktaş,M8,KUCUKBAKKALKOY,-11,2.78
beşiktaş,M8,KUCUKBAKKALKOY,-10,-5.68
beşiktaş,M8,KUCUKBAKKALKOY,-9,-4.0
beşiktaş,M8,KUCUKBAKKALKOY,-8,9.03
beşiktaş,M8,KUCUKBAKKALKOY,-7,0.51
beşiktaş,M8,KUCUKBAKKALKOY,-6,4.29
beşiktaş,M8,KUCUKBAKKALKOY,-5,7.88
beşiktaş,M8,KUCUKBAKKALKOY,-4,32.59
beşiktaş,M8,KUCUKBAKKALKOY,-3,22.73
beşiktaş,M8,KUCUKBAKKALKOY,-2,28.39
beşiktaş,M8,KUCUKBAKKALKOY,-1,14.78
beşiktaş,M8,KUCUKBAKKALKOY,0,4.8
beşiktaş,M8,KUCUKBAKKALKOY,1,-4.16
beşiktaş,M8,KUCUKBAKKALKOY,2,-2.49
beşiktaş,M8,KUCUKBAKKALKOY,3,-1.84
beşiktaş,M8,KUCUKBAKKALKOY,4,-3.25
beşiktaş,M8,KUCUKBAKKALKOY,5,18.7
beşiktaş,M8,KUCUKBAKKALKOY,6,-6.23
beşiktaş,M8,KUCUKBAKKALKOY,7,-1.12
beşiktaş,M8,KUCUKBAKKALKOY,8,3.68
beşiktaş,M8,KUCUKBAKKALKOY,9,4.65
beşiktaş,M8,KUCUKBAKKALKOY,10,-6.71
beşiktaş,M8,KUCUKBAKKALKOY,11,-5.5
beşiktaş,M8,KUCUKBAKKALKOY,12,9.21
beşiktaş,M8,MEVLANA,-12,21.01
beşiktaş,M8,MEVLANA,-11,17.48
beşiktaş,M8,MEVLANA,-10,-1.63
beşiktaş,M8,MEVLANA,-9,1.45
beşiktaş,M8,MEVLANA,-8,-1.59
beşiktaş,M8,MEVLANA,-7,0.85
beşiktaş,M8,MEVLANA,-6,-4.19
beşiktaş,M8,MEVLANA,-5,-4.71
beşiktaş,M8,MEVLANA,-4,18.91
beşiktaş,M8,MEVLANA,-3,11.79
beşiktaş,M8,MEVLANA,-2,11.82
beşiktaş,M8,MEVLANA,-1,-11.94
beşiktaş,M8,MEVLANA,0,-9.85
beşiktaş,M8,MEVLANA,1,-6.19
beşiktaş,M8,MEVLANA,2,-8.85
beşiktaş,M8,MEVLANA,3,-0.85
beşiktaş,M8,MEVLANA,4,-7.6
beşiktaş,M8,MEVLANA,5,-4.62
beşiktaş,M8,MEVLANA,6,-5.08
beşiktaş,M8,MEVLANA,7,-1.09
beşiktaş,M8,MEVLANA,8,11.79
beşiktaş,M8,MEVLANA,9,9.34
beşiktaş,M8,MEVLANA,10,-24.84
beşiktaş,M8,MEVLANA,11,-6.49
beşiktaş,M8,MEVLANA,12,36.05
beşiktaş,M8,MODOKO,-12,19.32
beşiktaş,M8,MODOKO,-11,4.3
beşiktaş,M8,MODOKO,-10,4.56
beşiktaş,M8,MODOKO,-9,7.61
beşiktaş,M8,MODOKO,-8,6.26
beşiktaş,M8,MODOKO,-7,3.57
beşiktaş,M8,MODOKO,-6,6.34
beşiktaş,M8,MODOKO,-5,3.33
beşiktaş,M8,MODOKO,-4,6.18
beşiktaş,M8,MODOKO,-3,8.73
beşiktaş,M8,MODOKO,-2,31.35
beşiktaş,M8,MODOKO,-1,12.83
beşiktaş,M8,MODOKO,0,6.65
beşiktaş,M8,MODOKO,1,-2.11
beşiktaş,M8,MODOKO,2,-0.84
beşiktaş,M8,MODOKO,3,1.96
beşiktaş,M8,MODOKO,4,2.03
beşiktaş,M8,MODOKO,5,-3.04
beşiktaş,M8,MODOKO,6,-0.3
beşiktaş,M8,MODOKO,7,-2.0
beşiktaş,M8,MODOKO,8,-0.1
beşiktaş,M8,MODOKO,9,-0.6
beşiktaş,M8,MODOKO,10,-2.85
beşiktaş,M8,MODOKO,11,7.47
beşiktaş,M8,MODOKO,12,15.59
beşiktaş,M8,MODOKO KEYAP,-12,14.17
beşiktaş,M8,MODOKO KEYAP,-11,7.85
beşiktaş,M8,MODOKO KEYAP,-10,-0.5
beşiktaş,M8,MODOKO KEYAP,-9,-4.22
beşiktaş,M8,MODOKO KEYAP,-8,2.62
beşiktaş,M8,MODOKO KEYAP,-7,-6.48
beşiktaş,M8,MODOKO KEYAP,-6,-2.94
beşiktaş,M8,MODOKO KEYAP,-5,6.86
beşiktaş,M8,MODOKO KEYAP,-4,20.16
beşiktaş,M8,MODOKO KEYAP,-3,15.83
beşiktaş,M8,MODOKO KEYAP,-2,37.78
beşiktaş,M8,MODOKO KEYAP,-1,6.74
beşiktaş,M8,MODOKO KEYAP,0,2.88
beşiktaş,M8,MODOKO KEYAP,1,-3.87
beşiktaş,M8,MODOKO KEYAP,2,-2.56
beşiktaş,M8,MODOKO KEYAP,3,8.29
beşiktaş,M8,MODOKO KEYAP,4,-0.46
beşiktaş,M8,MODOKO KEYAP,7,-2.5
beşiktaş,M8,MODOKO KEYAP,8,1.53
beşiktaş,M8,MODOKO KEYAP,9,18.46
beşiktaş,M8,MODOKO KEYAP,10,-10.89
beşiktaş,M8,MODOKO KEYAP,11,-19.4
beşiktaş,M8,MODOKO KEYAP,12,-7.61
beşiktaş,M8,PARSELLER,-12,15.78
beşiktaş,M8,PARSELLER,-11,5.03
beşiktaş,M8,PARSELLER,-10,-1.78
beşiktaş,M8,PARSELLER,-9,-0.34
beşiktaş,M8,PARSELLER,-8,2.78
beşiktaş,M8,PARSELLER,-7,3.75
beşiktaş,M8,PARSELLER,-6,1.22
beşiktaş,M8,PARSELLER,-5,3.16
beşiktaş,M8,PARSELLER,-4,3.44
beşiktaş,M8,PARSELLER,-3,5.1
beşiktaş,M8,PARSELLER,-2,0.76
beşiktaş,M8,PARSELLER,-1,-6.4
beşiktaş,M8,PARSELLER,0,-7.21
beşiktaş,M8,PARSELLER,1,-4.08
beşiktaş,M8,PARSELLER,2,-2.83
beşiktaş,M8,PARSELLER,3,-3.44
beşiktaş,M8,PARSELLER,4,-3.92
beşiktaş,M8,PARSELLER,5,1.2
beşiktaş,M8,PARSELLER,6,-2.62
beşiktaş,M8,PARSELLER,7,6.97
beşiktaş,M8,PARSELLER,8,6.88
beşiktaş,M8,PARSELLER,9,1.49
beşiktaş,M8,PARSELLER,10,-10.52
beşiktaş,M8,PARSELLER,11,5.19
beşiktaş,M8,PARSELLER,12,13.83
beşiktaş,M9,15 TEMMUZ,-12,-3.86
beşiktaş,M9,15 TEMMUZ,-11,-24.38
beşiktaş,M9,15 TEMMUZ,-10,-23.98
beşiktaş,M9,15 TEMMUZ,-9,-9.0
beşiktaş,M9,15 TEMMUZ,-8,-6.81
beşiktaş,M9,15 TEMMUZ,-7,4.56
beşiktaş,M9,15 TEMMUZ,-6,-11.16
beşiktaş,M9,15 TEMMUZ,-5,-17.1
beşiktaş,M9,15 TEMMUZ,-4,-20.81
beşiktaş,M9,15 TEMMUZ,-3,-28.46
beşiktaş,M9,15 TEMMUZ,-2,-15.45
beşiktaş,M9,15 TEMMUZ,-1,-13.53
beşiktaş,M9,15 TEMMUZ,0,-21.67
beşiktaş,M9,15 TEMMUZ,1,-6.14
beşiktaş,M9,15 TEMMUZ,2,-6.33
beşiktaş,M9,15 TEMMUZ,3,-1.96
beşiktaş,M9,15 TEMMUZ,4,-1.7
beşiktaş,M9,15 TEMMUZ,5,-2.12
beşiktaş,M9,15 TEMMUZ,7,4.6
beşiktaş,M9,15 TEMMUZ,8,16.38
beşiktaş,M9,15 TEMMUZ,9,23.63
beşiktaş,M9,15 TEMMUZ,10,-6.32
beşiktaş,M9,15 TEMMUZ,11,-20.93
beşiktaş,M9,15 TEMMUZ,12,7.83
beşiktaş,M9,29 EKIM CUMHURIYET,-12,2.18
beşiktaş,M9,29 EKIM CUMHURIYET,-11,-7.64
beşiktaş,M9,29 EKIM CUMHURIYET,-10,-18.82
beşiktaş,M9,29 EKIM CUMHURIYET,-9,-9.18
beşiktaş,M9,29 EKIM CUMHURIYET,-8,-8.55
beşiktaş,M9,29 EKIM CUMHURIYET,-7,-18.27
beşiktaş,M9,29 EKIM CUMHURIYET,-6,-10.91
beşiktaş,M9,29 EKIM CUMHURIYET,-5,-1.36
beşiktaş,M9,29 EKIM CUMHURIYET,-4,-19.0
beşiktaş,M9,29 EKIM CUMHURIYET,-3,-2.0
beşiktaş,M9,29 EKIM CUMHURIYET,-2,0.64
beşiktaş,M9,29 EKIM CUMHURIYET,-1,-4.82
beşiktaş,M9,29 EKIM CUMHURIYET,0,2.91
beşiktaş,M9,29 EKIM CUMHURIYET,1,-8.64
beşiktaş,M9,29 EKIM CUMHURIYET,2,-1.59
beşiktaş,M9,29 EKIM CUMHURIYET,3,0.1
beşiktaş,M9,29 EKIM CUMHURIYET,7,0.1
beşiktaş,M9,29 EKIM CUMHURIYET,8,16.77
beşiktaş,M9,29 EKIM CUMHURIYET,9,43.12
beşiktaş,M9,29 EKIM CUMHURIYET,10,17.23
beşiktaş,M9,29 EKIM CUMHURIYET,11,-14.38
beşiktaş,M9,29 EKIM CUMHURIYET,12,2.04
beşiktaş,M9,ATAKOY,-12,18.93
beşiktaş,M9,ATAKOY,-11,-2.73
beşiktaş,M9,ATAKOY,-10,-10.5
beşiktaş,M9,ATAKOY,-9,-14.64
beşiktaş,M9,ATAKOY,-8,-32.29
beşiktaş,M9,ATAKOY,-7,9.1
beşiktaş,M9,ATAKOY,-6,4.85
beşiktaş,M9,ATAKOY,-5,-8.26
beşiktaş,M9,ATAKOY,-4,7.41
beşiktaş,M9,ATAKOY,-3,-68.68
beşiktaş,M9,ATAKOY,-2,-126.01
beşiktaş,M9,ATAKOY,-1,-69.89
beşiktaş,M9,ATAKOY,0,-35.26
beşiktaş,M9,ATAKOY,1,-24.86
beşiktaş,M9,ATAKOY,2,-32.62
beşiktaş,M9,ATAKOY,3,3.71
beşiktaş,M9,ATAKOY,4,37.57
beşiktaş,M9,ATAKOY,5,-19.93
beşiktaş,M9,ATAKOY,7,-2.0
beşiktaş,M9,ATAKOY,8,15.98
beşiktaş,M9,ATAKOY,9,21.76
beşiktaş,M9,ATAKOY,10,-42.6
beşiktaş,M9,ATAKOY,11,-26.29
beşiktaş,M9,ATAKOY,12,-12.27
beşiktaş,M9,ATATURK MAHALLESI,-12,-13.14
beşiktaş,M9,ATATURK MAHALLESI,-11,-35.52
beşiktaş,M9,ATATURK MAHALLESI,-10,-17.04
beşiktaş,M9,ATATURK MAHALLESI,-9,-17.18
beşiktaş,M9,ATATURK MAHALLESI,-8,-15.54
beşiktaş,M9,ATATURK MAHALLESI,-7,-0.11
beşiktaş,M9,ATATURK MAHALLESI,-6,-15.04
beşiktaş,M9,ATATURK MAHALLESI,-5,-6.15
beşiktaş,M9,ATATURK MAHALLESI,-4,-4.77
beşiktaş,M9,ATATURK MAHALLESI,-3,-14.0
beşiktaş,M9,ATATURK MAHALLESI,-2,-23.72
beşiktaş,M9,ATATURK MAHALLESI,-1,-14.0
beşiktaş,M9,ATATURK MAHALLESI,0,-14.47
beşiktaş,M9,ATATURK MAHALLESI,1,-13.66
beşiktaş,M9,ATATURK MAHALLESI,2,-12.81
beşiktaş,M9,ATATURK MAHALLESI,3,-13.76
beşiktaş,M9,ATATURK MAHALLESI,4,2.17
beşiktaş,M9,ATATURK MAHALLESI,5,-3.25
beşiktaş,M9,ATATURK MAHALLESI,7,0.1
beşiktaş,M9,ATATURK MAHALLESI,8,27.18
beşiktaş,M9,ATATURK MAHALLESI,9,57.86
beşiktaş,M9,ATATURK MAHALLESI,10,-6.37
beşiktaş,M9,ATATURK MAHALLESI,11,-33.47
beşiktaş,M9,ATATURK MAHALLESI,12,-4.89
beşiktaş,M9,BAHARIYE,-12,33.22
beşiktaş,M9,BAHARIYE,-11,6.25
beşiktaş,M9,BAHARIYE,-10,-5.09
beşiktaş,M9,BAHARIYE,-9,-1.2
beşiktaş,M9,BAHARIYE,-8,-7.01
beşiktaş,M9,BAHARIYE,-7,-12.11
beşiktaş,M9,BAHARIYE,-6,-7.15
beşiktaş,M9,BAHARIYE,-5,-1.59
beşiktaş,M9,BAHARIYE,-4,-1.87
beşiktaş,M9,BAHARIYE,-3,-3.21
beşiktaş,M9,BAHARIYE,-2,-4.31
beşiktaş,M9,BAHARIYE,-1,-3.79
beşiktaş,M9,BAHARIYE,0,-5.12
beşiktaş,M9,BAHARIYE,1,-3.6
beşiktaş,M9,BAHARIYE,2,-0.8
beşiktaş,M9,BAHARIYE,3,-2.96
beşiktaş,M9,BAHARIYE,4,-5.99
beşiktaş,M9,BAHARIYE,5,-5.2
beşiktaş,M9,BAHARIYE,6,-8.97
beşiktaş,M9,BAHARIYE,7,4.12
beşiktaş,M9,BAHARIYE,8,9.52
beşiktaş,M9,BAHARIYE,9,4.94
beşiktaş,M9,BAHARIYE,10,-12.05
beşiktaş,M9,BAHARIYE,11,7.7
beşiktaş,M9,BAHARIYE,12,38.71
beşiktaş,M9,COBANCESME,-12,-0.45
beşiktaş,M9,COBANCESME,-11,-9.44
beşiktaş,M9,COBANCESME,-10,-4.37
beşiktaş,M9,COBANCESME,-9,-3.65
beşiktaş,M9,COBANCESME,-8,-3.4
beşiktaş,M9,COBANCESME,-7,3.37
beşiktaş,M9,COBANCESME,-6,4.39
beşiktaş,M9,COBANCESME,-5,-3.65
beşiktaş,M9,COBANCESME,-4,-20.81
beşiktaş,M9,COBANCESME,-3,-20.42
beşiktaş,M9,COBANCESME,-2,-0.29
beşiktaş,M9,COBANCESME,-1,13.53
beşiktaş,M9,COBANCESME,0,-11.41
beşiktaş,M9,COBANCESME,1,-2.77
beşiktaş,M9,COBANCESME,2,-5.51
beşiktaş,M9,COBANCESME,3,-0.75
beşiktaş,M9,COBANCESME,4,-4.5
beşiktaş,M9,COBANCESME,7,0.28
beşiktaş,M9,COBANCESME,8,6.41
beşiktaş,M9,COBANCESME,9,16.37
beşiktaş,M9,COBANCESME,10,-8.94
beşiktaş,M9,COBANCESME,11,-12.65
beşiktaş,M9,COBANCESME,12,-5.49
beşiktaş,M9,DOGU SANAYI,-12,12.04
beşiktaş,M9,DOGU SANAYI,-11,0.29
beşiktaş,M9,DOGU SANAYI,-10,-6.63
beşiktaş,M9,DOGU SANAYI,-9,-13.79
beşiktaş,M9,DOGU SANAYI,-8,-11.57
beşiktaş,M9,DOGU SANAYI,-7,-13.45
beşiktaş,M9,DOGU SANAYI,-6,-13.51
beşiktaş,M9,DOGU SANAYI,-5,-0.16
beşiktaş,M9,DOGU SANAYI,-4,-24.43
beşiktaş,M9,DOGU SANAYI,-3,-51.93
beşiktaş,M9,DOGU SANAYI,-2,6.04
beşiktaş,M9,DOGU SANAYI,-1,-7.45
beşiktaş,M9,DOGU SANAYI,0,-21.13
beşiktaş,M9,DOGU SANAYI,1,-11.35
beşiktaş,M9,DOGU SANAYI,2,-7.51
beşiktaş,M9,DOGU SANAYI,3,-9.97
beşiktaş,M9,DOGU SANAYI,4,-16.83
beşiktaş,M9,DOGU SANAYI,7,-0.95
beşiktaş,M9,DOGU SANAYI,8,6.67
beşiktaş,M9,DOGU SANAYI,9,17.5
beşiktaş,M9,DOGU SANAYI,10,0.13
beşiktaş,M9,DOGU SANAYI,11,-15.93
beşiktaş,M9,DOGU SANAYI,12,-10.02
beşiktaş,M9,HALKALI,-12,7.67
beşiktaş,M9,HALKALI,-11,-2.81
beşiktaş,M9,HALKALI,-10,-0.03
beşiktaş,M9,HALKALI,-9,-9.23
beşiktaş,M9,HALKALI,-8,-14.71
beşiktaş,M9,HALKALI,-7,-6.78
beşiktaş,M9,HALKALI,-6,-1.12
beşiktaş,M9,HALKALI,-5,-14.18
beşiktaş,M9,HALKALI,-4,-9.49
beşiktaş,M9,HALKALI,-3,1.79
beşiktaş,M9,HALKALI,-2,-19.77
beşiktaş,M9,HALKALI,-1,-4.72
beşiktaş,M9,HALKALI,0,-8.36
beşiktaş,M9,HALKALI,1,-3.36
beşiktaş,M9,HALKALI,2,-5.17
beşiktaş,M9,HALKALI,3,-13.95
beşiktaş,M9,HALKALI,4,-3.07
beşiktaş,M9,HALKALI,5,-1.69
beşiktaş,M9,HALKALI,7,1.68
beşiktaş,M9,HALKALI,8,20.67
beşiktaş,M9,HALKALI,9,24.67
beşiktaş,M9,HALKALI,10,-7.86
beşiktaş,M9,HALKALI,11,-18.44
beşiktaş,M9,HALKALI,12,-10.77
beşiktaş,M9,IHLAS YUVA,-12,9.25
beşiktaş,M9,IHLAS YUVA,-11,-6.02
beşiktaş,M9,IHLAS YUVA,-10,-2.15
beşiktaş,M9,IHLAS YUVA,-9,1.29
beşiktaş,M9,IHLAS YUVA,-8,-17.1
beşiktaş,M9,IHLAS YUVA,-7,-18.21
beşiktaş,M9,IHLAS YUVA,-6,-27.71
beşiktaş,M9,IHLAS YUVA,-5,-31.95
beşiktaş,M9,IHLAS YUVA,-4,-73.93
beşiktaş,M9,IHLAS YUVA,-3,-252.67
beşiktaş,M9,IHLAS YUVA,-2,77.57
beşiktaş,M9,IHLAS YUVA,-1,217.98
beşiktaş,M9,IHLAS YUVA,0,35.19
beşiktaş,M9,IHLAS YUVA,1,0.94
beşiktaş,M9,IHLAS YUVA,2,0.76
beşiktaş,M9,IHLAS YUVA,3,-3.35
beşiktaş,M9,IHLAS YUVA,4,-5.0
beşiktaş,M9,IHLAS YUVA,9,0.2
beşiktaş,M9,IHLAS YUVA,10,1.17
beşiktaş,M9,IHLAS YUVA,11,1.6
beşiktaş,M9,IHLAS YUVA,12,3.78
beşiktaş,M9,M9 IKITELLI,-12,-6.24
beşiktaş,M9,M9 IKITELLI,-11,4.66
beşiktaş,M9,M9 IKITELLI,-10,3.91
beşiktaş,M9,M9 IKITELLI,-9,-7.22
beşiktaş,M9,M9 IKITELLI,-8,-1.47
beşiktaş,M9,M9 IKITELLI,-7,-0.96
beşiktaş,M9,M9 IKITELLI,-6,-0.86
beşiktaş,M9,M9 IKITELLI,-5,0.79
beşiktaş,M9,M9 IKITELLI,-4,-13.32
beşiktaş,M9,M9 IKITELLI,-3,-12.83
beşiktaş,M9,M9 IKITELLI,-2,-5.11
beşiktaş,M9,M9 IKITELLI,-1,-10.34
beşiktaş,M9,M9 IKITELLI,0,-1.33
beşiktaş,M9,M9 IKITELLI,1,-5.47
beşiktaş,M9,M9 IKITELLI,2,3.99
beşiktaş,M9,M9 IKITELLI,3,1.29
beşiktaş,M9,M9 IKITELLI,4,-3.73
beşiktaş,M9,M9 IKITELLI,5,0.0
beşiktaş,M9,M9 IKITELLI,9,0.21
beşiktaş,M9,M9 IKITELLI,10,1.02
beşiktaş,M9,M9 IKITELLI,11,0.77
beşiktaş,M9,M9 IKITELLI,12,-2.79
beşiktaş,M9,M9 IKITELLI SANAYI,-12,-6.97
beşiktaş,M9,M9 IKITELLI SANAYI,-11,-3.76
beşiktaş,M9,M9 IKITELLI SANAYI,-10,-3.06
beşiktaş,M9,M9 IKITELLI SANAYI,-9,-4.13
beşiktaş,M9,M9 IKITELLI SANAYI,-8,-8.94
beşiktaş,M9,M9 IKITELLI SANAYI,-7,-21.96
beşiktaş,M9,M9 IKITELLI SANAYI,-6,-22.27
beşiktaş,M9,M9 IKITELLI SANAYI,-5,-4.28
beşiktaş,M9,M9 IKITELLI SANAYI,-4,-16.16
beşiktaş,M9,M9 IKITELLI SANAYI,-3,-42.15
beşiktaş,M9,M9 IKITELLI SANAYI,-2,-8.0
beşiktaş,M9,M9 IKITELLI SANAYI,-1,-0.69
beşiktaş,M9,M9 IKITELLI SANAYI,0,-6.41
beşiktaş,M9,M9 IKITELLI SANAYI,1,0.72
beşiktaş,M9,M9 IKITELLI SANAYI,2,-5.11
beşiktaş,M9,M9 IKITELLI SANAYI,3,-3.3
beşiktaş,M9,M9 IKITELLI SANAYI,4,-2.17
beşiktaş,M9,M9 IKITELLI SANAYI,5,-0.91
beşiktaş,M9,M9 IKITELLI SANAYI,7,0.86
beşiktaş,M9,M9 IKITELLI SANAYI,8,1.29
beşiktaş,M9,M9 IKITELLI SANAYI,9,6.81
beşiktaş,M9,M9 IKITELLI SANAYI,10,3.5
beşiktaş,M9,M9 IKITELLI SANAYI,11,-5.15
beşiktaş,M9,M9 IKITELLI SANAYI,12,-5.18
beşiktaş,M9,M9 YENIBOSNA,-12,-23.56
beşiktaş,M9,M9 YENIBOSNA,-11,-43.49
beşiktaş,M9,M9 YENIBOSNA,-10,-34.3
beşiktaş,M9,M9 YENIBOSNA,-9,-13.75
beşiktaş,M9,M9 YENIBOSNA,-8,-7.04
beşiktaş,M9,M9 YENIBOSNA,-7,-5.7
beşiktaş,M9,M9 YENIBOSNA,-6,-16.23
beşiktaş,M9,M9 YENIBOSNA,-5,0.86
beşiktaş,M9,M9 YENIBOSNA,-4,13.21
beşiktaş,M9,M9 YENIBOSNA,-3,-6.33
beşiktaş,M9,M9 YENIBOSNA,-2,11.54
beşiktaş,M9,M9 YENIBOSNA,-1,28.6
beşiktaş,M9,M9 YENIBOSNA,0,-13.05
beşiktaş,M9,M9 YENIBOSNA,1,-16.23
beşiktaş,M9,M9 YENIBOSNA,2,-15.98
beşiktaş,M9,M9 YENIBOSNA,3,1.16
beşiktaş,M9,M9 YENIBOSNA,4,-2.85
beşiktaş,M9,M9 YENIBOSNA,5,-13.56
beşiktaş,M9,M9 YENIBOSNA,7,2.05
beşiktaş,M9,M9 YENIBOSNA,8,5.28
beşiktaş,M9,M9 YENIBOSNA,9,76.32
beşiktaş,M9,M9 YENIBOSNA,10,23.11
beşiktaş,M9,M9 YENIBOSNA,11,-62.16
beşiktaş,M9,M9 YENIBOSNA,12,2.15
beşiktaş,M9,MASKO,-12,2.12
beşiktaş,M9,MASKO,-11,-1.09
beşiktaş,M9,MASKO,-10,-1.22
beşiktaş,M9,MASKO,-9,-3.96
beşiktaş,M9,MASKO,-8,-3.33
beşiktaş,M9,MASKO,-7,-7.54
beşiktaş,M9,MASKO,-6,-12.55
beşiktaş,M9,MASKO,-5,-16.25
beşiktaş,M9,MASKO,-4,-15.97
beşiktaş,M9,MASKO,-3,-26.64
beşiktaş,M9,MASKO,-2,-20.47
beşiktaş,M9,MASKO,-1,-17.02
beşiktaş,M9,MASKO,0,-13.49
beşiktaş,M9,MASKO,1,-12.45
beşiktaş,M9,MASKO,2,-32.59
beşiktaş,M9,MASKO,3,-34.73
beşiktaş,M9,MASKO,4,-20.78
beşiktaş,M9,MASKO,5,-9.89
beşiktaş,M9,MASKO,6,-67.6
beşiktaş,M9,MASKO,7,-13.76
beşiktaş,M9,MASKO,8,0.85
beşiktaş,M9,MASKO,9,1.61
beşiktaş,M9,MASKO,10,-0.47
beşiktaş,M9,MASKO,11,0.84
beşiktaş,M9,MASKO,12,0.13
beşiktaş,M9,MIMAR SINAN,-12,-7.0
beşiktaş,M9,MIMAR SINAN,-11,-5.0
beşiktaş,M9,MIMAR SINAN,-10,1.0
beşiktaş,M9,MIMAR SINAN,-9,38.0
beşiktaş,M9,MIMAR SINAN,-8,-30.0
beşiktaş,M9,MIMAR SINAN,-7,-11.0
beşiktaş,M9,MIMAR SINAN,-6,-12.0
beşiktaş,M9,MIMAR SINAN,-5,-8.0
beşiktaş,M9,MIMAR SINAN,-4,-8.0
beşiktaş,M9,MIMAR SINAN,-3,-15.0
beşiktaş,M9,MIMAR SINAN,-2,-3.0
beşiktaş,M9,MIMAR SINAN,-1,11.0
beşiktaş,M9,MIMAR SINAN,0,-4.0
beşiktaş,M9,MIMAR SINAN,1,-7.0
beşiktaş,M9,MIMAR SINAN,2,3.5
beşiktaş,M9,MIMAR SINAN,7,2.33
beşiktaş,M9,MIMAR SINAN,8,0.67
beşiktaş,M9,MIMAR SINAN,9,-4.33
beşiktaş,M9,MIMAR SINAN,10,-48.33
beşiktaş,M9,MIMAR SINAN,11,-51.5
beşiktaş,M9,MIMAR SINAN,12,-30.83
beşiktaş,M9,OLIMPIYAT,-12,-8.05
beşiktaş,M9,OLIMPIYAT,-11,-5.09
beşiktaş,M9,OLIMPIYAT,-10,-4.23
beşiktaş,M9,OLIMPIYAT,-9,-18.92
beşiktaş,M9,OLIMPIYAT,-8,-24.9
beşiktaş,M9,OLIMPIYAT,-7,-5.72
beşiktaş,M9,OLIMPIYAT,-6,-1.81
beşiktaş,M9,OLIMPIYAT,-5,-8.94
beşiktaş,M9,OLIMPIYAT,-4,-4.14
beşiktaş,M9,OLIMPIYAT,-3,-13.21
beşiktaş,M9,OLIMPIYAT,-2,-24.89
beşiktaş,M9,OLIMPIYAT,-1,-34.77
beşiktaş,M9,OLIMPIYAT,0,-10.02
beşiktaş,M9,OLIMPIYAT,1,-23.42
beşiktaş,M9,OLIMPIYAT,2,-35.25
beşiktaş,M9,OLIMPIYAT,3,-23.42
beşiktaş,M9,OLIMPIYAT,4,-24.49
beşiktaş,M9,OLIMPIYAT,5,-36.74
beşiktaş,M9,OLIMPIYAT,6,-16.95
beşiktaş,M9,OLIMPIYAT,7,-3.43
beşiktaş,M9,OLIMPIYAT,8,0.55
beşiktaş,M9,OLIMPIYAT,9,-2.64
beşiktaş,M9,OLIMPIYAT,10,-35.49
beşiktaş,M9,OLIMPIYAT,11,-77.21
beşiktaş,M9,OLIMPIYAT,12,24.59
beşiktaş,M9,ZIYA GOKALP MAH,-12,8.81
beşiktaş,M9,ZIYA GOKALP MAH,-11,-2.56
beşiktaş,M9,ZIYA GOKALP MAH,-10,-3.23
beşiktaş,M9,ZIYA GOKALP MAH,-9,-12.77
beşiktaş,M9,ZIYA GOKALP MAH,-8,-4.0
beşiktaş,M9,ZIYA GOKALP MAH,-7,-8.39
beşiktaş,M9,ZIYA GOKALP MAH,-6,-25.83
beşiktaş,M9,ZIYA GOKALP MAH,-5,2.65
beşiktaş,M9,ZIYA GOKALP MAH,-4,31.94
beşiktaş,M9,ZIYA GOKALP MAH,-3,-28.55
beşiktaş,M9,ZIYA GOKALP MAH,-2,-8.6
beşiktaş,M9,ZIYA GOKALP MAH,-1,-3.97
beşiktaş,M9,ZIYA GOKALP MAH,0,-7.87
beşiktaş,M9,ZIYA GOKALP MAH,1,-2.0
beşiktaş,M9,ZIYA GOKALP MAH,2,-5.31
beşiktaş,M9,ZIYA GOKALP MAH,3,-1.55
beşiktaş,M9,ZIYA GOKALP MAH,4,0.38
beşiktaş,M9,ZIYA GOKALP MAH,5,-4.0
beşiktaş,M9,ZIYA GOKALP MAH,7,6.4
beşiktaş,M9,ZIYA GOKALP MAH,8,19.34
beşiktaş,M9,ZIYA GOKALP MAH,9,30.74
beşiktaş,M9,ZIYA GOKALP MAH,10,-14.68
beşiktaş,M9,ZIYA GOKALP MAH,11,1.02
beşiktaş,M9,ZIYA GOKALP MAH,12,10.04
beşiktaş,M9,ZIYA GOKALP MAH.,-12,26.71
beşiktaş,M9,ZIYA GOKALP MAH.,-11,10.21
beşiktaş,M9,ZIYA GOKALP MAH.,-10,-3.79
beşiktaş,M9,ZIYA GOKALP MAH.,-9,1.66
beşiktaş,M9,ZIYA GOKALP MAH.,-8,1.49
beşiktaş,M9,ZIYA GOKALP MAH.,-7,-5.04
beşiktaş,M9,ZIYA GOKALP MAH.,-6,-10.12
beşiktaş,M9,ZIYA GOKALP MAH.,-5,-1.6
beşiktaş,M9,ZIYA GOKALP MAH.,-4,-1.24
beşiktaş,M9,ZIYA GOKALP MAH.,-3,7.73
beşiktaş,M9,ZIYA GOKALP MAH.,-2,8.03
beşiktaş,M9,ZIYA GOKALP MAH.,-1,1.22
beşiktaş,M9,ZIYA GOKALP MAH.,0,1.61
beşiktaş,M9,ZIYA GOKALP MAH.,1,-1.83
beşiktaş,M9,ZIYA GOKALP MAH.,2,1.16
beşiktaş,M9,ZIYA GOKALP MAH.,3,-1.49
beşiktaş,M9,ZIYA GOKALP MAH.,4,-3.77
beşiktaş,M9,ZIYA GOKALP MAH.,5,-4.19
beşiktaş,M9,ZIYA GOKALP MAH.,6,-7.22
beşiktaş,M9,ZIYA GOKALP MAH.,7,-2.93
beşiktaş,M9,ZIYA GOKALP MAH.,8,-0.57
beşiktaş,M9,ZIYA GOKALP MAH.,9,-5.32
beşiktaş,M9,ZIYA GOKALP MAH.,10,-11.34
beşiktaş,M9,ZIYA GOKALP MAH.,11,5.11
beşiktaş,M9,ZIYA GOKALP MAH.,12,2.66
beşiktaş,MARMARAY,ATAKOY,-12,-8.82
beşiktaş,MARMARAY,ATAKOY,-11,-15.92
beşiktaş,MARMARAY,ATAKOY,-10,-14.79
beşiktaş,MARMARAY,ATAKOY,-9,-7.25
beşiktaş,MARMARAY,ATAKOY,-8,4.1
beşiktaş,MARMARAY,ATAKOY,-7,-7.54
beşiktaş,MARMARAY,ATAKOY,-6,-16.84
beşiktaş,MARMARAY,ATAKOY,-5,-10.79
beşiktaş,MARMARAY,ATAKOY,-4,-8.14
beşiktaş,MARMARAY,ATAKOY,-3,1.63
beşiktaş,MARMARAY,ATAKOY,-2,-2.92
beşiktaş,MARMARAY,ATAKOY,-1,10.24
beşiktaş,MARMARAY,ATAKOY,0,0.88
beşiktaş,MARMARAY,ATAKOY,1,10.93
beşiktaş,MARMARAY,ATAKOY,2,1.47
beşiktaş,MARMARAY,ATAKOY,3,-27.2
beşiktaş,MARMARAY,ATAKOY,4,-12.94
beşiktaş,MARMARAY,ATAKOY,5,-3.01
beşiktaş,MARMARAY,ATAKOY,6,-10.85
beşiktaş,MARMARAY,ATAKOY,7,-2.85
beşiktaş,MARMARAY,ATAKOY,8,23.51
beşiktaş,MARMARAY,ATAKOY,9,12.11
beşiktaş,MARMARAY,ATAKOY,10,-24.72
beşiktaş,MARMARAY,ATAKOY,11,-39.19
beşiktaş,MARMARAY,ATAKOY,12,-23.01
beşiktaş,MARMARAY,ATALAR,-12,35.89
beşiktaş,MARMARAY,ATALAR,-11,19.85
beşiktaş,MARMARAY,ATALAR,-10,5.18
beşiktaş,MARMARAY,ATALAR,-9,10.33
beşiktaş,MARMARAY,ATALAR,-8,26.55
beşiktaş,MARMARAY,ATALAR,-7,25.04
beşiktaş,MARMARAY,ATALAR,-6,41.65
beşiktaş,MARMARAY,ATALAR,-5,37.15
beşiktaş,MARMARAY,ATALAR,-4,38.62
beşiktaş,MARMARAY,ATALAR,-3,51.49
beşiktaş,MARMARAY,ATALAR,-2,36.15
beşiktaş,MARMARAY,ATALAR,-1,5.9
beşiktaş,MARMARAY,ATALAR,0,4.94
beşiktaş,MARMARAY,ATALAR,1,-7.67
beşiktaş,MARMARAY,ATALAR,2,4.51
beşiktaş,MARMARAY,ATALAR,3,-5.12
beşiktaş,MARMARAY,ATALAR,4,-8.52
beşiktaş,MARMARAY,ATALAR,5,0.3
beşiktaş,MARMARAY,ATALAR,6,-3.49
beşiktaş,MARMARAY,ATALAR,7,0.62
beşiktaş,MARMARAY,ATALAR,8,2.32
beşiktaş,MARMARAY,ATALAR,9,-3.25
beşiktaş,MARMARAY,ATALAR,10,-23.33
beşiktaş,MARMARAY,ATALAR,11,-3.11
beşiktaş,MARMARAY,ATALAR,12,24.59
beşiktaş,MARMARAY,AYDINTEPE,-12,18.95
beşiktaş,MARMARAY,AYDINTEPE,-11,6.78
beşiktaş,MARMARAY,AYDINTEPE,-10,-0.59
beşiktaş,MARMARAY,AYDINTEPE,-9,-8.14
beşiktaş,MARMARAY,AYDINTEPE,-8,0.37
beşiktaş,MARMARAY,AYDINTEPE,-7,11.89
beşiktaş,MARMARAY,AYDINTEPE,-6,10.26
beşiktaş,MARMARAY,AYDINTEPE,-5,5.99
beşiktaş,MARMARAY,AYDINTEPE,-4,30.01
beşiktaş,MARMARAY,AYDINTEPE,-3,32.19
beşiktaş,MARMARAY,AYDINTEPE,-2,11.94
beşiktaş,MARMARAY,AYDINTEPE,-1,7.02
beşiktaş,MARMARAY,AYDINTEPE,0,-4.94
beşiktaş,MARMARAY,AYDINTEPE,1,-0.84
beşiktaş,MARMARAY,AYDINTEPE,2,-4.12
beşiktaş,MARMARAY,AYDINTEPE,3,-1.6
beşiktaş,MARMARAY,AYDINTEPE,4,-2.0
beşiktaş,MARMARAY,AYDINTEPE,5,-2.88
beşiktaş,MARMARAY,AYDINTEPE,6,-1.97
beşiktaş,MARMARAY,AYDINTEPE,7,0.32
beşiktaş,MARMARAY,AYDINTEPE,8,0.0
beşiktaş,MARMARAY,AYDINTEPE,9,-3.75
beşiktaş,MARMARAY,AYDINTEPE,10,-7.09
beşiktaş,MARMARAY,AYDINTEPE,11,-7.48
beşiktaş,MARMARAY,AYDINTEPE,12,8.71
beşiktaş,MARMARAY,AYRILIKCESMESI,-12,80.36
beşiktaş,MARMARAY,AYRILIKCESMESI,-11,61.93
beşiktaş,MARMARAY,AYRILIKCESMESI,-10,12.39
beşiktaş,MARMARAY,AYRILIKCESMESI,-9,32.37
beşiktaş,MARMARAY,AYRILIKCESMESI,-8,67.1
beşiktaş,MARMARAY,AYRILIKCESMESI,-7,63.97
beşiktaş,MARMARAY,AYRILIKCESMESI,-6,39.03
beşiktaş,MARMARAY,AYRILIKCESMESI,-5,78.14
beşiktaş,MARMARAY,AYRILIKCESMESI,-4,139.48
beşiktaş,MARMARAY,AYRILIKCESMESI,-3,198.11
beşiktaş,MARMARAY,AYRILIKCESMESI,-2,209.84
beşiktaş,MARMARAY,AYRILIKCESMESI,-1,132.41
beşiktaş,MARMARAY,AYRILIKCESMESI,0,57.24
beşiktaş,MARMARAY,AYRILIKCESMESI,1,36.9
beşiktaş,MARMARAY,AYRILIKCESMESI,2,53.52
beşiktaş,MARMARAY,AYRILIKCESMESI,3,36.26
beşiktaş,MARMARAY,AYRILIKCESMESI,4,-8.87
beşiktaş,MARMARAY,AYRILIKCESMESI,5,4.72
beşiktaş,MARMARAY,AYRILIKCESMESI,6,-15.94
beşiktaş,MARMARAY,AYRILIKCESMESI,7,-9.69
beşiktaş,MARMARAY,AYRILIKCESMESI,8,-9.79
beşiktaş,MARMARAY,AYRILIKCESMESI,9,-7.59
beşiktaş,MARMARAY,AYRILIKCESMESI,10,-78.61
beşiktaş,MARMARAY,AYRILIKCESMESI,11,-19.37
beşiktaş,MARMARAY,AYRILIKCESMESI,12,39.48
beşiktaş,MARMARAY,BAKIRKOY,-12,3.86
beşiktaş,MARMARAY,BAKIRKOY,-11,-4.16
beşiktaş,MARMARAY,BAKIRKOY,-10,-21.59
beşiktaş,MARMARAY,BAKIRKOY,-9,-28.42
beşiktaş,MARMARAY,BAKIRKOY,-8,9.17
beşiktaş,MARMARAY,BAKIRKOY,-7,32.28
beşiktaş,MARMARAY,BAKIRKOY,-6,14.77
beşiktaş,MARMARAY,BAKIRKOY,-5,63.08
beşiktaş,MARMARAY,BAKIRKOY,-4,88.11
beşiktaş,MARMARAY,BAKIRKOY,-3,89.68
beşiktaş,MARMARAY,BAKIRKOY,-2,120.39
beşiktaş,MARMARAY,BAKIRKOY,-1,60.15
beşiktaş,MARMARAY,BAKIRKOY,0,39.81
beşiktaş,MARMARAY,BAKIRKOY,1,8.54
beşiktaş,MARMARAY,BAKIRKOY,2,33.08
beşiktaş,MARMARAY,BAKIRKOY,3,4.75
beşiktaş,MARMARAY,BAKIRKOY,4,-23.59
beşiktaş,MARMARAY,BAKIRKOY,5,-13.08
beşiktaş,MARMARAY,BAKIRKOY,6,-14.65
beşiktaş,MARMARAY,BAKIRKOY,7,-10.3
beşiktaş,MARMARAY,BAKIRKOY,8,16.81
beşiktaş,MARMARAY,BAKIRKOY,9,25.78
beşiktaş,MARMARAY,BAKIRKOY,10,-24.74
beşiktaş,MARMARAY,BAKIRKOY,11,-33.44
beşiktaş,MARMARAY,BAKIRKOY,12,-48.79
beşiktaş,MARMARAY,BASAK,-12,12.83
beşiktaş,MARMARAY,BASAK,-11,10.25
beşiktaş,MARMARAY,BASAK,-10,-1.08
beşiktaş,MARMARAY,BASAK,-9,19.15
beşiktaş,MARMARAY,BASAK,-8,12.81
beşiktaş,MARMARAY,BASAK,-7,12.41
beşiktaş,MARMARAY,BASAK,-6,17.01
beşiktaş,MARMARAY,BASAK,-5,23.66
beşiktaş,MARMARAY,BASAK,-4,17.12
beşiktaş,MARMARAY,BASAK,-3,18.59
beşiktaş,MARMARAY,BASAK,-2,12.51
beşiktaş,MARMARAY,BASAK,-1,3.16
beşiktaş,MARMARAY,BASAK,0,-1.76
beşiktaş,MARMARAY,BASAK,1,4.14
beşiktaş,MARMARAY,BASAK,2,2.91
beşiktaş,MARMARAY,BASAK,3,-4.73
beşiktaş,MARMARAY,BASAK,4,-5.06
beşiktaş,MARMARAY,BASAK,5,-2.16
beşiktaş,MARMARAY,BASAK,6,-5.93
beşiktaş,MARMARAY,BASAK,7,-0.01
beşiktaş,MARMARAY,BASAK,8,0.65
beşiktaş,MARMARAY,BASAK,9,-3.84
beşiktaş,MARMARAY,BASAK,10,-8.43
beşiktaş,MARMARAY,BASAK,11,-3.27
beşiktaş,MARMARAY,BASAK,12,3.33
beşiktaş,MARMARAY,BOSTANCI,-12,57.14
beşiktaş,MARMARAY,BOSTANCI,-11,20.74
beşiktaş,MARMARAY,BOSTANCI,-10,10.28
beşiktaş,MARMARAY,BOSTANCI,-9,12.24
beşiktaş,MARMARAY,BOSTANCI,-8,29.13
beşiktaş,MARMARAY,BOSTANCI,-7,53.97
beşiktaş,MARMARAY,BOSTANCI,-6,30.38
beşiktaş,MARMARAY,BOSTANCI,-5,40.63
beşiktaş,MARMARAY,BOSTANCI,-4,68.96
beşiktaş,MARMARAY,BOSTANCI,-3,82.69
beşiktaş,MARMARAY,BOSTANCI,-2,94.32
beşiktaş,MARMARAY,BOSTANCI,-1,-15.96
beşiktaş,MARMARAY,BOSTANCI,0,-54.1
beşiktaş,MARMARAY,BOSTANCI,1,-41.18
beşiktaş,MARMARAY,BOSTANCI,2,-41.41
beşiktaş,MARMARAY,BOSTANCI,3,-69.09
beşiktaş,MARMARAY,BOSTANCI,4,-69.15
beşiktaş,MARMARAY,BOSTANCI,5,-18.27
beşiktaş,MARMARAY,BOSTANCI,6,15.78
beşiktaş,MARMARAY,BOSTANCI,7,-12.54
beşiktaş,MARMARAY,BOSTANCI,8,11.77
beşiktaş,MARMARAY,BOSTANCI,9,0.84
beşiktaş,MARMARAY,BOSTANCI,10,-18.86
beşiktaş,MARMARAY,BOSTANCI,11,-6.06
beşiktaş,MARMARAY,BOSTANCI,12,33.57
beşiktaş,MARMARAY,CAYIROVA,-12,4.68
beşiktaş,MARMARAY,CAYIROVA,-11,7.96
beşiktaş,MARMARAY,CAYIROVA,-10,1.89
beşiktaş,MARMARAY,CAYIROVA,-9,10.22
beşiktaş,MARMARAY,CAYIROVA,-8,3.6
beşiktaş,MARMARAY,CAYIROVA,-7,9.11
beşiktaş,MARMARAY,CAYIROVA,-6,12.96
beşiktaş,MARMARAY,CAYIROVA,-5,16.13
beşiktaş,MARMARAY,CAYIROVA,-4,16.4
beşiktaş,MARMARAY,CAYIROVA,-3,20.47
beşiktaş,MARMARAY,CAYIROVA,-2,8.89
beşiktaş,MARMARAY,CAYIROVA,-1,15.77
beşiktaş,MARMARAY,CAYIROVA,0,8.1
beşiktaş,MARMARAY,CAYIROVA,1,3.57
beşiktaş,MARMARAY,CAYIROVA,2,8.32
beşiktaş,MARMARAY,CAYIROVA,3,7.42
beşiktaş,MARMARAY,CAYIROVA,4,4.01
beşiktaş,MARMARAY,CAYIROVA,5,2.28
beşiktaş,MARMARAY,CAYIROVA,6,-1.92
beşiktaş,MARMARAY,CAYIROVA,7,0.18
beşiktaş,MARMARAY,CAYIROVA,8,1.96
beşiktaş,MARMARAY,CAYIROVA,9,-1.1
beşiktaş,MARMARAY,CAYIROVA,10,0.92
beşiktaş,MARMARAY,CAYIROVA,11,2.55
beşiktaş,MARMARAY,CAYIROVA,12,6.72
beşiktaş,MARMARAY,CEVIZLI,-12,35.4
beşiktaş,MARMARAY,CEVIZLI,-11,17.54
beşiktaş,MARMARAY,CEVIZLI,-10,7.87
beşiktaş,MARMARAY,CEVIZLI,-9,21.81
beşiktaş,MARMARAY,CEVIZLI,-8,44.64
beşiktaş,MARMARAY,CEVIZLI,-7,26.02
beşiktaş,MARMARAY,CEVIZLI,-6,38.24
beşiktaş,MARMARAY,CEVIZLI,-5,35.66
beşiktaş,MARMARAY,CEVIZLI,-4,51.91
beşiktaş,MARMARAY,CEVIZLI,-3,74.39
beşiktaş,MARMARAY,CEVIZLI,-2,41.24
beşiktaş,MARMARAY,CEVIZLI,-1,0.23
beşiktaş,MARMARAY,CEVIZLI,0,4.12
beşiktaş,MARMARAY,CEVIZLI,1,-4.65
beşiktaş,MARMARAY,CEVIZLI,2,11.72
beşiktaş,MARMARAY,CEVIZLI,3,-1.45
beşiktaş,MARMARAY,CEVIZLI,4,-8.83
beşiktaş,MARMARAY,CEVIZLI,5,0.14
beşiktaş,MARMARAY,CEVIZLI,6,1.78
beşiktaş,MARMARAY,CEVIZLI,7,-1.67
beşiktaş,MARMARAY,CEVIZLI,8,6.69
beşiktaş,MARMARAY,CEVIZLI,9,5.61
beşiktaş,MARMARAY,CEVIZLI,10,-19.74
beşiktaş,MARMARAY,CEVIZLI,11,-14.56
beşiktaş,MARMARAY,CEVIZLI,12,15.42
beşiktaş,MARMARAY,DARICA,-12,9.93
beşiktaş,MARMARAY,DARICA,-11,2.9
beşiktaş,MARMARAY,DARICA,-10,1.55
beşiktaş,MARMARAY,DARICA,-9,0.72
beşiktaş,MARMARAY,DARICA,-8,3.94
beşiktaş,MARMARAY,DARICA,-7,-2.31
beşiktaş,MARMARAY,DARICA,-6,0.51
beşiktaş,MARMARAY,DARICA,-5,-0.42
beşiktaş,MARMARAY,DARICA,-4,7.76
beşiktaş,MARMARAY,DARICA,-3,10.87
beşiktaş,MARMARAY,DARICA,-2,10.28
beşiktaş,MARMARAY,DARICA,-1,-3.67
beşiktaş,MARMARAY,DARICA,0,1.6
beşiktaş,MARMARAY,DARICA,1,0.15
beşiktaş,MARMARAY,DARICA,2,0.51
beşiktaş,MARMARAY,DARICA,3,-2.83
beşiktaş,MARMARAY,DARICA,4,-2.58
beşiktaş,MARMARAY,DARICA,5,-0.29
beşiktaş,MARMARAY,DARICA,6,-4.79
beşiktaş,MARMARAY,DARICA,7,-1.81
beşiktaş,MARMARAY,DARICA,8,4.16
beşiktaş,MARMARAY,DARICA,9,0.01
beşiktaş,MARMARAY,DARICA,10,-4.95
beşiktaş,MARMARAY,DARICA,11,2.95
beşiktaş,MARMARAY,DARICA,12,8.32
beşiktaş,MARMARAY,ERENKOY,-12,43.02
beşiktaş,MARMARAY,ERENKOY,-11,25.95
beşiktaş,MARMARAY,ERENKOY,-10,8.44
beşiktaş,MARMARAY,ERENKOY,-9,14.92
beşiktaş,MARMARAY,ERENKOY,-8,18.61
beşiktaş,MARMARAY,ERENKOY,-7,22.28
beşiktaş,MARMARAY,ERENKOY,-6,20.04
beşiktaş,MARMARAY,ERENKOY,-5,53.45
beşiktaş,MARMARAY,ERENKOY,-4,53.33
beşiktaş,MARMARAY,ERENKOY,-3,61.62
beşiktaş,MARMARAY,ERENKOY,-2,90.57
beşiktaş,MARMARAY,ERENKOY,-1,41.9
beşiktaş,MARMARAY,ERENKOY,0,20.28
beşiktaş,MARMARAY,ERENKOY,1,3.28
beşiktaş,MARMARAY,ERENKOY,2,9.81
beşiktaş,MARMARAY,ERENKOY,3,-22.62
beşiktaş,MARMARAY,ERENKOY,4,-32.88
beşiktaş,MARMARAY,ERENKOY,5,-20.88
beşiktaş,MARMARAY,ERENKOY,6,-19.22
beşiktaş,MARMARAY,ERENKOY,7,-16.72
beşiktaş,MARMARAY,ERENKOY,8,4.54
beşiktaş,MARMARAY,ERENKOY,9,-4.61
beşiktaş,MARMARAY,ERENKOY,10,-30.45
beşiktaş,MARMARAY,ERENKOY,11,-15.31
beşiktaş,MARMARAY,ERENKOY,12,12.97
beşiktaş,MARMARAY,FATIH,-12,7.87
beşiktaş,MARMARAY,FATIH,-11,-7.31
beşiktaş,MARMARAY,FATIH,-10,4.16
beşiktaş,MARMARAY,FATIH,-9,10.44
beşiktaş,MARMARAY,FATIH,-8,17.33
beşiktaş,MARMARAY,FATIH,-7,26.97
beşiktaş,MARMARAY,FATIH,-6,31.5
beşiktaş,MARMARAY,FATIH,-5,21.08
beşiktaş,MARMARAY,FATIH,-4,56.29
beşiktaş,MARMARAY,FATIH,-3,50.55
beşiktaş,MARMARAY,FATIH,-2,44.18
beşiktaş,MARMARAY,FATIH,-1,-1.44
beşiktaş,MARMARAY,FATIH,0,5.75
beşiktaş,MARMARAY,FATIH,1,-8.34
beşiktaş,MARMARAY,FATIH,2,-4.38
beşiktaş,MARMARAY,FATIH,3,-3.29
beşiktaş,MARMARAY,FATIH,4,-2.95
beşiktaş,MARMARAY,FATIH,5,-4.65
beşiktaş,MARMARAY,FATIH,6,-0.42
beşiktaş,MARMARAY,FATIH,7,-2.09
beşiktaş,MARMARAY,FATIH,8,2.2
beşiktaş,MARMARAY,FATIH,9,0.15
beşiktaş,MARMARAY,FATIH,10,2.01
beşiktaş,MARMARAY,FATIH,11,3.08
beşiktaş,MARMARAY,FATIH,12,3.69
beşiktaş,MARMARAY,FENERYOLU,-12,19.81
beşiktaş,MARMARAY,FENERYOLU,-11,10.74
beşiktaş,MARMARAY,FENERYOLU,-10,9.28
beşiktaş,MARMARAY,FENERYOLU,-9,20.25
beşiktaş,MARMARAY,FENERYOLU,-8,32.73
beşiktaş,MARMARAY,FENERYOLU,-7,27.8
beşiktaş,MARMARAY,FENERYOLU,-6,42.83
beşiktaş,MARMARAY,FENERYOLU,-5,70.29
beşiktaş,MARMARAY,FENERYOLU,-4,81.07
beşiktaş,MARMARAY,FENERYOLU,-3,111.42
beşiktaş,MARMARAY,FENERYOLU,-2,109.55
beşiktaş,MARMARAY,FENERYOLU,-1,57.47
beşiktaş,MARMARAY,FENERYOLU,0,24.1
beşiktaş,MARMARAY,FENERYOLU,1,22.12
beşiktaş,MARMARAY,FENERYOLU,2,17.25
beşiktaş,MARMARAY,FENERYOLU,3,-17.85
beşiktaş,MARMARAY,FENERYOLU,4,-21.88
beşiktaş,MARMARAY,FENERYOLU,5,-21.97
beşiktaş,MARMARAY,FENERYOLU,6,-8.7
beşiktaş,MARMARAY,FENERYOLU,7,-7.53
beşiktaş,MARMARAY,FENERYOLU,8,2.96
beşiktaş,MARMARAY,FENERYOLU,9,-5.11
beşiktaş,MARMARAY,FENERYOLU,10,-17.06
beşiktaş,MARMARAY,FENERYOLU,11,1.03
beşiktaş,MARMARAY,FENERYOLU,12,7.57
beşiktaş,MARMARAY,FLORYA,-12,4.34
beşiktaş,MARMARAY,FLORYA,-11,0.59
beşiktaş,MARMARAY,FLORYA,-10,-3.23
beşiktaş,MARMARAY,FLORYA,-9,-11.86
beşiktaş,MARMARAY,FLORYA,-8,-11.22
beşiktaş,MARMARAY,FLORYA,-7,-14.78
beşiktaş,MARMARAY,FLORYA,-6,-25.76
beşiktaş,MARMARAY,FLORYA,-5,-31.37
beşiktaş,MARMARAY,FLORYA,-4,-16.13
beşiktaş,MARMARAY,FLORYA,-3,-27.56
beşiktaş,MARMARAY,FLORYA,-2,-36.54
beşiktaş,MARMARAY,FLORYA,-1,-36.36
beşiktaş,MARMARAY,FLORYA,0,-23.65
beşiktaş,MARMARAY,FLORYA,1,-20.2
beşiktaş,MARMARAY,FLORYA,2,-19.05
beşiktaş,MARMARAY,FLORYA,3,-17.07
beşiktaş,MARMARAY,FLORYA,4,-11.62
beşiktaş,MARMARAY,FLORYA,5,-10.0
beşiktaş,MARMARAY,FLORYA,6,-5.09
beşiktaş,MARMARAY,FLORYA,7,-4.96
beşiktaş,MARMARAY,FLORYA,8,0.77
beşiktaş,MARMARAY,FLORYA,9,-0.25
beşiktaş,MARMARAY,FLORYA,10,-4.82
beşiktaş,MARMARAY,FLORYA,11,-3.57
beşiktaş,MARMARAY,FLORYA,12,5.69
beşiktaş,MARMARAY,FLORYA AQUA,-12,11.09
beşiktaş,MARMARAY,FLORYA AQUA,-11,7.56
beşiktaş,MARMARAY,FLORYA AQUA,-10,1.93
beşiktaş,MARMARAY,FLORYA AQUA,-9,-0.38
beşiktaş,MARMARAY,FLORYA AQUA,-8,7.66
beşiktaş,MARMARAY,FLORYA AQUA,-7,0.93
beşiktaş,MARMARAY,FLORYA AQUA,-6,-12.04
beşiktaş,MARMARAY,FLORYA AQUA,-5,-5.24
beşiktaş,MARMARAY,FLORYA AQUA,-4,-6.0
beşiktaş,MARMARAY,FLORYA AQUA,-3,13.1
beşiktaş,MARMARAY,FLORYA AQUA,-2,27.45
beşiktaş,MARMARAY,FLORYA AQUA,-1,30.83
beşiktaş,MARMARAY,FLORYA AQUA,0,11.55
beşiktaş,MARMARAY,FLORYA AQUA,1,-21.66
beşiktaş,MARMARAY,FLORYA AQUA,2,-98.72
beşiktaş,MARMARAY,FLORYA AQUA,3,-97.07
beşiktaş,MARMARAY,FLORYA AQUA,4,-46.75
beşiktaş,MARMARAY,FLORYA AQUA,5,-8.62
beşiktaş,MARMARAY,FLORYA AQUA,6,-55.5
beşiktaş,MARMARAY,FLORYA AQUA,7,-35.72
beşiktaş,MARMARAY,FLORYA AQUA,8,-8.55
beşiktaş,MARMARAY,FLORYA AQUA,9,1.37
beşiktaş,MARMARAY,FLORYA AQUA,10,-2.63
beşiktaş,MARMARAY,FLORYA AQUA,11,-1.75
beşiktaş,MARMARAY,FLORYA AQUA,12,7.05
beşiktaş,MARMARAY,GEBZE,-12,33.42
beşiktaş,MARMARAY,GEBZE,-11,17.78
beşiktaş,MARMARAY,GEBZE,-10,-0.87
beşiktaş,MARMARAY,GEBZE,-9,23.53
beşiktaş,MARMARAY,GEBZE,-8,22.1
beşiktaş,MARMARAY,GEBZE,-7,13.61
beşiktaş,MARMARAY,GEBZE,-6,25.48
beşiktaş,MARMARAY,GEBZE,-5,31.15
beşiktaş,MARMARAY,GEBZE,-4,44.85
beşiktaş,MARMARAY,GEBZE,-3,43.71
beşiktaş,MARMARAY,GEBZE,-2,6.44
beşiktaş,MARMARAY,GEBZE,-1,-7.17
beşiktaş,MARMARAY,GEBZE,0,-8.93
beşiktaş,MARMARAY,GEBZE,1,3.24
beşiktaş,MARMARAY,GEBZE,2,3.85
beşiktaş,MARMARAY,GEBZE,3,0.46
beşiktaş,MARMARAY,GEBZE,4,11.4
beşiktaş,MARMARAY,GEBZE,5,-15.95
beşiktaş,MARMARAY,GEBZE,6,9.92
beşiktaş,MARMARAY,GEBZE,7,-8.44
beşiktaş,MARMARAY,GEBZE,8,2.81
beşiktaş,MARMARAY,GEBZE,9,-12.26
beşiktaş,MARMARAY,GEBZE,10,-2.75
beşiktaş,MARMARAY,GEBZE,11,-7.27
beşiktaş,MARMARAY,GEBZE,12,16.82
beşiktaş,MARMARAY,GOZTEPE,-12,28.17
beşiktaş,MARMARAY,GOZTEPE,-11,16.11
beşiktaş,MARMARAY,GOZTEPE,-10,5.93
beşiktaş,MARMARAY,GOZTEPE,-9,4.05
beşiktaş,MARMARAY,GOZTEPE,-8,18.42
beşiktaş,MARMARAY,GOZTEPE,-7,19.97
beşiktaş,MARMARAY,GOZTEPE,-6,8.48
beşiktaş,MARMARAY,GOZTEPE,-5,63.24
beşiktaş,MARMARAY,GOZTEPE,-4,64.6
beşiktaş,MARMARAY,GOZTEPE,-3,55.68
beşiktaş,MARMARAY,GOZTEPE,-2,69.06
beşiktaş,MARMARAY,GOZTEPE,-1,20.19
beşiktaş,MARMARAY,GOZTEPE,0,7.96
beşiktaş,MARMARAY,GOZTEPE,1,2.85
beşiktaş,MARMARAY,GOZTEPE,2,-0.48
beşiktaş,MARMARAY,GOZTEPE,3,-10.22
beşiktaş,MARMARAY,GOZTEPE,4,-14.93
beşiktaş,MARMARAY,GOZTEPE,5,-9.22
beşiktaş,MARMARAY,GOZTEPE,6,-7.23
beşiktaş,MARMARAY,GOZTEPE,7,-4.39
beşiktaş,MARMARAY,GOZTEPE,8,-3.09
beşiktaş,MARMARAY,GOZTEPE,9,-4.49
beşiktaş,MARMARAY,GOZTEPE,10,-24.55
beşiktaş,MARMARAY,GOZTEPE,11,-11.29
beşiktaş,MARMARAY,GOZTEPE,12,3.41
beşiktaş,MARMARAY,GUZELYALI,-12,6.71
beşiktaş,MARMARAY,GUZELYALI,-11,8.63
beşiktaş,MARMARAY,GUZELYALI,-10,-1.25
beşiktaş,MARMARAY,GUZELYALI,-9,-2.03
beşiktaş,MARMARAY,GUZELYALI,-8,8.55
beşiktaş,MARMARAY,GUZELYALI,-7,2.42
beşiktaş,MARMARAY,GUZELYALI,-6,-0.08
beşiktaş,MARMARAY,GUZELYALI,-5,8.05
beşiktaş,MARMARAY,GUZELYALI,-4,9.18
beşiktaş,MARMARAY,GUZELYALI,-3,9.09
beşiktaş,MARMARAY,GUZELYALI,-2,4.24
beşiktaş,MARMARAY,GUZELYALI,-1,-2.0
beşiktaş,MARMARAY,GUZELYALI,0,-5.24
beşiktaş,MARMARAY,GUZELYALI,1,-3.51
beşiktaş,MARMARAY,GUZELYALI,2,1.85
beşiktaş,MARMARAY,GUZELYALI,3,-2.62
beşiktaş,MARMARAY,GUZELYALI,4,-2.41
beşiktaş,MARMARAY,GUZELYALI,5,-1.12
beşiktaş,MARMARAY,GUZELYALI,6,-1.1
beşiktaş,MARMARAY,GUZELYALI,7,-0.4
beşiktaş,MARMARAY,GUZELYALI,8,2.7
beşiktaş,MARMARAY,GUZELYALI,9,-2.93
beşiktaş,MARMARAY,GUZELYALI,10,-3.58
beşiktaş,MARMARAY,GUZELYALI,11,-3.23
beşiktaş,MARMARAY,GUZELYALI,12,9.54
beşiktaş,MARMARAY,HALKALI,-12,54.75
beşiktaş,MARMARAY,HALKALI,-11,41.57
beşiktaş,MARMARAY,HALKALI,-10,20.31
beşiktaş,MARMARAY,HALKALI,-9,4.96
beşiktaş,MARMARAY,HALKALI,-8,44.4
beşiktaş,MARMARAY,HALKALI,-7,50.01
beşiktaş,MARMARAY,HALKALI,-6,25.28
beşiktaş,MARMARAY,HALKALI,-5,23.9
beşiktaş,MARMARAY,HALKALI,-4,61.28
beşiktaş,MARMARAY,HALKALI,-3,62.88
beşiktaş,MARMARAY,HALKALI,-2,24.26
beşiktaş,MARMARAY,HALKALI,-1,-15.62
beşiktaş,MARMARAY,HALKALI,0,-17.1
beşiktaş,MARMARAY,HALKALI,1,-2.8
beşiktaş,MARMARAY,HALKALI,2,1.9
beşiktaş,MARMARAY,HALKALI,3,-0.57
beşiktaş,MARMARAY,HALKALI,4,-18.26
beşiktaş,MARMARAY,HALKALI,5,11.22
beşiktaş,MARMARAY,HALKALI,6,-3.01
beşiktaş,MARMARAY,HALKALI,7,3.03
beşiktaş,MARMARAY,HALKALI,8,21.48
beşiktaş,MARMARAY,HALKALI,9,-17.17
beşiktaş,MARMARAY,HALKALI,10,-38.58
beşiktaş,MARMARAY,HALKALI,11,11.7
beşiktaş,MARMARAY,HALKALI,12,34.56
beşiktaş,MARMARAY,ICMELER,-12,5.12
beşiktaş,MARMARAY,ICMELER,-11,13.19
beşiktaş,MARMARAY,ICMELER,-10,0.88
beşiktaş,MARMARAY,ICMELER,-9,0.02
beşiktaş,MARMARAY,ICMELER,-8,0.69
beşiktaş,MARMARAY,ICMELER,-7,10.52
beşiktaş,MARMARAY,ICMELER,-6,22.9
beşiktaş,MARMARAY,ICMELER,-5,22.33
beşiktaş,MARMARAY,ICMELER,-4,47.64
beşiktaş,MARMARAY,ICMELER,-3,58.07
beşiktaş,MARMARAY,ICMELER,-2,25.48
beşiktaş,MARMARAY,ICMELER,-1,3.69
beşiktaş,MARMARAY,ICMELER,0,3.67
beşiktaş,MARMARAY,ICMELER,1,-2.58
beşiktaş,MARMARAY,ICMELER,2,-0.77
beşiktaş,MARMARAY,ICMELER,3,-0.35
beşiktaş,MARMARAY,ICMELER,4,-2.27
beşiktaş,MARMARAY,ICMELER,5,-2.81
beşiktaş,MARMARAY,ICMELER,6,4.6
beşiktaş,MARMARAY,ICMELER,7,-2.81
beşiktaş,MARMARAY,ICMELER,8,-4.68
beşiktaş,MARMARAY,ICMELER,9,-4.32
beşiktaş,MARMARAY,ICMELER,10,-6.19
beşiktaş,MARMARAY,ICMELER,11,-3.11
beşiktaş,MARMARAY,ICMELER,12,0.39
beşiktaş,MARMARAY,IDEALTEPE,-12,28.8
beşiktaş,MARMARAY,IDEALTEPE,-11,16.19
beşiktaş,MARMARAY,IDEALTEPE,-10,7.16
beşiktaş,MARMARAY,IDEALTEPE,-9,5.68
beşiktaş,MARMARAY,IDEALTEPE,-8,11.81
beşiktaş,MARMARAY,IDEALTEPE,-7,10.55
beşiktaş,MARMARAY,IDEALTEPE,-6,14.58
beşiktaş,MARMARAY,IDEALTEPE,-5,25.82
beşiktaş,MARMARAY,IDEALTEPE,-4,25.96
beşiktaş,MARMARAY,IDEALTEPE,-3,41.27
beşiktaş,MARMARAY,IDEALTEPE,-2,24.79
beşiktaş,MARMARAY,IDEALTEPE,-1,8.79
beşiktaş,MARMARAY,IDEALTEPE,0,-0.86
beşiktaş,MARMARAY,IDEALTEPE,1,-12.86
beşiktaş,MARMARAY,IDEALTEPE,2,-14.05
beşiktaş,MARMARAY,IDEALTEPE,3,-12.91
beşiktaş,MARMARAY,IDEALTEPE,4,-19.29
beşiktaş,MARMARAY,IDEALTEPE,5,-5.78
beşiktaş,MARMARAY,IDEALTEPE,6,-3.16
beşiktaş,MARMARAY,IDEALTEPE,7,-4.37
beşiktaş,MARMARAY,IDEALTEPE,8,4.41
beşiktaş,MARMARAY,IDEALTEPE,9,-6.06
beşiktaş,MARMARAY,IDEALTEPE,10,-16.77
beşiktaş,MARMARAY,IDEALTEPE,11,-0.59
beşiktaş,MARMARAY,IDEALTEPE,12,19.37
beşiktaş,MARMARAY,KARTAL,-12,37.76
beşiktaş,MARMARAY,KARTAL,-11,39.32
beşiktaş,MARMARAY,KARTAL,-10,11.79
beşiktaş,MARMARAY,KARTAL,-9,5.1
beşiktaş,MARMARAY,KARTAL,-8,18.94
beşiktaş,MARMARAY,KARTAL,-7,13.61
beşiktaş,MARMARAY,KARTAL,-6,40.26
beşiktaş,MARMARAY,KARTAL,-5,25.49
beşiktaş,MARMARAY,KARTAL,-4,45.63
beşiktaş,MARMARAY,KARTAL,-3,62.96
beşiktaş,MARMARAY,KARTAL,-2,31.82
beşiktaş,MARMARAY,KARTAL,-1,-5.55
beşiktaş,MARMARAY,KARTAL,0,-18.28
beşiktaş,MARMARAY,KARTAL,1,-15.6
beşiktaş,MARMARAY,KARTAL,2,-6.07
beşiktaş,MARMARAY,KARTAL,3,-10.93
beşiktaş,MARMARAY,KARTAL,4,-11.78
beşiktaş,MARMARAY,KARTAL,5,-4.97
beşiktaş,MARMARAY,KARTAL,6,-16.16
beşiktaş,MARMARAY,KARTAL,7,-8.48
beşiktaş,MARMARAY,KARTAL,8,7.62
beşiktaş,MARMARAY,KARTAL,9,-10.94
beşiktaş,MARMARAY,KARTAL,10,-16.41
beşiktaş,MARMARAY,KARTAL,11,8.55
beşiktaş,MARMARAY,KARTAL,12,18.63
beşiktaş,MARMARAY,KAYNARCA,-12,24.61
beşiktaş,MARMARAY,KAYNARCA,-11,12.13
beşiktaş,MARMARAY,KAYNARCA,-10,6.5
beşiktaş,MARMARAY,KAYNARCA,-9,0.86
beşiktaş,MARMARAY,KAYNARCA,-8,1.87
beşiktaş,MARMARAY,KAYNARCA,-7,2.63
beşiktaş,MARMARAY,KAYNARCA,-6,5.66
beşiktaş,MARMARAY,KAYNARCA,-5,17.2
beşiktaş,MARMARAY,KAYNARCA,-4,17.26
beşiktaş,MARMARAY,KAYNARCA,-3,14.88
beşiktaş,MARMARAY,KAYNARCA,-2,4.92
beşiktaş,MARMARAY,KAYNARCA,-1,-8.54
beşiktaş,MARMARAY,KAYNARCA,0,-9.08
beşiktaş,MARMARAY,KAYNARCA,1,-3.96
beşiktaş,MARMARAY,KAYNARCA,2,-4.05
beşiktaş,MARMARAY,KAYNARCA,3,-4.55
beşiktaş,MARMARAY,KAYNARCA,4,-6.24
beşiktaş,MARMARAY,KAYNARCA,5,-1.71
beşiktaş,MARMARAY,KAYNARCA,6,-4.94
beşiktaş,MARMARAY,KAYNARCA,7,-3.63
beşiktaş,MARMARAY,KAYNARCA,8,4.24
beşiktaş,MARMARAY,KAYNARCA,9,-4.88
beşiktaş,MARMARAY,KAYNARCA,10,-7.67
beşiktaş,MARMARAY,KAYNARCA,11,-5.32
beşiktaş,MARMARAY,KAYNARCA,12,19.61
beşiktaş,MARMARAY,KAZLICESME,-12,23.25
beşiktaş,MARMARAY,KAZLICESME,-11,11.67
beşiktaş,MARMARAY,KAZLICESME,-10,-13.21
beşiktaş,MARMARAY,KAZLICESME,-9,-4.02
beşiktaş,MARMARAY,KAZLICESME,-8,-6.94
beşiktaş,MARMARAY,KAZLICESME,-7,-8.28
beşiktaş,MARMARAY,KAZLICESME,-6,-9.3
beşiktaş,MARMARAY,KAZLICESME,-5,11.05
beşiktaş,MARMARAY,KAZLICESME,-4,13.87
beşiktaş,MARMARAY,KAZLICESME,-3,44.61
beşiktaş,MARMARAY,KAZLICESME,-2,43.86
beşiktaş,MARMARAY,KAZLICESME,-1,4.04
beşiktaş,MARMARAY,KAZLICESME,0,-11.37
beşiktaş,MARMARAY,KAZLICESME,1,-23.62
beşiktaş,MARMARAY,KAZLICESME,2,-17.04
beşiktaş,MARMARAY,KAZLICESME,3,-12.92
beşiktaş,MARMARAY,KAZLICESME,4,-13.25
beşiktaş,MARMARAY,KAZLICESME,5,-2.09
beşiktaş,MARMARAY,KAZLICESME,6,-2.87
beşiktaş,MARMARAY,KAZLICESME,7,-6.69
beşiktaş,MARMARAY,KAZLICESME,8,7.31
beşiktaş,MARMARAY,KAZLICESME,9,10.17
beşiktaş,MARMARAY,KAZLICESME,10,-18.3
beşiktaş,MARMARAY,KAZLICESME,11,-11.53
beşiktaş,MARMARAY,KAZLICESME,12,19.7
beşiktaş,MARMARAY,KUCUKCEKMECE,-12,22.8
beşiktaş,MARMARAY,KUCUKCEKMECE,-11,9.02
beşiktaş,MARMARAY,KUCUKCEKMECE,-10,-8.9
beşiktaş,MARMARAY,KUCUKCEKMECE,-9,-7.58
beşiktaş,MARMARAY,KUCUKCEKMECE,-8,24.24
beşiktaş,MARMARAY,KUCUKCEKMECE,-7,25.36
beşiktaş,MARMARAY,KUCUKCEKMECE,-6,29.53
beşiktaş,MARMARAY,KUCUKCEKMECE,-5,27.72
beşiktaş,MARMARAY,KUCUKCEKMECE,-4,32.27
beşiktaş,MARMARAY,KUCUKCEKMECE,-3,28.24
beşiktaş,MARMARAY,KUCUKCEKMECE,-2,17.66
beşiktaş,MARMARAY,KUCUKCEKMECE,-1,-18.68
beşiktaş,MARMARAY,KUCUKCEKMECE,0,-10.47
beşiktaş,MARMARAY,KUCUKCEKMECE,1,-9.72
beşiktaş,MARMARAY,KUCUKCEKMECE,2,-13.3
beşiktaş,MARMARAY,KUCUKCEKMECE,3,-6.74
beşiktaş,MARMARAY,KUCUKCEKMECE,4,-3.78
beşiktaş,MARMARAY,KUCUKCEKMECE,5,-8.31
beşiktaş,MARMARAY,KUCUKCEKMECE,6,-5.33
beşiktaş,MARMARAY,KUCUKCEKMECE,7,0.16
beşiktaş,MARMARAY,KUCUKCEKMECE,8,9.75
beşiktaş,MARMARAY,KUCUKCEKMECE,9,10.26
beşiktaş,MARMARAY,KUCUKCEKMECE,10,-12.52
beşiktaş,MARMARAY,KUCUKCEKMECE,11,-29.0
beşiktaş,MARMARAY,KUCUKCEKMECE,12,19.31
beşiktaş,MARMARAY,KUCUKYALI,-12,42.52
beşiktaş,MARMARAY,KUCUKYALI,-11,26.8
beşiktaş,MARMARAY,KUCUKYALI,-10,7.51
beşiktaş,MARMARAY,KUCUKYALI,-9,8.77
beşiktaş,MARMARAY,KUCUKYALI,-8,29.91
beşiktaş,MARMARAY,KUCUKYALI,-7,32.05
beşiktaş,MARMARAY,KUCUKYALI,-6,26.02
beşiktaş,MARMARAY,KUCUKYALI,-5,32.86
beşiktaş,MARMARAY,KUCUKYALI,-4,43.45
beşiktaş,MARMARAY,KUCUKYALI,-3,48.6
beşiktaş,MARMARAY,KUCUKYALI,-2,34.35
beşiktaş,MARMARAY,KUCUKYALI,-1,12.68
beşiktaş,MARMARAY,KUCUKYALI,0,1.49
beşiktaş,MARMARAY,KUCUKYALI,1,-7.22
beşiktaş,MARMARAY,KUCUKYALI,2,0.92
beşiktaş,MARMARAY,KUCUKYALI,3,-8.31
beşiktaş,MARMARAY,KUCUKYALI,4,-9.92
beşiktaş,MARMARAY,KUCUKYALI,5,-2.88
beşiktaş,MARMARAY,KUCUKYALI,6,0.43
beşiktaş,MARMARAY,KUCUKYALI,7,-1.79
beşiktaş,MARMARAY,KUCUKYALI,8,-2.91
beşiktaş,MARMARAY,KUCUKYALI,9,-7.89
beşiktaş,MARMARAY,KUCUKYALI,10,-30.85
beşiktaş,MARMARAY,KUCUKYALI,11,-7.96
beşiktaş,MARMARAY,KUCUKYALI,12,11.93
beşiktaş,MARMARAY,M.KEMAL,-12,15.22
beşiktaş,MARMARAY,M.KEMAL,-11,0.79
beşiktaş,MARMARAY,M.KEMAL,-10,-0.14
beşiktaş,MARMARAY,M.KEMAL,-9,0.05
beşiktaş,MARMARAY,M.KEMAL,-8,-1.44
beşiktaş,MARMARAY,M.KEMAL,-7,2.21
beşiktaş,MARMARAY,M.KEMAL,-6,-0.87
beşiktaş,MARMARAY,M.KEMAL,-5,6.23
beşiktaş,MARMARAY,M.KEMAL,-4,1.54
beşiktaş,MARMARAY,M.KEMAL,-3,6.12
beşiktaş,MARMARAY,M.KEMAL,-2,-6.01
beşiktaş,MARMARAY,M.KEMAL,-1,-12.8
beşiktaş,MARMARAY,M.KEMAL,0,-11.86
beşiktaş,MARMARAY,M.KEMAL,1,-16.32
beşiktaş,MARMARAY,M.KEMAL,2,-12.56
beşiktaş,MARMARAY,M.KEMAL,3,-6.22
beşiktaş,MARMARAY,M.KEMAL,4,-10.36
beşiktaş,MARMARAY,M.KEMAL,5,-7.86
beşiktaş,MARMARAY,M.KEMAL,6,-4.71
beşiktaş,MARMARAY,M.KEMAL,7,-2.37
beşiktaş,MARMARAY,M.KEMAL,8,9.43
beşiktaş,MARMARAY,M.KEMAL,9,8.37
beşiktaş,MARMARAY,M.KEMAL,10,0.81
beşiktaş,MARMARAY,M.KEMAL,11,-6.04
beşiktaş,MARMARAY,M.KEMAL,12,16.01
beşiktaş,MARMARAY,MALTEPE,-12,46.64
beşiktaş,MARMARAY,MALTEPE,-11,17.53
beşiktaş,MARMARAY,MALTEPE,-10,9.14
beşiktaş,MARMARAY,MALTEPE,-9,11.83
beşiktaş,MARMARAY,MALTEPE,-8,31.16
beşiktaş,MARMARAY,MALTEPE,-7,32.24
beşiktaş,MARMARAY,MALTEPE,-6,37.63
beşiktaş,MARMARAY,MALTEPE,-5,32.64
beşiktaş,MARMARAY,MALTEPE,-4,42.56
beşiktaş,MARMARAY,MALTEPE,-3,46.13
beşiktaş,MARMARAY,MALTEPE,-2,51.64
beşiktaş,MARMARAY,MALTEPE,-1,3.55
beşiktaş,MARMARAY,MALTEPE,0,-5.78
beşiktaş,MARMARAY,MALTEPE,1,-35.76
beşiktaş,MARMARAY,MALTEPE,2,-17.93
beşiktaş,MARMARAY,MALTEPE,3,-37.57
beşiktaş,MARMARAY,MALTEPE,4,-23.75
beşiktaş,MARMARAY,MALTEPE,5,-16.5
beşiktaş,MARMARAY,MALTEPE,6,-24.07
beşiktaş,MARMARAY,MALTEPE,7,-14.32
beşiktaş,MARMARAY,MALTEPE,8,-0.49
beşiktaş,MARMARAY,MALTEPE,9,1.62
beşiktaş,MARMARAY,MALTEPE,10,-32.41
beşiktaş,MARMARAY,MALTEPE,11,-10.21
beşiktaş,MARMARAY,MALTEPE,12,29.67
beşiktaş,MARMARAY,OSMANGAZI,-12,8.85
beşiktaş,MARMARAY,OSMANGAZI,-11,-0.92
beşiktaş,MARMARAY,OSMANGAZI,-10,-4.31
beşiktaş,MARMARAY,OSMANGAZI,-9,0.55
beşiktaş,MARMARAY,OSMANGAZI,-8,1.27
beşiktaş,MARMARAY,OSMANGAZI,-7,3.1
beşiktaş,MARMARAY,OSMANGAZI,-6,6.87
beşiktaş,MARMARAY,OSMANGAZI,-5,15.18
beşiktaş,MARMARAY,OSMANGAZI,-4,3.58
beşiktaş,MARMARAY,OSMANGAZI,-3,6.65
beşiktaş,MARMARAY,OSMANGAZI,-2,3.15
beşiktaş,MARMARAY,OSMANGAZI,-1,-7.3
beşiktaş,MARMARAY,OSMANGAZI,0,-5.85
beşiktaş,MARMARAY,OSMANGAZI,1,4.87
beşiktaş,MARMARAY,OSMANGAZI,2,-1.44
beşiktaş,MARMARAY,OSMANGAZI,3,-2.85
beşiktaş,MARMARAY,OSMANGAZI,4,-2.73
beşiktaş,MARMARAY,OSMANGAZI,5,-5.59
beşiktaş,MARMARAY,OSMANGAZI,6,-0.52
beşiktaş,MARMARAY,OSMANGAZI,7,-1.77
beşiktaş,MARMARAY,OSMANGAZI,8,1.25
beşiktaş,MARMARAY,OSMANGAZI,9,-2.58
beşiktaş,MARMARAY,OSMANGAZI,10,-8.7
beşiktaş,MARMARAY,OSMANGAZI,11,3.22
beşiktaş,MARMARAY,OSMANGAZI,12,11.18
beşiktaş,MARMARAY,PENDIK,-12,60.29
beşiktaş,MARMARAY,PENDIK,-11,26.75
beşiktaş,MARMARAY,PENDIK,-10,12.47
beşiktaş,MARMARAY,PENDIK,-9,9.11
beşiktaş,MARMARAY,PENDIK,-8,28.92
beşiktaş,MARMARAY,PENDIK,-7,16.77
beşiktaş,MARMARAY,PENDIK,-6,19.72
beşiktaş,MARMARAY,PENDIK,-5,23.16
beşiktaş,MARMARAY,PENDIK,-4,60.88
beşiktaş,MARMARAY,PENDIK,-3,67.01
beşiktaş,MARMARAY,PENDIK,-2,57.06
beşiktaş,MARMARAY,PENDIK,-1,1.79
beşiktaş,MARMARAY,PENDIK,0,14.16
beşiktaş,MARMARAY,PENDIK,1,-11.52
beşiktaş,MARMARAY,PENDIK,2,2.27
beşiktaş,MARMARAY,PENDIK,3,-23.96
beşiktaş,MARMARAY,PENDIK,4,-19.65
beşiktaş,MARMARAY,PENDIK,5,-7.95
beşiktaş,MARMARAY,PENDIK,6,-22.15
beşiktaş,MARMARAY,PENDIK,7,-11.49
beşiktaş,MARMARAY,PENDIK,8,1.88
beşiktaş,MARMARAY,PENDIK,9,-8.06
beşiktaş,MARMARAY,PENDIK,10,-23.57
beşiktaş,MARMARAY,PENDIK,11,3.62
beşiktaş,MARMARAY,PENDIK,12,32.81
beşiktaş,MARMARAY,SIRKECI,-12,-2.26
beşiktaş,MARMARAY,SIRKECI,-11,3.97
beşiktaş,MARMARAY,SIRKECI,-10,-11.73
beşiktaş,MARMARAY,SIRKECI,-9,-5.36
beşiktaş,MARMARAY,SIRKECI,-8,-14.49
beşiktaş,MARMARAY,SIRKECI,-7,-43.27
beşiktaş,MARMARAY,SIRKECI,-6,-58.59
beşiktaş,MARMARAY,SIRKECI,-5,-26.51
beşiktaş,MARMARAY,SIRKECI,-4,83.35
beşiktaş,MARMARAY,SIRKECI,-3,178.32
beşiktaş,MARMARAY,SIRKECI,-2,260.72
beşiktaş,MARMARAY,SIRKECI,-1,167.61
beşiktaş,MARMARAY,SIRKECI,0,36.46
beşiktaş,MARMARAY,SIRKECI,1,50.4
beşiktaş,MARMARAY,SIRKECI,2,379.38
beşiktaş,MARMARAY,SIRKECI,3,40.77
beşiktaş,MARMARAY,SIRKECI,4,-36.05
beşiktaş,MARMARAY,SIRKECI,5,-42.43
beşiktaş,MARMARAY,SIRKECI,6,-38.07
beşiktaş,MARMARAY,SIRKECI,7,-30.93
beşiktaş,MARMARAY,SIRKECI,8,-8.1
beşiktaş,MARMARAY,SIRKECI,9,0.57
beşiktaş,MARMARAY,SIRKECI,10,-8.88
beşiktaş,MARMARAY,SIRKECI,11,-5.69
beşiktaş,MARMARAY,SIRKECI,12,-6.08
beşiktaş,MARMARAY,SOGUTLUCESME,-12,33.71
beşiktaş,MARMARAY,SOGUTLUCESME,-11,-2.78
beşiktaş,MARMARAY,SOGUTLUCESME,-10,-9.81
beşiktaş,MARMARAY,SOGUTLUCESME,-9,4.85
beşiktaş,MARMARAY,SOGUTLUCESME,-8,35.02
beşiktaş,MARMARAY,SOGUTLUCESME,-7,37.15
beşiktaş,MARMARAY,SOGUTLUCESME,-6,18.29
beşiktaş,MARMARAY,SOGUTLUCESME,-5,40.74
beşiktaş,MARMARAY,SOGUTLUCESME,-4,99.93
beşiktaş,MARMARAY,SOGUTLUCESME,-3,134.32
beşiktaş,MARMARAY,SOGUTLUCESME,-2,175.09
beşiktaş,MARMARAY,SOGUTLUCESME,-1,99.15
beşiktaş,MARMARAY,SOGUTLUCESME,0,71.28
beşiktaş,MARMARAY,SOGUTLUCESME,1,13.23
beşiktaş,MARMARAY,SOGUTLUCESME,2,17.31
beşiktaş,MARMARAY,SOGUTLUCESME,3,45.9
beşiktaş,MARMARAY,SOGUTLUCESME,4,-24.33
beşiktaş,MARMARAY,SOGUTLUCESME,5,-11.96
beşiktaş,MARMARAY,SOGUTLUCESME,6,7.21
beşiktaş,MARMARAY,SOGUTLUCESME,7,-3.25
beşiktaş,MARMARAY,SOGUTLUCESME,8,0.77
beşiktaş,MARMARAY,SOGUTLUCESME,9,-4.36
beşiktaş,MARMARAY,SOGUTLUCESME,10,-24.72
beşiktaş,MARMARAY,SOGUTLUCESME,11,-16.35
beşiktaş,MARMARAY,SOGUTLUCESME,12,6.97
beşiktaş,MARMARAY,SUADIYE,-12,17.93
beşiktaş,MARMARAY,SUADIYE,-11,13.31
beşiktaş,MARMARAY,SUADIYE,-10,14.69
beşiktaş,MARMARAY,SUADIYE,-9,6.97
beşiktaş,MARMARAY,SUADIYE,-8,12.27
beşiktaş,MARMARAY,SUADIYE,-7,14.47
beşiktaş,MARMARAY,SUADIYE,-6,12.79
beşiktaş,MARMARAY,SUADIYE,-5,30.0
beşiktaş,MARMARAY,SUADIYE,-4,49.87
beşiktaş,MARMARAY,SUADIYE,-3,70.27
beşiktaş,MARMARAY,SUADIYE,-2,112.71
beşiktaş,MARMARAY,SUADIYE,-1,74.17
beşiktaş,MARMARAY,SUADIYE,0,56.69
beşiktaş,MARMARAY,SUADIYE,1,31.65
beşiktaş,MARMARAY,SUADIYE,2,31.97
beşiktaş,MARMARAY,SUADIYE,3,-20.06
beşiktaş,MARMARAY,SUADIYE,4,-44.06
beşiktaş,MARMARAY,SUADIYE,5,-24.21
beşiktaş,MARMARAY,SUADIYE,6,-13.43
beşiktaş,MARMARAY,SUADIYE,7,-16.87
beşiktaş,MARMARAY,SUADIYE,8,0.48
beşiktaş,MARMARAY,SUADIYE,9,-5.88
beşiktaş,MARMARAY,SUADIYE,10,-22.67
beşiktaş,MARMARAY,SUADIYE,11,-1.31
beşiktaş,MARMARAY,SUADIYE,12,5.56
beşiktaş,MARMARAY,SUREYYA PLAJI,-12,32.98
beşiktaş,MARMARAY,SUREYYA PLAJI,-11,12.94
beşiktaş,MARMARAY,SUREYYA PLAJI,-10,2.96
beşiktaş,MARMARAY,SUREYYA PLAJI,-9,2.48
beşiktaş,MARMARAY,SUREYYA PLAJI,-8,14.1
beşiktaş,MARMARAY,SUREYYA PLAJI,-7,18.28
beşiktaş,MARMARAY,SUREYYA PLAJI,-6,18.88
beşiktaş,MARMARAY,SUREYYA PLAJI,-5,34.8
beşiktaş,MARMARAY,SUREYYA PLAJI,-4,36.31
beşiktaş,MARMARAY,SUREYYA PLAJI,-3,34.04
beşiktaş,MARMARAY,SUREYYA PLAJI,-2,41.94
beşiktaş,MARMARAY,SUREYYA PLAJI,-1,7.76
beşiktaş,MARMARAY,SUREYYA PLAJI,0,-18.44
beşiktaş,MARMARAY,SUREYYA PLAJI,1,-41.74
beşiktaş,MARMARAY,SUREYYA PLAJI,2,-29.24
beşiktaş,MARMARAY,SUREYYA PLAJI,3,-68.93
beşiktaş,MARMARAY,SUREYYA PLAJI,4,-22.73
beşiktaş,MARMARAY,SUREYYA PLAJI,5,-23.9
beşiktaş,MARMARAY,SUREYYA PLAJI,6,-32.91
beşiktaş,MARMARAY,SUREYYA PLAJI,7,-13.68
beşiktaş,MARMARAY,SUREYYA PLAJI,8,3.2
beşiktaş,MARMARAY,SUREYYA PLAJI,9,-1.51
beşiktaş,MARMARAY,SUREYYA PLAJI,10,-23.31
beşiktaş,MARMARAY,SUREYYA PLAJI,11,-4.21
beşiktaş,MARMARAY,SUREYYA PLAJI,12,20.5
beşiktaş,MARMARAY,TERSANE,-12,22.27
beşiktaş,MARMARAY,TERSANE,-11,8.15
beşiktaş,MARMARAY,TERSANE,-10,4.09
beşiktaş,MARMARAY,TERSANE,-9,1.65
beşiktaş,MARMARAY,TERSANE,-8,-2.82
beşiktaş,MARMARAY,TERSANE,-7,0.24
beşiktaş,MARMARAY,TERSANE,-6,5.01
beşiktaş,MARMARAY,TERSANE,-5,4.17
beşiktaş,MARMARAY,TERSANE,-4,5.13
beşiktaş,MARMARAY,TERSANE,-3,17.99
beşiktaş,MARMARAY,TERSANE,-2,18.77
beşiktaş,MARMARAY,TERSANE,-1,-5.01
beşiktaş,MARMARAY,TERSANE,0,-1.12
beşiktaş,MARMARAY,TERSANE,1,-5.72
beşiktaş,MARMARAY,TERSANE,2,2.78
beşiktaş,MARMARAY,TERSANE,3,-5.28
beşiktaş,MARMARAY,TERSANE,4,-2.37
beşiktaş,MARMARAY,TERSANE,5,-1.64
beşiktaş,MARMARAY,TERSANE,6,-0.14
beşiktaş,MARMARAY,TERSANE,7,-0.95
beşiktaş,MARMARAY,TERSANE,8,8.0
beşiktaş,MARMARAY,TERSANE,9,-7.55
beşiktaş,MARMARAY,TERSANE,10,-7.4
beşiktaş,MARMARAY,TERSANE,11,-4.26
beşiktaş,MARMARAY,TERSANE,12,12.16
beşiktaş,MARMARAY,TUZLA,-12,35.88
beşiktaş,MARMARAY,TUZLA,-11,23.45
beşiktaş,MARMARAY,TUZLA,-10,15.79
beşiktaş,MARMARAY,TUZLA,-9,23.03
beşiktaş,MARMARAY,TUZLA,-8,18.84
beşiktaş,MARMARAY,TUZLA,-7,45.42
beşiktaş,MARMARAY,TUZLA,-6,37.57
beşiktaş,MARMARAY,TUZLA,-5,24.72
beşiktaş,MARMARAY,TUZLA,-4,32.37
beşiktaş,MARMARAY,TUZLA,-3,57.4
beşiktaş,MARMARAY,TUZLA,-2,19.88
beşiktaş,MARMARAY,TUZLA,-1,8.24
beşiktaş,MARMARAY,TUZLA,0,6.03
beşiktaş,MARMARAY,TUZLA,1,-4.02
beşiktaş,MARMARAY,TUZLA,2,0.91
beşiktaş,MARMARAY,TUZLA,3,-9.14
beşiktaş,MARMARAY,TUZLA,4,-7.02
beşiktaş,MARMARAY,TUZLA,5,-1.41
beşiktaş,MARMARAY,TUZLA,6,-7.14
beşiktaş,MARMARAY,TUZLA,7,-0.93
beşiktaş,MARMARAY,TUZLA,8,1.11
beşiktaş,MARMARAY,TUZLA,9,-1.47
beşiktaş,MARMARAY,TUZLA,10,-3.81
beşiktaş,MARMARAY,TUZLA,11,2.28
beşiktaş,MARMARAY,TUZLA,12,10.99
beşiktaş,MARMARAY,USKUDAR,-12,181.68
beşiktaş,MARMARAY,USKUDAR,-11,76.7
beşiktaş,MARMARAY,USKUDAR,-10,43.54
beşiktaş,MARMARAY,USKUDAR,-9,30.04
beşiktaş,MARMARAY,USKUDAR,-8,43.31
beşiktaş,MARMARAY,USKUDAR,-7,44.43
beşiktaş,MARMARAY,USKUDAR,-6,39.81
beşiktaş,MARMARAY,USKUDAR,-5,59.15
beşiktaş,MARMARAY,USKUDAR,-4,132.72
beşiktaş,MARMARAY,USKUDAR,-3,216.09
beşiktaş,MARMARAY,USKUDAR,-2,324.13
beşiktaş,MARMARAY,USKUDAR,-1,201.27
beşiktaş,MARMARAY,USKUDAR,0,202.06
beşiktaş,MARMARAY,USKUDAR,1,69.57
beşiktaş,MARMARAY,USKUDAR,2,982.81
beşiktaş,MARMARAY,USKUDAR,3,353.49
beşiktaş,MARMARAY,USKUDAR,4,-75.17
beşiktaş,MARMARAY,USKUDAR,5,-77.6
beşiktaş,MARMARAY,USKUDAR,6,-80.35
beşiktaş,MARMARAY,USKUDAR,7,-87.55
beşiktaş,MARMARAY,USKUDAR,8,-24.58
beşiktaş,MARMARAY,USKUDAR,9,7.87
beşiktaş,MARMARAY,USKUDAR,10,-107.61
beşiktaş,MARMARAY,USKUDAR,11,-69.49
beşiktaş,MARMARAY,USKUDAR,12,83.8
beşiktaş,MARMARAY,YENIKAPI,-12,146.39
beşiktaş,MARMARAY,YENIKAPI,-11,111.53
beşiktaş,MARMARAY,YENIKAPI,-10,14.75
beşiktaş,MARMARAY,YENIKAPI,-9,6.36
beşiktaş,MARMARAY,YENIKAPI,-8,21.1
beşiktaş,MARMARAY,YENIKAPI,-7,74.88
beşiktaş,MARMARAY,YENIKAPI,-6,56.18
beşiktaş,MARMARAY,YENIKAPI,-5,75.67
beşiktaş,MARMARAY,YENIKAPI,-4,175.08
beşiktaş,MARMARAY,YENIKAPI,-3,302.51
beşiktaş,MARMARAY,YENIKAPI,-2,349.86
beşiktaş,MARMARAY,YENIKAPI,-1,335.7
beşiktaş,MARMARAY,YENIKAPI,0,278.69
beşiktaş,MARMARAY,YENIKAPI,1,158.68
beşiktaş,MARMARAY,YENIKAPI,2,182.11
beşiktaş,MARMARAY,YENIKAPI,3,106.44
beşiktaş,MARMARAY,YENIKAPI,4,-10.33
beşiktaş,MARMARAY,YENIKAPI,5,-44.54
beşiktaş,MARMARAY,YENIKAPI,6,-13.8
beşiktaş,MARMARAY,YENIKAPI,7,-32.03
beşiktaş,MARMARAY,YENIKAPI,8,-13.57
beşiktaş,MARMARAY,YENIKAPI,9,1.46
beşiktaş,MARMARAY,YENIKAPI,10,-57.64
beşiktaş,MARMARAY,YENIKAPI,11,-20.95
beşiktaş,MARMARAY,YENIKAPI,12,77.34
beşiktaş,MARMARAY,YENIMAHALLE,-12,27.94
beşiktaş,MARMARAY,YENIMAHALLE,-11,15.07
beşiktaş,MARMARAY,YENIMAHALLE,-10,11.99
beşiktaş,MARMARAY,YENIMAHALLE,-9,1.74
beşiktaş,MARMARAY,YENIMAHALLE,-8,2.22
beşiktaş,MARMARAY,YENIMAHALLE,-7,13.05
beşiktaş,MARMARAY,YENIMAHALLE,-6,27.99
beşiktaş,MARMARAY,YENIMAHALLE,-5,26.13
beşiktaş,MARMARAY,YENIMAHALLE,-4,26.44
beşiktaş,MARMARAY,YENIMAHALLE,-3,26.75
beşiktaş,MARMARAY,YENIMAHALLE,-2,28.86
beşiktaş,MARMARAY,YENIMAHALLE,-1,-2.76
beşiktaş,MARMARAY,YENIMAHALLE,0,-2.02
beşiktaş,MARMARAY,YENIMAHALLE,1,1.0
beşiktaş,MARMARAY,YENIMAHALLE,2,6.31
beşiktaş,MARMARAY,YENIMAHALLE,3,1.17
beşiktaş,MARMARAY,YENIMAHALLE,4,-3.75
beşiktaş,MARMARAY,YENIMAHALLE,5,-1.89
beşiktaş,MARMARAY,YENIMAHALLE,6,-0.45
beşiktaş,MARMARAY,YENIMAHALLE,7,-1.86
beşiktaş,MARMARAY,YENIMAHALLE,8,0.58
beşiktaş,MARMARAY,YENIMAHALLE,9,2.42
beşiktaş,MARMARAY,YENIMAHALLE,10,-18.31
beşiktaş,MARMARAY,YENIMAHALLE,11,-11.64
beşiktaş,MARMARAY,YENIMAHALLE,12,13.71
beşiktaş,MARMARAY,YESILKOY,-12,7.11
beşiktaş,MARMARAY,YESILKOY,-11,1.86
beşiktaş,MARMARAY,YESILKOY,-10,1.02
beşiktaş,MARMARAY,YESILKOY,-9,9.38
beşiktaş,MARMARAY,YESILKOY,-8,1.94
beşiktaş,MARMARAY,YESILKOY,-7,-0.83
beşiktaş,MARMARAY,YESILKOY,-6,-15.49
beşiktaş,MARMARAY,YESILKOY,-5,12.91
beşiktaş,MARMARAY,YESILKOY,-4,12.88
beşiktaş,MARMARAY,YESILKOY,-3,9.16
beşiktaş,MARMARAY,YESILKOY,-2,-0.03
beşiktaş,MARMARAY,YESILKOY,-1,-15.82
beşiktaş,MARMARAY,YESILKOY,0,-31.47
beşiktaş,MARMARAY,YESILKOY,1,-32.59
beşiktaş,MARMARAY,YESILKOY,2,-30.76
beşiktaş,MARMARAY,YESILKOY,3,-31.32
beşiktaş,MARMARAY,YESILKOY,4,-27.22
beşiktaş,MARMARAY,YESILKOY,5,-17.19
beşiktaş,MARMARAY,YESILKOY,6,-11.49
beşiktaş,MARMARAY,YESILKOY,7,-7.46
beşiktaş,MARMARAY,YESILKOY,8,2.13
beşiktaş,MARMARAY,YESILKOY,9,-3.14
beşiktaş,MARMARAY,YESILKOY,10,-3.56
beşiktaş,MARMARAY,YESILKOY,11,-5.14
beşiktaş,MARMARAY,YESILKOY,12,-2.2
beşiktaş,MARMARAY,YESILYURT,-12,18.67
beşiktaş,MARMARAY,YESILYURT,-11,7.76
beşiktaş,MARMARAY,YESILYURT,-10,3.06
beşiktaş,MARMARAY,YESILYURT,-9,-0.12
beşiktaş,MARMARAY,YESILYURT,-8,2.59
beşiktaş,MARMARAY,YESILYURT,-7,27.79
beşiktaş,MARMARAY,YESILYURT,-6,30.84
beşiktaş,MARMARAY,YESILYURT,-5,27.59
beşiktaş,MARMARAY,YESILYURT,-4,46.57
beşiktaş,MARMARAY,YESILYURT,-3,76.8
beşiktaş,MARMARAY,YESILYURT,-2,46.07
beşiktaş,MARMARAY,YESILYURT,-1,50.55
beşiktaş,MARMARAY,YESILYURT,0,55.43
beşiktaş,MARMARAY,YESILYURT,1,26.04
beşiktaş,MARMARAY,YESILYURT,2,0.27
beşiktaş,MARMARAY,YESILYURT,3,-8.27
beşiktaş,MARMARAY,YESILYURT,4,-5.97
beşiktaş,MARMARAY,YESILYURT,5,-4.82
beşiktaş,MARMARAY,YESILYURT,6,-1.92
beşiktaş,MARMARAY,YESILYURT,7,-3.7
beşiktaş,MARMARAY,YESILYURT,8,-0.02
beşiktaş,MARMARAY,YESILYURT,9,-2.95
beşiktaş,MARMARAY,YESILYURT,10,-10.18
beşiktaş,MARMARAY,YESILYURT,11,-5.07
beşiktaş,MARMARAY,YESILYURT,12,12.34
beşiktaş,MARMARAY,YUNUS,-12,15.02
beşiktaş,MARMARAY,YUNUS,-11,3.21
beşiktaş,MARMARAY,YUNUS,-10,2.69
beşiktaş,MARMARAY,YUNUS,-9,-5.93
beşiktaş,MARMARAY,YUNUS,-8,8.46
beşiktaş,MARMARAY,YUNUS,-7,10.25
beşiktaş,MARMARAY,YUNUS,-6,11.67
beşiktaş,MARMARAY,YUNUS,-5,-7.82
beşiktaş,MARMARAY,YUNUS,-4,7.54
beşiktaş,MARMARAY,YUNUS,-3,12.59
beşiktaş,MARMARAY,YUNUS,-2,7.15
beşiktaş,MARMARAY,YUNUS,-1,3.18
beşiktaş,MARMARAY,YUNUS,0,2.43
beşiktaş,MARMARAY,YUNUS,1,0.83
beşiktaş,MARMARAY,YUNUS,2,1.12
beşiktaş,MARMARAY,YUNUS,3,-0.09
beşiktaş,MARMARAY,YUNUS,4,-4.55
beşiktaş,MARMARAY,YUNUS,5,-2.76
beşiktaş,MARMARAY,YUNUS,6,6.5
beşiktaş,MARMARAY,YUNUS,7,-3.23
beşiktaş,MARMARAY,YUNUS,8,-0.85
beşiktaş,MARMARAY,YUNUS,9,-1.5
beşiktaş,MARMARAY,YUNUS,10,-2.12
beşiktaş,MARMARAY,YUNUS,11,-4.96
beşiktaş,MARMARAY,YUNUS,12,10.49
beşiktaş,MARMARAY,ZEYTINBURNU,-12,45.43
beşiktaş,MARMARAY,ZEYTINBURNU,-11,17.26
beşiktaş,MARMARAY,ZEYTINBURNU,-10,-4.56
beşiktaş,MARMARAY,ZEYTINBURNU,-9,-8.63
beşiktaş,MARMARAY,ZEYTINBURNU,-8,-4.0
beşiktaş,MARMARAY,ZEYTINBURNU,-7,-3.2
beşiktaş,MARMARAY,ZEYTINBURNU,-6,-11.52
beşiktaş,MARMARAY,ZEYTINBURNU,-5,8.26
beşiktaş,MARMARAY,ZEYTINBURNU,-4,1.46
beşiktaş,MARMARAY,ZEYTINBURNU,-3,12.45
beşiktaş,MARMARAY,ZEYTINBURNU,-2,61.65
beşiktaş,MARMARAY,ZEYTINBURNU,-1,18.21
beşiktaş,MARMARAY,ZEYTINBURNU,0,0.46
beşiktaş,MARMARAY,ZEYTINBURNU,1,-20.98
beşiktaş,MARMARAY,ZEYTINBURNU,2,-13.47
beşiktaş,MARMARAY,ZEYTINBURNU,3,-14.74
beşiktaş,MARMARAY,ZEYTINBURNU,4,-17.0
beşiktaş,MARMARAY,ZEYTINBURNU,5,-9.08
beşiktaş,MARMARAY,ZEYTINBURNU,6,-7.89
beşiktaş,MARMARAY,ZEYTINBURNU,7,-3.76
beşiktaş,MARMARAY,ZEYTINBURNU,8,3.0
beşiktaş,MARMARAY,ZEYTINBURNU,9,12.66
beşiktaş,MARMARAY,ZEYTINBURNU,10,-30.43
beşiktaş,MARMARAY,ZEYTINBURNU,11,-32.13
beşiktaş,MARMARAY,ZEYTINBURNU,12,43.88
beşiktaş,T1,AKINCILAR,-12,9.56
beşiktaş,T1,AKINCILAR,-11,3.7
beşiktaş,T1,AKINCILAR,-10,-5.34
beşiktaş,T1,AKINCILAR,-9,-4.57
beşiktaş,T1,AKINCILAR,-8,-1.86
beşiktaş,T1,AKINCILAR,-7,11.44
beşiktaş,T1,AKINCILAR,-6,15.86
beşiktaş,T1,AKINCILAR,-5,6.31
beşiktaş,T1,AKINCILAR,-4,1.38
beşiktaş,T1,AKINCILAR,-3,9.72
beşiktaş,T1,AKINCILAR,-2,5.73
beşiktaş,T1,AKINCILAR,-1,-6.58
beşiktaş,T1,AKINCILAR,0,-4.94
beşiktaş,T1,AKINCILAR,1,-8.51
beşiktaş,T1,AKINCILAR,2,-2.21
beşiktaş,T1,AKINCILAR,3,-4.08
beşiktaş,T1,AKINCILAR,4,-5.74
beşiktaş,T1,AKINCILAR,5,-1.9
beşiktaş,T1,AKINCILAR,6,-0.37
beşiktaş,T1,AKINCILAR,7,-3.38
beşiktaş,T1,AKINCILAR,8,-5.44
beşiktaş,T1,AKINCILAR,9,-0.97
beşiktaş,T1,AKINCILAR,10,-6.04
beşiktaş,T1,AKINCILAR,11,11.77
beşiktaş,T1,AKINCILAR,12,6.36
beşiktaş,T1,AKSARAY,-12,-18.08
beşiktaş,T1,AKSARAY,-11,-1.07
beşiktaş,T1,AKSARAY,-10,-19.56
beşiktaş,T1,AKSARAY,-9,-21.63
beşiktaş,T1,AKSARAY,-8,-9.95
beşiktaş,T1,AKSARAY,-7,5.22
beşiktaş,T1,AKSARAY,-6,8.29
beşiktaş,T1,AKSARAY,-5,9.08
beşiktaş,T1,AKSARAY,-4,10.07
beşiktaş,T1,AKSARAY,-3,19.06
beşiktaş,T1,AKSARAY,-2,33.22
beşiktaş,T1,AKSARAY,-1,0.04
beşiktaş,T1,AKSARAY,0,-44.99
beşiktaş,T1,AKSARAY,1,-43.53
beşiktaş,T1,AKSARAY,2,-31.66
beşiktaş,T1,AKSARAY,3,-27.06
beşiktaş,T1,AKSARAY,4,-24.92
beşiktaş,T1,AKSARAY,5,-14.48
beşiktaş,T1,AKSARAY,6,-36.27
beşiktaş,T1,AKSARAY,7,-9.53
beşiktaş,T1,AKSARAY,8,-1.65
beşiktaş,T1,AKSARAY,9,-1.52
beşiktaş,T1,AKSARAY,10,1.76
beşiktaş,T1,AKSARAY,11,23.36
beşiktaş,T1,AKSARAY,12,22.87
beşiktaş,T1,AKSEMSETTIN,-12,18.25
beşiktaş,T1,AKSEMSETTIN,-11,3.2
beşiktaş,T1,AKSEMSETTIN,-10,-12.53
beşiktaş,T1,AKSEMSETTIN,-9,-3.06
beşiktaş,T1,AKSEMSETTIN,-8,2.99
beşiktaş,T1,AKSEMSETTIN,-7,-7.28
beşiktaş,T1,AKSEMSETTIN,-6,3.84
beşiktaş,T1,AKSEMSETTIN,-5,5.48
beşiktaş,T1,AKSEMSETTIN,-4,14.05
beşiktaş,T1,AKSEMSETTIN,-3,3.79
beşiktaş,T1,AKSEMSETTIN,-2,31.41
beşiktaş,T1,AKSEMSETTIN,-1,-1.55
beşiktaş,T1,AKSEMSETTIN,0,-6.95
beşiktaş,T1,AKSEMSETTIN,1,-14.78
beşiktaş,T1,AKSEMSETTIN,2,-3.58
beşiktaş,T1,AKSEMSETTIN,3,-9.96
beşiktaş,T1,AKSEMSETTIN,4,-9.89
beşiktaş,T1,AKSEMSETTIN,5,-5.81
beşiktaş,T1,AKSEMSETTIN,6,-19.03
beşiktaş,T1,AKSEMSETTIN,7,-9.96
beşiktaş,T1,AKSEMSETTIN,8,-2.87
beşiktaş,T1,AKSEMSETTIN,9,6.13
beşiktaş,T1,AKSEMSETTIN,10,-19.37
beşiktaş,T1,AKSEMSETTIN,11,-15.98
beşiktaş,T1,AKSEMSETTIN,12,26.71
beşiktaş,T1,ATATURK OGRENCI YURDU,-12,-24.28
beşiktaş,T1,ATATURK OGRENCI YURDU,-11,17.9
beşiktaş,T1,ATATURK OGRENCI YURDU,-10,31.16
beşiktaş,T1,ATATURK OGRENCI YURDU,-9,22.77
beşiktaş,T1,ATATURK OGRENCI YURDU,-8,91.19
beşiktaş,T1,ATATURK OGRENCI YURDU,-7,66.57
beşiktaş,T1,ATATURK OGRENCI YURDU,-6,76.7
beşiktaş,T1,ATATURK OGRENCI YURDU,-5,89.61
beşiktaş,T1,ATATURK OGRENCI YURDU,-4,109.66
beşiktaş,T1,ATATURK OGRENCI YURDU,-3,173.89
beşiktaş,T1,ATATURK OGRENCI YURDU,-2,165.46
beşiktaş,T1,ATATURK OGRENCI YURDU,-1,62.64
beşiktaş,T1,ATATURK OGRENCI YURDU,0,30.37
beşiktaş,T1,ATATURK OGRENCI YURDU,1,5.45
beşiktaş,T1,ATATURK OGRENCI YURDU,2,5.33
beşiktaş,T1,ATATURK OGRENCI YURDU,3,1.06
beşiktaş,T1,ATATURK OGRENCI YURDU,4,-7.98
beşiktaş,T1,ATATURK OGRENCI YURDU,5,-9.22
beşiktaş,T1,ATATURK OGRENCI YURDU,6,-3.72
beşiktaş,T1,ATATURK OGRENCI YURDU,7,-2.41
beşiktaş,T1,ATATURK OGRENCI YURDU,8,-2.7
beşiktaş,T1,ATATURK OGRENCI YURDU,9,2.5
beşiktaş,T1,ATATURK OGRENCI YURDU,10,-4.38
beşiktaş,T1,ATATURK OGRENCI YURDU,11,-20.06
beşiktaş,T1,ATATURK OGRENCI YURDU,12,13.7
beşiktaş,T1,BAGCILAR,-12,10.01
beşiktaş,T1,BAGCILAR,-11,3.45
beşiktaş,T1,BAGCILAR,-10,-3.4
beşiktaş,T1,BAGCILAR,-9,-0.61
beşiktaş,T1,BAGCILAR,-8,13.92
beşiktaş,T1,BAGCILAR,-7,15.86
beşiktaş,T1,BAGCILAR,-6,23.56
beşiktaş,T1,BAGCILAR,-5,29.68
beşiktaş,T1,BAGCILAR,-4,21.72
beşiktaş,T1,BAGCILAR,-3,25.92
beşiktaş,T1,BAGCILAR,-2,43.34
beşiktaş,T1,BAGCILAR,-1,9.97
beşiktaş,T1,BAGCILAR,0,-3.71
beşiktaş,T1,BAGCILAR,1,-10.83
beşiktaş,T1,BAGCILAR,2,-2.89
beşiktaş,T1,BAGCILAR,3,-16.37
beşiktaş,T1,BAGCILAR,4,-12.12
beşiktaş,T1,BAGCILAR,5,-8.49
beşiktaş,T1,BAGCILAR,6,-19.98
beşiktaş,T1,BAGCILAR,7,-8.6
beşiktaş,T1,BAGCILAR,8,-6.43
beşiktaş,T1,BAGCILAR,9,-6.41
beşiktaş,T1,BAGCILAR,10,-34.54
beşiktaş,T1,BAGCILAR,11,16.33
beşiktaş,T1,BAGCILAR,12,-7.38
beşiktaş,T1,BEYAZIT,-12,-2.6
beşiktaş,T1,BEYAZIT,-11,-5.93
beşiktaş,T1,BEYAZIT,-10,-4.73
beşiktaş,T1,BEYAZIT,-9,17.1
beşiktaş,T1,BEYAZIT,-8,-0.2
beşiktaş,T1,BEYAZIT,-7,-2.31
beşiktaş,T1,BEYAZIT,-6,25.82
beşiktaş,T1,BEYAZIT,-5,3.7
beşiktaş,T1,BEYAZIT,-4,35.07
beşiktaş,T1,BEYAZIT,-3,19.46
beşiktaş,T1,BEYAZIT,-2,84.52
beşiktaş,T1,BEYAZIT,-1,32.33
beşiktaş,T1,BEYAZIT,0,13.22
beşiktaş,T1,BEYAZIT,1,-4.26
beşiktaş,T1,BEYAZIT,2,2.18
beşiktaş,T1,BEYAZIT,3,-17.88
beşiktaş,T1,BEYAZIT,4,-13.63
beşiktaş,T1,BEYAZIT,5,-12.19
beşiktaş,T1,BEYAZIT,6,-28.46
beşiktaş,T1,BEYAZIT,7,-13.14
beşiktaş,T1,BEYAZIT,8,-3.0
beşiktaş,T1,BEYAZIT,9,-6.03
beşiktaş,T1,BEYAZIT,10,-4.82
beşiktaş,T1,BEYAZIT,11,3.59
beşiktaş,T1,BEYAZIT,12,5.27
beşiktaş,T1,CAMI,-12,27.27
beşiktaş,T1,CAMI,-11,2.23
beşiktaş,T1,CAMI,-10,0.48
beşiktaş,T1,CAMI,-9,0.85
beşiktaş,T1,CAMI,-8,9.77
beşiktaş,T1,CAMI,-7,6.21
beşiktaş,T1,CAMI,-6,10.58
beşiktaş,T1,CAMI,-5,13.27
beşiktaş,T1,CAMI,-4,16.03
beşiktaş,T1,CAMI,-3,2.29
beşiktaş,T1,CAMI,-2,6.28
beşiktaş,T1,CAMI,-1,-6.29
beşiktaş,T1,CAMI,0,-6.7
beşiktaş,T1,CAMI,1,-8.05
beşiktaş,T1,CAMI,2,-3.15
beşiktaş,T1,CAMI,3,-3.95
beşiktaş,T1,CAMI,4,-6.23
beşiktaş,T1,CAMI,5,-7.06
beşiktaş,T1,CAMI,6,-9.86
beşiktaş,T1,CAMI,7,-2.95
beşiktaş,T1,CAMI,8,1.4
beşiktaş,T1,CAMI,9,3.57
beşiktaş,T1,CAMI,10,-28.23
beşiktaş,T1,CAMI,11,20.74
beşiktaş,T1,CAMI,12,11.41
beşiktaş,T1,CAPA,-12,7.44
beşiktaş,T1,CAPA,-11,1.01
beşiktaş,T1,CAPA,-10,9.49
beşiktaş,T1,CAPA,-9,14.61
beşiktaş,T1,CAPA,-8,22.06
beşiktaş,T1,CAPA,-7,23.6
beşiktaş,T1,CAPA,-6,37.05
beşiktaş,T1,CAPA,-5,52.58
beşiktaş,T1,CAPA,-4,40.24
beşiktaş,T1,CAPA,-3,38.84
beşiktaş,T1,CAPA,-2,65.98
beşiktaş,T1,CAPA,-1,10.5
beşiktaş,T1,CAPA,0,9.06
beşiktaş,T1,CAPA,1,-3.56
beşiktaş,T1,CAPA,2,3.98
beşiktaş,T1,CAPA,3,-4.0
beşiktaş,T1,CAPA,4,-3.71
beşiktaş,T1,CAPA,5,-10.39
beşiktaş,T1,CAPA,6,-20.87
beşiktaş,T1,CAPA,7,-5.3
beşiktaş,T1,CAPA,8,0.08
beşiktaş,T1,CAPA,9,8.36
beşiktaş,T1,CAPA,10,0.64
beşiktaş,T1,CAPA,11,12.01
beşiktaş,T1,CAPA,12,18.28
beşiktaş,T1,CEMBERLITAS,-12,12.66
beşiktaş,T1,CEMBERLITAS,-11,1.74
beşiktaş,T1,CEMBERLITAS,-10,6.92
beşiktaş,T1,CEMBERLITAS,-9,15.94
beşiktaş,T1,CEMBERLITAS,-8,8.96
beşiktaş,T1,CEMBERLITAS,-7,-9.12
beşiktaş,T1,CEMBERLITAS,-6,19.57
beşiktaş,T1,CEMBERLITAS,-5,22.17
beşiktaş,T1,CEMBERLITAS,-4,15.17
beşiktaş,T1,CEMBERLITAS,-3,26.5
beşiktaş,T1,CEMBERLITAS,-2,75.77
beşiktaş,T1,CEMBERLITAS,-1,54.91
beşiktaş,T1,CEMBERLITAS,0,16.63
beşiktaş,T1,CEMBERLITAS,1,-0.33
beşiktaş,T1,CEMBERLITAS,2,2.26
beşiktaş,T1,CEMBERLITAS,3,-8.16
beşiktaş,T1,CEMBERLITAS,4,-14.32
beşiktaş,T1,CEMBERLITAS,5,-5.42
beşiktaş,T1,CEMBERLITAS,6,-9.67
beşiktaş,T1,CEMBERLITAS,7,-18.5
beşiktaş,T1,CEMBERLITAS,8,-2.87
beşiktaş,T1,CEMBERLITAS,9,-2.67
beşiktaş,T1,CEMBERLITAS,10,-4.63
beşiktaş,T1,CEMBERLITAS,11,-3.93
beşiktaş,T1,CEMBERLITAS,12,5.45
beşiktaş,T1,EMINONU,-12,36.92
beşiktaş,T1,EMINONU,-11,15.86
beşiktaş,T1,EMINONU,-10,1.99
beşiktaş,T1,EMINONU,-9,-6.87
beşiktaş,T1,EMINONU,-8,-13.97
beşiktaş,T1,EMINONU,-7,-5.58
beşiktaş,T1,EMINONU,-6,28.12
beşiktaş,T1,EMINONU,-5,109.61
beşiktaş,T1,EMINONU,-4,129.86
beşiktaş,T1,EMINONU,-3,152.88
beşiktaş,T1,EMINONU,-2,217.71
beşiktaş,T1,EMINONU,-1,150.49
beşiktaş,T1,EMINONU,0,50.5
beşiktaş,T1,EMINONU,1,-51.91
beşiktaş,T1,EMINONU,2,-87.6
beşiktaş,T1,EMINONU,3,-40.32
beşiktaş,T1,EMINONU,4,-50.95
beşiktaş,T1,EMINONU,5,-56.97
beşiktaş,T1,EMINONU,6,-134.63
beşiktaş,T1,EMINONU,7,-43.83
beşiktaş,T1,EMINONU,8,-9.06
beşiktaş,T1,EMINONU,9,14.55
beşiktaş,T1,EMINONU,10,30.11
beşiktaş,T1,EMINONU,11,27.78
beşiktaş,T1,EMINONU,12,57.88
beşiktaş,T1,FINDIKLI,-12,1.15
beşiktaş,T1,FINDIKLI,-11,-0.41
beşiktaş,T1,FINDIKLI,-10,0.36
beşiktaş,T1,FINDIKLI,-9,-5.48
beşiktaş,T1,FINDIKLI,-8,2.68
beşiktaş,T1,FINDIKLI,-7,6.85
beşiktaş,T1,FINDIKLI,-6,4.63
beşiktaş,T1,FINDIKLI,-5,14.94
beşiktaş,T1,FINDIKLI,-4,39.17
beşiktaş,T1,FINDIKLI,-3,46.33
beşiktaş,T1,FINDIKLI,-2,43.63
beşiktaş,T1,FINDIKLI,-1,42.0
beşiktaş,T1,FINDIKLI,0,28.72
beşiktaş,T1,FINDIKLI,1,18.46
beşiktaş,T1,FINDIKLI,2,49.44
beşiktaş,T1,FINDIKLI,3,9.54
beşiktaş,T1,FINDIKLI,4,-2.73
beşiktaş,T1,FINDIKLI,5,-9.95
beşiktaş,T1,FINDIKLI,6,-19.92
beşiktaş,T1,FINDIKLI,7,-4.08
beşiktaş,T1,FINDIKLI,8,-0.22
beşiktaş,T1,FINDIKLI,9,0.29
beşiktaş,T1,FINDIKLI,10,-1.57
beşiktaş,T1,FINDIKLI,11,-1.3
beşiktaş,T1,FINDIKLI,12,-2.36
beşiktaş,T1,FINDIKZADE,-12,6.28
beşiktaş,T1,FINDIKZADE,-11,8.0
beşiktaş,T1,FINDIKZADE,-10,-0.16
beşiktaş,T1,FINDIKZADE,-9,11.48
beşiktaş,T1,FINDIKZADE,-8,21.59
beşiktaş,T1,FINDIKZADE,-7,27.14
beşiktaş,T1,FINDIKZADE,-6,24.82
beşiktaş,T1,FINDIKZADE,-5,22.18
beşiktaş,T1,FINDIKZADE,-4,26.56
beşiktaş,T1,FINDIKZADE,-3,24.39
beşiktaş,T1,FINDIKZADE,-2,40.15
beşiktaş,T1,FINDIKZADE,-1,7.05
beşiktaş,T1,FINDIKZADE,0,-1.69
beşiktaş,T1,FINDIKZADE,1,-4.67
beşiktaş,T1,FINDIKZADE,2,-6.18
beşiktaş,T1,FINDIKZADE,3,-7.03
beşiktaş,T1,FINDIKZADE,4,-12.32
beşiktaş,T1,FINDIKZADE,5,-4.07
beşiktaş,T1,FINDIKZADE,6,3.06
beşiktaş,T1,FINDIKZADE,7,-21.08
beşiktaş,T1,FINDIKZADE,8,-7.7
beşiktaş,T1,FINDIKZADE,9,7.92
beşiktaş,T1,FINDIKZADE,10,1.32
beşiktaş,T1,FINDIKZADE,11,17.7
beşiktaş,T1,FINDIKZADE,12,16.42
beşiktaş,T1,GULHANE,-12,-0.04
beşiktaş,T1,GULHANE,-11,-0.94
beşiktaş,T1,GULHANE,-10,5.64
beşiktaş,T1,GULHANE,-9,1.26
beşiktaş,T1,GULHANE,-8,0.54
beşiktaş,T1,GULHANE,-7,-7.89
beşiktaş,T1,GULHANE,-6,0.44
beşiktaş,T1,GULHANE,-5,8.36
beşiktaş,T1,GULHANE,-4,31.53
beşiktaş,T1,GULHANE,-3,14.6
beşiktaş,T1,GULHANE,-2,3.3
beşiktaş,T1,GULHANE,-1,2.93
beşiktaş,T1,GULHANE,0,-15.71
beşiktaş,T1,GULHANE,1,-11.31
beşiktaş,T1,GULHANE,2,-23.79
beşiktaş,T1,GULHANE,3,-26.26
beşiktaş,T1,GULHANE,4,-17.62
beşiktaş,T1,GULHANE,5,-14.23
beşiktaş,T1,GULHANE,6,-5.63
beşiktaş,T1,GULHANE,7,-9.99
beşiktaş,T1,GULHANE,8,0.57
beşiktaş,T1,GULHANE,9,5.58
beşiktaş,T1,GULHANE,10,6.1
beşiktaş,T1,GULHANE,11,2.95
beşiktaş,T1,GULHANE,12,-5.02
beşiktaş,T1,GUNESTEPE,-12,6.8
beşiktaş,T1,GUNESTEPE,-11,-2.92
beşiktaş,T1,GUNESTEPE,-10,-1.81
beşiktaş,T1,GUNESTEPE,-9,-3.0
beşiktaş,T1,GUNESTEPE,-8,1.81
beşiktaş,T1,GUNESTEPE,-7,8.58
beşiktaş,T1,GUNESTEPE,-6,8.93
beşiktaş,T1,GUNESTEPE,-5,6.62
beşiktaş,T1,GUNESTEPE,-4,3.82
beşiktaş,T1,GUNESTEPE,-3,1.81
beşiktaş,T1,GUNESTEPE,-2,5.09
beşiktaş,T1,GUNESTEPE,-1,-4.06
beşiktaş,T1,GUNESTEPE,0,-3.49
beşiktaş,T1,GUNESTEPE,1,-7.12
beşiktaş,T1,GUNESTEPE,2,-2.47
beşiktaş,T1,GUNESTEPE,3,-8.5
beşiktaş,T1,GUNESTEPE,4,-5.89
beşiktaş,T1,GUNESTEPE,5,-0.88
beşiktaş,T1,GUNESTEPE,6,13.75
beşiktaş,T1,GUNESTEPE,7,-6.05
beşiktaş,T1,GUNESTEPE,8,-0.64
beşiktaş,T1,GUNESTEPE,9,-0.0
beşiktaş,T1,GUNESTEPE,10,-17.48
beşiktaş,T1,GUNESTEPE,11,14.68
beşiktaş,T1,GUNESTEPE,12,2.39
beşiktaş,T1,GUNGOREN,-12,2.08
beşiktaş,T1,GUNGOREN,-11,-2.35
beşiktaş,T1,GUNGOREN,-10,-18.11
beşiktaş,T1,GUNGOREN,-9,-8.34
beşiktaş,T1,GUNGOREN,-8,9.97
beşiktaş,T1,GUNGOREN,-7,16.51
beşiktaş,T1,GUNGOREN,-6,38.22
beşiktaş,T1,GUNGOREN,-5,32.46
beşiktaş,T1,GUNGOREN,-4,47.21
beşiktaş,T1,GUNGOREN,-3,19.91
beşiktaş,T1,GUNGOREN,-2,47.77
beşiktaş,T1,GUNGOREN,-1,11.59
beşiktaş,T1,GUNGOREN,0,8.8
beşiktaş,T1,GUNGOREN,1,-1.11
beşiktaş,T1,GUNGOREN,2,-6.9
beşiktaş,T1,GUNGOREN,3,-1.23
beşiktaş,T1,GUNGOREN,4,-3.84
beşiktaş,T1,GUNGOREN,5,-10.37
beşiktaş,T1,GUNGOREN,6,-23.94
beşiktaş,T1,GUNGOREN,7,-17.8
beşiktaş,T1,GUNGOREN,8,1.79
beşiktaş,T1,GUNGOREN,9,-0.48
beşiktaş,T1,GUNGOREN,10,-33.97
beşiktaş,T1,GUNGOREN,11,-25.61
beşiktaş,T1,GUNGOREN,12,10.35
beşiktaş,T1,HASEKI,-12,-2.04
beşiktaş,T1,HASEKI,-11,-2.93
beşiktaş,T1,HASEKI,-10,-0.99
beşiktaş,T1,HASEKI,-9,0.16
beşiktaş,T1,HASEKI,-8,4.11
beşiktaş,T1,HASEKI,-7,1.84
beşiktaş,T1,HASEKI,-6,2.94
beşiktaş,T1,HASEKI,-5,5.32
beşiktaş,T1,HASEKI,-4,-1.67
beşiktaş,T1,HASEKI,-3,-4.07
beşiktaş,T1,HASEKI,-2,12.33
beşiktaş,T1,HASEKI,-1,-14.55
beşiktaş,T1,HASEKI,0,-8.35
beşiktaş,T1,HASEKI,1,-6.42
beşiktaş,T1,HASEKI,2,-5.46
beşiktaş,T1,HASEKI,3,-9.91
beşiktaş,T1,HASEKI,4,-11.23
beşiktaş,T1,HASEKI,5,-3.58
beşiktaş,T1,HASEKI,6,-22.42
beşiktaş,T1,HASEKI,7,-7.44
beşiktaş,T1,HASEKI,8,-1.99
beşiktaş,T1,HASEKI,9,3.57
beşiktaş,T1,HASEKI,10,-1.33
beşiktaş,T1,HASEKI,11,1.71
beşiktaş,T1,HASEKI,12,4.22
beşiktaş,T1,KABATAS,-12,12.43
beşiktaş,T1,KABATAS,-11,8.75
beşiktaş,T1,KABATAS,-10,10.86
beşiktaş,T1,KABATAS,-9,8.48
beşiktaş,T1,KABATAS,-8,49.64
beşiktaş,T1,KABATAS,-7,17.53
beşiktaş,T1,KABATAS,-6,42.5
beşiktaş,T1,KABATAS,-5,24.82
beşiktaş,T1,KABATAS,-4,41.12
beşiktaş,T1,KABATAS,-3,110.29
beşiktaş,T1,KABATAS,-2,141.39
beşiktaş,T1,KABATAS,-1,119.4
beşiktaş,T1,KABATAS,0,97.7
beşiktaş,T1,KABATAS,1,361.12
beşiktaş,T1,KABATAS,2,2520.79
beşiktaş,T1,KABATAS,3,240.17
beşiktaş,T1,KABATAS,4,-6.02
beşiktaş,T1,KABATAS,5,-68.14
beşiktaş,T1,KABATAS,6,-455.39
beşiktaş,T1,KABATAS,7,-110.27
beşiktaş,T1,KABATAS,8,-3.03
beşiktaş,T1,KABATAS,9,3.45
beşiktaş,T1,KABATAS,10,-5.96
beşiktaş,T1,KABATAS,11,13.16
beşiktaş,T1,KABATAS,12,17.36
beşiktaş,T1,KARAKOY,-12,-36.53
beşiktaş,T1,KARAKOY,-11,-24.95
beşiktaş,T1,KARAKOY,-10,-13.76
beşiktaş,T1,KARAKOY,-9,-12.44
beşiktaş,T1,KARAKOY,-8,-12.33
beşiktaş,T1,KARAKOY,-7,-39.43
beşiktaş,T1,KARAKOY,-6,6.76
beşiktaş,T1,KARAKOY,-5,31.17
beşiktaş,T1,KARAKOY,-4,46.83
beşiktaş,T1,KARAKOY,-3,76.15
beşiktaş,T1,KARAKOY,-2,140.33
beşiktaş,T1,KARAKOY,-1,125.78
beşiktaş,T1,KARAKOY,0,54.55
beşiktaş,T1,KARAKOY,1,9.69
beşiktaş,T1,KARAKOY,2,-22.4
beşiktaş,T1,KARAKOY,3,-40.57
beşiktaş,T1,KARAKOY,4,-38.27
beşiktaş,T1,KARAKOY,5,-32.18
beşiktaş,T1,KARAKOY,6,29.62
beşiktaş,T1,KARAKOY,7,-16.56
beşiktaş,T1,KARAKOY,8,-12.33
beşiktaş,T1,KARAKOY,9,-31.83
beşiktaş,T1,KARAKOY,10,-55.68
beşiktaş,T1,KARAKOY,11,-37.95
beşiktaş,T1,KARAKOY,12,-25.84
beşiktaş,T1,KERESTECILER,-12,0.74
beşiktaş,T1,KERESTECILER,-11,0.07
beşiktaş,T1,KERESTECILER,-10,-1.88
beşiktaş,T1,KERESTECILER,-9,-0.7
beşiktaş,T1,KERESTECILER,-8,-0.15
beşiktaş,T1,KERESTECILER,-7,-5.36
beşiktaş,T1,KERESTECILER,-6,-4.27
beşiktaş,T1,KERESTECILER,-5,2.12
beşiktaş,T1,KERESTECILER,-4,-4.99
beşiktaş,T1,KERESTECILER,-3,1.24
beşiktaş,T1,KERESTECILER,-2,29.3
beşiktaş,T1,KERESTECILER,-1,20.15
beşiktaş,T1,KERESTECILER,0,4.27
beşiktaş,T1,KERESTECILER,1,0.97
beşiktaş,T1,KERESTECILER,2,0.64
beşiktaş,T1,KERESTECILER,3,-1.94
beşiktaş,T1,KERESTECILER,4,-0.8
beşiktaş,T1,KERESTECILER,5,-2.05
beşiktaş,T1,KERESTECILER,6,-1.19
beşiktaş,T1,KERESTECILER,7,-0.78
beşiktaş,T1,KERESTECILER,8,-0.15
beşiktaş,T1,KERESTECILER,9,-0.5
beşiktaş,T1,KERESTECILER,10,-1.06
beşiktaş,T1,KERESTECILER,11,-0.96
beşiktaş,T1,KERESTECILER,12,1.73
beşiktaş,T1,LALELI,-12,21.45
beşiktaş,T1,LALELI,-11,7.87
beşiktaş,T1,LALELI,-10,16.15
beşiktaş,T1,LALELI,-9,31.79
beşiktaş,T1,LALELI,-8,37.77
beşiktaş,T1,LALELI,-7,44.03
beşiktaş,T1,LALELI,-6,56.41
beşiktaş,T1,LALELI,-5,44.75
beşiktaş,T1,LALELI,-4,46.49
beşiktaş,T1,LALELI,-3,44.02
beşiktaş,T1,LALELI,-2,56.92
beşiktaş,T1,LALELI,-1,35.88
beşiktaş,T1,LALELI,0,14.5
beşiktaş,T1,LALELI,1,11.43
beşiktaş,T1,LALELI,2,15.89
beşiktaş,T1,LALELI,3,4.53
beşiktaş,T1,LALELI,4,-2.34
beşiktaş,T1,LALELI,5,-4.89
beşiktaş,T1,LALELI,6,-6.84
beşiktaş,T1,LALELI,7,-11.22
beşiktaş,T1,LALELI,8,-11.94
beşiktaş,T1,LALELI,9,-13.86
beşiktaş,T1,LALELI,10,-17.67
beşiktaş,T1,LALELI,11,-3.49
beşiktaş,T1,LALELI,12,15.59
beşiktaş,T1,MEHMETAKIF,-12,3.24
beşiktaş,T1,MEHMETAKIF,-11,-1.01
beşiktaş,T1,MEHMETAKIF,-10,1.39
beşiktaş,T1,MEHMETAKIF,-9,11.34
beşiktaş,T1,MEHMETAKIF,-8,-0.06
beşiktaş,T1,MEHMETAKIF,-7,-12.44
beşiktaş,T1,MEHMETAKIF,-6,6.62
beşiktaş,T1,MEHMETAKIF,-5,15.95
beşiktaş,T1,MEHMETAKIF,-4,20.72
beşiktaş,T1,MEHMETAKIF,-3,11.0
beşiktaş,T1,MEHMETAKIF,-2,18.53
beşiktaş,T1,MEHMETAKIF,-1,9.02
beşiktaş,T1,MEHMETAKIF,0,1.45
beşiktaş,T1,MEHMETAKIF,1,4.77
beşiktaş,T1,MEHMETAKIF,2,1.68
beşiktaş,T1,MEHMETAKIF,3,-0.84
beşiktaş,T1,MEHMETAKIF,4,-5.49
beşiktaş,T1,MEHMETAKIF,5,-1.36
beşiktaş,T1,MEHMETAKIF,6,-4.67
beşiktaş,T1,MEHMETAKIF,7,-12.84
beşiktaş,T1,MEHMETAKIF,8,0.78
beşiktaş,T1,MEHMETAKIF,9,1.3
beşiktaş,T1,MEHMETAKIF,10,-5.16
beşiktaş,T1,MEHMETAKIF,11,-2.5
beşiktaş,T1,MEHMETAKIF,12,2.28
beşiktaş,T1,MERKEZEFENDI,-12,8.13
beşiktaş,T1,MERKEZEFENDI,-11,0.76
beşiktaş,T1,MERKEZEFENDI,-10,-5.54
beşiktaş,T1,MERKEZEFENDI,-9,18.5
beşiktaş,T1,MERKEZEFENDI,-8,8.27
beşiktaş,T1,MERKEZEFENDI,-7,10.21
beşiktaş,T1,MERKEZEFENDI,-6,12.13
beşiktaş,T1,MERKEZEFENDI,-5,4.07
beşiktaş,T1,MERKEZEFENDI,-4,5.72
beşiktaş,T1,MERKEZEFENDI,-3,4.34
beşiktaş,T1,MERKEZEFENDI,-2,3.14
beşiktaş,T1,MERKEZEFENDI,-1,0.05
beşiktaş,T1,MERKEZEFENDI,0,0.89
beşiktaş,T1,MERKEZEFENDI,1,0.16
beşiktaş,T1,MERKEZEFENDI,2,1.42
beşiktaş,T1,MERKEZEFENDI,3,-1.99
beşiktaş,T1,MERKEZEFENDI,4,-1.49
beşiktaş,T1,MERKEZEFENDI,5,-2.37
beşiktaş,T1,MERKEZEFENDI,6,-11.73
beşiktaş,T1,MERKEZEFENDI,7,-2.65
beşiktaş,T1,MERKEZEFENDI,8,1.21
beşiktaş,T1,MERKEZEFENDI,9,-1.24
beşiktaş,T1,MERKEZEFENDI,10,-7.14
beşiktaş,T1,MERKEZEFENDI,11,-8.58
beşiktaş,T1,MERKEZEFENDI,12,13.61
beşiktaş,T1,MITHATPASA,-12,17.21
beşiktaş,T1,MITHATPASA,-11,0.73
beşiktaş,T1,MITHATPASA,-10,0.26
beşiktaş,T1,MITHATPASA,-9,0.8
beşiktaş,T1,MITHATPASA,-8,6.05
beşiktaş,T1,MITHATPASA,-7,5.4
beşiktaş,T1,MITHATPASA,-6,-2.38
beşiktaş,T1,MITHATPASA,-5,1.63
beşiktaş,T1,MITHATPASA,-4,-3.5
beşiktaş,T1,MITHATPASA,-3,5.67
beşiktaş,T1,MITHATPASA,-2,11.35
beşiktaş,T1,MITHATPASA,-1,-8.51
beşiktaş,T1,MITHATPASA,0,-5.75
beşiktaş,T1,MITHATPASA,1,-6.5
beşiktaş,T1,MITHATPASA,2,-0.62
beşiktaş,T1,MITHATPASA,3,-3.79
beşiktaş,T1,MITHATPASA,4,-3.14
beşiktaş,T1,MITHATPASA,5,-6.24
beşiktaş,T1,MITHATPASA,6,-5.98
beşiktaş,T1,MITHATPASA,7,-11.84
beşiktaş,T1,MITHATPASA,8,-0.14
beşiktaş,T1,MITHATPASA,9,-3.79
beşiktaş,T1,MITHATPASA,10,-18.27
beşiktaş,T1,MITHATPASA,11,-4.68
beşiktaş,T1,MITHATPASA,12,31.19
beşiktaş,T1,PAZARTEKKE,-12,9.09
beşiktaş,T1,PAZARTEKKE,-11,14.32
beşiktaş,T1,PAZARTEKKE,-10,3.77
beşiktaş,T1,PAZARTEKKE,-9,1.86
beşiktaş,T1,PAZARTEKKE,-8,13.43
beşiktaş,T1,PAZARTEKKE,-7,7.5
beşiktaş,T1,PAZARTEKKE,-6,22.02
beşiktaş,T1,PAZARTEKKE,-5,7.35
beşiktaş,T1,PAZARTEKKE,-4,9.92
beşiktaş,T1,PAZARTEKKE,-3,18.78
beşiktaş,T1,PAZARTEKKE,-2,18.78
beşiktaş,T1,PAZARTEKKE,-1,1.86
beşiktaş,T1,PAZARTEKKE,0,3.07
beşiktaş,T1,PAZARTEKKE,1,-4.42
beşiktaş,T1,PAZARTEKKE,2,-2.14
beşiktaş,T1,PAZARTEKKE,3,0.65
beşiktaş,T1,PAZARTEKKE,4,-6.02
beşiktaş,T1,PAZARTEKKE,5,-2.29
beşiktaş,T1,PAZARTEKKE,6,-1.14
beşiktaş,T1,PAZARTEKKE,7,-4.49
beşiktaş,T1,PAZARTEKKE,8,-1.25
beşiktaş,T1,PAZARTEKKE,9,2.54
beşiktaş,T1,PAZARTEKKE,10,-3.53
beşiktaş,T1,PAZARTEKKE,11,5.68
beşiktaş,T1,PAZARTEKKE,12,12.21
beşiktaş,T1,SIRKECI,-12,22.04
beşiktaş,T1,SIRKECI,-11,17.21
beşiktaş,T1,SIRKECI,-10,9.69
beşiktaş,T1,SIRKECI,-9,24.73
beşiktaş,T1,SIRKECI,-8,53.21
beşiktaş,T1,SIRKECI,-7,72.87
beşiktaş,T1,SIRKECI,-6,49.48
beşiktaş,T1,SIRKECI,-5,66.28
beşiktaş,T1,SIRKECI,-4,69.0
beşiktaş,T1,SIRKECI,-3,96.89
beşiktaş,T1,SIRKECI,-2,210.76
beşiktaş,T1,SIRKECI,-1,164.95
beşiktaş,T1,SIRKECI,0,53.95
beşiktaş,T1,SIRKECI,1,-16.0
beşiktaş,T1,SIRKECI,2,-27.26
beşiktaş,T1,SIRKECI,3,-17.31
beşiktaş,T1,SIRKECI,4,-25.5
beşiktaş,T1,SIRKECI,5,-13.81
beşiktaş,T1,SIRKECI,6,-74.04
beşiktaş,T1,SIRKECI,7,-36.03
beşiktaş,T1,SIRKECI,8,-5.05
beşiktaş,T1,SIRKECI,9,7.09
beşiktaş,T1,SIRKECI,10,-38.17
beşiktaş,T1,SIRKECI,11,-0.19
beşiktaş,T1,SIRKECI,12,15.12
beşiktaş,T1,SOGANLI,-12,41.75
beşiktaş,T1,SOGANLI,-11,7.2
beşiktaş,T1,SOGANLI,-10,2.55
beşiktaş,T1,SOGANLI,-9,0.05
beşiktaş,T1,SOGANLI,-8,9.9
beşiktaş,T1,SOGANLI,-7,6.66
beşiktaş,T1,SOGANLI,-6,17.31
beşiktaş,T1,SOGANLI,-5,28.94
beşiktaş,T1,SOGANLI,-4,14.76
beşiktaş,T1,SOGANLI,-3,18.28
beşiktaş,T1,SOGANLI,-2,10.8
beşiktaş,T1,SOGANLI,-1,-3.24
beşiktaş,T1,SOGANLI,0,-10.63
beşiktaş,T1,SOGANLI,1,-15.36
beşiktaş,T1,SOGANLI,2,-6.3
beşiktaş,T1,SOGANLI,3,-9.66
beşiktaş,T1,SOGANLI,4,-9.05
beşiktaş,T1,SOGANLI,5,-6.32
beşiktaş,T1,SOGANLI,6,-13.35
beşiktaş,T1,SOGANLI,7,-9.89
beşiktaş,T1,SOGANLI,8,-4.35
beşiktaş,T1,SOGANLI,9,-4.54
beşiktaş,T1,SOGANLI,10,-21.6
beşiktaş,T1,SOGANLI,11,13.63
beşiktaş,T1,SOGANLI,12,45.96
beşiktaş,T1,SULTANAHMET,-12,-6.67
beşiktaş,T1,SULTANAHMET,-11,7.48
beşiktaş,T1,SULTANAHMET,-10,0.33
beşiktaş,T1,SULTANAHMET,-9,-3.83
beşiktaş,T1,SULTANAHMET,-8,-13.42
beşiktaş,T1,SULTANAHMET,-7,2.65
beşiktaş,T1,SULTANAHMET,-6,49.46
beşiktaş,T1,SULTANAHMET,-5,34.65
beşiktaş,T1,SULTANAHMET,-4,80.99
beşiktaş,T1,SULTANAHMET,-3,82.76
beşiktaş,T1,SULTANAHMET,-2,105.89
beşiktaş,T1,SULTANAHMET,-1,12.42
beşiktaş,T1,SULTANAHMET,0,-3.27
beşiktaş,T1,SULTANAHMET,1,-17.88
beşiktaş,T1,SULTANAHMET,2,-34.73
beşiktaş,T1,SULTANAHMET,3,-83.19
beşiktaş,T1,SULTANAHMET,4,-63.28
beşiktaş,T1,SULTANAHMET,5,-34.46
beşiktaş,T1,SULTANAHMET,6,-126.85
beşiktaş,T1,SULTANAHMET,7,-63.51
beşiktaş,T1,SULTANAHMET,8,-3.64
beşiktaş,T1,SULTANAHMET,9,-2.56
beşiktaş,T1,SULTANAHMET,10,-7.36
beşiktaş,T1,SULTANAHMET,11,-5.64
beşiktaş,T1,SULTANAHMET,12,-11.49
beşiktaş,T1,TOPHANE,-12,1.05
beşiktaş,T1,TOPHANE,-11,-4.85
beşiktaş,T1,TOPHANE,-10,-2.64
beşiktaş,T1,TOPHANE,-9,-0.44
beşiktaş,T1,TOPHANE,-8,-1.48
beşiktaş,T1,TOPHANE,-7,2.08
beşiktaş,T1,TOPHANE,-6,14.82
beşiktaş,T1,TOPHANE,-5,25.43
beşiktaş,T1,TOPHANE,-4,52.02
beşiktaş,T1,TOPHANE,-3,55.09
beşiktaş,T1,TOPHANE,-2,103.22
beşiktaş,T1,TOPHANE,-1,107.85
beşiktaş,T1,TOPHANE,0,54.99
beşiktaş,T1,TOPHANE,1,46.09
beşiktaş,T1,TOPHANE,2,38.02
beşiktaş,T1,TOPHANE,3,16.03
beşiktaş,T1,TOPHANE,4,26.12
beşiktaş,T1,TOPHANE,5,7.96
beşiktaş,T1,TOPHANE,6,168.36
beşiktaş,T1,TOPHANE,7,-17.68
beşiktaş,T1,TOPHANE,8,-6.02
beşiktaş,T1,TOPHANE,9,-0.21
beşiktaş,T1,TOPHANE,10,-2.42
beşiktaş,T1,TOPHANE,11,-3.3
beşiktaş,T1,TOPHANE,12,1.51
beşiktaş,T1,TOPKAPI,-12,22.81
beşiktaş,T1,TOPKAPI,-11,16.54
beşiktaş,T1,TOPKAPI,-10,0.24
beşiktaş,T1,TOPKAPI,-9,-1.43
beşiktaş,T1,TOPKAPI,-8,14.91
beşiktaş,T1,TOPKAPI,-7,15.21
beşiktaş,T1,TOPKAPI,-6,27.18
beşiktaş,T1,TOPKAPI,-5,32.97
beşiktaş,T1,TOPKAPI,-4,33.86
beşiktaş,T1,TOPKAPI,-3,47.98
beşiktaş,T1,TOPKAPI,-2,80.89
beşiktaş,T1,TOPKAPI,-1,31.99
beşiktaş,T1,TOPKAPI,0,2.85
beşiktaş,T1,TOPKAPI,1,1.79
beşiktaş,T1,TOPKAPI,2,-9.7
beşiktaş,T1,TOPKAPI,3,-6.89
beşiktaş,T1,TOPKAPI,4,-11.92
beşiktaş,T1,TOPKAPI,5,-7.67
beşiktaş,T1,TOPKAPI,6,-24.19
beşiktaş,T1,TOPKAPI,7,-18.63
beşiktaş,T1,TOPKAPI,8,-0.53
beşiktaş,T1,TOPKAPI,9,-9.32
beşiktaş,T1,TOPKAPI,10,-16.28
beşiktaş,T1,TOPKAPI,11,4.79
beşiktaş,T1,TOPKAPI,12,11.78
beşiktaş,T1,YUSUFPASA,-12,10.03
beşiktaş,T1,YUSUFPASA,-11,-4.7
beşiktaş,T1,YUSUFPASA,-10,-5.13
beşiktaş,T1,YUSUFPASA,-9,16.13
beşiktaş,T1,YUSUFPASA,-8,17.17
beşiktaş,T1,YUSUFPASA,-7,2.68
beşiktaş,T1,YUSUFPASA,-6,19.3
beşiktaş,T1,YUSUFPASA,-5,13.21
beşiktaş,T1,YUSUFPASA,-4,30.32
beşiktaş,T1,YUSUFPASA,-3,29.53
beşiktaş,T1,YUSUFPASA,-2,45.19
beşiktaş,T1,YUSUFPASA,-1,-11.22
beşiktaş,T1,YUSUFPASA,0,-22.1
beşiktaş,T1,YUSUFPASA,1,-31.66
beşiktaş,T1,YUSUFPASA,2,-26.76
beşiktaş,T1,YUSUFPASA,3,-28.63
beşiktaş,T1,YUSUFPASA,4,-26.45
beşiktaş,T1,YUSUFPASA,5,-20.22
beşiktaş,T1,YUSUFPASA,6,-34.27
beşiktaş,T1,YUSUFPASA,7,-26.63
beşiktaş,T1,YUSUFPASA,8,-8.14
beşiktaş,T1,YUSUFPASA,9,6.76
beşiktaş,T1,YUSUFPASA,10,-9.69
beşiktaş,T1,YUSUFPASA,11,35.49
beşiktaş,T1,YUSUFPASA,12,22.8
beşiktaş,T1,ZEYTINBURNU,-12,23.81
beşiktaş,T1,ZEYTINBURNU,-11,-1.29
beşiktaş,T1,ZEYTINBURNU,-10,-15.17
beşiktaş,T1,ZEYTINBURNU,-9,-23.03
beşiktaş,T1,ZEYTINBURNU,-8,0.72
beşiktaş,T1,ZEYTINBURNU,-7,-9.96
beşiktaş,T1,ZEYTINBURNU,-6,1.45
beşiktaş,T1,ZEYTINBURNU,-5,35.46
beşiktaş,T1,ZEYTINBURNU,-4,68.27
beşiktaş,T1,ZEYTINBURNU,-3,81.95
beşiktaş,T1,ZEYTINBURNU,-2,123.63
beşiktaş,T1,ZEYTINBURNU,-1,104.07
beşiktaş,T1,ZEYTINBURNU,0,62.21
beşiktaş,T1,ZEYTINBURNU,1,11.23
beşiktaş,T1,ZEYTINBURNU,2,17.21
beşiktaş,T1,ZEYTINBURNU,3,-9.56
beşiktaş,T1,ZEYTINBURNU,4,-20.02
beşiktaş,T1,ZEYTINBURNU,5,-12.43
beşiktaş,T1,ZEYTINBURNU,6,-12.54
beşiktaş,T1,ZEYTINBURNU,7,-21.97
beşiktaş,T1,ZEYTINBURNU,8,-3.32
beşiktaş,T1,ZEYTINBURNU,9,-1.3
beşiktaş,T1,ZEYTINBURNU,10,-19.97
beşiktaş,T1,ZEYTINBURNU,11,-16.87
beşiktaş,T1,ZEYTINBURNU,12,33.84
beşiktaş,T4,ALI FUAT BASGIL,-12,77.62
beşiktaş,T4,ALI FUAT BASGIL,-11,29.63
beşiktaş,T4,ALI FUAT BASGIL,-10,0.61
beşiktaş,T4,ALI FUAT BASGIL,-9,9.64
beşiktaş,T4,ALI FUAT BASGIL,-8,14.69
beşiktaş,T4,ALI FUAT BASGIL,-7,16.43
beşiktaş,T4,ALI FUAT BASGIL,-6,24.8
beşiktaş,T4,ALI FUAT BASGIL,-5,42.71
beşiktaş,T4,ALI FUAT BASGIL,-4,28.92
beşiktaş,T4,ALI FUAT BASGIL,-3,37.19
beşiktaş,T4,ALI FUAT BASGIL,-2,43.16
beşiktaş,T4,ALI FUAT BASGIL,-1,17.2
beşiktaş,T4,ALI FUAT BASGIL,0,2.73
beşiktaş,T4,ALI FUAT BASGIL,1,-8.92
beşiktaş,T4,ALI FUAT BASGIL,2,-0.58
beşiktaş,T4,ALI FUAT BASGIL,3,-16.67
beşiktaş,T4,ALI FUAT BASGIL,4,-16.11
beşiktaş,T4,ALI FUAT BASGIL,5,-2.89
beşiktaş,T4,ALI FUAT BASGIL,6,-17.12
beşiktaş,T4,ALI FUAT BASGIL,7,-31.97
beşiktaş,T4,ALI FUAT BASGIL,8,5.06
beşiktaş,T4,ALI FUAT BASGIL,9,-6.23
beşiktaş,T4,ALI FUAT BASGIL,10,-46.82
beşiktaş,T4,ALI FUAT BASGIL,11,-11.83
beşiktaş,T4,ALI FUAT BASGIL,12,55.31
beşiktaş,T4,BASTABYA,-12,20.08
beşiktaş,T4,BASTABYA,-11,10.36
beşiktaş,T4,BASTABYA,-10,-5.34
beşiktaş,T4,BASTABYA,-9,0.1
beşiktaş,T4,BASTABYA,-8,-4.59
beşiktaş,T4,BASTABYA,-7,-1.95
beşiktaş,T4,BASTABYA,-6,-5.42
beşiktaş,T4,BASTABYA,-5,18.89
beşiktaş,T4,BASTABYA,-4,7.13
beşiktaş,T4,BASTABYA,-3,2.85
beşiktaş,T4,BASTABYA,-2,-9.86
beşiktaş,T4,BASTABYA,-1,0.99
beşiktaş,T4,BASTABYA,0,1.59
beşiktaş,T4,BASTABYA,1,-1.41
beşiktaş,T4,BASTABYA,2,0.73
beşiktaş,T4,BASTABYA,3,-1.99
beşiktaş,T4,BASTABYA,4,-6.04
beşiktaş,T4,BASTABYA,5,-4.97
beşiktaş,T4,BASTABYA,6,3.92
beşiktaş,T4,BASTABYA,7,-3.82
beşiktaş,T4,BASTABYA,8,0.85
beşiktaş,T4,BASTABYA,9,-5.97
beşiktaş,T4,BASTABYA,10,-22.51
beşiktaş,T4,BASTABYA,11,12.56
beşiktaş,T4,BASTABYA,12,30.44
beşiktaş,T4,BEREC,-12,29.11
beşiktaş,T4,BEREC,-11,18.95
beşiktaş,T4,BEREC,-10,2.75
beşiktaş,T4,BEREC,-9,15.08
beşiktaş,T4,BEREC,-8,20.74
beşiktaş,T4,BEREC,-7,17.59
beşiktaş,T4,BEREC,-6,46.4
beşiktaş,T4,BEREC,-5,37.05
beşiktaş,T4,BEREC,-4,39.04
beşiktaş,T4,BEREC,-3,36.12
beşiktaş,T4,BEREC,-2,66.68
beşiktaş,T4,BEREC,-1,55.73
beşiktaş,T4,BEREC,0,47.03
beşiktaş,T4,BEREC,1,-3.31
beşiktaş,T4,BEREC,2,6.36
beşiktaş,T4,BEREC,3,1.63
beşiktaş,T4,BEREC,4,-11.92
beşiktaş,T4,BEREC,5,-5.26
beşiktaş,T4,BEREC,6,-12.34
beşiktaş,T4,BEREC,7,-13.09
beşiktaş,T4,BEREC,8,2.97
beşiktaş,T4,BEREC,9,-1.07
beşiktaş,T4,BEREC,10,-23.88
beşiktaş,T4,BEREC,11,-8.44
beşiktaş,T4,BEREC,12,21.27
beşiktaş,T4,CEBECI,-12,18.4
beşiktaş,T4,CEBECI,-11,13.6
beşiktaş,T4,CEBECI,-10,-6.79
beşiktaş,T4,CEBECI,-9,-6.05
beşiktaş,T4,CEBECI,-8,-9.96
beşiktaş,T4,CEBECI,-7,7.97
beşiktaş,T4,CEBECI,-6,4.58
beşiktaş,T4,CEBECI,-5,8.91
beşiktaş,T4,CEBECI,-4,-2.52
beşiktaş,T4,CEBECI,-3,-1.07
beşiktaş,T4,CEBECI,-2,2.77
beşiktaş,T4,CEBECI,-1,1.41
beşiktaş,T4,CEBECI,0,-7.76
beşiktaş,T4,CEBECI,1,-7.19
beşiktaş,T4,CEBECI,2,-2.93
beşiktaş,T4,CEBECI,3,0.48
beşiktaş,T4,CEBECI,4,-2.78
beşiktaş,T4,CEBECI,5,-3.73
beşiktaş,T4,CEBECI,6,-3.38
beşiktaş,T4,CEBECI,7,-4.68
beşiktaş,T4,CEBECI,8,5.04
beşiktaş,T4,CEBECI,9,2.66
beşiktaş,T4,CEBECI,10,-20.39
beşiktaş,T4,CEBECI,11,13.46
beşiktaş,T4,CEBECI,12,17.71
beşiktaş,T4,CUKURCESME,-12,48.53
beşiktaş,T4,CUKURCESME,-11,30.85
beşiktaş,T4,CUKURCESME,-10,2.05
beşiktaş,T4,CUKURCESME,-9,4.33
beşiktaş,T4,CUKURCESME,-8,11.19
beşiktaş,T4,CUKURCESME,-7,18.71
beşiktaş,T4,CUKURCESME,-6,15.22
beşiktaş,T4,CUKURCESME,-5,26.2
beşiktaş,T4,CUKURCESME,-4,26.91
beşiktaş,T4,CUKURCESME,-3,25.6
beşiktaş,T4,CUKURCESME,-2,16.19
beşiktaş,T4,CUKURCESME,-1,12.44
beşiktaş,T4,CUKURCESME,0,7.25
beşiktaş,T4,CUKURCESME,1,-7.3
beşiktaş,T4,CUKURCESME,2,-0.98
beşiktaş,T4,CUKURCESME,3,-2.24
beşiktaş,T4,CUKURCESME,4,-5.57
beşiktaş,T4,CUKURCESME,5,-0.2
beşiktaş,T4,CUKURCESME,6,-3.91
beşiktaş,T4,CUKURCESME,7,0.87
beşiktaş,T4,CUKURCESME,8,3.4
beşiktaş,T4,CUKURCESME,9,3.49
beşiktaş,T4,CUKURCESME,10,-35.8
beşiktaş,T4,CUKURCESME,11,-4.47
beşiktaş,T4,CUKURCESME,12,44.7
beşiktaş,T4,CUMHURIYET,-12,2.78
beşiktaş,T4,CUMHURIYET,-11,8.24
beşiktaş,T4,CUMHURIYET,-10,1.6
beşiktaş,T4,CUMHURIYET,-9,-4.49
beşiktaş,T4,CUMHURIYET,-8,-2.72
beşiktaş,T4,CUMHURIYET,-7,7.96
beşiktaş,T4,CUMHURIYET,-6,5.89
beşiktaş,T4,CUMHURIYET,-5,1.29
beşiktaş,T4,CUMHURIYET,-4,5.92
beşiktaş,T4,CUMHURIYET,-3,2.27
beşiktaş,T4,CUMHURIYET,-2,-2.78
beşiktaş,T4,CUMHURIYET,-1,-0.32
beşiktaş,T4,CUMHURIYET,0,-0.96
beşiktaş,T4,CUMHURIYET,1,-2.26
beşiktaş,T4,CUMHURIYET,2,-5.07
beşiktaş,T4,CUMHURIYET,3,-4.17
beşiktaş,T4,CUMHURIYET,4,-2.1
beşiktaş,T4,CUMHURIYET,5,-3.01
beşiktaş,T4,CUMHURIYET,6,-15.24
beşiktaş,T4,CUMHURIYET,7,-5.25
beşiktaş,T4,CUMHURIYET,8,-0.21
beşiktaş,T4,CUMHURIYET,9,-8.81
beşiktaş,T4,CUMHURIYET,10,-12.46
beşiktaş,T4,CUMHURIYET,11,4.93
beşiktaş,T4,CUMHURIYET,12,4.25
beşiktaş,T4,DEMIRKAPI,-12,7.3
beşiktaş,T4,DEMIRKAPI,-11,2.39
beşiktaş,T4,DEMIRKAPI,-10,1.0
beşiktaş,T4,DEMIRKAPI,-9,-2.21
beşiktaş,T4,DEMIRKAPI,-8,0.06
beşiktaş,T4,DEMIRKAPI,-7,1.49
beşiktaş,T4,DEMIRKAPI,-6,-3.37
beşiktaş,T4,DEMIRKAPI,-5,2.07
beşiktaş,T4,DEMIRKAPI,-4,1.37
beşiktaş,T4,DEMIRKAPI,-3,20.49
beşiktaş,T4,DEMIRKAPI,-2,48.43
beşiktaş,T4,DEMIRKAPI,-1,34.74
beşiktaş,T4,DEMIRKAPI,0,23.46
beşiktaş,T4,DEMIRKAPI,1,5.23
beşiktaş,T4,DEMIRKAPI,2,-1.36
beşiktaş,T4,DEMIRKAPI,3,-3.55
beşiktaş,T4,DEMIRKAPI,4,-9.81
beşiktaş,T4,DEMIRKAPI,5,-0.25
beşiktaş,T4,DEMIRKAPI,6,-18.85
beşiktaş,T4,DEMIRKAPI,7,-12.88
beşiktaş,T4,DEMIRKAPI,8,0.72
beşiktaş,T4,DEMIRKAPI,9,1.68
beşiktaş,T4,DEMIRKAPI,10,-2.31
beşiktaş,T4,DEMIRKAPI,11,0.09
beşiktaş,T4,DEMIRKAPI,12,9.55
beşiktaş,T4,EDIRNEKAPI,-12,1.59
beşiktaş,T4,EDIRNEKAPI,-11,1.9
beşiktaş,T4,EDIRNEKAPI,-10,-1.64
beşiktaş,T4,EDIRNEKAPI,-9,-0.02
beşiktaş,T4,EDIRNEKAPI,-8,4.22
beşiktaş,T4,EDIRNEKAPI,-7,0.57
beşiktaş,T4,EDIRNEKAPI,-6,1.21
beşiktaş,T4,EDIRNEKAPI,-5,-3.83
beşiktaş,T4,EDIRNEKAPI,-4,-0.65
beşiktaş,T4,EDIRNEKAPI,-3,-4.44
beşiktaş,T4,EDIRNEKAPI,-2,13.85
beşiktaş,T4,EDIRNEKAPI,-1,0.97
beşiktaş,T4,EDIRNEKAPI,0,3.93
beşiktaş,T4,EDIRNEKAPI,1,0.62
beşiktaş,T4,EDIRNEKAPI,2,-0.3
beşiktaş,T4,EDIRNEKAPI,3,-1.34
beşiktaş,T4,EDIRNEKAPI,4,-5.79
beşiktaş,T4,EDIRNEKAPI,5,-4.38
beşiktaş,T4,EDIRNEKAPI,6,-19.85
beşiktaş,T4,EDIRNEKAPI,7,-9.44
beşiktaş,T4,EDIRNEKAPI,8,-1.31
beşiktaş,T4,EDIRNEKAPI,9,-1.07
beşiktaş,T4,EDIRNEKAPI,10,-2.24
beşiktaş,T4,EDIRNEKAPI,11,0.04
beşiktaş,T4,EDIRNEKAPI,12,6.27
beşiktaş,T4,FETIHKAPI,-12,5.47
beşiktaş,T4,FETIHKAPI,-11,5.67
beşiktaş,T4,FETIHKAPI,-10,3.1
beşiktaş,T4,FETIHKAPI,-9,-3.21
beşiktaş,T4,FETIHKAPI,-8,0.71
beşiktaş,T4,FETIHKAPI,-7,-5.91
beşiktaş,T4,FETIHKAPI,-6,2.11
beşiktaş,T4,FETIHKAPI,-5,1.55
beşiktaş,T4,FETIHKAPI,-4,-1.73
beşiktaş,T4,FETIHKAPI,-3,4.79
beşiktaş,T4,FETIHKAPI,-2,12.49
beşiktaş,T4,FETIHKAPI,-1,8.3
beşiktaş,T4,FETIHKAPI,0,0.26
beşiktaş,T4,FETIHKAPI,1,-3.8
beşiktaş,T4,FETIHKAPI,2,-3.01
beşiktaş,T4,FETIHKAPI,3,-0.52
beşiktaş,T4,FETIHKAPI,4,-1.1
beşiktaş,T4,FETIHKAPI,5,3.41
beşiktaş,T4,FETIHKAPI,6,-12.75
beşiktaş,T4,FETIHKAPI,7,3.18
beşiktaş,T4,FETIHKAPI,8,-1.8
beşiktaş,T4,FETIHKAPI,9,2.14
beşiktaş,T4,FETIHKAPI,10,-2.65
beşiktaş,T4,FETIHKAPI,11,1.19
beşiktaş,T4,FETIHKAPI,12,7.55
beşiktaş,T4,HACI SUKRU,-12,48.52
beşiktaş,T4,HACI SUKRU,-11,-33.72
beşiktaş,T4,HACI SUKRU,-10,-1.92
beşiktaş,T4,HACI SUKRU,-9,21.01
beşiktaş,T4,HACI SUKRU,-8,28.37
beşiktaş,T4,HACI SUKRU,-7,52.1
beşiktaş,T4,HACI SUKRU,-6,22.68
beşiktaş,T4,HACI SUKRU,-5,60.6
beşiktaş,T4,HACI SUKRU,-4,86.67
beşiktaş,T4,HACI SUKRU,-3,14.44
beşiktaş,T4,HACI SUKRU,-2,-26.06
beşiktaş,T4,HACI SUKRU,-1,37.77
beşiktaş,T4,HACI SUKRU,0,3.58
beşiktaş,T4,HACI SUKRU,1,-21.33
beşiktaş,T4,HACI SUKRU,2,-29.59
beşiktaş,T4,HACI SUKRU,3,-16.17
beşiktaş,T4,HACI SUKRU,4,-4.22
beşiktaş,T4,HACI SUKRU,5,-3.0
beşiktaş,T4,HACI SUKRU,7,0.65
beşiktaş,T4,HACI SUKRU,8,6.98
beşiktaş,T4,HACI SUKRU,9,75.19
beşiktaş,T4,HACI SUKRU,10,-62.5
beşiktaş,T4,HACI SUKRU,11,-52.93
beşiktaş,T4,HACI SUKRU,12,6.27
beşiktaş,T4,HACISUKRU,-12,7.48
beşiktaş,T4,HACISUKRU,-11,16.42
beşiktaş,T4,HACISUKRU,-10,-3.94
beşiktaş,T4,HACISUKRU,-9,-10.03
beşiktaş,T4,HACISUKRU,-8,-4.48
beşiktaş,T4,HACISUKRU,-7,4.81
beşiktaş,T4,HACISUKRU,-6,-8.4
beşiktaş,T4,HACISUKRU,-5,-6.21
beşiktaş,T4,HACISUKRU,-4,1.15
beşiktaş,T4,HACISUKRU,-3,-0.18
beşiktaş,T4,HACISUKRU,-2,2.77
beşiktaş,T4,HACISUKRU,-1,-8.19
beşiktaş,T4,HACISUKRU,0,-8.18
beşiktaş,T4,HACISUKRU,1,-8.21
beşiktaş,T4,HACISUKRU,2,0.55
beşiktaş,T4,HACISUKRU,3,1.7
beşiktaş,T4,HACISUKRU,4,-9.78
beşiktaş,T4,HACISUKRU,5,-5.22
beşiktaş,T4,HACISUKRU,6,-7.74
beşiktaş,T4,HACISUKRU,7,-9.26
beşiktaş,T4,HACISUKRU,8,3.26
beşiktaş,T4,HACISUKRU,9,-9.79
beşiktaş,T4,HACISUKRU,10,-38.54
beşiktaş,T4,HACISUKRU,11,1.45
beşiktaş,T4,HACISUKRU,12,16.86
beşiktaş,T4,KARADENIZ MAHALLESI,-12,28.92
beşiktaş,T4,KARADENIZ MAHALLESI,-11,12.62
beşiktaş,T4,KARADENIZ MAHALLESI,-10,-2.18
beşiktaş,T4,KARADENIZ MAHALLESI,-9,-0.5
beşiktaş,T4,KARADENIZ MAHALLESI,-8,-0.45
beşiktaş,T4,KARADENIZ MAHALLESI,-7,2.64
beşiktaş,T4,KARADENIZ MAHALLESI,-6,6.69
beşiktaş,T4,KARADENIZ MAHALLESI,-5,4.37
beşiktaş,T4,KARADENIZ MAHALLESI,-4,5.65
beşiktaş,T4,KARADENIZ MAHALLESI,-3,4.34
beşiktaş,T4,KARADENIZ MAHALLESI,-2,12.61
beşiktaş,T4,KARADENIZ MAHALLESI,-1,-0.16
beşiktaş,T4,KARADENIZ MAHALLESI,0,-3.14
beşiktaş,T4,KARADENIZ MAHALLESI,1,-4.94
beşiktaş,T4,KARADENIZ MAHALLESI,2,-6.35
beşiktaş,T4,KARADENIZ MAHALLESI,3,-1.84
beşiktaş,T4,KARADENIZ MAHALLESI,4,-5.01
beşiktaş,T4,KARADENIZ MAHALLESI,5,-4.31
beşiktaş,T4,KARADENIZ MAHALLESI,6,-4.03
beşiktaş,T4,KARADENIZ MAHALLESI,7,-1.26
beşiktaş,T4,KARADENIZ MAHALLESI,8,-2.3
beşiktaş,T4,KARADENIZ MAHALLESI,9,-0.15
beşiktaş,T4,KARADENIZ MAHALLESI,10,-20.12
beşiktaş,T4,KARADENIZ MAHALLESI,11,1.48
beşiktaş,T4,KARADENIZ MAHALLESI,12,26.94
beşiktaş,T4,KIPTAS VENEZIA,-12,-27.07
beşiktaş,T4,KIPTAS VENEZIA,-11,-4.05
beşiktaş,T4,KIPTAS VENEZIA,-10,-8.16
beşiktaş,T4,KIPTAS VENEZIA,-9,-15.43
beşiktaş,T4,KIPTAS VENEZIA,-8,-17.01
beşiktaş,T4,KIPTAS VENEZIA,-7,-28.19
beşiktaş,T4,KIPTAS VENEZIA,-6,-44.58
beşiktaş,T4,KIPTAS VENEZIA,-5,-37.61
beşiktaş,T4,KIPTAS VENEZIA,-4,-3.49
beşiktaş,T4,KIPTAS VENEZIA,-3,76.56
beşiktaş,T4,KIPTAS VENEZIA,-2,5.84
beşiktaş,T4,KIPTAS VENEZIA,-1,-21.07
beşiktaş,T4,KIPTAS VENEZIA,0,-44.21
beşiktaş,T4,KIPTAS VENEZIA,1,-27.27
beşiktaş,T4,KIPTAS VENEZIA,2,-33.41
beşiktaş,T4,KIPTAS VENEZIA,3,-51.39
beşiktaş,T4,KIPTAS VENEZIA,4,-36.67
beşiktaş,T4,KIPTAS VENEZIA,5,-20.21
beşiktaş,T4,KIPTAS VENEZIA,6,-58.5
beşiktaş,T4,KIPTAS VENEZIA,7,-69.56
beşiktaş,T4,KIPTAS VENEZIA,8,-12.02
beşiktaş,T4,KIPTAS VENEZIA,9,2.73
beşiktaş,T4,KIPTAS VENEZIA,10,30.75
beşiktaş,T4,KIPTAS VENEZIA,11,10.53
beşiktaş,T4,KIPTAS VENEZIA,12,-10.18
beşiktaş,T4,MESCIDI SELAM,-12,29.74
beşiktaş,T4,MESCIDI SELAM,-11,19.43
beşiktaş,T4,MESCIDI SELAM,-10,-14.83
beşiktaş,T4,MESCIDI SELAM,-9,-13.91
beşiktaş,T4,MESCIDI SELAM,-8,-36.55
beşiktaş,T4,MESCIDI SELAM,-7,7.53
beşiktaş,T4,MESCIDI SELAM,-6,-16.31
beşiktaş,T4,MESCIDI SELAM,-5,-7.81
beşiktaş,T4,MESCIDI SELAM,-4,60.36
beşiktaş,T4,MESCIDI SELAM,-3,26.44
beşiktaş,T4,MESCIDI SELAM,-2,-0.24
beşiktaş,T4,MESCIDI SELAM,-1,12.17
beşiktaş,T4,MESCIDI SELAM,0,-2.73
beşiktaş,T4,MESCIDI SELAM,1,-13.05
beşiktaş,T4,MESCIDI SELAM,2,-10.75
beşiktaş,T4,MESCIDI SELAM,3,-11.31
beşiktaş,T4,MESCIDI SELAM,4,-3.89
beşiktaş,T4,MESCIDI SELAM,5,-21.58
beşiktaş,T4,MESCIDI SELAM,6,-31.47
beşiktaş,T4,MESCIDI SELAM,7,1.28
beşiktaş,T4,MESCIDI SELAM,8,-7.73
beşiktaş,T4,MESCIDI SELAM,9,3.89
beşiktaş,T4,MESCIDI SELAM,10,-24.87
beşiktaş,T4,MESCIDI SELAM,11,32.36
beşiktaş,T4,MESCIDI SELAM,12,22.31
beşiktaş,T4,METRIS,-12,2.78
beşiktaş,T4,METRIS,-11,25.39
beşiktaş,T4,METRIS,-10,21.71
beşiktaş,T4,METRIS,-9,-3.33
beşiktaş,T4,METRIS,-8,5.99
beşiktaş,T4,METRIS,-7,9.83
beşiktaş,T4,METRIS,-6,54.2
beşiktaş,T4,METRIS,-5,47.57
beşiktaş,T4,METRIS,-4,13.67
beşiktaş,T4,METRIS,-3,52.56
beşiktaş,T4,METRIS,-2,9.53
beşiktaş,T4,METRIS,-1,23.95
beşiktaş,T4,METRIS,0,79.27
beşiktaş,T4,METRIS,1,74.88
beşiktaş,T4,METRIS,2,54.5
beşiktaş,T4,METRIS,3,119.48
beşiktaş,T4,METRIS,4,67.73
beşiktaş,T4,METRIS,5,2.6
beşiktaş,T4,METRIS,9,1.97
beşiktaş,T4,METRIS,10,1.85
beşiktaş,T4,METRIS,11,8.87
beşiktaş,T4,METRIS,12,-33.49
beşiktaş,T4,RAMI,-12,17.95
beşiktaş,T4,RAMI,-11,6.41
beşiktaş,T4,RAMI,-10,-4.75
beşiktaş,T4,RAMI,-9,4.23
beşiktaş,T4,RAMI,-8,-0.63
beşiktaş,T4,RAMI,-7,9.25
beşiktaş,T4,RAMI,-6,-29.38
beşiktaş,T4,RAMI,-5,38.33
beşiktaş,T4,RAMI,-4,110.39
beşiktaş,T4,RAMI,-3,66.08
beşiktaş,T4,RAMI,-2,72.11
beşiktaş,T4,RAMI,-1,51.51
beşiktaş,T4,RAMI,0,28.34
beşiktaş,T4,RAMI,1,16.79
beşiktaş,T4,RAMI,2,19.87
beşiktaş,T4,RAMI,3,7.37
beşiktaş,T4,RAMI,4,2.97
beşiktaş,T4,RAMI,5,8.5
beşiktaş,T4,RAMI,6,29.88
beşiktaş,T4,RAMI,7,-0.53
beşiktaş,T4,RAMI,8,0.93
beşiktaş,T4,RAMI,9,1.54
beşiktaş,T4,RAMI,10,-4.78
beşiktaş,T4,RAMI,11,-0.59
beşiktaş,T4,RAMI,12,9.54
beşiktaş,T4,SAGMALCILAR,-12,34.28
beşiktaş,T4,SAGMALCILAR,-11,4.67
beşiktaş,T4,SAGMALCILAR,-10,2.29
beşiktaş,T4,SAGMALCILAR,-9,7.98
beşiktaş,T4,SAGMALCILAR,-8,0.46
beşiktaş,T4,SAGMALCILAR,-7,0.02
beşiktaş,T4,SAGMALCILAR,-6,-1.39
beşiktaş,T4,SAGMALCILAR,-5,22.4
beşiktaş,T4,SAGMALCILAR,-4,23.5
beşiktaş,T4,SAGMALCILAR,-3,19.72
beşiktaş,T4,SAGMALCILAR,-2,22.39
beşiktaş,T4,SAGMALCILAR,-1,11.46
beşiktaş,T4,SAGMALCILAR,0,-0.41
beşiktaş,T4,SAGMALCILAR,1,-2.85
beşiktaş,T4,SAGMALCILAR,2,2.32
beşiktaş,T4,SAGMALCILAR,3,-2.48
beşiktaş,T4,SAGMALCILAR,4,-0.68
beşiktaş,T4,SAGMALCILAR,5,1.48
beşiktaş,T4,SAGMALCILAR,6,-9.01
beşiktaş,T4,SAGMALCILAR,7,-3.76
beşiktaş,T4,SAGMALCILAR,8,0.04
beşiktaş,T4,SAGMALCILAR,9,-4.48
beşiktaş,T4,SAGMALCILAR,10,-19.78
beşiktaş,T4,SAGMALCILAR,11,-0.5
beşiktaş,T4,SAGMALCILAR,12,28.22
beşiktaş,T4,SEHITLIK,-12,-1.27
beşiktaş,T4,SEHITLIK,-11,19.38
beşiktaş,T4,SEHITLIK,-10,-3.12
beşiktaş,T4,SEHITLIK,-9,2.73
beşiktaş,T4,SEHITLIK,-8,2.93
beşiktaş,T4,SEHITLIK,-7,10.24
beşiktaş,T4,SEHITLIK,-6,13.52
beşiktaş,T4,SEHITLIK,-5,12.55
beşiktaş,T4,SEHITLIK,-4,22.63
beşiktaş,T4,SEHITLIK,-3,45.02
beşiktaş,T4,SEHITLIK,-2,72.99
beşiktaş,T4,SEHITLIK,-1,82.08
beşiktaş,T4,SEHITLIK,0,50.74
beşiktaş,T4,SEHITLIK,1,22.73
beşiktaş,T4,SEHITLIK,2,17.13
beşiktaş,T4,SEHITLIK,3,1.96
beşiktaş,T4,SEHITLIK,4,-3.81
beşiktaş,T4,SEHITLIK,5,-3.54
beşiktaş,T4,SEHITLIK,6,12.93
beşiktaş,T4,SEHITLIK,7,-10.76
beşiktaş,T4,SEHITLIK,8,-7.1
beşiktaş,T4,SEHITLIK,9,-2.93
beşiktaş,T4,SEHITLIK,10,-2.76
beşiktaş,T4,SEHITLIK,11,-5.29
beşiktaş,T4,SEHITLIK,12,8.64
beşiktaş,T4,SULTANCIFTLIGI,-12,33.71
beşiktaş,T4,SULTANCIFTLIGI,-11,25.0
beşiktaş,T4,SULTANCIFTLIGI,-10,-1.53
beşiktaş,T4,SULTANCIFTLIGI,-9,4.56
beşiktaş,T4,SULTANCIFTLIGI,-8,0.68
beşiktaş,T4,SULTANCIFTLIGI,-7,7.16
beşiktaş,T4,SULTANCIFTLIGI,-6,24.85
beşiktaş,T4,SULTANCIFTLIGI,-5,8.36
beşiktaş,T4,SULTANCIFTLIGI,-4,32.28
beşiktaş,T4,SULTANCIFTLIGI,-3,18.04
beşiktaş,T4,SULTANCIFTLIGI,-2,33.04
beşiktaş,T4,SULTANCIFTLIGI,-1,2.85
beşiktaş,T4,SULTANCIFTLIGI,0,-1.94
beşiktaş,T4,SULTANCIFTLIGI,1,-12.77
beşiktaş,T4,SULTANCIFTLIGI,2,-9.22
beşiktaş,T4,SULTANCIFTLIGI,3,-14.27
beşiktaş,T4,SULTANCIFTLIGI,4,-14.04
beşiktaş,T4,SULTANCIFTLIGI,5,-10.14
beşiktaş,T4,SULTANCIFTLIGI,6,-31.18
beşiktaş,T4,SULTANCIFTLIGI,7,-24.28
beşiktaş,T4,SULTANCIFTLIGI,8,8.56
beşiktaş,T4,SULTANCIFTLIGI,9,0.94
beşiktaş,T4,SULTANCIFTLIGI,10,-45.79
beşiktaş,T4,SULTANCIFTLIGI,11,12.32
beşiktaş,T4,SULTANCIFTLIGI,12,45.92
beşiktaş,T4,T4 KIPTAS VENEZIA,-12,65.11
beşiktaş,T4,T4 KIPTAS VENEZIA,-11,17.9
beşiktaş,T4,T4 KIPTAS VENEZIA,-10,-9.08
beşiktaş,T4,T4 KIPTAS VENEZIA,-9,3.86
beşiktaş,T4,T4 KIPTAS VENEZIA,-8,9.42
beşiktaş,T4,T4 KIPTAS VENEZIA,-7,13.4
beşiktaş,T4,T4 KIPTAS VENEZIA,-6,6.67
beşiktaş,T4,T4 KIPTAS VENEZIA,-5,21.07
beşiktaş,T4,T4 KIPTAS VENEZIA,-4,48.27
beşiktaş,T4,T4 KIPTAS VENEZIA,-3,31.17
beşiktaş,T4,T4 KIPTAS VENEZIA,-2,75.36
beşiktaş,T4,T4 KIPTAS VENEZIA,-1,86.0
beşiktaş,T4,T4 KIPTAS VENEZIA,0,35.64
beşiktaş,T4,T4 KIPTAS VENEZIA,1,-11.69
beşiktaş,T4,T4 KIPTAS VENEZIA,2,-8.05
beşiktaş,T4,T4 KIPTAS VENEZIA,3,1.69
beşiktaş,T4,T4 KIPTAS VENEZIA,4,-11.64
beşiktaş,T4,T4 KIPTAS VENEZIA,5,-17.91
beşiktaş,T4,T4 KIPTAS VENEZIA,6,-21.62
beşiktaş,T4,T4 KIPTAS VENEZIA,7,-10.0
beşiktaş,T4,T4 KIPTAS VENEZIA,8,5.97
beşiktaş,T4,T4 KIPTAS VENEZIA,9,7.04
beşiktaş,T4,T4 KIPTAS VENEZIA,10,-15.7
beşiktaş,T4,T4 KIPTAS VENEZIA,11,10.02
beşiktaş,T4,T4 KIPTAS VENEZIA,12,67.2
beşiktaş,T4,TASKOPRU,-12,58.87
beşiktaş,T4,TASKOPRU,-11,27.54
beşiktaş,T4,TASKOPRU,-10,0.91
beşiktaş,T4,TASKOPRU,-9,5.66
beşiktaş,T4,TASKOPRU,-8,-3.6
beşiktaş,T4,TASKOPRU,-7,3.91
beşiktaş,T4,TASKOPRU,-6,12.43
beşiktaş,T4,TASKOPRU,-5,13.55
beşiktaş,T4,TASKOPRU,-4,20.4
beşiktaş,T4,TASKOPRU,-3,14.63
beşiktaş,T4,TASKOPRU,-2,20.32
beşiktaş,T4,TASKOPRU,-1,4.41
beşiktaş,T4,TASKOPRU,0,-4.14
beşiktaş,T4,TASKOPRU,1,-8.87
beşiktaş,T4,TASKOPRU,2,-3.9
beşiktaş,T4,TASKOPRU,3,-4.04
beşiktaş,T4,TASKOPRU,4,-7.33
beşiktaş,T4,TASKOPRU,5,-2.98
beşiktaş,T4,TASKOPRU,6,-13.82
beşiktaş,T4,TASKOPRU,7,3.34
beşiktaş,T4,TASKOPRU,8,-8.56
beşiktaş,T4,TASKOPRU,9,6.92
beşiktaş,T4,TASKOPRU,10,-42.94
beşiktaş,T4,TASKOPRU,11,-6.2
beşiktaş,T4,TASKOPRU,12,51.94
beşiktaş,T4,TOPCULAR,-12,3.37
beşiktaş,T4,TOPCULAR,-11,2.68
beşiktaş,T4,TOPCULAR,-10,-1.08
beşiktaş,T4,TOPCULAR,-9,-0.35
beşiktaş,T4,TOPCULAR,-8,0.39
beşiktaş,T4,TOPCULAR,-7,-0.17
beşiktaş,T4,TOPCULAR,-6,-1.53
beşiktaş,T4,TOPCULAR,-5,-4.7
beşiktaş,T4,TOPCULAR,-4,-3.57
beşiktaş,T4,TOPCULAR,-3,-0.85
beşiktaş,T4,TOPCULAR,-2,31.85
beşiktaş,T4,TOPCULAR,-1,31.56
beşiktaş,T4,TOPCULAR,0,8.15
beşiktaş,T4,TOPCULAR,1,1.82
beşiktaş,T4,TOPCULAR,2,-0.98
beşiktaş,T4,TOPCULAR,3,0.68
beşiktaş,T4,TOPCULAR,4,0.93
beşiktaş,T4,TOPCULAR,5,1.24
beşiktaş,T4,TOPCULAR,6,-1.32
beşiktaş,T4,TOPCULAR,7,-2.27
beşiktaş,T4,TOPCULAR,8,-1.83
beşiktaş,T4,TOPCULAR,9,0.99
beşiktaş,T4,TOPCULAR,10,-3.0
beşiktaş,T4,TOPCULAR,11,-1.39
beşiktaş,T4,TOPCULAR,12,2.7
beşiktaş,T4,TOPKAPI,-12,11.18
beşiktaş,T4,TOPKAPI,-11,5.98
beşiktaş,T4,TOPKAPI,-10,-2.09
beşiktaş,T4,TOPKAPI,-9,5.16
beşiktaş,T4,TOPKAPI,-8,20.68
beşiktaş,T4,TOPKAPI,-7,11.85
beşiktaş,T4,TOPKAPI,-6,-0.2
beşiktaş,T4,TOPKAPI,-5,26.21
beşiktaş,T4,TOPKAPI,-4,35.57
beşiktaş,T4,TOPKAPI,-3,24.41
beşiktaş,T4,TOPKAPI,-2,55.79
beşiktaş,T4,TOPKAPI,-1,56.88
beşiktaş,T4,TOPKAPI,0,35.35
beşiktaş,T4,TOPKAPI,1,6.57
beşiktaş,T4,TOPKAPI,2,81.56
beşiktaş,T4,TOPKAPI,3,47.56
beşiktaş,T4,TOPKAPI,4,-20.33
beşiktaş,T4,TOPKAPI,5,-28.02
beşiktaş,T4,TOPKAPI,6,-62.14
beşiktaş,T4,TOPKAPI,7,-11.85
beşiktaş,T4,TOPKAPI,8,-8.92
beşiktaş,T4,TOPKAPI,9,-6.04
beşiktaş,T4,TOPKAPI,10,-7.7
beşiktaş,T4,TOPKAPI,11,-1.17
beşiktaş,T4,TOPKAPI,12,7.97
beşiktaş,T4,VATAN,-12,17.15
beşiktaş,T4,VATAN,-11,16.29
beşiktaş,T4,VATAN,-10,5.22
beşiktaş,T4,VATAN,-9,-0.65
beşiktaş,T4,VATAN,-8,3.72
beşiktaş,T4,VATAN,-7,0.42
beşiktaş,T4,VATAN,-6,-8.66
beşiktaş,T4,VATAN,-5,5.96
beşiktaş,T4,VATAN,-4,18.59
beşiktaş,T4,VATAN,-3,17.05
beşiktaş,T4,VATAN,-2,43.02
beşiktaş,T4,VATAN,-1,39.93
beşiktaş,T4,VATAN,0,22.02
beşiktaş,T4,VATAN,1,14.92
beşiktaş,T4,VATAN,2,7.97
beşiktaş,T4,VATAN,3,-4.33
beşiktaş,T4,VATAN,4,-9.99
beşiktaş,T4,VATAN,5,-6.9
beşiktaş,T4,VATAN,6,-30.77
beşiktaş,T4,VATAN,7,-37.78
beşiktaş,T4,VATAN,8,-4.86
beşiktaş,T4,VATAN,9,-1.52
beşiktaş,T4,VATAN,10,-4.65
beşiktaş,T4,VATAN,11,0.83
beşiktaş,T4,VATAN,12,18.66
beşiktaş,T4,YENIMAHALLE,-12,48.27
beşiktaş,T4,YENIMAHALLE,-11,19.97
beşiktaş,T4,YENIMAHALLE,-10,-6.64
beşiktaş,T4,YENIMAHALLE,-9,-17.8
beşiktaş,T4,YENIMAHALLE,-8,7.11
beşiktaş,T4,YENIMAHALLE,-7,10.03
beşiktaş,T4,YENIMAHALLE,-6,7.57
beşiktaş,T4,YENIMAHALLE,-5,24.94
beşiktaş,T4,YENIMAHALLE,-4,18.72
beşiktaş,T4,YENIMAHALLE,-3,8.9
beşiktaş,T4,YENIMAHALLE,-2,25.91
beşiktaş,T4,YENIMAHALLE,-1,3.36
beşiktaş,T4,YENIMAHALLE,0,6.78
beşiktaş,T4,YENIMAHALLE,1,-10.01
beşiktaş,T4,YENIMAHALLE,2,-0.94
beşiktaş,T4,YENIMAHALLE,3,-2.15
beşiktaş,T4,YENIMAHALLE,4,-12.49
beşiktaş,T4,YENIMAHALLE,5,-8.16
beşiktaş,T4,YENIMAHALLE,6,-14.5
beşiktaş,T4,YENIMAHALLE,7,-9.35
beşiktaş,T4,YENIMAHALLE,8,1.68
beşiktaş,T4,YENIMAHALLE,9,1.96
beşiktaş,T4,YENIMAHALLE,10,-41.09
beşiktaş,T4,YENIMAHALLE,11,12.35
beşiktaş,T4,YENIMAHALLE,12,48.41
beşiktaş,T5,ALIBEYKOY,-12,26.12
beşiktaş,T5,ALIBEYKOY,-11,26.56
beşiktaş,T5,ALIBEYKOY,-10,19.3
beşiktaş,T5,ALIBEYKOY,-9,17.8
beşiktaş,T5,ALIBEYKOY,-8,20.64
beşiktaş,T5,ALIBEYKOY,-7,24.03
beşiktaş,T5,ALIBEYKOY,-6,23.32
beşiktaş,T5,ALIBEYKOY,-5,32.62
beşiktaş,T5,ALIBEYKOY,-4,27.09
beşiktaş,T5,ALIBEYKOY,-3,21.28
beşiktaş,T5,ALIBEYKOY,-2,20.03
beşiktaş,T5,ALIBEYKOY,-1,15.98
beşiktaş,T5,ALIBEYKOY,0,11.97
beşiktaş,T5,ALIBEYKOY,1,4.72
beşiktaş,T5,ALIBEYKOY,2,4.71
beşiktaş,T5,ALIBEYKOY,3,-3.66
beşiktaş,T5,ALIBEYKOY,4,-4.13
beşiktaş,T5,ALIBEYKOY,5,2.29
beşiktaş,T5,ALIBEYKOY,6,-5.73
beşiktaş,T5,ALIBEYKOY,7,-0.42
beşiktaş,T5,ALIBEYKOY,8,5.8
beşiktaş,T5,ALIBEYKOY,9,-6.93
beşiktaş,T5,ALIBEYKOY,10,-8.75
beşiktaş,T5,ALIBEYKOY,11,3.33
beşiktaş,T5,ALIBEYKOY,12,30.32
beşiktaş,T5,ALIBEYKOY METRO,-12,65.43
beşiktaş,T5,ALIBEYKOY METRO,-11,28.05
beşiktaş,T5,ALIBEYKOY METRO,-10,4.63
beşiktaş,T5,ALIBEYKOY METRO,-9,7.22
beşiktaş,T5,ALIBEYKOY METRO,-8,14.69
beşiktaş,T5,ALIBEYKOY METRO,-7,27.19
beşiktaş,T5,ALIBEYKOY METRO,-6,21.97
beşiktaş,T5,ALIBEYKOY METRO,-5,18.39
beşiktaş,T5,ALIBEYKOY METRO,-4,32.9
beşiktaş,T5,ALIBEYKOY METRO,-3,15.29
beşiktaş,T5,ALIBEYKOY METRO,-2,18.09
beşiktaş,T5,ALIBEYKOY METRO,-1,-2.51
beşiktaş,T5,ALIBEYKOY METRO,0,-1.82
beşiktaş,T5,ALIBEYKOY METRO,1,-12.26
beşiktaş,T5,ALIBEYKOY METRO,2,-4.52
beşiktaş,T5,ALIBEYKOY METRO,3,6.22
beşiktaş,T5,ALIBEYKOY METRO,4,1.67
beşiktaş,T5,ALIBEYKOY METRO,5,-4.4
beşiktaş,T5,ALIBEYKOY METRO,6,-4.34
beşiktaş,T5,ALIBEYKOY METRO,7,-1.85
beşiktaş,T5,ALIBEYKOY METRO,8,27.49
beşiktaş,T5,ALIBEYKOY METRO,9,17.62
beşiktaş,T5,ALIBEYKOY METRO,10,-19.13
beşiktaş,T5,ALIBEYKOY METRO,11,-24.42
beşiktaş,T5,ALIBEYKOY METRO,12,60.0
beşiktaş,T5,AYVANSARAY,-12,10.31
beşiktaş,T5,AYVANSARAY,-11,8.21
beşiktaş,T5,AYVANSARAY,-10,8.7
beşiktaş,T5,AYVANSARAY,-9,3.07
beşiktaş,T5,AYVANSARAY,-8,19.75
beşiktaş,T5,AYVANSARAY,-7,24.55
beşiktaş,T5,AYVANSARAY,-6,8.53
beşiktaş,T5,AYVANSARAY,-5,4.53
beşiktaş,T5,AYVANSARAY,-4,8.34
beşiktaş,T5,AYVANSARAY,-3,12.32
beşiktaş,T5,AYVANSARAY,-2,8.08
beşiktaş,T5,AYVANSARAY,-1,4.51
beşiktaş,T5,AYVANSARAY,0,-5.06
beşiktaş,T5,AYVANSARAY,1,-5.11
beşiktaş,T5,AYVANSARAY,2,-7.21
beşiktaş,T5,AYVANSARAY,3,-4.76
beşiktaş,T5,AYVANSARAY,4,-6.52
beşiktaş,T5,AYVANSARAY,5,-1.74
beşiktaş,T5,AYVANSARAY,6,-6.33
beşiktaş,T5,AYVANSARAY,7,-8.85
beşiktaş,T5,AYVANSARAY,8,1.02
beşiktaş,T5,AYVANSARAY,9,1.27
beşiktaş,T5,AYVANSARAY,10,0.78
beşiktaş,T5,AYVANSARAY,11,5.21
beşiktaş,T5,AYVANSARAY,12,5.73
beşiktaş,T5,BALAT,-12,21.63
beşiktaş,T5,BALAT,-11,11.34
beşiktaş,T5,BALAT,-10,11.08
beşiktaş,T5,BALAT,-9,13.24
beşiktaş,T5,BALAT,-8,11.01
beşiktaş,T5,BALAT,-7,31.04
beşiktaş,T5,BALAT,-6,23.3
beşiktaş,T5,BALAT,-5,19.95
beşiktaş,T5,BALAT,-4,37.01
beşiktaş,T5,BALAT,-3,32.6
beşiktaş,T5,BALAT,-2,23.39
beşiktaş,T5,BALAT,-1,9.38
beşiktaş,T5,BALAT,0,14.27
beşiktaş,T5,BALAT,1,4.16
beşiktaş,T5,BALAT,2,4.83
beşiktaş,T5,BALAT,3,-2.11
beşiktaş,T5,BALAT,4,-3.62
beşiktaş,T5,BALAT,5,-1.4
beşiktaş,T5,BALAT,6,-0.4
beşiktaş,T5,BALAT,7,0.03
beşiktaş,T5,BALAT,8,7.04
beşiktaş,T5,BALAT,9,3.9
beşiktaş,T5,BALAT,10,2.88
beşiktaş,T5,BALAT,11,5.39
beşiktaş,T5,BALAT,12,13.32
beşiktaş,T5,CEP OTOGAR,-12,24.6
beşiktaş,T5,CEP OTOGAR,-11,9.6
beşiktaş,T5,CEP OTOGAR,-10,2.71
beşiktaş,T5,CEP OTOGAR,-9,5.72
beşiktaş,T5,CEP OTOGAR,-8,8.21
beşiktaş,T5,CEP OTOGAR,-7,6.79
beşiktaş,T5,CEP OTOGAR,-6,-22.4
beşiktaş,T5,CEP OTOGAR,-5,56.27
beşiktaş,T5,CEP OTOGAR,-4,32.2
beşiktaş,T5,CEP OTOGAR,-3,17.39
beşiktaş,T5,CEP OTOGAR,-2,13.87
beşiktaş,T5,CEP OTOGAR,-1,-0.0
beşiktaş,T5,CEP OTOGAR,0,0.23
beşiktaş,T5,CEP OTOGAR,1,0.15
beşiktaş,T5,CEP OTOGAR,2,-3.25
beşiktaş,T5,CEP OTOGAR,3,-2.77
beşiktaş,T5,CEP OTOGAR,4,0.28
beşiktaş,T5,CEP OTOGAR,5,13.42
beşiktaş,T5,CEP OTOGAR,6,6.79
beşiktaş,T5,CEP OTOGAR,7,24.19
beşiktaş,T5,CEP OTOGAR,8,7.82
beşiktaş,T5,CEP OTOGAR,9,-0.04
beşiktaş,T5,CEP OTOGAR,10,-7.09
beşiktaş,T5,CEP OTOGAR,11,0.81
beşiktaş,T5,CEP OTOGAR,12,13.66
beşiktaş,T5,CIBALI,-12,1.92
beşiktaş,T5,CIBALI,-11,1.64
beşiktaş,T5,CIBALI,-10,1.2
beşiktaş,T5,CIBALI,-9,0.89
beşiktaş,T5,CIBALI,-8,5.89
beşiktaş,T5,CIBALI,-7,9.3
beşiktaş,T5,CIBALI,-6,-3.29
beşiktaş,T5,CIBALI,-5,-9.9
beşiktaş,T5,CIBALI,-4,-16.22
beşiktaş,T5,CIBALI,-3,-23.3
beşiktaş,T5,CIBALI,-2,-70.46
beşiktaş,T5,CIBALI,-1,-53.48
beşiktaş,T5,CIBALI,0,-32.69
beşiktaş,T5,CIBALI,1,-32.11
beşiktaş,T5,CIBALI,2,-22.9
beşiktaş,T5,CIBALI,3,-18.08
beşiktaş,T5,CIBALI,4,-17.41
beşiktaş,T5,CIBALI,5,-22.23
beşiktaş,T5,CIBALI,6,-26.9
beşiktaş,T5,CIBALI,7,-27.8
beşiktaş,T5,CIBALI,8,-2.27
beşiktaş,T5,CIBALI,9,0.05
beşiktaş,T5,CIBALI,10,-1.44
beşiktaş,T5,CIBALI,11,-1.36
beşiktaş,T5,CIBALI,12,0.02
beşiktaş,T5,EMINONU,-12,-6.45
beşiktaş,T5,EMINONU,-11,-10.17
beşiktaş,T5,EMINONU,-10,-22.78
beşiktaş,T5,EMINONU,-9,-34.34
beşiktaş,T5,EMINONU,-8,-48.61
beşiktaş,T5,EMINONU,-7,-26.74
beşiktaş,T5,EMINONU,-6,-33.0
beşiktaş,T5,EMINONU,-5,-32.78
beşiktaş,T5,EMINONU,-4,-11.69
beşiktaş,T5,EMINONU,-3,-15.82
beşiktaş,T5,EMINONU,-2,-2.25
beşiktaş,T5,EMINONU,-1,-57.54
beşiktaş,T5,EMINONU,0,-42.89
beşiktaş,T5,EMINONU,1,-42.71
beşiktaş,T5,EMINONU,2,62.32
beşiktaş,T5,EMINONU,3,-4.77
beşiktaş,T5,EMINONU,4,-50.14
beşiktaş,T5,EMINONU,5,-82.3
beşiktaş,T5,EMINONU,6,-179.34
beşiktaş,T5,EMINONU,7,-42.64
beşiktaş,T5,EMINONU,8,-11.77
beşiktaş,T5,EMINONU,9,-1.24
beşiktaş,T5,EMINONU,10,3.95
beşiktaş,T5,EMINONU,11,-5.74
beşiktaş,T5,EMINONU,12,7.99
beşiktaş,T5,EYUP DEVLET HASTANESI,-12,13.25
beşiktaş,T5,EYUP DEVLET HASTANESI,-11,11.59
beşiktaş,T5,EYUP DEVLET HASTANESI,-10,6.98
beşiktaş,T5,EYUP DEVLET HASTANESI,-9,8.58
beşiktaş,T5,EYUP DEVLET HASTANESI,-8,4.46
beşiktaş,T5,EYUP DEVLET HASTANESI,-7,7.81
beşiktaş,T5,EYUP DEVLET HASTANESI,-6,6.99
beşiktaş,T5,EYUP DEVLET HASTANESI,-5,9.95
beşiktaş,T5,EYUP DEVLET HASTANESI,-4,14.67
beşiktaş,T5,EYUP DEVLET HASTANESI,-3,16.25
beşiktaş,T5,EYUP DEVLET HASTANESI,-2,11.93
beşiktaş,T5,EYUP DEVLET HASTANESI,-1,0.74
beşiktaş,T5,EYUP DEVLET HASTANESI,0,5.22
beşiktaş,T5,EYUP DEVLET HASTANESI,1,-0.44
beşiktaş,T5,EYUP DEVLET HASTANESI,2,-5.06
beşiktaş,T5,EYUP DEVLET HASTANESI,3,-6.6
beşiktaş,T5,EYUP DEVLET HASTANESI,4,-5.46
beşiktaş,T5,EYUP DEVLET HASTANESI,5,-2.06
beşiktaş,T5,EYUP DEVLET HASTANESI,6,-5.73
beşiktaş,T5,EYUP DEVLET HASTANESI,7,-9.14
beşiktaş,T5,EYUP DEVLET HASTANESI,8,-0.91
beşiktaş,T5,EYUP DEVLET HASTANESI,9,3.48
beşiktaş,T5,EYUP DEVLET HASTANESI,10,-11.86
beşiktaş,T5,EYUP DEVLET HASTANESI,11,1.12
beşiktaş,T5,EYUP DEVLET HASTANESI,12,10.96
beşiktaş,T5,EYUP TELEFERIK,-12,13.66
beşiktaş,T5,EYUP TELEFERIK,-11,6.5
beşiktaş,T5,EYUP TELEFERIK,-10,2.47
beşiktaş,T5,EYUP TELEFERIK,-9,0.62
beşiktaş,T5,EYUP TELEFERIK,-8,3.84
beşiktaş,T5,EYUP TELEFERIK,-7,3.63
beşiktaş,T5,EYUP TELEFERIK,-6,-4.0
beşiktaş,T5,EYUP TELEFERIK,-5,21.4
beşiktaş,T5,EYUP TELEFERIK,-4,26.57
beşiktaş,T5,EYUP TELEFERIK,-3,32.02
beşiktaş,T5,EYUP TELEFERIK,-2,21.56
beşiktaş,T5,EYUP TELEFERIK,-1,10.39
beşiktaş,T5,EYUP TELEFERIK,0,2.36
beşiktaş,T5,EYUP TELEFERIK,1,1.62
beşiktaş,T5,EYUP TELEFERIK,2,-10.17
beşiktaş,T5,EYUP TELEFERIK,3,-13.32
beşiktaş,T5,EYUP TELEFERIK,4,-8.4
beşiktaş,T5,EYUP TELEFERIK,5,-8.42
beşiktaş,T5,EYUP TELEFERIK,6,-19.37
beşiktaş,T5,EYUP TELEFERIK,7,-27.66
beşiktaş,T5,EYUP TELEFERIK,8,4.16
beşiktaş,T5,EYUP TELEFERIK,9,6.11
beşiktaş,T5,EYUP TELEFERIK,10,-13.59
beşiktaş,T5,EYUP TELEFERIK,11,0.79
beşiktaş,T5,EYUP TELEFERIK,12,16.35
beşiktaş,T5,FENER,-12,20.85
beşiktaş,T5,FENER,-11,15.23
beşiktaş,T5,FENER,-10,9.52
beşiktaş,T5,FENER,-9,10.2
beşiktaş,T5,FENER,-8,14.83
beşiktaş,T5,FENER,-7,23.34
beşiktaş,T5,FENER,-6,16.23
beşiktaş,T5,FENER,-5,20.43
beşiktaş,T5,FENER,-4,23.66
beşiktaş,T5,FENER,-3,21.69
beşiktaş,T5,FENER,-2,13.96
beşiktaş,T5,FENER,-1,16.1
beşiktaş,T5,FENER,0,7.3
beşiktaş,T5,FENER,1,0.52
beşiktaş,T5,FENER,2,3.35
beşiktaş,T5,FENER,3,-2.57
beşiktaş,T5,FENER,4,-4.19
beşiktaş,T5,FENER,5,2.77
beşiktaş,T5,FENER,6,-0.25
beşiktaş,T5,FENER,7,-0.77
beşiktaş,T5,FENER,8,2.15
beşiktaş,T5,FENER,9,4.51
beşiktaş,T5,FENER,10,2.2
beşiktaş,T5,FENER,11,11.57
beşiktaş,T5,FENER,12,16.12
beşiktaş,T5,FESHANE,-12,9.61
beşiktaş,T5,FESHANE,-11,8.0
beşiktaş,T5,FESHANE,-10,2.06
beşiktaş,T5,FESHANE,-9,-1.75
beşiktaş,T5,FESHANE,-8,4.9
beşiktaş,T5,FESHANE,-7,8.65
beşiktaş,T5,FESHANE,-6,16.27
beşiktaş,T5,FESHANE,-5,6.62
beşiktaş,T5,FESHANE,-4,28.91
beşiktaş,T5,FESHANE,-3,34.35
beşiktaş,T5,FESHANE,-2,30.38
beşiktaş,T5,FESHANE,-1,14.6
beşiktaş,T5,FESHANE,0,6.2
beşiktaş,T5,FESHANE,1,-22.1
beşiktaş,T5,FESHANE,2,-6.95
beşiktaş,T5,FESHANE,3,2.75
beşiktaş,T5,FESHANE,4,-10.83
beşiktaş,T5,FESHANE,5,-8.16
beşiktaş,T5,FESHANE,6,-27.68
beşiktaş,T5,FESHANE,7,-23.02
beşiktaş,T5,FESHANE,8,0.44
beşiktaş,T5,FESHANE,9,1.85
beşiktaş,T5,FESHANE,10,-4.7
beşiktaş,T5,FESHANE,11,-0.84
beşiktaş,T5,FESHANE,12,10.38
beşiktaş,T5,KUCUKPAZAR,-12,7.14
beşiktaş,T5,KUCUKPAZAR,-11,15.69
beşiktaş,T5,KUCUKPAZAR,-10,-8.48
beşiktaş,T5,KUCUKPAZAR,-9,-7.04
beşiktaş,T5,KUCUKPAZAR,-8,-10.54
beşiktaş,T5,KUCUKPAZAR,-7,6.64
beşiktaş,T5,KUCUKPAZAR,-6,-1.22
beşiktaş,T5,KUCUKPAZAR,-5,-1.8
beşiktaş,T5,KUCUKPAZAR,-4,6.36
beşiktaş,T5,KUCUKPAZAR,-3,-11.66
beşiktaş,T5,KUCUKPAZAR,-2,19.35
beşiktaş,T5,KUCUKPAZAR,-1,5.32
beşiktaş,T5,KUCUKPAZAR,0,12.07
beşiktaş,T5,KUCUKPAZAR,1,7.16
beşiktaş,T5,KUCUKPAZAR,2,7.0
beşiktaş,T5,KUCUKPAZAR,3,-4.13
beşiktaş,T5,KUCUKPAZAR,4,-1.59
beşiktaş,T5,KUCUKPAZAR,5,-13.17
beşiktaş,T5,KUCUKPAZAR,6,-13.43
beşiktaş,T5,KUCUKPAZAR,7,-7.19
beşiktaş,T5,KUCUKPAZAR,8,-5.24
beşiktaş,T5,KUCUKPAZAR,9,1.45
beşiktaş,T5,KUCUKPAZAR,10,8.73
beşiktaş,T5,KUCUKPAZAR,11,-6.04
beşiktaş,T5,KUCUKPAZAR,12,10.92
beşiktaş,T5,SILAHTARAGA,-12,28.99
beşiktaş,T5,SILAHTARAGA,-11,17.61
beşiktaş,T5,SILAHTARAGA,-10,-0.09
beşiktaş,T5,SILAHTARAGA,-9,8.49
beşiktaş,T5,SILAHTARAGA,-8,3.5
beşiktaş,T5,SILAHTARAGA,-7,6.0
beşiktaş,T5,SILAHTARAGA,-6,6.74
beşiktaş,T5,SILAHTARAGA,-5,17.15
beşiktaş,T5,SILAHTARAGA,-4,10.0
beşiktaş,T5,SILAHTARAGA,-3,5.19
beşiktaş,T5,SILAHTARAGA,-2,15.86
beşiktaş,T5,SILAHTARAGA,-1,2.82
beşiktaş,T5,SILAHTARAGA,0,-1.31
beşiktaş,T5,SILAHTARAGA,1,-3.83
beşiktaş,T5,SILAHTARAGA,2,-2.83
beşiktaş,T5,SILAHTARAGA,3,-5.08
beşiktaş,T5,SILAHTARAGA,4,-2.86
beşiktaş,T5,SILAHTARAGA,5,-0.44
beşiktaş,T5,SILAHTARAGA,6,-11.97
beşiktaş,T5,SILAHTARAGA,7,-0.06
beşiktaş,T5,SILAHTARAGA,8,10.84
beşiktaş,T5,SILAHTARAGA,9,4.41
beşiktaş,T5,SILAHTARAGA,10,-13.15
beşiktaş,T5,SILAHTARAGA,11,-8.37
beşiktaş,T5,SILAHTARAGA,12,18.3
beşiktaş,T5,UNIVERSITE,-12,29.3
beşiktaş,T5,UNIVERSITE,-11,15.29
beşiktaş,T5,UNIVERSITE,-10,3.02
beşiktaş,T5,UNIVERSITE,-9,7.67
beşiktaş,T5,UNIVERSITE,-8,16.05
beşiktaş,T5,UNIVERSITE,-7,15.5
beşiktaş,T5,UNIVERSITE,-6,19.55
beşiktaş,T5,UNIVERSITE,-5,18.81
beşiktaş,T5,UNIVERSITE,-4,23.82
beşiktaş,T5,UNIVERSITE,-3,23.85
beşiktaş,T5,UNIVERSITE,-2,35.78
beşiktaş,T5,UNIVERSITE,-1,19.59
beşiktaş,T5,UNIVERSITE,0,7.22
beşiktaş,T5,UNIVERSITE,1,-2.89
beşiktaş,T5,UNIVERSITE,2,-1.99
beşiktaş,T5,UNIVERSITE,3,-1.04
beşiktaş,T5,UNIVERSITE,4,-1.24
beşiktaş,T5,UNIVERSITE,5,-0.18
beşiktaş,T5,UNIVERSITE,6,1.27
beşiktaş,T5,UNIVERSITE,7,4.56
beşiktaş,T5,UNIVERSITE,8,7.55
beşiktaş,T5,UNIVERSITE,9,7.98
beşiktaş,T5,UNIVERSITE,10,-12.42
beşiktaş,T5,UNIVERSITE,11,-11.21
beşiktaş,T5,UNIVERSITE,12,24.01
beşiktaş,TCDD-GH,ARNAVUTKOY,-12,-3.76
beşiktaş,TCDD-GH,ARNAVUTKOY,-11,-18.82
beşiktaş,TCDD-GH,ARNAVUTKOY,-10,8.61
beşiktaş,TCDD-GH,ARNAVUTKOY,-9,-2.74
beşiktaş,TCDD-GH,ARNAVUTKOY,-8,8.1
beşiktaş,TCDD-GH,ARNAVUTKOY,-7,-0.27
beşiktaş,TCDD-GH,ARNAVUTKOY,-6,12.51
beşiktaş,TCDD-GH,ARNAVUTKOY,-5,17.65
beşiktaş,TCDD-GH,ARNAVUTKOY,-4,0.76
beşiktaş,TCDD-GH,ARNAVUTKOY,-3,-1.4
beşiktaş,TCDD-GH,ARNAVUTKOY,-2,1.68
beşiktaş,TCDD-GH,ARNAVUTKOY,-1,-3.52
beşiktaş,TCDD-GH,ARNAVUTKOY,0,0.65
beşiktaş,TCDD-GH,ARNAVUTKOY,1,-12.51
beşiktaş,TCDD-GH,ARNAVUTKOY,2,-8.85
beşiktaş,TCDD-GH,ARNAVUTKOY,3,-13.83
beşiktaş,TCDD-GH,ARNAVUTKOY,4,-12.39
beşiktaş,TCDD-GH,ARNAVUTKOY,6,1.0
beşiktaş,TCDD-GH,ARNAVUTKOY,7,20.65
beşiktaş,TCDD-GH,ARNAVUTKOY,8,38.92
beşiktaş,TCDD-GH,ARNAVUTKOY,9,21.12
beşiktaş,TCDD-GH,ARNAVUTKOY,10,-18.58
beşiktaş,TCDD-GH,ARNAVUTKOY,11,-8.8
beşiktaş,TCDD-GH,ARNAVUTKOY,12,-4.56
beşiktaş,TCDD-GH,GAYRETTEPE,-12,-26.91
beşiktaş,TCDD-GH,GAYRETTEPE,-11,-24.61
beşiktaş,TCDD-GH,GAYRETTEPE,-10,-47.88
beşiktaş,TCDD-GH,GAYRETTEPE,-9,-37.96
beşiktaş,TCDD-GH,GAYRETTEPE,-8,-17.83
beşiktaş,TCDD-GH,GAYRETTEPE,-7,-48.25
beşiktaş,TCDD-GH,GAYRETTEPE,-6,-21.96
beşiktaş,TCDD-GH,GAYRETTEPE,-5,-21.31
beşiktaş,TCDD-GH,GAYRETTEPE,-4,-8.41
beşiktaş,TCDD-GH,GAYRETTEPE,-3,-12.7
beşiktaş,TCDD-GH,GAYRETTEPE,-2,-1.22
beşiktaş,TCDD-GH,GAYRETTEPE,-1,-16.33
beşiktaş,TCDD-GH,GAYRETTEPE,0,-10.99
beşiktaş,TCDD-GH,GAYRETTEPE,1,-40.01
beşiktaş,TCDD-GH,GAYRETTEPE,2,-10.92
beşiktaş,TCDD-GH,GAYRETTEPE,3,-21.19
beşiktaş,TCDD-GH,GAYRETTEPE,4,-24.47
beşiktaş,TCDD-GH,GAYRETTEPE,5,-12.3
beşiktaş,TCDD-GH,GAYRETTEPE,7,4.04
beşiktaş,TCDD-GH,GAYRETTEPE,8,36.12
beşiktaş,TCDD-GH,GAYRETTEPE,9,14.5
beşiktaş,TCDD-GH,GAYRETTEPE,10,-12.81
beşiktaş,TCDD-GH,GAYRETTEPE,11,-30.42
beşiktaş,TCDD-GH,GAYRETTEPE,12,-14.99
beşiktaş,TCDD-GH,GOKTURK,-12,2.93
beşiktaş,TCDD-GH,GOKTURK,-11,-1.31
beşiktaş,TCDD-GH,GOKTURK,-10,-1.0
beşiktaş,TCDD-GH,GOKTURK,-9,-5.36
beşiktaş,TCDD-GH,GOKTURK,-8,-0.84
beşiktaş,TCDD-GH,GOKTURK,-7,1.81
beşiktaş,TCDD-GH,GOKTURK,-6,3.36
beşiktaş,TCDD-GH,GOKTURK,-5,-1.09
beşiktaş,TCDD-GH,GOKTURK,-4,5.8
beşiktaş,TCDD-GH,GOKTURK,-3,9.85
beşiktaş,TCDD-GH,GOKTURK,-2,1.69
beşiktaş,TCDD-GH,GOKTURK,-1,1.65
beşiktaş,TCDD-GH,GOKTURK,0,-2.02
beşiktaş,TCDD-GH,GOKTURK,1,-3.11
beşiktaş,TCDD-GH,GOKTURK,2,-0.82
beşiktaş,TCDD-GH,GOKTURK,3,-7.76
beşiktaş,TCDD-GH,GOKTURK,4,-5.14
beşiktaş,TCDD-GH,GOKTURK,5,-4.37
beşiktaş,TCDD-GH,GOKTURK,6,-12.12
beşiktaş,TCDD-GH,GOKTURK,7,-14.17
beşiktaş,TCDD-GH,GOKTURK,8,3.55
beşiktaş,TCDD-GH,GOKTURK,9,4.35
beşiktaş,TCDD-GH,GOKTURK,10,-2.53
beşiktaş,TCDD-GH,GOKTURK,11,-6.46
beşiktaş,TCDD-GH,GOKTURK,12,-2.84
beşiktaş,TCDD-GH,HASDAL,-12,0.26
beşiktaş,TCDD-GH,HASDAL,-11,-0.62
beşiktaş,TCDD-GH,HASDAL,-10,0.31
beşiktaş,TCDD-GH,HASDAL,-9,0.43
beşiktaş,TCDD-GH,HASDAL,-8,0.26
beşiktaş,TCDD-GH,HASDAL,-7,0.07
beşiktaş,TCDD-GH,HASDAL,-6,-0.68
beşiktaş,TCDD-GH,HASDAL,-5,-1.18
beşiktaş,TCDD-GH,HASDAL,-4,-0.43
beşiktaş,TCDD-GH,HASDAL,-3,-1.42
beşiktaş,TCDD-GH,HASDAL,-2,0.1
beşiktaş,TCDD-GH,HASDAL,-1,-0.19
beşiktaş,TCDD-GH,HASDAL,0,-0.37
beşiktaş,TCDD-GH,HASDAL,1,0.67
beşiktaş,TCDD-GH,HASDAL,2,0.59
beşiktaş,TCDD-GH,HASDAL,3,0.41
beşiktaş,TCDD-GH,HASDAL,4,-0.34
beşiktaş,TCDD-GH,HASDAL,5,-0.04
beşiktaş,TCDD-GH,HASDAL,6,-0.58
beşiktaş,TCDD-GH,HASDAL,7,-1.15
beşiktaş,TCDD-GH,HASDAL,8,-0.31
beşiktaş,TCDD-GH,HASDAL,9,-0.4
beşiktaş,TCDD-GH,HASDAL,10,-0.64
beşiktaş,TCDD-GH,HASDAL,11,0.15
beşiktaş,TCDD-GH,HASDAL,12,-0.17
beşiktaş,TCDD-GH,HAVALIMANI,-12,0.23
beşiktaş,TCDD-GH,HAVALIMANI,-11,-6.18
beşiktaş,TCDD-GH,HAVALIMANI,-10,-16.57
beşiktaş,TCDD-GH,HAVALIMANI,-9,-24.68
beşiktaş,TCDD-GH,HAVALIMANI,-8,-17.2
beşiktaş,TCDD-GH,HAVALIMANI,-7,-3.48
beşiktaş,TCDD-GH,HAVALIMANI,-6,-4.93
beşiktaş,TCDD-GH,HAVALIMANI,-5,-0.96
beşiktaş,TCDD-GH,HAVALIMANI,-4,-0.38
beşiktaş,TCDD-GH,HAVALIMANI,-3,-8.16
beşiktaş,TCDD-GH,HAVALIMANI,-2,-5.87
beşiktaş,TCDD-GH,HAVALIMANI,-1,-11.83
beşiktaş,TCDD-GH,HAVALIMANI,0,-6.56
beşiktaş,TCDD-GH,HAVALIMANI,1,-22.22
beşiktaş,TCDD-GH,HAVALIMANI,2,-23.74
beşiktaş,TCDD-GH,HAVALIMANI,3,-10.1
beşiktaş,TCDD-GH,HAVALIMANI,4,-4.98
beşiktaş,TCDD-GH,HAVALIMANI,5,-17.13
beşiktaş,TCDD-GH,HAVALIMANI,6,-19.18
beşiktaş,TCDD-GH,HAVALIMANI,7,-66.0
beşiktaş,TCDD-GH,HAVALIMANI,8,-4.44
beşiktaş,TCDD-GH,HAVALIMANI,9,-10.39
beşiktaş,TCDD-GH,HAVALIMANI,10,-19.64
beşiktaş,TCDD-GH,HAVALIMANI,11,-10.85
beşiktaş,TCDD-GH,HAVALIMANI,12,1.43
beşiktaş,TCDD-GH,HAVALIMANI   (KARGO TERMINALI),-12,2.63
beşiktaş,TCDD-GH,HAVALIMANI   (KARGO TERMINALI),-11,0.48
beşiktaş,TCDD-GH,HAVALIMANI   (KARGO TERMINALI),-10,0.09
beşiktaş,TCDD-GH,HAVALIMANI   (KARGO TERMINALI),-9,0.49
beşiktaş,TCDD-GH,HAVALIMANI   (KARGO TERMINALI),-8,-0.14
beşiktaş,TCDD-GH,HAVALIMANI   (KARGO TERMINALI),-7,-0.02
beşiktaş,TCDD-GH,HAVALIMANI   (KARGO TERMINALI),-6,0.61
beşiktaş,TCDD-GH,HAVALIMANI   (KARGO TERMINALI),-5,1.35
beşiktaş,TCDD-GH,HAVALIMANI   (KARGO TERMINALI),-4,2.07
beşiktaş,TCDD-GH,HAVALIMANI   (KARGO TERMINALI),-3,5.62
beşiktaş,TCDD-GH,HAVALIMANI   (KARGO TERMINALI),-2,1.98
beşiktaş,TCDD-GH,HAVALIMANI   (KARGO TERMINALI),-1,0.56
beşiktaş,TCDD-GH,HAVALIMANI   (KARGO TERMINALI),0,-0.02
beşiktaş,TCDD-GH,HAVALIMANI   (KARGO TERMINALI),1,0.0
beşiktaş,TCDD-GH,HAVALIMANI   (KARGO TERMINALI),2,-0.57
beşiktaş,TCDD-GH,HAVALIMANI   (KARGO TERMINALI),3,-0.23
beşiktaş,TCDD-GH,HAVALIMANI   (KARGO TERMINALI),4,-0.74
beşiktaş,TCDD-GH,HAVALIMANI   (KARGO TERMINALI),5,-2.45
beşiktaş,TCDD-GH,HAVALIMANI   (KARGO TERMINALI),6,-0.89
beşiktaş,TCDD-GH,HAVALIMANI   (KARGO TERMINALI),7,1.0
beşiktaş,TCDD-GH,HAVALIMANI   (KARGO TERMINALI),8,0.57
beşiktaş,TCDD-GH,HAVALIMANI   (KARGO TERMINALI),9,0.59
beşiktaş,TCDD-GH,HAVALIMANI   (KARGO TERMINALI),10,0.86
beşiktaş,TCDD-GH,HAVALIMANI   (KARGO TERMINALI),11,1.84
beşiktaş,TCDD-GH,HAVALIMANI   (KARGO TERMINALI),12,0.34
beşiktaş,TCDD-GH,HAVALIMANI (KARGO TERMINALI ),-12,-4.79
beşiktaş,TCDD-GH,HAVALIMANI (KARGO TERMINALI ),-11,-2.08
beşiktaş,TCDD-GH,HAVALIMANI (KARGO TERMINALI ),-10,-0.67
beşiktaş,TCDD-GH,HAVALIMANI (KARGO TERMINALI ),-9,-2.34
beşiktaş,TCDD-GH,HAVALIMANI (KARGO TERMINALI ),-8,-2.47
beşiktaş,TCDD-GH,HAVALIMANI (KARGO TERMINALI ),-7,-7.91
beşiktaş,TCDD-GH,HAVALIMANI (KARGO TERMINALI ),-6,-6.78
beşiktaş,TCDD-GH,HAVALIMANI (KARGO TERMINALI ),-5,-0.2
beşiktaş,TCDD-GH,HAVALIMANI (KARGO TERMINALI ),-4,1.23
beşiktaş,TCDD-GH,HAVALIMANI (KARGO TERMINALI ),-3,0.63
beşiktaş,TCDD-GH,HAVALIMANI (KARGO TERMINALI ),-2,0.52
beşiktaş,TCDD-GH,HAVALIMANI (KARGO TERMINALI ),-1,-1.31
beşiktaş,TCDD-GH,HAVALIMANI (KARGO TERMINALI ),0,0.35
beşiktaş,TCDD-GH,HAVALIMANI (KARGO TERMINALI ),1,-4.06
beşiktaş,TCDD-GH,HAVALIMANI (KARGO TERMINALI ),2,-7.28
beşiktaş,TCDD-GH,HAVALIMANI (KARGO TERMINALI ),3,-3.69
beşiktaş,TCDD-GH,HAVALIMANI (KARGO TERMINALI ),4,-2.58
beşiktaş,TCDD-GH,HAVALIMANI (KARGO TERMINALI ),5,1.23
beşiktaş,TCDD-GH,HAVALIMANI (KARGO TERMINALI ),7,-2.67
beşiktaş,TCDD-GH,HAVALIMANI (KARGO TERMINALI ),8,0.33
beşiktaş,TCDD-GH,HAVALIMANI (KARGO TERMINALI ),9,3.08
beşiktaş,TCDD-GH,HAVALIMANI (KARGO TERMINALI ),10,-1.9
beşiktaş,TCDD-GH,HAVALIMANI (KARGO TERMINALI ),11,-0.93
beşiktaş,TCDD-GH,HAVALIMANI (KARGO TERMINALI ),12,0.12
beşiktaş,TCDD-GH,IHSANIYE,-12,-0.27
beşiktaş,TCDD-GH,IHSANIYE,-11,2.8
beşiktaş,TCDD-GH,IHSANIYE,-10,0.23
beşiktaş,TCDD-GH,IHSANIYE,-9,1.1
beşiktaş,TCDD-GH,IHSANIYE,-8,1.13
beşiktaş,TCDD-GH,IHSANIYE,-7,1.05
beşiktaş,TCDD-GH,IHSANIYE,-6,0.71
beşiktaş,TCDD-GH,IHSANIYE,-5,-0.93
beşiktaş,TCDD-GH,IHSANIYE,-4,-1.3
beşiktaş,TCDD-GH,IHSANIYE,-3,0.9
beşiktaş,TCDD-GH,IHSANIYE,-2,-2.69
beşiktaş,TCDD-GH,IHSANIYE,-1,-3.03
beşiktaş,TCDD-GH,IHSANIYE,0,-2.92
beşiktaş,TCDD-GH,IHSANIYE,1,-3.34
beşiktaş,TCDD-GH,IHSANIYE,2,-1.98
beşiktaş,TCDD-GH,IHSANIYE,3,-1.31
beşiktaş,TCDD-GH,IHSANIYE,4,-1.1
beşiktaş,TCDD-GH,IHSANIYE,5,-0.64
beşiktaş,TCDD-GH,IHSANIYE,6,-0.07
beşiktaş,TCDD-GH,IHSANIYE,7,-0.77
beşiktaş,TCDD-GH,IHSANIYE,8,0.54
beşiktaş,TCDD-GH,IHSANIYE,9,-0.04
beşiktaş,TCDD-GH,IHSANIYE,10,-1.62
beşiktaş,TCDD-GH,IHSANIYE,11,3.02
beşiktaş,TCDD-GH,IHSANIYE,12,2.24
beşiktaş,TCDD-GH,KAGITHANE,-12,48.53
beşiktaş,TCDD-GH,KAGITHANE,-11,45.13
beşiktaş,TCDD-GH,KAGITHANE,-10,2.47
beşiktaş,TCDD-GH,KAGITHANE,-9,12.69
beşiktaş,TCDD-GH,KAGITHANE,-8,18.06
beşiktaş,TCDD-GH,KAGITHANE,-7,17.04
beşiktaş,TCDD-GH,KAGITHANE,-6,14.11
beşiktaş,TCDD-GH,KAGITHANE,-5,23.6
beşiktaş,TCDD-GH,KAGITHANE,-4,27.16
beşiktaş,TCDD-GH,KAGITHANE,-3,29.72
beşiktaş,TCDD-GH,KAGITHANE,-2,29.35
beşiktaş,TCDD-GH,KAGITHANE,-1,26.91
beşiktaş,TCDD-GH,KAGITHANE,0,10.99
beşiktaş,TCDD-GH,KAGITHANE,1,8.65
beşiktaş,TCDD-GH,KAGITHANE,2,11.94
beşiktaş,TCDD-GH,KAGITHANE,3,11.19
beşiktaş,TCDD-GH,KAGITHANE,4,1.08
beşiktaş,TCDD-GH,KAGITHANE,5,9.09
beşiktaş,TCDD-GH,KAGITHANE,6,17.91
beşiktaş,TCDD-GH,KAGITHANE,7,3.79
beşiktaş,TCDD-GH,KAGITHANE,8,-0.99
beşiktaş,TCDD-GH,KAGITHANE,9,-0.24
beşiktaş,TCDD-GH,KAGITHANE,10,-7.63
beşiktaş,TCDD-GH,KAGITHANE,11,6.04
beşiktaş,TCDD-GH,KAGITHANE,12,22.65
beşiktaş,TCDD-GH,KEMERBURGAZ,-12,-2.04
beşiktaş,TCDD-GH,KEMERBURGAZ,-11,-0.07
beşiktaş,TCDD-GH,KEMERBURGAZ,-10,0.3
beşiktaş,TCDD-GH,KEMERBURGAZ,-9,-3.26
beşiktaş,TCDD-GH,KEMERBURGAZ,-8,-5.94
beşiktaş,TCDD-GH,KEMERBURGAZ,-7,0.26
beşiktaş,TCDD-GH,KEMERBURGAZ,-6,11.04
beşiktaş,TCDD-GH,KEMERBURGAZ,-5,38.77
beşiktaş,TCDD-GH,KEMERBURGAZ,-4,20.24
beşiktaş,TCDD-GH,KEMERBURGAZ,-3,8.83
beşiktaş,TCDD-GH,KEMERBURGAZ,-2,7.04
beşiktaş,TCDD-GH,KEMERBURGAZ,-1,2.52
beşiktaş,TCDD-GH,KEMERBURGAZ,0,1.02
beşiktaş,TCDD-GH,KEMERBURGAZ,1,-1.14
beşiktaş,TCDD-GH,KEMERBURGAZ,2,0.85
beşiktaş,TCDD-GH,KEMERBURGAZ,3,-1.7
beşiktaş,TCDD-GH,KEMERBURGAZ,4,-4.7
beşiktaş,TCDD-GH,KEMERBURGAZ,5,2.03
beşiktaş,TCDD-GH,KEMERBURGAZ,6,6.46
beşiktaş,TCDD-GH,KEMERBURGAZ,7,-1.93
beşiktaş,TCDD-GH,KEMERBURGAZ,8,0.81
beşiktaş,TCDD-GH,KEMERBURGAZ,9,2.0
beşiktaş,TCDD-GH,KEMERBURGAZ,10,-1.23
beşiktaş,TCDD-GH,KEMERBURGAZ,11,-2.92
beşiktaş,TCDD-GH,KEMERBURGAZ,12,-2.67
beşiktaş,TCDD-GH,TASOLUK,-12,-6.4
beşiktaş,TCDD-GH,TASOLUK,-11,-7.23
beşiktaş,TCDD-GH,TASOLUK,-10,-2.16
beşiktaş,TCDD-GH,TASOLUK,-9,-4.48
beşiktaş,TCDD-GH,TASOLUK,-8,2.84
beşiktaş,TCDD-GH,TASOLUK,-7,-12.54
beşiktaş,TCDD-GH,TASOLUK,-6,-5.92
beşiktaş,TCDD-GH,TASOLUK,-5,0.97
beşiktaş,TCDD-GH,TASOLUK,-4,15.31
beşiktaş,TCDD-GH,TASOLUK,-3,-2.56
beşiktaş,TCDD-GH,TASOLUK,-2,-6.73
beşiktaş,TCDD-GH,TASOLUK,-1,-4.13
beşiktaş,TCDD-GH,TASOLUK,0,-7.81
beşiktaş,TCDD-GH,TASOLUK,1,-4.6
beşiktaş,TCDD-GH,TASOLUK,2,-1.2
beşiktaş,TCDD-GH,TASOLUK,3,-1.48
beşiktaş,TCDD-GH,TASOLUK,4,-2.62
beşiktaş,TCDD-GH,TASOLUK,5,-0.1
beşiktaş,TCDD-GH,TASOLUK,7,2.35
beşiktaş,TCDD-GH,TASOLUK,8,18.2
beşiktaş,TCDD-GH,TASOLUK,9,-0.79
beşiktaş,TCDD-GH,TASOLUK,10,-1.39
beşiktaş,TCDD-GH,TASOLUK,11,-3.65
beşiktaş,TCDD-GH,TASOLUK,12,-5.7
beşiktaş,TCDD-HB,BAHCESEHIR,-12,-0.59
beşiktaş,TCDD-HB,BAHCESEHIR,-11,-1.81
beşiktaş,TCDD-HB,BAHCESEHIR,-10,4.69
beşiktaş,TCDD-HB,BAHCESEHIR,-9,1.15
beşiktaş,TCDD-HB,BAHCESEHIR,-8,0.0
beşiktaş,TCDD-HB,BAHCESEHIR,-5,0.0
beşiktaş,TCDD-HB,BAHCESEHIR,-3,-2.82
beşiktaş,TCDD-HB,BAHCESEHIR,-2,1.03
beşiktaş,TCDD-HB,BAHCESEHIR,-1,3.06
beşiktaş,TCDD-HB,BAHCESEHIR,0,-0.7
beşiktaş,TCDD-HB,BAHCESEHIR,1,-0.12
beşiktaş,TCDD-HB,BAHCESEHIR,2,3.38
beşiktaş,TCDD-HB,BAHCESEHIR,8,6.35
beşiktaş,TCDD-HB,BAHCESEHIR,9,-14.81
beşiktaş,TCDD-HB,BAHCESEHIR,10,-0.04
beşiktaş,TCDD-HB,BAHCESEHIR,11,-2.97
beşiktaş,TCDD-HB,BAHCESEHIR,12,3.56
beşiktaş,TCDD-HB,HALKALI,-11,-0.41
beşiktaş,TCDD-HB,HALKALI,-10,-0.41
beşiktaş,TCDD-HB,HALKALI,-8,2.0
beşiktaş,TCDD-HB,HALKALI,-4,-34.0
beşiktaş,TCDD-HB,HALKALI,-3,-15.79
beşiktaş,TCDD-HB,HALKALI,-2,18.17
beşiktaş,TCDD-HB,HALKALI,-1,5.14
beşiktaş,TCDD-HB,HALKALI,0,1.5
beşiktaş,TCDD-HB,HALKALI,1,-5.97
beşiktaş,TCDD-HB,HALKALI,2,-1.47
beşiktaş,TCDD-HB,HALKALI,8,-0.41
beşiktaş,TCDD-HB,HALKALI,9,0.56
beşiktaş,TCDD-HB,HALKALI,10,-0.18
beşiktaş,TCDD-HB,HALKALI,11,0.12
beşiktaş,TCDD-HB,ISPARTAKULE,-12,0.08
beşiktaş,TCDD-HB,ISPARTAKULE,-3,2.2
beşiktaş,TCDD-HB,ISPARTAKULE,-2,-0.43
beşiktaş,TCDD-HB,ISPARTAKULE,-1,-0.31
beşiktaş,TCDD-HB,ISPARTAKULE,0,0.38
beşiktaş,TCDD-HB,ISPARTAKULE,1,
beşiktaş,TCDD-HB,ISPARTAKULE,8,-0.1
beşiktaş,TCDD-HB,ISPARTAKULE,9,2.67
beşiktaş,TCDD-HB,ISPARTAKULE,10,-2.31
beşiktaş,TCDD-HB,ISPARTAKULE,11,-1.18
beşiktaş,TCDD-HB,ISPARTAKULE,12,-0.66
beşiktaş,TCDD-SK,CANKURTARAN,-12,2.52
beşiktaş,TCDD-SK,CANKURTARAN,-11,-0.91
beşiktaş,TCDD-SK,CANKURTARAN,-10,6.31
beşiktaş,TCDD-SK,CANKURTARAN,-9,3.16
beşiktaş,TCDD-SK,CANKURTARAN,-8,4.5
beşiktaş,TCDD-SK,CANKURTARAN,-7,9.78
beşiktaş,TCDD-SK,CANKURTARAN,-6,3.55
beşiktaş,TCDD-SK,CANKURTARAN,-5,6.09
beşiktaş,TCDD-SK,CANKURTARAN,-4,2.88
beşiktaş,TCDD-SK,CANKURTARAN,-3,12.09
beşiktaş,TCDD-SK,CANKURTARAN,-2,5.28
beşiktaş,TCDD-SK,CANKURTARAN,-1,-3.97
beşiktaş,TCDD-SK,CANKURTARAN,0,2.29
beşiktaş,TCDD-SK,CANKURTARAN,1,-7.8
beşiktaş,TCDD-SK,CANKURTARAN,2,-10.56
beşiktaş,TCDD-SK,CANKURTARAN,3,-4.28
beşiktaş,TCDD-SK,CANKURTARAN,4,-2.98
beşiktaş,TCDD-SK,CANKURTARAN,7,1.43
beşiktaş,TCDD-SK,CANKURTARAN,8,3.05
beşiktaş,TCDD-SK,CANKURTARAN,9,2.19
beşiktaş,TCDD-SK,CANKURTARAN,10,2.13
beşiktaş,TCDD-SK,CANKURTARAN,11,1.34
beşiktaş,TCDD-SK,CANKURTARAN,12,-0.79
beşiktaş,TCDD-SK,CERRAHPASA,-12,-5.6
beşiktaş,TCDD-SK,CERRAHPASA,-11,-0.87
beşiktaş,TCDD-SK,CERRAHPASA,-10,2.93
beşiktaş,TCDD-SK,CERRAHPASA,-9,-1.52
beşiktaş,TCDD-SK,CERRAHPASA,-8,-2.74
beşiktaş,TCDD-SK,CERRAHPASA,-7,5.8
beşiktaş,TCDD-SK,CERRAHPASA,-6,11.66
beşiktaş,TCDD-SK,CERRAHPASA,-5,31.08
beşiktaş,TCDD-SK,CERRAHPASA,-4,21.28
beşiktaş,TCDD-SK,CERRAHPASA,-3,16.91
beşiktaş,TCDD-SK,CERRAHPASA,-2,20.44
beşiktaş,TCDD-SK,CERRAHPASA,-1,3.9
beşiktaş,TCDD-SK,CERRAHPASA,0,10.68
beşiktaş,TCDD-SK,CERRAHPASA,1,2.49
beşiktaş,TCDD-SK,CERRAHPASA,2,3.38
beşiktaş,TCDD-SK,CERRAHPASA,3,5.46
beşiktaş,TCDD-SK,CERRAHPASA,4,0.05
beşiktaş,TCDD-SK,CERRAHPASA,7,-0.64
beşiktaş,TCDD-SK,CERRAHPASA,8,3.34
beşiktaş,TCDD-SK,CERRAHPASA,9,7.34
beşiktaş,TCDD-SK,CERRAHPASA,10,-0.11
beşiktaş,TCDD-SK,CERRAHPASA,11,-6.43
beşiktaş,TCDD-SK,CERRAHPASA,12,-9.18
beşiktaş,TCDD-SK,KAZLICESME,-12,2.07
beşiktaş,TCDD-SK,KAZLICESME,-11,-2.75
beşiktaş,TCDD-SK,KAZLICESME,-10,10.0
beşiktaş,TCDD-SK,KAZLICESME,-9,-0.07
beşiktaş,TCDD-SK,KAZLICESME,-8,13.6
beşiktaş,TCDD-SK,KAZLICESME,-7,11.32
beşiktaş,TCDD-SK,KAZLICESME,-6,22.17
beşiktaş,TCDD-SK,KAZLICESME,-5,50.72
beşiktaş,TCDD-SK,KAZLICESME,-4,40.11
beşiktaş,TCDD-SK,KAZLICESME,-3,25.83
beşiktaş,TCDD-SK,KAZLICESME,-2,19.72
beşiktaş,TCDD-SK,KAZLICESME,-1,19.14
beşiktaş,TCDD-SK,KAZLICESME,0,8.09
beşiktaş,TCDD-SK,KAZLICESME,1,5.3
beşiktaş,TCDD-SK,KAZLICESME,2,0.56
beşiktaş,TCDD-SK,KAZLICESME,3,9.24
beşiktaş,TCDD-SK,KAZLICESME,7,-0.62
beşiktaş,TCDD-SK,KAZLICESME,8,1.8
beşiktaş,TCDD-SK,KAZLICESME,9,3.35
beşiktaş,TCDD-SK,KAZLICESME,10,2.8
beşiktaş,TCDD-SK,KAZLICESME,11,-11.18
beşiktaş,TCDD-SK,KAZLICESME,12,-0.16
beşiktaş,TCDD-SK,KOCA MUSTAFA PASA,-12,-3.85
beşiktaş,TCDD-SK,KOCA MUSTAFA PASA,-11,-11.42
beşiktaş,TCDD-SK,KOCA MUSTAFA PASA,-10,-1.45
beşiktaş,TCDD-SK,KOCA MUSTAFA PASA,-9,-5.22
beşiktaş,TCDD-SK,KOCA MUSTAFA PASA,-8,3.64
beşiktaş,TCDD-SK,KOCA MUSTAFA PASA,-7,13.89
beşiktaş,TCDD-SK,KOCA MUSTAFA PASA,-6,19.24
beşiktaş,TCDD-SK,KOCA MUSTAFA PASA,-5,30.47
beşiktaş,TCDD-SK,KOCA MUSTAFA PASA,-4,20.31
beşiktaş,TCDD-SK,KOCA MUSTAFA PASA,-3,7.52
beşiktaş,TCDD-SK,KOCA MUSTAFA PASA,-2,0.29
beşiktaş,TCDD-SK,KOCA MUSTAFA PASA,-1,-2.67
beşiktaş,TCDD-SK,KOCA MUSTAFA PASA,0,1.77
beşiktaş,TCDD-SK,KOCA MUSTAFA PASA,1,-1.62
beşiktaş,TCDD-SK,KOCA MUSTAFA PASA,2,6.44
beşiktaş,TCDD-SK,KOCA MUSTAFA PASA,3,2.6
beşiktaş,TCDD-SK,KOCA MUSTAFA PASA,4,-0.66
beşiktaş,TCDD-SK,KOCA MUSTAFA PASA,7,0.91
beşiktaş,TCDD-SK,KOCA MUSTAFA PASA,8,6.86
beşiktaş,TCDD-SK,KOCA MUSTAFA PASA,9,10.49
beşiktaş,TCDD-SK,KOCA MUSTAFA PASA,10,-0.37
beşiktaş,TCDD-SK,KOCA MUSTAFA PASA,11,-4.97
beşiktaş,TCDD-SK,KOCA MUSTAFA PASA,12,4.14
beşiktaş,TCDD-SK,KUMKAPI,-12,-3.56
beşiktaş,TCDD-SK,KUMKAPI,-11,-1.19
beşiktaş,TCDD-SK,KUMKAPI,-10,-6.49
beşiktaş,TCDD-SK,KUMKAPI,-9,1.78
beşiktaş,TCDD-SK,KUMKAPI,-8,-7.43
beşiktaş,TCDD-SK,KUMKAPI,-7,7.56
beşiktaş,TCDD-SK,KUMKAPI,-6,-2.54
beşiktaş,TCDD-SK,KUMKAPI,-5,1.09
beşiktaş,TCDD-SK,KUMKAPI,-4,12.05
beşiktaş,TCDD-SK,KUMKAPI,-3,3.67
beşiktaş,TCDD-SK,KUMKAPI,-2,-4.2
beşiktaş,TCDD-SK,KUMKAPI,-1,14.11
beşiktaş,TCDD-SK,KUMKAPI,0,8.39
beşiktaş,TCDD-SK,KUMKAPI,1,2.94
beşiktaş,TCDD-SK,KUMKAPI,2,-0.71
beşiktaş,TCDD-SK,KUMKAPI,3,1.48
beşiktaş,TCDD-SK,KUMKAPI,4,-3.12
beşiktaş,TCDD-SK,KUMKAPI,7,-0.82
beşiktaş,TCDD-SK,KUMKAPI,8,-0.11
beşiktaş,TCDD-SK,KUMKAPI,9,4.56
beşiktaş,TCDD-SK,KUMKAPI,10,-4.9
beşiktaş,TCDD-SK,KUMKAPI,11,-2.34
beşiktaş,TCDD-SK,KUMKAPI,12,-1.41
beşiktaş,TCDD-SK,SIRKECI,-12,2.31
beşiktaş,TCDD-SK,SIRKECI,-11,5.72
beşiktaş,TCDD-SK,SIRKECI,-10,4.67
beşiktaş,TCDD-SK,SIRKECI,-9,8.39
beşiktaş,TCDD-SK,SIRKECI,-8,-1.15
beşiktaş,TCDD-SK,SIRKECI,-7,16.27
beşiktaş,TCDD-SK,SIRKECI,-6,33.93
beşiktaş,TCDD-SK,SIRKECI,-5,8.3
beşiktaş,TCDD-SK,SIRKECI,-4,51.29
beşiktaş,TCDD-SK,SIRKECI,-3,51.22
beşiktaş,TCDD-SK,SIRKECI,-2,36.62
beşiktaş,TCDD-SK,SIRKECI,-1,28.42
beşiktaş,TCDD-SK,SIRKECI,0,25.54
beşiktaş,TCDD-SK,SIRKECI,1,-6.57
beşiktaş,TCDD-SK,SIRKECI,2,12.71
beşiktaş,TCDD-SK,SIRKECI,3,3.51
beşiktaş,TCDD-SK,SIRKECI,4,-2.3
beşiktaş,TCDD-SK,SIRKECI,8,1.23
beşiktaş,TCDD-SK,SIRKECI,9,-0.21
beşiktaş,TCDD-SK,SIRKECI,10,0.72
beşiktaş,TCDD-SK,SIRKECI,11,-3.19
beşiktaş,TCDD-SK,SIRKECI,12,-2.97
beşiktaş,TCDD-SK,YEDIKULE,-12,-3.76
beşiktaş,TCDD-SK,YEDIKULE,-11,-10.43
beşiktaş,TCDD-SK,YEDIKULE,-10,-1.98
beşiktaş,TCDD-SK,YEDIKULE,-9,1.69
beşiktaş,TCDD-SK,YEDIKULE,-8,-3.87
beşiktaş,TCDD-SK,YEDIKULE,-7,12.56
beşiktaş,TCDD-SK,YEDIKULE,-6,16.9
beşiktaş,TCDD-SK,YEDIKULE,-5,23.69
beşiktaş,TCDD-SK,YEDIKULE,-4,19.38
beşiktaş,TCDD-SK,YEDIKULE,-3,8.88
beşiktaş,TCDD-SK,YEDIKULE,-2,5.07
beşiktaş,TCDD-SK,YEDIKULE,-1,4.84
beşiktaş,TCDD-SK,YEDIKULE,0,-0.07
beşiktaş,TCDD-SK,YEDIKULE,1,-0.58
beşiktaş,TCDD-SK,YEDIKULE,2,1.82
beşiktaş,TCDD-SK,YEDIKULE,3,-3.56
beşiktaş,TCDD-SK,YEDIKULE,4,-0.21
beşiktaş,TCDD-SK,YEDIKULE,7,-3.45
beşiktaş,TCDD-SK,YEDIKULE,8,12.18
beşiktaş,TCDD-SK,YEDIKULE,9,1.63
beşiktaş,TCDD-SK,YEDIKULE,10,-3.08
beşiktaş,TCDD-SK,YEDIKULE,11,-2.74
beşiktaş,TCDD-SK,YEDIKULE,12,1.48
beşiktaş,TCDD-SK,YENIKAPI,-12,5.55
beşiktaş,TCDD-SK,YENIKAPI,-11,1.1
beşiktaş,TCDD-SK,YENIKAPI,-10,4.77
beşiktaş,TCDD-SK,YENIKAPI,-9,1.86
beşiktaş,TCDD-SK,YENIKAPI,-8,6.11
beşiktaş,TCDD-SK,YENIKAPI,-7,-0.42
beşiktaş,TCDD-SK,YENIKAPI,-6,11.91
beşiktaş,TCDD-SK,YENIKAPI,-5,7.39
beşiktaş,TCDD-SK,YENIKAPI,-4,13.92
beşiktaş,TCDD-SK,YENIKAPI,-3,17.27
beşiktaş,TCDD-SK,YENIKAPI,-2,22.34
beşiktaş,TCDD-SK,YENIKAPI,-1,17.3
beşiktaş,TCDD-SK,YENIKAPI,0,12.82
beşiktaş,TCDD-SK,YENIKAPI,1,3.79
beşiktaş,TCDD-SK,YENIKAPI,2,-2.15
beşiktaş,TCDD-SK,YENIKAPI,3,0.98
beşiktaş,TCDD-SK,YENIKAPI,4,3.46
beşiktaş,TCDD-SK,YENIKAPI,8,6.18
beşiktaş,TCDD-SK,YENIKAPI,9,2.98
beşiktaş,TCDD-SK,YENIKAPI,10,-4.07
beşiktaş,TCDD-SK,YENIKAPI,11,-11.41
beşiktaş,TCDD-SK,YENIKAPI,12,-6.99
beşiktaş,TF1,MACKA,-12,20.41
beşiktaş,TF1,MACKA,-11,15.44
beşiktaş,TF1,MACKA,-10,1.6
beşiktaş,TF1,MACKA,-9,-0.17
beşiktaş,TF1,MACKA,-8,11.61
beşiktaş,TF1,MACKA,-7,17.04
beşiktaş,TF1,MACKA,-6,7.13
beşiktaş,TF1,MACKA,-5,8.06
beşiktaş,TF1,MACKA,-4,21.01
beşiktaş,TF1,MACKA,-3,27.53
beşiktaş,TF1,MACKA,-2,35.67
beşiktaş,TF1,MACKA,-1,7.03
beşiktaş,TF1,MACKA,0,3.3
beşiktaş,TF1,MACKA,1,13.77
beşiktaş,TF1,MACKA,2,59.46
beşiktaş,TF1,MACKA,3,-6.06
beşiktaş,TF1,MACKA,4,-0.9
beşiktaş,TF1,MACKA,7,0.0
beşiktaş,TF1,MACKA,9,4.42
beşiktaş,TF1,MACKA,10,21.8
beşiktaş,TF1,MACKA,11,-22.46
beşiktaş,TF1,MACKA,12,5.68
beşiktaş,TF2,EYUP,-12,-4.0
beşiktaş,TF2,EYUP,-11,10.16
beşiktaş,TF2,EYUP,-10,-18.95
beşiktaş,TF2,EYUP,-9,-1.81
beşiktaş,TF2,EYUP,-8,0.15
beşiktaş,TF2,EYUP,-7,0.76
beşiktaş,TF2,EYUP,-6,-1.3
beşiktaş,TF2,EYUP,-5,-3.85
beşiktaş,TF2,EYUP,-4,-6.2
beşiktaş,TF2,EYUP,-3,-6.35
beşiktaş,TF2,EYUP,-2,2.76
beşiktaş,TF2,EYUP,-1,0.77
beşiktaş,TF2,EYUP,0,-12.3
beşiktaş,TF2,EYUP,1,-26.87
beşiktaş,TF2,EYUP,2,-32.49
beşiktaş,TF2,EYUP,3,-10.02
beşiktaş,TF2,EYUP,4,35.37
beşiktaş,TF2,EYUP,5,-44.91
beşiktaş,TF2,EYUP,6,-51.94
beşiktaş,TF2,EYUP,9,-3.14
beşiktaş,TF2,EYUP,10,32.29
beşiktaş,TF2,EYUP,11,10.32
beşiktaş,TF2,EYUP,12,-4.39
beşiktaş,TF2,PIERLOTI,-12,-2.25
beşiktaş,TF2,PIERLOTI,-11,9.23
beşiktaş,TF2,PIERLOTI,-10,-4.18
beşiktaş,TF2,PIERLOTI,-9,-16.67
beşiktaş,TF2,PIERLOTI,-8,5.62
beşiktaş,TF2,PIERLOTI,-7,7.44
beşiktaş,TF2,PIERLOTI,-6,2.58
beşiktaş,TF2,PIERLOTI,-5,2.24
beşiktaş,TF2,PIERLOTI,-4,-6.31
beşiktaş,TF2,PIERLOTI,-3,1.45
beşiktaş,TF2,PIERLOTI,-2,-0.15
beşiktaş,TF2,PIERLOTI,-1,2.01
beşiktaş,TF2,PIERLOTI,0,-6.68
beşiktaş,TF2,PIERLOTI,1,-18.45
beşiktaş,TF2,PIERLOTI,2,-23.09
beşiktaş,TF2,PIERLOTI,3,-14.77
beşiktaş,TF2,PIERLOTI,4,52.17
beşiktaş,TF2,PIERLOTI,5,1.55
beşiktaş,TF2,PIERLOTI,6,-45.57
beşiktaş,TF2,PIERLOTI,9,5.4
beşiktaş,TF2,PIERLOTI,10,11.26
beşiktaş,TF2,PIERLOTI,11,5.44
beşiktaş,TF2,PIERLOTI,12,14.13
beşiktaş,TUNEL,BEYOGLU,-12,3.3
beşiktaş,TUNEL,BEYOGLU,-11,0.12
beşiktaş,TUNEL,BEYOGLU,-10,-0.17
beşiktaş,TUNEL,BEYOGLU,-9,-3.81
beşiktaş,TUNEL,BEYOGLU,-8,8.74
beşiktaş,TUNEL,BEYOGLU,-7,3.69
beşiktaş,TUNEL,BEYOGLU,-6,0.16
beşiktaş,TUNEL,BEYOGLU,-5,1.86
beşiktaş,TUNEL,BEYOGLU,-4,11.05
beşiktaş,TUNEL,BEYOGLU,-3,13.83
beşiktaş,TUNEL,BEYOGLU,-2,22.09
beşiktaş,TUNEL,BEYOGLU,-1,22.75
beşiktaş,TUNEL,BEYOGLU,0,9.84
beşiktaş,TUNEL,BEYOGLU,1,9.05
beşiktaş,TUNEL,BEYOGLU,2,9.77
beşiktaş,TUNEL,BEYOGLU,3,13.23
beşiktaş,TUNEL,BEYOGLU,4,17.57
beşiktaş,TUNEL,BEYOGLU,5,38.56
beşiktaş,TUNEL,BEYOGLU,6,11.21
beşiktaş,TUNEL,BEYOGLU,8,-0.98
beşiktaş,TUNEL,BEYOGLU,9,2.46
beşiktaş,TUNEL,BEYOGLU,10,-1.68
beşiktaş,TUNEL,BEYOGLU,11,0.26
beşiktaş,TUNEL,BEYOGLU,12,5.92
beşiktaş,TUNEL,KARAKOY,-12,4.09
beşiktaş,TUNEL,KARAKOY,-11,-0.74
beşiktaş,TUNEL,KARAKOY,-10,-11.63
beşiktaş,TUNEL,KARAKOY,-9,-9.01
beşiktaş,TUNEL,KARAKOY,-8,2.39
beşiktaş,TUNEL,KARAKOY,-7,17.6
beşiktaş,TUNEL,KARAKOY,-6,35.11
beşiktaş,TUNEL,KARAKOY,-5,32.09
beşiktaş,TUNEL,KARAKOY,-4,46.28
beşiktaş,TUNEL,KARAKOY,-3,68.12
beşiktaş,TUNEL,KARAKOY,-2,69.85
beşiktaş,TUNEL,KARAKOY,-1,50.23
beşiktaş,TUNEL,KARAKOY,0,42.17
beşiktaş,TUNEL,KARAKOY,1,7.02
beşiktaş,TUNEL,KARAKOY,2,19.07
beşiktaş,TUNEL,KARAKOY,3,16.27
beşiktaş,TUNEL,KARAKOY,4,49.4
beşiktaş,TUNEL,KARAKOY,5,-2.92
beşiktaş,TUNEL,KARAKOY,6,32.58
beşiktaş,TUNEL,KARAKOY,8,0.01
beşiktaş,TUNEL,KARAKOY,9,1.74
beşiktaş,TUNEL,KARAKOY,10,-11.71
beşiktaş,TUNEL,KARAKOY,11,-8.38
beşiktaş,TUNEL,KARAKOY,12,9.76
fenerbahçe,F1,KABATAS,-12,-0.49
fenerbahçe,F1,KABATAS,-11,-4.29
fenerbahçe,F1,KABATAS,-10,0.06
fenerbahçe,F1,KABATAS,-9,-4.25
fenerbahçe,F1,KABATAS,-8,-12.79
fenerbahçe,F1,KABATAS,-7,6.67
fenerbahçe,F1,KABATAS,-6,7.12
fenerbahçe,F1,KABATAS,-5,18.83
fenerbahçe,F1,KABATAS,-4,31.79
fenerbahçe,F1,KABATAS,-3,20.74
fenerbahçe,F1,KABATAS,-2,36.67
fenerbahçe,F1,KABATAS,-1,28.61
fenerbahçe,F1,KABATAS,0,-5.92
fenerbahçe,F1,KABATAS,1,-22.84
fenerbahçe,F1,KABATAS,2,-17.04
fenerbahçe,F1,KABATAS,3,-28.29
fenerbahçe,F1,KABATAS,4,-34.46
fenerbahçe,F1,KABATAS,5,-104.11
fenerbahçe,F1,KABATAS,6,-108.35
fenerbahçe,F1,KABATAS,7,-64.11
fenerbahçe,F1,KABATAS,8,0.74
fenerbahçe,F1,KABATAS,9,1.21
fenerbahçe,F1,KABATAS,10,0.16
fenerbahçe,F1,KABATAS,11,-3.02
fenerbahçe,F1,KABATAS,12,3.96
fenerbahçe,F1,TAKSIM,-12,1.53
fenerbahçe,F1,TAKSIM,-11,-2.51
fenerbahçe,F1,TAKSIM,-10,0.4
fenerbahçe,F1,TAKSIM,-9,4.76
fenerbahçe,F1,TAKSIM,-8,2.14
fenerbahçe,F1,TAKSIM,-7,4.86
fenerbahçe,F1,TAKSIM,-6,1.46
fenerbahçe,F1,TAKSIM,-5,-5.62
fenerbahçe,F1,TAKSIM,-4,6.94
fenerbahçe,F1,TAKSIM,-3,-5.81
fenerbahçe,F1,TAKSIM,-2,12.74
fenerbahçe,F1,TAKSIM,-1,-9.43
fenerbahçe,F1,TAKSIM,0,-10.73
fenerbahçe,F1,TAKSIM,1,-19.9
fenerbahçe,F1,TAKSIM,2,-7.01
fenerbahçe,F1,TAKSIM,3,-5.51
fenerbahçe,F1,TAKSIM,4,-12.36
fenerbahçe,F1,TAKSIM,5,-21.36
fenerbahçe,F1,TAKSIM,6,-1.6
fenerbahçe,F1,TAKSIM,7,-9.01
fenerbahçe,F1,TAKSIM,8,-2.46
fenerbahçe,F1,TAKSIM,9,-0.79
fenerbahçe,F1,TAKSIM,10,0.15
fenerbahçe,F1,TAKSIM,11,-2.62
fenerbahçe,F1,TAKSIM,12,-2.14
fenerbahçe,F4,ASIYAN,-12,3.95
fenerbahçe,F4,ASIYAN,-11,2.3
fenerbahçe,F4,ASIYAN,-10,-0.64
fenerbahçe,F4,ASIYAN,-9,1.11
fenerbahçe,F4,ASIYAN,-8,-1.88
fenerbahçe,F4,ASIYAN,-7,1.96
fenerbahçe,F4,ASIYAN,-6,-5.2
fenerbahçe,F4,ASIYAN,-5,9.45
fenerbahçe,F4,ASIYAN,-4,14.33
fenerbahçe,F4,ASIYAN,-3,15.48
fenerbahçe,F4,ASIYAN,-2,23.63
fenerbahçe,F4,ASIYAN,-1,26.6
fenerbahçe,F4,ASIYAN,0,-1.65
fenerbahçe,F4,ASIYAN,1,-17.49
fenerbahçe,F4,ASIYAN,2,-23.41
fenerbahçe,F4,ASIYAN,3,-24.01
fenerbahçe,F4,ASIYAN,4,-37.09
fenerbahçe,F4,ASIYAN,5,-65.78
fenerbahçe,F4,ASIYAN,6,-49.24
fenerbahçe,F4,ASIYAN,7,-46.36
fenerbahçe,F4,ASIYAN,8,-1.4
fenerbahçe,F4,ASIYAN,9,0.1
fenerbahçe,F4,ASIYAN,10,0.06
fenerbahçe,F4,ASIYAN,11,-2.63
fenerbahçe,F4,ASIYAN,12,-2.72
fenerbahçe,F4,RUMELI HISARUSTU,-12,12.23
fenerbahçe,F4,RUMELI HISARUSTU,-11,1.36
fenerbahçe,F4,RUMELI HISARUSTU,-10,0.12
fenerbahçe,F4,RUMELI HISARUSTU,-9,0.38
fenerbahçe,F4,RUMELI HISARUSTU,-8,0.47
fenerbahçe,F4,RUMELI HISARUSTU,-7,-2.33
fenerbahçe,F4,RUMELI HISARUSTU,-6,-1.76
fenerbahçe,F4,RUMELI HISARUSTU,-5,10.3
fenerbahçe,F4,RUMELI HISARUSTU,-4,2.29
fenerbahçe,F4,RUMELI HISARUSTU,-3,5.71
fenerbahçe,F4,RUMELI HISARUSTU,-2,2.2
fenerbahçe,F4,RUMELI HISARUSTU,-1,-9.17
fenerbahçe,F4,RUMELI HISARUSTU,0,-11.16
fenerbahçe,F4,RUMELI HISARUSTU,1,-12.53
fenerbahçe,F4,RUMELI HISARUSTU,2,-6.88
fenerbahçe,F4,RUMELI HISARUSTU,3,-2.7
fenerbahçe,F4,RUMELI HISARUSTU,4,-5.42
fenerbahçe,F4,RUMELI HISARUSTU,5,-10.0
fenerbahçe,F4,RUMELI HISARUSTU,6,-9.59
fenerbahçe,F4,RUMELI HISARUSTU,7,-5.17
fenerbahçe,F4,RUMELI HISARUSTU,8,4.17
fenerbahçe,F4,RUMELI HISARUSTU,9,-0.49
fenerbahçe,F4,RUMELI HISARUSTU,10,-2.03
fenerbahçe,F4,RUMELI HISARUSTU,11,-2.59
fenerbahçe,F4,RUMELI HISARUSTU,12,13.37
fenerbahçe,M1,AKSARAY,-12,5.03
fenerbahçe,M1,AKSARAY,-11,8.77
fenerbahçe,M1,AKSARAY,-10,-2.17
fenerbahçe,M1,AKSARAY,-9,12.03
fenerbahçe,M1,AKSARAY,-8,-9.38
fenerbahçe,M1,AKSARAY,-7,-30.73
fenerbahçe,M1,AKSARAY,-6,-34.75
fenerbahçe,M1,AKSARAY,-5,-17.49
fenerbahçe,M1,AKSARAY,-4,-19.23
fenerbahçe,M1,AKSARAY,-3,46.07
fenerbahçe,M1,AKSARAY,-2,88.08
fenerbahçe,M1,AKSARAY,-1,-2.05
fenerbahçe,M1,AKSARAY,0,-15.36
fenerbahçe,M1,AKSARAY,1,-55.72
fenerbahçe,M1,AKSARAY,2,-20.26
fenerbahçe,M1,AKSARAY,3,-46.23
fenerbahçe,M1,AKSARAY,4,-81.4
fenerbahçe,M1,AKSARAY,5,-48.86
fenerbahçe,M1,AKSARAY,6,-76.37
fenerbahçe,M1,AKSARAY,7,-46.25
fenerbahçe,M1,AKSARAY,8,-9.23
fenerbahçe,M1,AKSARAY,9,0.06
fenerbahçe,M1,AKSARAY,10,-7.41
fenerbahçe,M1,AKSARAY,11,-2.92
fenerbahçe,M1,AKSARAY,12,7.03
fenerbahçe,M1,ATAKOY,-12,25.64
fenerbahçe,M1,ATAKOY,-11,13.8
fenerbahçe,M1,ATAKOY,-10,7.72
fenerbahçe,M1,ATAKOY,-9,-13.4
fenerbahçe,M1,ATAKOY,-8,-21.72
fenerbahçe,M1,ATAKOY,-7,-35.91
fenerbahçe,M1,ATAKOY,-6,-39.68
fenerbahçe,M1,ATAKOY,-5,-1.42
fenerbahçe,M1,ATAKOY,-4,-4.14
fenerbahçe,M1,ATAKOY,-3,-2.95
fenerbahçe,M1,ATAKOY,-2,-3.42
fenerbahçe,M1,ATAKOY,-1,-34.77
fenerbahçe,M1,ATAKOY,0,-13.54
fenerbahçe,M1,ATAKOY,1,-25.88
fenerbahçe,M1,ATAKOY,2,-6.5
fenerbahçe,M1,ATAKOY,3,-5.53
fenerbahçe,M1,ATAKOY,4,-31.03
fenerbahçe,M1,ATAKOY,5,-17.66
fenerbahçe,M1,ATAKOY,6,-31.36
fenerbahçe,M1,ATAKOY,7,-23.46
fenerbahçe,M1,ATAKOY,8,-6.51
fenerbahçe,M1,ATAKOY,9,-4.86
fenerbahçe,M1,ATAKOY,10,-8.24
fenerbahçe,M1,ATAKOY,11,-8.43
fenerbahçe,M1,ATAKOY,12,11.3
fenerbahçe,M1,BAGCILAR MEYDAN,-12,90.19
fenerbahçe,M1,BAGCILAR MEYDAN,-11,29.13
fenerbahçe,M1,BAGCILAR MEYDAN,-10,4.54
fenerbahçe,M1,BAGCILAR MEYDAN,-9,-7.53
fenerbahçe,M1,BAGCILAR MEYDAN,-8,0.54
fenerbahçe,M1,BAGCILAR MEYDAN,-7,-7.77
fenerbahçe,M1,BAGCILAR MEYDAN,-6,0.39
fenerbahçe,M1,BAGCILAR MEYDAN,-5,5.23
fenerbahçe,M1,BAGCILAR MEYDAN,-4,3.58
fenerbahçe,M1,BAGCILAR MEYDAN,-3,53.24
fenerbahçe,M1,BAGCILAR MEYDAN,-2,56.44
fenerbahçe,M1,BAGCILAR MEYDAN,-1,-3.48
fenerbahçe,M1,BAGCILAR MEYDAN,0,-15.26
fenerbahçe,M1,BAGCILAR MEYDAN,1,-36.76
fenerbahçe,M1,BAGCILAR MEYDAN,2,12.51
fenerbahçe,M1,BAGCILAR MEYDAN,3,-12.46
fenerbahçe,M1,BAGCILAR MEYDAN,4,-22.55
fenerbahçe,M1,BAGCILAR MEYDAN,5,-18.84
fenerbahçe,M1,BAGCILAR MEYDAN,6,-40.91
fenerbahçe,M1,BAGCILAR MEYDAN,7,-28.75
fenerbahçe,M1,BAGCILAR MEYDAN,8,-6.89
fenerbahçe,M1,BAGCILAR MEYDAN,9,5.32
fenerbahçe,M1,BAGCILAR MEYDAN,10,-17.27
fenerbahçe,M1,BAGCILAR MEYDAN,11,51.09
fenerbahçe,M1,BAGCILAR MEYDAN,12,148.66
fenerbahçe,M1,BAHCELIEVLER,-12,15.61
fenerbahçe,M1,BAHCELIEVLER,-11,9.56
fenerbahçe,M1,BAHCELIEVLER,-10,-5.25
fenerbahçe,M1,BAHCELIEVLER,-9,2.31
fenerbahçe,M1,BAHCELIEVLER,-8,-1.13
fenerbahçe,M1,BAHCELIEVLER,-7,9.3
fenerbahçe,M1,BAHCELIEVLER,-6,-0.62
fenerbahçe,M1,BAHCELIEVLER,-5,18.76
fenerbahçe,M1,BAHCELIEVLER,-4,32.07
fenerbahçe,M1,BAHCELIEVLER,-3,19.9
fenerbahçe,M1,BAHCELIEVLER,-2,27.75
fenerbahçe,M1,BAHCELIEVLER,-1,0.6
fenerbahçe,M1,BAHCELIEVLER,0,-0.73
fenerbahçe,M1,BAHCELIEVLER,1,-6.63
fenerbahçe,M1,BAHCELIEVLER,2,2.54
fenerbahçe,M1,BAHCELIEVLER,3,-1.09
fenerbahçe,M1,BAHCELIEVLER,4,-5.44
fenerbahçe,M1,BAHCELIEVLER,5,-3.1
fenerbahçe,M1,BAHCELIEVLER,6,-1.57
fenerbahçe,M1,BAHCELIEVLER,7,-6.64
fenerbahçe,M1,BAHCELIEVLER,8,-2.27
fenerbahçe,M1,BAHCELIEVLER,9,0.14
fenerbahçe,M1,BAHCELIEVLER,10,-5.11
fenerbahçe,M1,BAHCELIEVLER,11,3.67
fenerbahçe,M1,BAHCELIEVLER,12,17.02
fenerbahçe,M1,BAKIRKOY,-12,6.64
fenerbahçe,M1,BAKIRKOY,-11,0.79
fenerbahçe,M1,BAKIRKOY,-10,-5.18
fenerbahçe,M1,BAKIRKOY,-9,4.12
fenerbahçe,M1,BAKIRKOY,-8,-4.63
fenerbahçe,M1,BAKIRKOY,-7,7.3
fenerbahçe,M1,BAKIRKOY,-6,17.47
fenerbahçe,M1,BAKIRKOY,-5,45.02
fenerbahçe,M1,BAKIRKOY,-4,50.08
fenerbahçe,M1,BAKIRKOY,-3,69.5
fenerbahçe,M1,BAKIRKOY,-2,64.64
fenerbahçe,M1,BAKIRKOY,-1,43.66
fenerbahçe,M1,BAKIRKOY,0,10.81
fenerbahçe,M1,BAKIRKOY,1,-13.16
fenerbahçe,M1,BAKIRKOY,2,-0.1
fenerbahçe,M1,BAKIRKOY,3,-6.9
fenerbahçe,M1,BAKIRKOY,4,-10.69
fenerbahçe,M1,BAKIRKOY,5,-9.52
fenerbahçe,M1,BAKIRKOY,6,-8.66
fenerbahçe,M1,BAKIRKOY,7,-8.58
fenerbahçe,M1,BAKIRKOY,8,-1.17
fenerbahçe,M1,BAKIRKOY,9,4.92
fenerbahçe,M1,BAKIRKOY,10,1.53
fenerbahçe,M1,BAKIRKOY,11,-0.56
fenerbahçe,M1,BAKIRKOY,12,11.32
fenerbahçe,M1,BAYRAMPASA,-12,16.74
fenerbahçe,M1,BAYRAMPASA,-11,9.97
fenerbahçe,M1,BAYRAMPASA,-10,-4.87
fenerbahçe,M1,BAYRAMPASA,-9,-6.39
fenerbahçe,M1,BAYRAMPASA,-8,3.74
fenerbahçe,M1,BAYRAMPASA,-7,-8.41
fenerbahçe,M1,BAYRAMPASA,-6,6.48
fenerbahçe,M1,BAYRAMPASA,-5,10.12
fenerbahçe,M1,BAYRAMPASA,-4,28.72
fenerbahçe,M1,BAYRAMPASA,-3,46.54
fenerbahçe,M1,BAYRAMPASA,-2,49.67
fenerbahçe,M1,BAYRAMPASA,-1,-13.39
fenerbahçe,M1,BAYRAMPASA,0,-6.91
fenerbahçe,M1,BAYRAMPASA,1,-22.09
fenerbahçe,M1,BAYRAMPASA,2,0.28
fenerbahçe,M1,BAYRAMPASA,3,3.34
fenerbahçe,M1,BAYRAMPASA,4,-8.27
fenerbahçe,M1,BAYRAMPASA,5,-5.65
fenerbahçe,M1,BAYRAMPASA,6,-9.8
fenerbahçe,M1,BAYRAMPASA,7,-8.12
fenerbahçe,M1,BAYRAMPASA,8,3.13
fenerbahçe,M1,BAYRAMPASA,9,2.16
fenerbahçe,M1,BAYRAMPASA,10,-4.43
fenerbahçe,M1,BAYRAMPASA,11,4.28
fenerbahçe,M1,BAYRAMPASA,12,26.85
fenerbahçe,M1,DAVUTPASA,-12,20.94
fenerbahçe,M1,DAVUTPASA,-11,6.13
fenerbahçe,M1,DAVUTPASA,-10,-7.42
fenerbahçe,M1,DAVUTPASA,-9,-8.08
fenerbahçe,M1,DAVUTPASA,-8,13.17
fenerbahçe,M1,DAVUTPASA,-7,51.55
fenerbahçe,M1,DAVUTPASA,-6,-37.01
fenerbahçe,M1,DAVUTPASA,-5,95.04
fenerbahçe,M1,DAVUTPASA,-4,55.83
fenerbahçe,M1,DAVUTPASA,-3,38.24
fenerbahçe,M1,DAVUTPASA,-2,32.4
fenerbahçe,M1,DAVUTPASA,-1,-23.02
fenerbahçe,M1,DAVUTPASA,0,-18.17
fenerbahçe,M1,DAVUTPASA,1,-14.58
fenerbahçe,M1,DAVUTPASA,2,-13.22
fenerbahçe,M1,DAVUTPASA,3,-13.34
fenerbahçe,M1,DAVUTPASA,4,-11.85
fenerbahçe,M1,DAVUTPASA,5,-5.03
fenerbahçe,M1,DAVUTPASA,6,-3.36
fenerbahçe,M1,DAVUTPASA,7,-4.73
fenerbahçe,M1,DAVUTPASA,8,-1.06
fenerbahçe,M1,DAVUTPASA,9,-0.03
fenerbahçe,M1,DAVUTPASA,10,-9.23
fenerbahçe,M1,DAVUTPASA,11,0.19
fenerbahçe,M1,DAVUTPASA,12,27.47
fenerbahçe,M1,EMNIYET,-12,19.74
fenerbahçe,M1,EMNIYET,-11,8.04
fenerbahçe,M1,EMNIYET,-10,8.21
fenerbahçe,M1,EMNIYET,-9,25.32
fenerbahçe,M1,EMNIYET,-8,-10.95
fenerbahçe,M1,EMNIYET,-7,-7.54
fenerbahçe,M1,EMNIYET,-6,5.53
fenerbahçe,M1,EMNIYET,-5,-2.91
fenerbahçe,M1,EMNIYET,-4,35.84
fenerbahçe,M1,EMNIYET,-3,80.18
fenerbahçe,M1,EMNIYET,-2,82.38
fenerbahçe,M1,EMNIYET,-1,20.98
fenerbahçe,M1,EMNIYET,0,34.62
fenerbahçe,M1,EMNIYET,1,-17.52
fenerbahçe,M1,EMNIYET,2,25.06
fenerbahçe,M1,EMNIYET,3,-9.5
fenerbahçe,M1,EMNIYET,4,-19.92
fenerbahçe,M1,EMNIYET,5,-18.5
fenerbahçe,M1,EMNIYET,6,-41.53
fenerbahçe,M1,EMNIYET,7,-27.44
fenerbahçe,M1,EMNIYET,8,-5.73
fenerbahçe,M1,EMNIYET,9,3.25
fenerbahçe,M1,EMNIYET,10,-8.66
fenerbahçe,M1,EMNIYET,11,-2.97
fenerbahçe,M1,EMNIYET,12,28.76
fenerbahçe,M1,ESENLER,-12,32.84
fenerbahçe,M1,ESENLER,-11,22.67
fenerbahçe,M1,ESENLER,-10,4.45
fenerbahçe,M1,ESENLER,-9,4.33
fenerbahçe,M1,ESENLER,-8,-0.59
fenerbahçe,M1,ESENLER,-7,8.8
fenerbahçe,M1,ESENLER,-6,20.14
fenerbahçe,M1,ESENLER,-5,37.03
fenerbahçe,M1,ESENLER,-4,28.52
fenerbahçe,M1,ESENLER,-3,44.93
fenerbahçe,M1,ESENLER,-2,48.23
fenerbahçe,M1,ESENLER,-1,-13.39
fenerbahçe,M1,ESENLER,0,-17.14
fenerbahçe,M1,ESENLER,1,-34.31
fenerbahçe,M1,ESENLER,2,11.47
fenerbahçe,M1,ESENLER,3,7.28
fenerbahçe,M1,ESENLER,4,-11.61
fenerbahçe,M1,ESENLER,5,-8.43
fenerbahçe,M1,ESENLER,6,-17.17
fenerbahçe,M1,ESENLER,7,-9.16
fenerbahçe,M1,ESENLER,8,-4.53
fenerbahçe,M1,ESENLER,9,0.59
fenerbahçe,M1,ESENLER,10,-7.79
fenerbahçe,M1,ESENLER,11,11.72
fenerbahçe,M1,ESENLER,12,52.43
fenerbahçe,M1,HAVAALANI,-12,-2.59
fenerbahçe,M1,HAVAALANI,-11,-1.57
fenerbahçe,M1,HAVAALANI,-10,-2.22
fenerbahçe,M1,HAVAALANI,-9,-3.04
fenerbahçe,M1,HAVAALANI,-8,-4.94
fenerbahçe,M1,HAVAALANI,-7,-7.92
fenerbahçe,M1,HAVAALANI,-6,-14.49
fenerbahçe,M1,HAVAALANI,-5,-20.18
fenerbahçe,M1,HAVAALANI,-4,-17.95
fenerbahçe,M1,HAVAALANI,-3,-21.72
fenerbahçe,M1,HAVAALANI,-2,-39.39
fenerbahçe,M1,HAVAALANI,-1,-41.09
fenerbahçe,M1,HAVAALANI,0,-34.49
fenerbahçe,M1,HAVAALANI,1,-28.62
fenerbahçe,M1,HAVAALANI,2,-9.52
fenerbahçe,M1,HAVAALANI,3,-9.77
fenerbahçe,M1,HAVAALANI,4,-7.37
fenerbahçe,M1,HAVAALANI,5,-9.3
fenerbahçe,M1,HAVAALANI,6,-5.35
fenerbahçe,M1,HAVAALANI,7,-3.58
fenerbahçe,M1,HAVAALANI,8,-1.66
fenerbahçe,M1,HAVAALANI,9,0.26
fenerbahçe,M1,HAVAALANI,10,-0.2
fenerbahçe,M1,HAVAALANI,11,-1.53
fenerbahçe,M1,HAVAALANI,12,-0.99
fenerbahçe,M1,IDTM,-12,8.63
fenerbahçe,M1,IDTM,-11,0.79
fenerbahçe,M1,IDTM,-10,-0.15
fenerbahçe,M1,IDTM,-9,-2.6
fenerbahçe,M1,IDTM,-8,-7.62
fenerbahçe,M1,IDTM,-7,-0.57
fenerbahçe,M1,IDTM,-6,3.64
fenerbahçe,M1,IDTM,-5,9.38
fenerbahçe,M1,IDTM,-4,17.53
fenerbahçe,M1,IDTM,-3,77.3
fenerbahçe,M1,IDTM,-2,51.03
fenerbahçe,M1,IDTM,-1,42.73
fenerbahçe,M1,IDTM,0,3.66
fenerbahçe,M1,IDTM,1,-15.6
fenerbahçe,M1,IDTM,2,-9.56
fenerbahçe,M1,IDTM,3,-1.2
fenerbahçe,M1,IDTM,4,-2.02
fenerbahçe,M1,IDTM,5,2.67
fenerbahçe,M1,IDTM,6,2.65
fenerbahçe,M1,IDTM,7,0.78
fenerbahçe,M1,IDTM,8,-1.43
fenerbahçe,M1,IDTM,9,-0.77
fenerbahçe,M1,IDTM,10,1.76
fenerbahçe,M1,IDTM,11,0.56
fenerbahçe,M1,IDTM,12,10.18
fenerbahçe,M1,KARTALTEPE,-12,63.52
fenerbahçe,M1,KARTALTEPE,-11,42.57
fenerbahçe,M1,KARTALTEPE,-10,8.92
fenerbahçe,M1,KARTALTEPE,-9,20.14
fenerbahçe,M1,KARTALTEPE,-8,3.8
fenerbahçe,M1,KARTALTEPE,-7,-1.91
fenerbahçe,M1,KARTALTEPE,-6,-4.42
fenerbahçe,M1,KARTALTEPE,-5,16.93
fenerbahçe,M1,KARTALTEPE,-4,33.72
fenerbahçe,M1,KARTALTEPE,-3,58.55
fenerbahçe,M1,KARTALTEPE,-2,76.91
fenerbahçe,M1,KARTALTEPE,-1,17.93
fenerbahçe,M1,KARTALTEPE,0,-63.82
fenerbahçe,M1,KARTALTEPE,1,-105.01
fenerbahçe,M1,KARTALTEPE,2,-14.49
fenerbahçe,M1,KARTALTEPE,3,-61.09
fenerbahçe,M1,KARTALTEPE,4,-41.51
fenerbahçe,M1,KARTALTEPE,5,-15.96
fenerbahçe,M1,KARTALTEPE,6,-27.5
fenerbahçe,M1,KARTALTEPE,7,-16.22
fenerbahçe,M1,KARTALTEPE,8,3.84
fenerbahçe,M1,KARTALTEPE,9,5.74
fenerbahçe,M1,KARTALTEPE,10,-18.93
fenerbahçe,M1,KARTALTEPE,11,-4.29
fenerbahçe,M1,KARTALTEPE,12,96.84
fenerbahçe,M1,KIRAZLI,-12,56.63
fenerbahçe,M1,KIRAZLI,-11,54.04
fenerbahçe,M1,KIRAZLI,-10,21.18
fenerbahçe,M1,KIRAZLI,-9,28.47
fenerbahçe,M1,KIRAZLI,-8,-1.05
fenerbahçe,M1,KIRAZLI,-7,23.83
fenerbahçe,M1,KIRAZLI,-6,40.96
fenerbahçe,M1,KIRAZLI,-5,47.26
fenerbahçe,M1,KIRAZLI,-4,65.43
fenerbahçe,M1,KIRAZLI,-3,59.55
fenerbahçe,M1,KIRAZLI,-2,60.25
fenerbahçe,M1,KIRAZLI,-1,-14.48
fenerbahçe,M1,KIRAZLI,0,-4.51
fenerbahçe,M1,KIRAZLI,1,-25.0
fenerbahçe,M1,KIRAZLI,2,-0.38
fenerbahçe,M1,KIRAZLI,3,-15.13
fenerbahçe,M1,KIRAZLI,4,-16.49
fenerbahçe,M1,KIRAZLI,5,-15.97
fenerbahçe,M1,KIRAZLI,6,-19.44
fenerbahçe,M1,KIRAZLI,7,-11.62
fenerbahçe,M1,KIRAZLI,8,-6.24
fenerbahçe,M1,KIRAZLI,9,-13.19
fenerbahçe,M1,KIRAZLI,10,-9.46
fenerbahçe,M1,KIRAZLI,11,31.67
fenerbahçe,M1,KIRAZLI,12,89.1
fenerbahçe,M1,MENDERES,-12,73.08
fenerbahçe,M1,MENDERES,-11,29.52
fenerbahçe,M1,MENDERES,-10,8.95
fenerbahçe,M1,MENDERES,-9,0.61
fenerbahçe,M1,MENDERES,-8,-8.1
fenerbahçe,M1,MENDERES,-7,2.3
fenerbahçe,M1,MENDERES,-6,29.07
fenerbahçe,M1,MENDERES,-5,28.49
fenerbahçe,M1,MENDERES,-4,26.04
fenerbahçe,M1,MENDERES,-3,20.66
fenerbahçe,M1,MENDERES,-2,16.99
fenerbahçe,M1,MENDERES,-1,-31.16
fenerbahçe,M1,MENDERES,0,-16.78
fenerbahçe,M1,MENDERES,1,-30.5
fenerbahçe,M1,MENDERES,2,2.2
fenerbahçe,M1,MENDERES,3,1.3
fenerbahçe,M1,MENDERES,4,-15.75
fenerbahçe,M1,MENDERES,5,-11.24
fenerbahçe,M1,MENDERES,6,-12.09
fenerbahçe,M1,MENDERES,7,-8.81
fenerbahçe,M1,MENDERES,8,4.22
fenerbahçe,M1,MENDERES,9,0.33
fenerbahçe,M1,MENDERES,10,-21.64
fenerbahçe,M1,MENDERES,11,42.03
fenerbahçe,M1,MENDERES,12,104.95
fenerbahçe,M1,MERTER,-12,10.03
fenerbahçe,M1,MERTER,-11,8.63
fenerbahçe,M1,MERTER,-10,-4.95
fenerbahçe,M1,MERTER,-9,-0.98
fenerbahçe,M1,MERTER,-8,-3.44
fenerbahçe,M1,MERTER,-7,7.25
fenerbahçe,M1,MERTER,-6,-9.07
fenerbahçe,M1,MERTER,-5,11.5
fenerbahçe,M1,MERTER,-4,13.63
fenerbahçe,M1,MERTER,-3,20.63
fenerbahçe,M1,MERTER,-2,36.27
fenerbahçe,M1,MERTER,-1,16.63
fenerbahçe,M1,MERTER,0,1.86
fenerbahçe,M1,MERTER,1,-11.63
fenerbahçe,M1,MERTER,2,1.12
fenerbahçe,M1,MERTER,3,23.44
fenerbahçe,M1,MERTER,4,1.94
fenerbahçe,M1,MERTER,5,-10.67
fenerbahçe,M1,MERTER,6,-14.41
fenerbahçe,M1,MERTER,7,-12.01
fenerbahçe,M1,MERTER,8,-4.89
fenerbahçe,M1,MERTER,9,1.74
fenerbahçe,M1,MERTER,10,-3.38
fenerbahçe,M1,MERTER,11,2.51
fenerbahçe,M1,MERTER,12,5.82
fenerbahçe,M1,OTOGAR,-12,-5.24
fenerbahçe,M1,OTOGAR,-11,-10.27
fenerbahçe,M1,OTOGAR,-10,-8.38
fenerbahçe,M1,OTOGAR,-9,-0.81
fenerbahçe,M1,OTOGAR,-8,-7.92
fenerbahçe,M1,OTOGAR,-7,-16.5
fenerbahçe,M1,OTOGAR,-6,-8.39
fenerbahçe,M1,OTOGAR,-5,-12.45
fenerbahçe,M1,OTOGAR,-4,-13.29
fenerbahçe,M1,OTOGAR,-3,4.24
fenerbahçe,M1,OTOGAR,-2,1.14
fenerbahçe,M1,OTOGAR,-1,-34.41
fenerbahçe,M1,OTOGAR,0,-13.65
fenerbahçe,M1,OTOGAR,1,-37.1
fenerbahçe,M1,OTOGAR,2,-23.05
fenerbahçe,M1,OTOGAR,3,-25.22
fenerbahçe,M1,OTOGAR,4,-23.37
fenerbahçe,M1,OTOGAR,5,-18.2
fenerbahçe,M1,OTOGAR,6,-2.49
fenerbahçe,M1,OTOGAR,7,3.87
fenerbahçe,M1,OTOGAR,8,15.68
fenerbahçe,M1,OTOGAR,9,-0.3
fenerbahçe,M1,OTOGAR,10,-13.34
fenerbahçe,M1,OTOGAR,11,-18.69
fenerbahçe,M1,OTOGAR,12,-13.48
fenerbahçe,M1,SAGMALCILAR,-12,42.87
fenerbahçe,M1,SAGMALCILAR,-11,17.73
fenerbahçe,M1,SAGMALCILAR,-10,-4.62
fenerbahçe,M1,SAGMALCILAR,-9,20.91
fenerbahçe,M1,SAGMALCILAR,-8,2.25
fenerbahçe,M1,SAGMALCILAR,-7,-2.23
fenerbahçe,M1,SAGMALCILAR,-6,2.02
fenerbahçe,M1,SAGMALCILAR,-5,49.43
fenerbahçe,M1,SAGMALCILAR,-4,48.28
fenerbahçe,M1,SAGMALCILAR,-3,42.88
fenerbahçe,M1,SAGMALCILAR,-2,68.92
fenerbahçe,M1,SAGMALCILAR,-1,-28.75
fenerbahçe,M1,SAGMALCILAR,0,-18.91
fenerbahçe,M1,SAGMALCILAR,1,-37.01
fenerbahçe,M1,SAGMALCILAR,2,12.81
fenerbahçe,M1,SAGMALCILAR,3,-1.25
fenerbahçe,M1,SAGMALCILAR,4,-13.29
fenerbahçe,M1,SAGMALCILAR,5,-5.43
fenerbahçe,M1,SAGMALCILAR,6,-11.26
fenerbahçe,M1,SAGMALCILAR,7,-11.5
fenerbahçe,M1,SAGMALCILAR,8,-1.02
fenerbahçe,M1,SAGMALCILAR,9,3.68
fenerbahçe,M1,SAGMALCILAR,10,-9.92
fenerbahçe,M1,SAGMALCILAR,11,6.56
fenerbahçe,M1,SAGMALCILAR,12,60.66
fenerbahçe,M1,TERAZIDERE,-12,37.45
fenerbahçe,M1,TERAZIDERE,-11,21.54
fenerbahçe,M1,TERAZIDERE,-10,3.51
fenerbahçe,M1,TERAZIDERE,-9,-8.76
fenerbahçe,M1,TERAZIDERE,-8,7.68
fenerbahçe,M1,TERAZIDERE,-7,5.58
fenerbahçe,M1,TERAZIDERE,-6,16.24
fenerbahçe,M1,TERAZIDERE,-5,28.6
fenerbahçe,M1,TERAZIDERE,-4,16.52
fenerbahçe,M1,TERAZIDERE,-3,42.63
fenerbahçe,M1,TERAZIDERE,-2,36.9
fenerbahçe,M1,TERAZIDERE,-1,-16.53
fenerbahçe,M1,TERAZIDERE,0,-6.18
fenerbahçe,M1,TERAZIDERE,1,-19.57
fenerbahçe,M1,TERAZIDERE,2,6.54
fenerbahçe,M1,TERAZIDERE,3,-9.61
fenerbahçe,M1,TERAZIDERE,4,-11.2
fenerbahçe,M1,TERAZIDERE,5,-2.58
fenerbahçe,M1,TERAZIDERE,6,-2.5
fenerbahçe,M1,TERAZIDERE,7,-4.57
fenerbahçe,M1,TERAZIDERE,8,0.95
fenerbahçe,M1,TERAZIDERE,9,0.35
fenerbahçe,M1,TERAZIDERE,10,-8.78
fenerbahçe,M1,TERAZIDERE,11,12.42
fenerbahçe,M1,TERAZIDERE,12,56.09
fenerbahçe,M1,UCYUZLU,-12,71.2
fenerbahçe,M1,UCYUZLU,-11,33.23
fenerbahçe,M1,UCYUZLU,-10,11.91
fenerbahçe,M1,UCYUZLU,-9,0.97
fenerbahçe,M1,UCYUZLU,-8,-6.07
fenerbahçe,M1,UCYUZLU,-7,6.21
fenerbahçe,M1,UCYUZLU,-6,30.15
fenerbahçe,M1,UCYUZLU,-5,16.0
fenerbahçe,M1,UCYUZLU,-4,27.26
fenerbahçe,M1,UCYUZLU,-3,32.73
fenerbahçe,M1,UCYUZLU,-2,23.79
fenerbahçe,M1,UCYUZLU,-1,-21.78
fenerbahçe,M1,UCYUZLU,0,-17.58
fenerbahçe,M1,UCYUZLU,1,-22.99
fenerbahçe,M1,UCYUZLU,2,-4.66
fenerbahçe,M1,UCYUZLU,3,-8.75
fenerbahçe,M1,UCYUZLU,4,-8.78
fenerbahçe,M1,UCYUZLU,5,-8.09
fenerbahçe,M1,UCYUZLU,6,-13.23
fenerbahçe,M1,UCYUZLU,7,-13.06
fenerbahçe,M1,UCYUZLU,8,5.23
fenerbahçe,M1,UCYUZLU,9,6.74
fenerbahçe,M1,UCYUZLU,10,-14.38
fenerbahçe,M1,UCYUZLU,11,26.53
fenerbahçe,M1,UCYUZLU,12,112.45
fenerbahçe,M1,ULUBATLI,-12,29.47
fenerbahçe,M1,ULUBATLI,-11,20.22
fenerbahçe,M1,ULUBATLI,-10,6.76
fenerbahçe,M1,ULUBATLI,-9,11.63
fenerbahçe,M1,ULUBATLI,-8,2.1
fenerbahçe,M1,ULUBATLI,-7,-6.32
fenerbahçe,M1,ULUBATLI,-6,17.32
fenerbahçe,M1,ULUBATLI,-5,13.7
fenerbahçe,M1,ULUBATLI,-4,47.39
fenerbahçe,M1,ULUBATLI,-3,58.94
fenerbahçe,M1,ULUBATLI,-2,68.87
fenerbahçe,M1,ULUBATLI,-1,6.29
fenerbahçe,M1,ULUBATLI,0,3.4
fenerbahçe,M1,ULUBATLI,1,-10.44
fenerbahçe,M1,ULUBATLI,2,5.13
fenerbahçe,M1,ULUBATLI,3,-0.2
fenerbahçe,M1,ULUBATLI,4,-13.23
fenerbahçe,M1,ULUBATLI,5,-7.54
fenerbahçe,M1,ULUBATLI,6,-9.7
fenerbahçe,M1,ULUBATLI,7,-8.52
fenerbahçe,M1,ULUBATLI,8,-1.01
fenerbahçe,M1,ULUBATLI,9,5.89
fenerbahçe,M1,ULUBATLI,10,-7.38
fenerbahçe,M1,ULUBATLI,11,-0.54
fenerbahçe,M1,ULUBATLI,12,33.11
fenerbahçe,M1,YENIBOSNA,-12,3.8
fenerbahçe,M1,YENIBOSNA,-11,3.72
fenerbahçe,M1,YENIBOSNA,-10,-1.13
fenerbahçe,M1,YENIBOSNA,-9,-9.69
fenerbahçe,M1,YENIBOSNA,-8,-5.39
fenerbahçe,M1,YENIBOSNA,-7,-7.32
fenerbahçe,M1,YENIBOSNA,-6,-6.46
fenerbahçe,M1,YENIBOSNA,-5,-10.37
fenerbahçe,M1,YENIBOSNA,-4,-0.62
fenerbahçe,M1,YENIBOSNA,-3,4.5
fenerbahçe,M1,YENIBOSNA,-2,-9.98
fenerbahçe,M1,YENIBOSNA,-1,-25.35
fenerbahçe,M1,YENIBOSNA,0,-14.65
fenerbahçe,M1,YENIBOSNA,1,-16.99
fenerbahçe,M1,YENIBOSNA,2,-8.75
fenerbahçe,M1,YENIBOSNA,3,-5.38
fenerbahçe,M1,YENIBOSNA,4,-12.03
fenerbahçe,M1,YENIBOSNA,5,-5.4
fenerbahçe,M1,YENIBOSNA,6,-13.56
fenerbahçe,M1,YENIBOSNA,7,-4.64
fenerbahçe,M1,YENIBOSNA,8,10.1
fenerbahçe,M1,YENIBOSNA,9,10.38
fenerbahçe,M1,YENIBOSNA,10,1.47
fenerbahçe,M1,YENIBOSNA,11,-7.53
fenerbahçe,M1,YENIBOSNA,12,8.65
fenerbahçe,M1,YENIKAPI,-12,50.36
fenerbahçe,M1,YENIKAPI,-11,70.79
fenerbahçe,M1,YENIKAPI,-10,18.25
fenerbahçe,M1,YENIKAPI,-9,0.35
fenerbahçe,M1,YENIKAPI,-8,-11.04
fenerbahçe,M1,YENIKAPI,-7,-18.49
fenerbahçe,M1,YENIKAPI,-6,-21.06
fenerbahçe,M1,YENIKAPI,-5,-22.5
fenerbahçe,M1,YENIKAPI,-4,-35.35
fenerbahçe,M1,YENIKAPI,-3,137.91
fenerbahçe,M1,YENIKAPI,-2,292.79
fenerbahçe,M1,YENIKAPI,-1,139.3
fenerbahçe,M1,YENIKAPI,0,75.98
fenerbahçe,M1,YENIKAPI,1,-8.24
fenerbahçe,M1,YENIKAPI,2,546.41
fenerbahçe,M1,YENIKAPI,3,390.22
fenerbahçe,M1,YENIKAPI,4,-152.3
fenerbahçe,M1,YENIKAPI,5,-158.0
fenerbahçe,M1,YENIKAPI,6,-229.97
fenerbahçe,M1,YENIKAPI,7,-210.24
fenerbahçe,M1,YENIKAPI,8,-43.9
fenerbahçe,M1,YENIKAPI,9,-10.13
fenerbahçe,M1,YENIKAPI,10,-15.82
fenerbahçe,M1,YENIKAPI,11,24.78
fenerbahçe,M1,YENIKAPI,12,58.17
fenerbahçe,M1,ZEYTINBURNU,-12,68.16
fenerbahçe,M1,ZEYTINBURNU,-11,30.08
fenerbahçe,M1,ZEYTINBURNU,-10,6.43
fenerbahçe,M1,ZEYTINBURNU,-9,2.2
fenerbahçe,M1,ZEYTINBURNU,-8,3.1
fenerbahçe,M1,ZEYTINBURNU,-7,1.12
fenerbahçe,M1,ZEYTINBURNU,-6,-8.05
fenerbahçe,M1,ZEYTINBURNU,-5,22.34
fenerbahçe,M1,ZEYTINBURNU,-4,17.66
fenerbahçe,M1,ZEYTINBURNU,-3,10.37
fenerbahçe,M1,ZEYTINBURNU,-2,30.48
fenerbahçe,M1,ZEYTINBURNU,-1,0.51
fenerbahçe,M1,ZEYTINBURNU,0,-4.33
fenerbahçe,M1,ZEYTINBURNU,1,-23.02
fenerbahçe,M1,ZEYTINBURNU,2,-8.89
fenerbahçe,M1,ZEYTINBURNU,3,-7.92
fenerbahçe,M1,ZEYTINBURNU,4,-21.47
fenerbahçe,M1,ZEYTINBURNU,5,-14.46
fenerbahçe,M1,ZEYTINBURNU,6,-27.64
fenerbahçe,M1,ZEYTINBURNU,7,-15.92
fenerbahçe,M1,ZEYTINBURNU,8,-5.66
fenerbahçe,M1,ZEYTINBURNU,9,3.29
fenerbahçe,M1,ZEYTINBURNU,10,-7.55
fenerbahçe,M1,ZEYTINBURNU,11,-2.69
fenerbahçe,M1,ZEYTINBURNU,12,76.14
fenerbahçe,M2,4. LEVENT,-12,77.82
fenerbahçe,M2,4. LEVENT,-11,43.39
fenerbahçe,M2,4. LEVENT,-10,29.53
fenerbahçe,M2,4. LEVENT,-9,14.02
fenerbahçe,M2,4. LEVENT,-8,14.25
fenerbahçe,M2,4. LEVENT,-7,48.54
fenerbahçe,M2,4. LEVENT,-6,59.01
fenerbahçe,M2,4. LEVENT,-5,70.86
fenerbahçe,M2,4. LEVENT,-4,87.23
fenerbahçe,M2,4. LEVENT,-3,99.33
fenerbahçe,M2,4. LEVENT,-2,117.93
fenerbahçe,M2,4. LEVENT,-1,59.49
fenerbahçe,M2,4. LEVENT,0,-0.61
fenerbahçe,M2,4. LEVENT,1,-29.31
fenerbahçe,M2,4. LEVENT,2,47.0
fenerbahçe,M2,4. LEVENT,3,5.31
fenerbahçe,M2,4. LEVENT,4,-8.12
fenerbahçe,M2,4. LEVENT,5,-7.41
fenerbahçe,M2,4. LEVENT,6,-16.42
fenerbahçe,M2,4. LEVENT,7,-6.09
fenerbahçe,M2,4. LEVENT,8,-9.73
fenerbahçe,M2,4. LEVENT,9,-1.19
fenerbahçe,M2,4. LEVENT,10,-29.46
fenerbahçe,M2,4. LEVENT,11,15.67
fenerbahçe,M2,4. LEVENT,12,127.19
fenerbahçe,M2,ATATURK OTO SANAYI,-12,10.37
fenerbahçe,M2,ATATURK OTO SANAYI,-11,1.55
fenerbahçe,M2,ATATURK OTO SANAYI,-10,2.28
fenerbahçe,M2,ATATURK OTO SANAYI,-9,0.91
fenerbahçe,M2,ATATURK OTO SANAYI,-8,2.18
fenerbahçe,M2,ATATURK OTO SANAYI,-7,3.49
fenerbahçe,M2,ATATURK OTO SANAYI,-6,10.34
fenerbahçe,M2,ATATURK OTO SANAYI,-5,3.41
fenerbahçe,M2,ATATURK OTO SANAYI,-4,10.25
fenerbahçe,M2,ATATURK OTO SANAYI,-3,71.73
fenerbahçe,M2,ATATURK OTO SANAYI,-2,43.65
fenerbahçe,M2,ATATURK OTO SANAYI,-1,2.41
fenerbahçe,M2,ATATURK OTO SANAYI,0,-7.28
fenerbahçe,M2,ATATURK OTO SANAYI,1,-7.99
fenerbahçe,M2,ATATURK OTO SANAYI,2,6.88
fenerbahçe,M2,ATATURK OTO SANAYI,3,2.27
fenerbahçe,M2,ATATURK OTO SANAYI,4,-4.24
fenerbahçe,M2,ATATURK OTO SANAYI,5,-7.07
fenerbahçe,M2,ATATURK OTO SANAYI,6,26.6
fenerbahçe,M2,ATATURK OTO SANAYI,7,7.11
fenerbahçe,M2,ATATURK OTO SANAYI,8,2.75
fenerbahçe,M2,ATATURK OTO SANAYI,9,1.84
fenerbahçe,M2,ATATURK OTO SANAYI,10,-3.7
fenerbahçe,M2,ATATURK OTO SANAYI,11,5.03
fenerbahçe,M2,ATATURK OTO SANAYI,12,21.17
fenerbahçe,M2,DARUSSAFAKA,-12,16.78
fenerbahçe,M2,DARUSSAFAKA,-11,7.05
fenerbahçe,M2,DARUSSAFAKA,-10,2.6
fenerbahçe,M2,DARUSSAFAKA,-9,5.34
fenerbahçe,M2,DARUSSAFAKA,-8,0.68
fenerbahçe,M2,DARUSSAFAKA,-7,8.64
fenerbahçe,M2,DARUSSAFAKA,-6,5.95
fenerbahçe,M2,DARUSSAFAKA,-5,43.81
fenerbahçe,M2,DARUSSAFAKA,-4,46.03
fenerbahçe,M2,DARUSSAFAKA,-3,39.18
fenerbahçe,M2,DARUSSAFAKA,-2,54.5
fenerbahçe,M2,DARUSSAFAKA,-1,18.08
fenerbahçe,M2,DARUSSAFAKA,0,6.55
fenerbahçe,M2,DARUSSAFAKA,1,-15.06
fenerbahçe,M2,DARUSSAFAKA,2,1.47
fenerbahçe,M2,DARUSSAFAKA,3,0.75
fenerbahçe,M2,DARUSSAFAKA,4,-38.16
fenerbahçe,M2,DARUSSAFAKA,5,-26.29
fenerbahçe,M2,DARUSSAFAKA,6,305.06
fenerbahçe,M2,DARUSSAFAKA,7,-53.19
fenerbahçe,M2,DARUSSAFAKA,8,-1.85
fenerbahçe,M2,DARUSSAFAKA,9,-1.48
fenerbahçe,M2,DARUSSAFAKA,10,-4.82
fenerbahçe,M2,DARUSSAFAKA,11,0.56
fenerbahçe,M2,DARUSSAFAKA,12,11.91
fenerbahçe,M2,GAYRETTEPE,-12,-0.25
fenerbahçe,M2,GAYRETTEPE,-11,73.98
fenerbahçe,M2,GAYRETTEPE,-10,56.78
fenerbahçe,M2,GAYRETTEPE,-9,7.6
fenerbahçe,M2,GAYRETTEPE,-8,6.32
fenerbahçe,M2,GAYRETTEPE,-7,26.24
fenerbahçe,M2,GAYRETTEPE,-6,23.79
fenerbahçe,M2,GAYRETTEPE,-5,56.01
fenerbahçe,M2,GAYRETTEPE,-4,46.73
fenerbahçe,M2,GAYRETTEPE,-3,70.28
fenerbahçe,M2,GAYRETTEPE,-2,82.74
fenerbahçe,M2,GAYRETTEPE,-1,35.2
fenerbahçe,M2,GAYRETTEPE,0,3.39
fenerbahçe,M2,GAYRETTEPE,1,12.47
fenerbahçe,M2,GAYRETTEPE,2,138.27
fenerbahçe,M2,GAYRETTEPE,3,171.57
fenerbahçe,M2,GAYRETTEPE,4,37.39
fenerbahçe,M2,GAYRETTEPE,5,1.87
fenerbahçe,M2,GAYRETTEPE,6,25.3
fenerbahçe,M2,GAYRETTEPE,7,-5.73
fenerbahçe,M2,GAYRETTEPE,8,-0.83
fenerbahçe,M2,GAYRETTEPE,9,6.11
fenerbahçe,M2,GAYRETTEPE,10,-22.78
fenerbahçe,M2,GAYRETTEPE,11,-18.06
fenerbahçe,M2,GAYRETTEPE,12,43.36
fenerbahçe,M2,HACIOSMAN,-12,46.12
fenerbahçe,M2,HACIOSMAN,-11,49.65
fenerbahçe,M2,HACIOSMAN,-10,44.63
fenerbahçe,M2,HACIOSMAN,-9,35.04
fenerbahçe,M2,HACIOSMAN,-8,24.5
fenerbahçe,M2,HACIOSMAN,-7,37.57
fenerbahçe,M2,HACIOSMAN,-6,24.52
fenerbahçe,M2,HACIOSMAN,-5,42.78
fenerbahçe,M2,HACIOSMAN,-4,59.0
fenerbahçe,M2,HACIOSMAN,-3,50.68
fenerbahçe,M2,HACIOSMAN,-2,62.08
fenerbahçe,M2,HACIOSMAN,-1,18.02
fenerbahçe,M2,HACIOSMAN,0,-14.01
fenerbahçe,M2,HACIOSMAN,1,-51.28
fenerbahçe,M2,HACIOSMAN,2,-39.33
fenerbahçe,M2,HACIOSMAN,3,-25.68
fenerbahçe,M2,HACIOSMAN,4,-33.68
fenerbahçe,M2,HACIOSMAN,5,-72.23
fenerbahçe,M2,HACIOSMAN,6,-60.1
fenerbahçe,M2,HACIOSMAN,7,-34.52
fenerbahçe,M2,HACIOSMAN,8,-7.47
fenerbahçe,M2,HACIOSMAN,9,0.28
fenerbahçe,M2,HACIOSMAN,10,-25.21
fenerbahçe,M2,HACIOSMAN,11,3.22
fenerbahçe,M2,HACIOSMAN,12,99.92
fenerbahçe,M2,HALIC,-12,2.28
fenerbahçe,M2,HALIC,-11,6.42
fenerbahçe,M2,HALIC,-10,1.29
fenerbahçe,M2,HALIC,-9,-11.15
fenerbahçe,M2,HALIC,-8,-14.65
fenerbahçe,M2,HALIC,-7,-14.06
fenerbahçe,M2,HALIC,-6,-4.96
fenerbahçe,M2,HALIC,-5,14.25
fenerbahçe,M2,HALIC,-4,21.77
fenerbahçe,M2,HALIC,-3,77.76
fenerbahçe,M2,HALIC,-2,57.43
fenerbahçe,M2,HALIC,-1,37.71
fenerbahçe,M2,HALIC,0,23.31
fenerbahçe,M2,HALIC,1,-59.1
fenerbahçe,M2,HALIC,2,-45.6
fenerbahçe,M2,HALIC,3,-83.63
fenerbahçe,M2,HALIC,4,-89.39
fenerbahçe,M2,HALIC,5,-68.8
fenerbahçe,M2,HALIC,6,-115.73
fenerbahçe,M2,HALIC,7,-72.99
fenerbahçe,M2,HALIC,8,-12.43
fenerbahçe,M2,HALIC,9,-1.3
fenerbahçe,M2,HALIC,10,-3.84
fenerbahçe,M2,HALIC,11,-11.18
fenerbahçe,M2,HALIC,12,6.76
fenerbahçe,M2,ITU,-12,29.25
fenerbahçe,M2,ITU,-11,-4.78
fenerbahçe,M2,ITU,-10,-14.6
fenerbahçe,M2,ITU,-9,5.35
fenerbahçe,M2,ITU,-8,34.47
fenerbahçe,M2,ITU,-7,58.59
fenerbahçe,M2,ITU,-6,82.6
fenerbahçe,M2,ITU,-5,14.03
fenerbahçe,M2,ITU,-4,64.34
fenerbahçe,M2,ITU,-3,137.08
fenerbahçe,M2,ITU,-2,247.96
fenerbahçe,M2,ITU,-1,117.41
fenerbahçe,M2,ITU,0,58.68
fenerbahçe,M2,ITU,1,14.31
fenerbahçe,M2,ITU,2,27.76
fenerbahçe,M2,ITU,3,47.96
fenerbahçe,M2,ITU,4,42.07
fenerbahçe,M2,ITU,5,-21.52
fenerbahçe,M2,ITU,6,-46.22
fenerbahçe,M2,ITU,7,-27.81
fenerbahçe,M2,ITU,8,4.64
fenerbahçe,M2,ITU,9,10.46
fenerbahçe,M2,ITU,10,-7.88
fenerbahçe,M2,ITU,11,-13.85
fenerbahçe,M2,ITU,12,51.08
fenerbahçe,M2,LEVENT,-12,27.25
fenerbahçe,M2,LEVENT,-11,26.95
fenerbahçe,M2,LEVENT,-10,17.04
fenerbahçe,M2,LEVENT,-9,-6.28
fenerbahçe,M2,LEVENT,-8,-2.62
fenerbahçe,M2,LEVENT,-7,37.69
fenerbahçe,M2,LEVENT,-6,27.83
fenerbahçe,M2,LEVENT,-5,71.94
fenerbahçe,M2,LEVENT,-4,105.34
fenerbahçe,M2,LEVENT,-3,208.59
fenerbahçe,M2,LEVENT,-2,238.41
fenerbahçe,M2,LEVENT,-1,157.44
fenerbahçe,M2,LEVENT,0,41.25
fenerbahçe,M2,LEVENT,1,-39.64
fenerbahçe,M2,LEVENT,2,31.61
fenerbahçe,M2,LEVENT,3,9.83
fenerbahçe,M2,LEVENT,4,-9.65
fenerbahçe,M2,LEVENT,5,-26.78
fenerbahçe,M2,LEVENT,6,-29.37
fenerbahçe,M2,LEVENT,7,-26.93
fenerbahçe,M2,LEVENT,8,-9.86
fenerbahçe,M2,LEVENT,9,-2.15
fenerbahçe,M2,LEVENT,10,-15.09
fenerbahçe,M2,LEVENT,11,4.67
fenerbahçe,M2,LEVENT,12,53.09
fenerbahçe,M2,OSMANBEY,-12,56.8
fenerbahçe,M2,OSMANBEY,-11,41.79
fenerbahçe,M2,OSMANBEY,-10,30.56
fenerbahçe,M2,OSMANBEY,-9,8.11
fenerbahçe,M2,OSMANBEY,-8,37.28
fenerbahçe,M2,OSMANBEY,-7,36.23
fenerbahçe,M2,OSMANBEY,-6,33.4
fenerbahçe,M2,OSMANBEY,-5,103.32
fenerbahçe,M2,OSMANBEY,-4,150.75
fenerbahçe,M2,OSMANBEY,-3,209.19
fenerbahçe,M2,OSMANBEY,-2,269.22
fenerbahçe,M2,OSMANBEY,-1,112.29
fenerbahçe,M2,OSMANBEY,0,18.1
fenerbahçe,M2,OSMANBEY,1,-22.49
fenerbahçe,M2,OSMANBEY,2,57.71
fenerbahçe,M2,OSMANBEY,3,13.26
fenerbahçe,M2,OSMANBEY,4,-15.82
fenerbahçe,M2,OSMANBEY,5,-45.62
fenerbahçe,M2,OSMANBEY,6,-16.9
fenerbahçe,M2,OSMANBEY,7,-24.68
fenerbahçe,M2,OSMANBEY,8,-14.07
fenerbahçe,M2,OSMANBEY,9,3.59
fenerbahçe,M2,OSMANBEY,10,-27.81
fenerbahçe,M2,OSMANBEY,11,-15.92
fenerbahçe,M2,OSMANBEY,12,89.58
fenerbahçe,M2,SANAYI MAH.,-12,29.49
fenerbahçe,M2,SANAYI MAH.,-11,6.59
fenerbahçe,M2,SANAYI MAH.,-10,11.37
fenerbahçe,M2,SANAYI MAH.,-9,12.84
fenerbahçe,M2,SANAYI MAH.,-8,1.04
fenerbahçe,M2,SANAYI MAH.,-7,11.08
fenerbahçe,M2,SANAYI MAH.,-6,20.78
fenerbahçe,M2,SANAYI MAH.,-5,23.59
fenerbahçe,M2,SANAYI MAH.,-4,32.67
fenerbahçe,M2,SANAYI MAH.,-3,59.92
fenerbahçe,M2,SANAYI MAH.,-2,65.72
fenerbahçe,M2,SANAYI MAH.,-1,25.05
fenerbahçe,M2,SANAYI MAH.,0,10.45
fenerbahçe,M2,SANAYI MAH.,1,-11.25
fenerbahçe,M2,SANAYI MAH.,2,5.3
fenerbahçe,M2,SANAYI MAH.,3,7.22
fenerbahçe,M2,SANAYI MAH.,4,-2.28
fenerbahçe,M2,SANAYI MAH.,5,-5.73
fenerbahçe,M2,SANAYI MAH.,6,-4.03
fenerbahçe,M2,SANAYI MAH.,7,-3.75
fenerbahçe,M2,SANAYI MAH.,8,-5.39
fenerbahçe,M2,SANAYI MAH.,9,3.92
fenerbahçe,M2,SANAYI MAH.,10,-14.09
fenerbahçe,M2,SANAYI MAH.,11,14.65
fenerbahçe,M2,SANAYI MAH.,12,55.27
fenerbahçe,M2,SEYRANTEPE,-12,11.87
fenerbahçe,M2,SEYRANTEPE,-11,1.14
fenerbahçe,M2,SEYRANTEPE,-10,0.39
fenerbahçe,M2,SEYRANTEPE,-9,3.87
fenerbahçe,M2,SEYRANTEPE,-8,0.58
fenerbahçe,M2,SEYRANTEPE,-7,6.94
fenerbahçe,M2,SEYRANTEPE,-6,17.28
fenerbahçe,M2,SEYRANTEPE,-5,14.86
fenerbahçe,M2,SEYRANTEPE,-4,33.09
fenerbahçe,M2,SEYRANTEPE,-3,43.86
fenerbahçe,M2,SEYRANTEPE,-2,44.49
fenerbahçe,M2,SEYRANTEPE,-1,6.73
fenerbahçe,M2,SEYRANTEPE,0,-9.5
fenerbahçe,M2,SEYRANTEPE,1,-52.61
fenerbahçe,M2,SEYRANTEPE,2,-67.43
fenerbahçe,M2,SEYRANTEPE,3,-48.54
fenerbahçe,M2,SEYRANTEPE,4,-76.36
fenerbahçe,M2,SEYRANTEPE,5,-78.51
fenerbahçe,M2,SEYRANTEPE,6,-17.99
fenerbahçe,M2,SEYRANTEPE,7,-14.5
fenerbahçe,M2,SEYRANTEPE,8,-30.87
fenerbahçe,M2,SEYRANTEPE,9,0.08
fenerbahçe,M2,SEYRANTEPE,10,-9.09
fenerbahçe,M2,SEYRANTEPE,11,6.26
fenerbahçe,M2,SEYRANTEPE,12,33.36
fenerbahçe,M2,SISHANE,-12,19.6
fenerbahçe,M2,SISHANE,-11,17.36
fenerbahçe,M2,SISHANE,-10,17.53
fenerbahçe,M2,SISHANE,-9,21.65
fenerbahçe,M2,SISHANE,-8,2.17
fenerbahçe,M2,SISHANE,-7,6.26
fenerbahçe,M2,SISHANE,-6,0.1
fenerbahçe,M2,SISHANE,-5,31.34
fenerbahçe,M2,SISHANE,-4,80.15
fenerbahçe,M2,SISHANE,-3,111.56
fenerbahçe,M2,SISHANE,-2,125.61
fenerbahçe,M2,SISHANE,-1,130.32
fenerbahçe,M2,SISHANE,0,79.23
fenerbahçe,M2,SISHANE,1,22.67
fenerbahçe,M2,SISHANE,2,106.42
fenerbahçe,M2,SISHANE,3,72.52
fenerbahçe,M2,SISHANE,4,47.67
fenerbahçe,M2,SISHANE,5,33.24
fenerbahçe,M2,SISHANE,6,54.48
fenerbahçe,M2,SISHANE,7,-23.93
fenerbahçe,M2,SISHANE,8,-14.98
fenerbahçe,M2,SISHANE,9,-1.08
fenerbahçe,M2,SISHANE,10,-7.93
fenerbahçe,M2,SISHANE,11,8.15
fenerbahçe,M2,SISHANE,12,46.11
fenerbahçe,M2,SISLI,-12,188.1
fenerbahçe,M2,SISLI,-11,118.12
fenerbahçe,M2,SISLI,-10,122.12
fenerbahçe,M2,SISLI,-9,24.75
fenerbahçe,M2,SISLI,-8,63.47
fenerbahçe,M2,SISLI,-7,88.27
fenerbahçe,M2,SISLI,-6,110.23
fenerbahçe,M2,SISLI,-5,172.61
fenerbahçe,M2,SISLI,-4,106.34
fenerbahçe,M2,SISLI,-3,194.41
fenerbahçe,M2,SISLI,-2,242.29
fenerbahçe,M2,SISLI,-1,148.11
fenerbahçe,M2,SISLI,0,29.79
fenerbahçe,M2,SISLI,1,-15.43
fenerbahçe,M2,SISLI,2,112.27
fenerbahçe,M2,SISLI,3,62.08
fenerbahçe,M2,SISLI,4,-4.56
fenerbahçe,M2,SISLI,5,0.62
fenerbahçe,M2,SISLI,6,-41.75
fenerbahçe,M2,SISLI,7,-34.93
fenerbahçe,M2,SISLI,8,-10.64
fenerbahçe,M2,SISLI,9,12.29
fenerbahçe,M2,SISLI,10,-39.62
fenerbahçe,M2,SISLI,11,-12.68
fenerbahçe,M2,SISLI,12,273.48
fenerbahçe,M2,TAKSIM,-12,5.34
fenerbahçe,M2,TAKSIM,-11,8.47
fenerbahçe,M2,TAKSIM,-10,8.18
fenerbahçe,M2,TAKSIM,-9,10.46
fenerbahçe,M2,TAKSIM,-8,5.37
fenerbahçe,M2,TAKSIM,-7,16.58
fenerbahçe,M2,TAKSIM,-6,-10.87
fenerbahçe,M2,TAKSIM,-5,31.11
fenerbahçe,M2,TAKSIM,-4,49.81
fenerbahçe,M2,TAKSIM,-3,125.29
fenerbahçe,M2,TAKSIM,-2,230.87
fenerbahçe,M2,TAKSIM,-1,122.28
fenerbahçe,M2,TAKSIM,0,58.07
fenerbahçe,M2,TAKSIM,1,-23.72
fenerbahçe,M2,TAKSIM,2,262.18
fenerbahçe,M2,TAKSIM,3,180.11
fenerbahçe,M2,TAKSIM,4,103.89
fenerbahçe,M2,TAKSIM,5,-7.28
fenerbahçe,M2,TAKSIM,6,9.15
fenerbahçe,M2,TAKSIM,7,-104.38
fenerbahçe,M2,TAKSIM,8,-46.2
fenerbahçe,M2,TAKSIM,9,-4.94
fenerbahçe,M2,TAKSIM,10,-6.28
fenerbahçe,M2,TAKSIM,11,0.01
fenerbahçe,M2,TAKSIM,12,21.02
fenerbahçe,M2,VEZNECILER,-12,1.01
fenerbahçe,M2,VEZNECILER,-11,12.17
fenerbahçe,M2,VEZNECILER,-10,10.83
fenerbahçe,M2,VEZNECILER,-9,3.24
fenerbahçe,M2,VEZNECILER,-8,-16.11
fenerbahçe,M2,VEZNECILER,-7,-8.75
fenerbahçe,M2,VEZNECILER,-6,6.49
fenerbahçe,M2,VEZNECILER,-5,0.78
fenerbahçe,M2,VEZNECILER,-4,31.1
fenerbahçe,M2,VEZNECILER,-3,44.25
fenerbahçe,M2,VEZNECILER,-2,83.12
fenerbahçe,M2,VEZNECILER,-1,57.37
fenerbahçe,M2,VEZNECILER,0,25.66
fenerbahçe,M2,VEZNECILER,1,6.94
fenerbahçe,M2,VEZNECILER,2,56.57
fenerbahçe,M2,VEZNECILER,3,14.91
fenerbahçe,M2,VEZNECILER,4,-16.87
fenerbahçe,M2,VEZNECILER,5,-17.03
fenerbahçe,M2,VEZNECILER,6,-22.02
fenerbahçe,M2,VEZNECILER,7,-15.18
fenerbahçe,M2,VEZNECILER,8,1.43
fenerbahçe,M2,VEZNECILER,9,-0.66
fenerbahçe,M2,VEZNECILER,10,-5.8
fenerbahçe,M2,VEZNECILER,11,-10.13
fenerbahçe,M2,VEZNECILER,12,7.81
fenerbahçe,M2,YENIKAPI,-12,134.96
fenerbahçe,M2,YENIKAPI,-11,249.03
fenerbahçe,M2,YENIKAPI,-10,147.56
fenerbahçe,M2,YENIKAPI,-9,78.49
fenerbahçe,M2,YENIKAPI,-8,75.98
fenerbahçe,M2,YENIKAPI,-7,89.02
fenerbahçe,M2,YENIKAPI,-6,160.59
fenerbahçe,M2,YENIKAPI,-5,133.59
fenerbahçe,M2,YENIKAPI,-4,76.55
fenerbahçe,M2,YENIKAPI,-3,125.72
fenerbahçe,M2,YENIKAPI,-2,213.44
fenerbahçe,M2,YENIKAPI,-1,141.62
fenerbahçe,M2,YENIKAPI,0,57.97
fenerbahçe,M2,YENIKAPI,1,-22.44
fenerbahçe,M2,YENIKAPI,2,177.67
fenerbahçe,M2,YENIKAPI,3,141.73
fenerbahçe,M2,YENIKAPI,4,-60.47
fenerbahçe,M2,YENIKAPI,5,-91.27
fenerbahçe,M2,YENIKAPI,6,-79.76
fenerbahçe,M2,YENIKAPI,7,-132.7
fenerbahçe,M2,YENIKAPI,8,-3.68
fenerbahçe,M2,YENIKAPI,9,18.74
fenerbahçe,M2,YENIKAPI,10,-44.83
fenerbahçe,M2,YENIKAPI,11,-21.41
fenerbahçe,M2,YENIKAPI,12,238.29
fenerbahçe,M3,BAKIRKOY IDO,-12,-1.38
fenerbahçe,M3,BAKIRKOY IDO,-11,1.77
fenerbahçe,M3,BAKIRKOY IDO,-10,-0.56
fenerbahçe,M3,BAKIRKOY IDO,-9,0.36
fenerbahçe,M3,BAKIRKOY IDO,-8,1.14
fenerbahçe,M3,BAKIRKOY IDO,-7,3.97
fenerbahçe,M3,BAKIRKOY IDO,-6,4.11
fenerbahçe,M3,BAKIRKOY IDO,-5,-4.23
fenerbahçe,M3,BAKIRKOY IDO,-4,11.47
fenerbahçe,M3,BAKIRKOY IDO,-3,2.65
fenerbahçe,M3,BAKIRKOY IDO,-2,32.12
fenerbahçe,M3,BAKIRKOY IDO,-1,35.3
fenerbahçe,M3,BAKIRKOY IDO,0,17.86
fenerbahçe,M3,BAKIRKOY IDO,1,-22.48
fenerbahçe,M3,BAKIRKOY IDO,2,-79.35
fenerbahçe,M3,BAKIRKOY IDO,3,-107.51
fenerbahçe,M3,BAKIRKOY IDO,4,-95.63
fenerbahçe,M3,BAKIRKOY IDO,5,-7.89
fenerbahçe,M3,BAKIRKOY IDO,8,2.25
fenerbahçe,M3,BAKIRKOY IDO,9,2.53
fenerbahçe,M3,BAKIRKOY IDO,10,0.04
fenerbahçe,M3,BAKIRKOY IDO,11,1.99
fenerbahçe,M3,BAKIRKOY IDO,12,-2.15
fenerbahçe,M3,BASAK KONUTLARI,-12,8.64
fenerbahçe,M3,BASAK KONUTLARI,-11,1.72
fenerbahçe,M3,BASAK KONUTLARI,-10,-0.88
fenerbahçe,M3,BASAK KONUTLARI,-9,-4.9
fenerbahçe,M3,BASAK KONUTLARI,-8,-2.34
fenerbahçe,M3,BASAK KONUTLARI,-7,10.61
fenerbahçe,M3,BASAK KONUTLARI,-6,4.69
fenerbahçe,M3,BASAK KONUTLARI,-5,16.31
fenerbahçe,M3,BASAK KONUTLARI,-4,13.73
fenerbahçe,M3,BASAK KONUTLARI,-3,38.0
fenerbahçe,M3,BASAK KONUTLARI,-2,16.83
fenerbahçe,M3,BASAK KONUTLARI,-1,3.41
fenerbahçe,M3,BASAK KONUTLARI,0,5.89
fenerbahçe,M3,BASAK KONUTLARI,1,-0.05
fenerbahçe,M3,BASAK KONUTLARI,2,9.56
fenerbahçe,M3,BASAK KONUTLARI,3,4.47
fenerbahçe,M3,BASAK KONUTLARI,4,-5.47
fenerbahçe,M3,BASAK KONUTLARI,5,-3.84
fenerbahçe,M3,BASAK KONUTLARI,6,-20.83
fenerbahçe,M3,BASAK KONUTLARI,7,-12.44
fenerbahçe,M3,BASAK KONUTLARI,8,-2.65
fenerbahçe,M3,BASAK KONUTLARI,9,0.59
fenerbahçe,M3,BASAK KONUTLARI,10,-2.91
fenerbahçe,M3,BASAK KONUTLARI,11,-8.44
fenerbahçe,M3,BASAK KONUTLARI,12,10.83
fenerbahçe,M3,HAZNEDAR,-12,10.9
fenerbahçe,M3,HAZNEDAR,-11,7.21
fenerbahçe,M3,HAZNEDAR,-10,6.5
fenerbahçe,M3,HAZNEDAR,-9,16.61
fenerbahçe,M3,HAZNEDAR,-8,13.66
fenerbahçe,M3,HAZNEDAR,-7,24.06
fenerbahçe,M3,HAZNEDAR,-6,23.36
fenerbahçe,M3,HAZNEDAR,-5,18.33
fenerbahçe,M3,HAZNEDAR,-4,-0.96
fenerbahçe,M3,HAZNEDAR,-3,5.54
fenerbahçe,M3,HAZNEDAR,-2,19.37
fenerbahçe,M3,HAZNEDAR,-1,-8.78
fenerbahçe,M3,HAZNEDAR,0,-9.56
fenerbahçe,M3,HAZNEDAR,1,-2.03
fenerbahçe,M3,HAZNEDAR,2,6.92
fenerbahçe,M3,HAZNEDAR,3,3.13
fenerbahçe,M3,HAZNEDAR,4,-1.73
fenerbahçe,M3,HAZNEDAR,5,-1.31
fenerbahçe,M3,HAZNEDAR,7,1.38
fenerbahçe,M3,HAZNEDAR,8,-2.71
fenerbahçe,M3,HAZNEDAR,9,6.68
fenerbahçe,M3,HAZNEDAR,10,5.32
fenerbahçe,M3,HAZNEDAR,11,-4.14
fenerbahçe,M3,HAZNEDAR,12,2.35
fenerbahçe,M3,IKITELLI SANAYI,-12,4.58
fenerbahçe,M3,IKITELLI SANAYI,-11,2.55
fenerbahçe,M3,IKITELLI SANAYI,-10,-1.41
fenerbahçe,M3,IKITELLI SANAYI,-9,0.86
fenerbahçe,M3,IKITELLI SANAYI,-8,-0.86
fenerbahçe,M3,IKITELLI SANAYI,-7,-1.7
fenerbahçe,M3,IKITELLI SANAYI,-6,0.78
fenerbahçe,M3,IKITELLI SANAYI,-5,-15.14
fenerbahçe,M3,IKITELLI SANAYI,-4,25.71
fenerbahçe,M3,IKITELLI SANAYI,-3,48.49
fenerbahçe,M3,IKITELLI SANAYI,-2,35.88
fenerbahçe,M3,IKITELLI SANAYI,-1,17.99
fenerbahçe,M3,IKITELLI SANAYI,0,2.49
fenerbahçe,M3,IKITELLI SANAYI,1,-3.4
fenerbahçe,M3,IKITELLI SANAYI,2,-1.96
fenerbahçe,M3,IKITELLI SANAYI,3,-6.18
fenerbahçe,M3,IKITELLI SANAYI,4,-5.13
fenerbahçe,M3,IKITELLI SANAYI,5,-6.0
fenerbahçe,M3,IKITELLI SANAYI,6,-3.89
fenerbahçe,M3,IKITELLI SANAYI,7,-11.4
fenerbahçe,M3,IKITELLI SANAYI,8,-2.64
fenerbahçe,M3,IKITELLI SANAYI,9,-0.39
fenerbahçe,M3,IKITELLI SANAYI,10,-0.3
fenerbahçe,M3,IKITELLI SANAYI,11,1.82
fenerbahçe,M3,IKITELLI SANAYI,12,1.95
fenerbahçe,M3,ILKYUVA,-12,40.12
fenerbahçe,M3,ILKYUVA,-11,4.2
fenerbahçe,M3,ILKYUVA,-10,27.09
fenerbahçe,M3,ILKYUVA,-9,-8.6
fenerbahçe,M3,ILKYUVA,-8,-7.1
fenerbahçe,M3,ILKYUVA,-7,16.67
fenerbahçe,M3,ILKYUVA,-6,51.81
fenerbahçe,M3,ILKYUVA,-5,51.26
fenerbahçe,M3,ILKYUVA,-4,33.06
fenerbahçe,M3,ILKYUVA,-3,15.18
fenerbahçe,M3,ILKYUVA,-2,21.59
fenerbahçe,M3,ILKYUVA,-1,-38.67
fenerbahçe,M3,ILKYUVA,0,-10.21
fenerbahçe,M3,ILKYUVA,1,-44.4
fenerbahçe,M3,ILKYUVA,2,-1.88
fenerbahçe,M3,ILKYUVA,3,-4.17
fenerbahçe,M3,ILKYUVA,4,-5.49
fenerbahçe,M3,ILKYUVA,5,-3.87
fenerbahçe,M3,ILKYUVA,6,-0.25
fenerbahçe,M3,ILKYUVA,7,-8.71
fenerbahçe,M3,ILKYUVA,8,-14.28
fenerbahçe,M3,ILKYUVA,9,47.03
fenerbahçe,M3,ILKYUVA,10,3.96
fenerbahçe,M3,ILKYUVA,11,-16.22
fenerbahçe,M3,ILKYUVA,12,15.04
fenerbahçe,M3,INCIRLI,-12,-23.37
fenerbahçe,M3,INCIRLI,-11,-15.92
fenerbahçe,M3,INCIRLI,-10,-11.43
fenerbahçe,M3,INCIRLI,-9,-15.19
fenerbahçe,M3,INCIRLI,-8,-11.57
fenerbahçe,M3,INCIRLI,-7,-8.04
fenerbahçe,M3,INCIRLI,-6,19.26
fenerbahçe,M3,INCIRLI,-5,20.76
fenerbahçe,M3,INCIRLI,-4,19.85
fenerbahçe,M3,INCIRLI,-3,86.59
fenerbahçe,M3,INCIRLI,-2,94.36
fenerbahçe,M3,INCIRLI,-1,-37.33
fenerbahçe,M3,INCIRLI,0,-32.83
fenerbahçe,M3,INCIRLI,1,-32.13
fenerbahçe,M3,INCIRLI,2,-22.36
fenerbahçe,M3,INCIRLI,3,-26.12
fenerbahçe,M3,INCIRLI,4,-12.53
fenerbahçe,M3,INCIRLI,5,-4.6
fenerbahçe,M3,INCIRLI,6,8.6
fenerbahçe,M3,INCIRLI,7,-2.0
fenerbahçe,M3,INCIRLI,8,-16.09
fenerbahçe,M3,INCIRLI,9,2.49
fenerbahçe,M3,INCIRLI,10,-7.0
fenerbahçe,M3,INCIRLI,11,-20.61
fenerbahçe,M3,INCIRLI,12,-29.64
fenerbahçe,M3,ISTOC,-12,1.11
fenerbahçe,M3,ISTOC,-11,-0.28
fenerbahçe,M3,ISTOC,-10,0.12
fenerbahçe,M3,ISTOC,-9,-0.16
fenerbahçe,M3,ISTOC,-8,-1.5
fenerbahçe,M3,ISTOC,-7,-0.19
fenerbahçe,M3,ISTOC,-6,0.5
fenerbahçe,M3,ISTOC,-5,4.24
fenerbahçe,M3,ISTOC,-4,8.03
fenerbahçe,M3,ISTOC,-3,27.6
fenerbahçe,M3,ISTOC,-2,2.54
fenerbahçe,M3,ISTOC,-1,4.34
fenerbahçe,M3,ISTOC,0,0.51
fenerbahçe,M3,ISTOC,1,-2.32
fenerbahçe,M3,ISTOC,2,-0.21
fenerbahçe,M3,ISTOC,3,-1.97
fenerbahçe,M3,ISTOC,4,-0.62
fenerbahçe,M3,ISTOC,5,-0.89
fenerbahçe,M3,ISTOC,6,-3.83
fenerbahçe,M3,ISTOC,7,-1.73
fenerbahçe,M3,ISTOC,8,0.14
fenerbahçe,M3,ISTOC,9,0.67
fenerbahçe,M3,ISTOC,10,-0.5
fenerbahçe,M3,ISTOC,11,-0.42
fenerbahçe,M3,ISTOC,12,4.31
fenerbahçe,M3,KAYASEHIR MERKEZ,-12,12.46
fenerbahçe,M3,KAYASEHIR MERKEZ,-11,20.53
fenerbahçe,M3,KAYASEHIR MERKEZ,-10,0.78
fenerbahçe,M3,KAYASEHIR MERKEZ,-9,3.86
fenerbahçe,M3,KAYASEHIR MERKEZ,-8,-1.75
fenerbahçe,M3,KAYASEHIR MERKEZ,-7,-2.79
fenerbahçe,M3,KAYASEHIR MERKEZ,-6,-2.16
fenerbahçe,M3,KAYASEHIR MERKEZ,-5,-10.85
fenerbahçe,M3,KAYASEHIR MERKEZ,-4,5.88
fenerbahçe,M3,KAYASEHIR MERKEZ,-3,6.03
fenerbahçe,M3,KAYASEHIR MERKEZ,-2,2.33
fenerbahçe,M3,KAYASEHIR MERKEZ,-1,3.78
fenerbahçe,M3,KAYASEHIR MERKEZ,0,-0.93
fenerbahçe,M3,KAYASEHIR MERKEZ,1,-10.37
fenerbahçe,M3,KAYASEHIR MERKEZ,2,-3.96
fenerbahçe,M3,KAYASEHIR MERKEZ,3,-34.87
fenerbahçe,M3,KAYASEHIR MERKEZ,4,-48.16
fenerbahçe,M3,KAYASEHIR MERKEZ,5,-35.41
fenerbahçe,M3,KAYASEHIR MERKEZ,6,-113.17
fenerbahçe,M3,KAYASEHIR MERKEZ,7,-59.33
fenerbahçe,M3,KAYASEHIR MERKEZ,8,3.84
fenerbahçe,M3,KAYASEHIR MERKEZ,9,7.18
fenerbahçe,M3,KAYASEHIR MERKEZ,10,-5.51
fenerbahçe,M3,KAYASEHIR MERKEZ,11,-22.16
fenerbahçe,M3,KAYASEHIR MERKEZ,12,17.84
fenerbahçe,M3,KIRAZLI,-12,65.08
fenerbahçe,M3,KIRAZLI,-11,15.4
fenerbahçe,M3,KIRAZLI,-10,8.64
fenerbahçe,M3,KIRAZLI,-9,-1.69
fenerbahçe,M3,KIRAZLI,-8,-6.8
fenerbahçe,M3,KIRAZLI,-7,-2.15
fenerbahçe,M3,KIRAZLI,-6,-3.04
fenerbahçe,M3,KIRAZLI,-5,-6.83
fenerbahçe,M3,KIRAZLI,-4,-1.54
fenerbahçe,M3,KIRAZLI,-3,2.49
fenerbahçe,M3,KIRAZLI,-2,11.31
fenerbahçe,M3,KIRAZLI,-1,-11.43
fenerbahçe,M3,KIRAZLI,0,-8.93
fenerbahçe,M3,KIRAZLI,1,-17.85
fenerbahçe,M3,KIRAZLI,2,-0.16
fenerbahçe,M3,KIRAZLI,3,-2.73
fenerbahçe,M3,KIRAZLI,4,-10.39
fenerbahçe,M3,KIRAZLI,5,-5.53
fenerbahçe,M3,KIRAZLI,6,-14.47
fenerbahçe,M3,KIRAZLI,7,-13.15
fenerbahçe,M3,KIRAZLI,8,-0.97
fenerbahçe,M3,KIRAZLI,9,11.78
fenerbahçe,M3,KIRAZLI,10,4.29
fenerbahçe,M3,KIRAZLI,11,29.32
fenerbahçe,M3,KIRAZLI,12,100.92
fenerbahçe,M3,MAHMUTBEY,-12,59.45
fenerbahçe,M3,MAHMUTBEY,-11,38.63
fenerbahçe,M3,MAHMUTBEY,-10,8.94
fenerbahçe,M3,MAHMUTBEY,-9,0.11
fenerbahçe,M3,MAHMUTBEY,-8,-3.2
fenerbahçe,M3,MAHMUTBEY,-7,-1.88
fenerbahçe,M3,MAHMUTBEY,-6,-8.85
fenerbahçe,M3,MAHMUTBEY,-5,7.22
fenerbahçe,M3,MAHMUTBEY,-4,8.38
fenerbahçe,M3,MAHMUTBEY,-3,30.95
fenerbahçe,M3,MAHMUTBEY,-2,29.82
fenerbahçe,M3,MAHMUTBEY,-1,9.46
fenerbahçe,M3,MAHMUTBEY,0,-5.95
fenerbahçe,M3,MAHMUTBEY,1,-8.3
fenerbahçe,M3,MAHMUTBEY,2,3.91
fenerbahçe,M3,MAHMUTBEY,3,2.91
fenerbahçe,M3,MAHMUTBEY,4,-1.82
fenerbahçe,M3,MAHMUTBEY,5,-7.31
fenerbahçe,M3,MAHMUTBEY,6,-34.75
fenerbahçe,M3,MAHMUTBEY,7,-25.62
fenerbahçe,M3,MAHMUTBEY,8,8.44
fenerbahçe,M3,MAHMUTBEY,9,4.69
fenerbahçe,M3,MAHMUTBEY,10,-3.22
fenerbahçe,M3,MAHMUTBEY,11,11.07
fenerbahçe,M3,MAHMUTBEY,12,83.24
fenerbahçe,M3,MAHMUTBEY M7 HOL,-12,9.83
fenerbahçe,M3,MAHMUTBEY M7 HOL,-11,1.27
fenerbahçe,M3,MAHMUTBEY M7 HOL,-10,-4.22
fenerbahçe,M3,MAHMUTBEY M7 HOL,-9,-4.97
fenerbahçe,M3,MAHMUTBEY M7 HOL,-8,-2.48
fenerbahçe,M3,MAHMUTBEY M7 HOL,-7,-7.83
fenerbahçe,M3,MAHMUTBEY M7 HOL,-6,-11.17
fenerbahçe,M3,MAHMUTBEY M7 HOL,-5,1.57
fenerbahçe,M3,MAHMUTBEY M7 HOL,-4,2.2
fenerbahçe,M3,MAHMUTBEY M7 HOL,-3,7.1
fenerbahçe,M3,MAHMUTBEY M7 HOL,-2,15.13
fenerbahçe,M3,MAHMUTBEY M7 HOL,-1,-0.11
fenerbahçe,M3,MAHMUTBEY M7 HOL,0,-6.07
fenerbahçe,M3,MAHMUTBEY M7 HOL,1,-5.68
fenerbahçe,M3,MAHMUTBEY M7 HOL,2,-5.34
fenerbahçe,M3,MAHMUTBEY M7 HOL,3,7.76
fenerbahçe,M3,MAHMUTBEY M7 HOL,4,-9.33
fenerbahçe,M3,MAHMUTBEY M7 HOL,5,-11.81
fenerbahçe,M3,MAHMUTBEY M7 HOL,6,-26.22
fenerbahçe,M3,MAHMUTBEY M7 HOL,7,-10.4
fenerbahçe,M3,MAHMUTBEY M7 HOL,8,4.76
fenerbahçe,M3,MAHMUTBEY M7 HOL,9,33.99
fenerbahçe,M3,MAHMUTBEY M7 HOL,10,-2.9
fenerbahçe,M3,MAHMUTBEY M7 HOL,11,-4.0
fenerbahçe,M3,MAHMUTBEY M7 HOL,12,19.18
fenerbahçe,M3,METROKENT,-12,16.27
fenerbahçe,M3,METROKENT,-11,11.02
fenerbahçe,M3,METROKENT,-10,-4.28
fenerbahçe,M3,METROKENT,-9,-5.08
fenerbahçe,M3,METROKENT,-8,-8.63
fenerbahçe,M3,METROKENT,-7,6.01
fenerbahçe,M3,METROKENT,-6,9.51
fenerbahçe,M3,METROKENT,-5,-5.13
fenerbahçe,M3,METROKENT,-4,26.57
fenerbahçe,M3,METROKENT,-3,21.85
fenerbahçe,M3,METROKENT,-2,22.86
fenerbahçe,M3,METROKENT,-1,5.75
fenerbahçe,M3,METROKENT,0,3.85
fenerbahçe,M3,METROKENT,1,-4.96
fenerbahçe,M3,METROKENT,2,9.82
fenerbahçe,M3,METROKENT,3,-1.18
fenerbahçe,M3,METROKENT,4,-10.36
fenerbahçe,M3,METROKENT,5,17.64
fenerbahçe,M3,METROKENT,6,-35.53
fenerbahçe,M3,METROKENT,7,-34.01
fenerbahçe,M3,METROKENT,8,-0.73
fenerbahçe,M3,METROKENT,9,1.83
fenerbahçe,M3,METROKENT,10,-3.66
fenerbahçe,M3,METROKENT,11,-7.35
fenerbahçe,M3,METROKENT,12,25.31
fenerbahçe,M3,MOLLA GURANI,-12,2.14
fenerbahçe,M3,MOLLA GURANI,-11,3.29
fenerbahçe,M3,MOLLA GURANI,-10,10.95
fenerbahçe,M3,MOLLA GURANI,-9,0.05
fenerbahçe,M3,MOLLA GURANI,-8,-13.93
fenerbahçe,M3,MOLLA GURANI,-7,17.17
fenerbahçe,M3,MOLLA GURANI,-6,14.92
fenerbahçe,M3,MOLLA GURANI,-5,50.3
fenerbahçe,M3,MOLLA GURANI,-4,-7.68
fenerbahçe,M3,MOLLA GURANI,-3,16.72
fenerbahçe,M3,MOLLA GURANI,-2,-7.22
fenerbahçe,M3,MOLLA GURANI,-1,-39.72
fenerbahçe,M3,MOLLA GURANI,0,-14.78
fenerbahçe,M3,MOLLA GURANI,1,-19.28
fenerbahçe,M3,MOLLA GURANI,2,-20.46
fenerbahçe,M3,MOLLA GURANI,3,-10.45
fenerbahçe,M3,MOLLA GURANI,4,-11.69
fenerbahçe,M3,MOLLA GURANI,5,-1.85
fenerbahçe,M3,MOLLA GURANI,7,-13.29
fenerbahçe,M3,MOLLA GURANI,8,-12.12
fenerbahçe,M3,MOLLA GURANI,9,50.79
fenerbahçe,M3,MOLLA GURANI,10,-9.59
fenerbahçe,M3,MOLLA GURANI,11,-39.91
fenerbahçe,M3,MOLLA GURANI,12,-27.15
fenerbahçe,M3,ONURKENT,-12,9.38
fenerbahçe,M3,ONURKENT,-11,7.7
fenerbahçe,M3,ONURKENT,-10,-0.65
fenerbahçe,M3,ONURKENT,-9,4.18
fenerbahçe,M3,ONURKENT,-8,4.33
fenerbahçe,M3,ONURKENT,-7,0.9
fenerbahçe,M3,ONURKENT,-6,-13.15
fenerbahçe,M3,ONURKENT,-5,18.07
fenerbahçe,M3,ONURKENT,-4,22.53
fenerbahçe,M3,ONURKENT,-3,-0.22
fenerbahçe,M3,ONURKENT,-2,-1.48
fenerbahçe,M3,ONURKENT,-1,-5.07
fenerbahçe,M3,ONURKENT,0,-5.21
fenerbahçe,M3,ONURKENT,1,-4.91
fenerbahçe,M3,ONURKENT,2,-1.58
fenerbahçe,M3,ONURKENT,3,-4.44
fenerbahçe,M3,ONURKENT,4,-10.55
fenerbahçe,M3,ONURKENT,5,-10.52
fenerbahçe,M3,ONURKENT,6,-14.89
fenerbahçe,M3,ONURKENT,7,-8.87
fenerbahçe,M3,ONURKENT,8,2.57
fenerbahçe,M3,ONURKENT,9,2.81
fenerbahçe,M3,ONURKENT,10,-0.29
fenerbahçe,M3,ONURKENT,11,-10.57
fenerbahçe,M3,ONURKENT,12,10.5
fenerbahçe,M3,OZGURLUK MEYDANI,-12,-13.56
fenerbahçe,M3,OZGURLUK MEYDANI,-11,-4.63
fenerbahçe,M3,OZGURLUK MEYDANI,-10,-13.82
fenerbahçe,M3,OZGURLUK MEYDANI,-9,6.9
fenerbahçe,M3,OZGURLUK MEYDANI,-8,28.11
fenerbahçe,M3,OZGURLUK MEYDANI,-7,70.59
fenerbahçe,M3,OZGURLUK MEYDANI,-6,100.44
fenerbahçe,M3,OZGURLUK MEYDANI,-5,70.64
fenerbahçe,M3,OZGURLUK MEYDANI,-4,56.91
fenerbahçe,M3,OZGURLUK MEYDANI,-3,155.11
fenerbahçe,M3,OZGURLUK MEYDANI,-2,282.13
fenerbahçe,M3,OZGURLUK MEYDANI,-1,11.15
fenerbahçe,M3,OZGURLUK MEYDANI,0,48.2
fenerbahçe,M3,OZGURLUK MEYDANI,1,1.07
fenerbahçe,M3,OZGURLUK MEYDANI,2,-58.8
fenerbahçe,M3,OZGURLUK MEYDANI,3,-57.84
fenerbahçe,M3,OZGURLUK MEYDANI,4,-122.45
fenerbahçe,M3,OZGURLUK MEYDANI,5,3.32
fenerbahçe,M3,OZGURLUK MEYDANI,6,36.33
fenerbahçe,M3,OZGURLUK MEYDANI,7,0.52
fenerbahçe,M3,OZGURLUK MEYDANI,8,-10.9
fenerbahçe,M3,OZGURLUK MEYDANI,9,-4.03
fenerbahçe,M3,OZGURLUK MEYDANI,10,3.81
fenerbahçe,M3,OZGURLUK MEYDANI,11,-14.01
fenerbahçe,M3,OZGURLUK MEYDANI,12,-25.95
fenerbahçe,M3,SEHIR HASTANESI,-12,-9.91
fenerbahçe,M3,SEHIR HASTANESI,-11,-14.06
fenerbahçe,M3,SEHIR HASTANESI,-10,-16.55
fenerbahçe,M3,SEHIR HASTANESI,-9,-14.96
fenerbahçe,M3,SEHIR HASTANESI,-8,-15.37
fenerbahçe,M3,SEHIR HASTANESI,-7,-10.27
fenerbahçe,M3,SEHIR HASTANESI,-6,-20.86
fenerbahçe,M3,SEHIR HASTANESI,-5,-24.39
fenerbahçe,M3,SEHIR HASTANESI,-4,-10.23
fenerbahçe,M3,SEHIR HASTANESI,-3,11.93
fenerbahçe,M3,SEHIR HASTANESI,-2,-6.32
fenerbahçe,M3,SEHIR HASTANESI,-1,-1.67
fenerbahçe,M3,SEHIR HASTANESI,0,-4.06
fenerbahçe,M3,SEHIR HASTANESI,1,-2.39
fenerbahçe,M3,SEHIR HASTANESI,2,-5.9
fenerbahçe,M3,SEHIR HASTANESI,3,-6.4
fenerbahçe,M3,SEHIR HASTANESI,4,-5.29
fenerbahçe,M3,SEHIR HASTANESI,5,-7.08
fenerbahçe,M3,SEHIR HASTANESI,6,-11.39
fenerbahçe,M3,SEHIR HASTANESI,7,-9.95
fenerbahçe,M3,SEHIR HASTANESI,8,2.78
fenerbahçe,M3,SEHIR HASTANESI,9,1.14
fenerbahçe,M3,SEHIR HASTANESI,10,1.38
fenerbahçe,M3,SEHIR HASTANESI,11,-7.42
fenerbahçe,M3,SEHIR HASTANESI,12,-5.73
fenerbahçe,M3,SITELER,-12,3.26
fenerbahçe,M3,SITELER,-11,1.68
fenerbahçe,M3,SITELER,-10,-0.66
fenerbahçe,M3,SITELER,-9,-0.12
fenerbahçe,M3,SITELER,-8,-1.69
fenerbahçe,M3,SITELER,-7,2.96
fenerbahçe,M3,SITELER,-6,2.36
fenerbahçe,M3,SITELER,-5,-1.51
fenerbahçe,M3,SITELER,-4,8.05
fenerbahçe,M3,SITELER,-3,24.1
fenerbahçe,M3,SITELER,-2,8.7
fenerbahçe,M3,SITELER,-1,6.33
fenerbahçe,M3,SITELER,0,-0.16
fenerbahçe,M3,SITELER,1,-1.77
fenerbahçe,M3,SITELER,2,-2.1
fenerbahçe,M3,SITELER,3,-0.49
fenerbahçe,M3,SITELER,4,-0.69
fenerbahçe,M3,SITELER,5,-0.82
fenerbahçe,M3,SITELER,6,-1.6
fenerbahçe,M3,SITELER,7,1.22
fenerbahçe,M3,SITELER,8,-1.52
fenerbahçe,M3,SITELER,9,0.32
fenerbahçe,M3,SITELER,10,0.56
fenerbahçe,M3,SITELER,11,0.27
fenerbahçe,M3,SITELER,12,4.35
fenerbahçe,M3,TOPLU KONUTLAR,-12,42.02
fenerbahçe,M3,TOPLU KONUTLAR,-11,15.14
fenerbahçe,M3,TOPLU KONUTLAR,-10,6.76
fenerbahçe,M3,TOPLU KONUTLAR,-9,-7.91
fenerbahçe,M3,TOPLU KONUTLAR,-8,-1.4
fenerbahçe,M3,TOPLU KONUTLAR,-7,-0.75
fenerbahçe,M3,TOPLU KONUTLAR,-6,2.54
fenerbahçe,M3,TOPLU KONUTLAR,-5,-13.24
fenerbahçe,M3,TOPLU KONUTLAR,-4,21.08
fenerbahçe,M3,TOPLU KONUTLAR,-3,3.92
fenerbahçe,M3,TOPLU KONUTLAR,-2,-0.14
fenerbahçe,M3,TOPLU KONUTLAR,-1,-7.41
fenerbahçe,M3,TOPLU KONUTLAR,0,-10.23
fenerbahçe,M3,TOPLU KONUTLAR,1,-9.59
fenerbahçe,M3,TOPLU KONUTLAR,2,-2.03
fenerbahçe,M3,TOPLU KONUTLAR,3,-4.89
fenerbahçe,M3,TOPLU KONUTLAR,4,-10.45
fenerbahçe,M3,TOPLU KONUTLAR,5,-13.08
fenerbahçe,M3,TOPLU KONUTLAR,6,-26.45
fenerbahçe,M3,TOPLU KONUTLAR,7,-11.5
fenerbahçe,M3,TOPLU KONUTLAR,8,3.21
fenerbahçe,M3,TOPLU KONUTLAR,9,3.87
fenerbahçe,M3,TOPLU KONUTLAR,10,-4.87
fenerbahçe,M3,TOPLU KONUTLAR,11,-8.79
fenerbahçe,M3,TOPLU KONUTLAR,12,59.37
fenerbahçe,M3,TURGUT OZAL,-12,1.79
fenerbahçe,M3,TURGUT OZAL,-11,3.26
fenerbahçe,M3,TURGUT OZAL,-10,-0.14
fenerbahçe,M3,TURGUT OZAL,-9,-2.43
fenerbahçe,M3,TURGUT OZAL,-8,-0.36
fenerbahçe,M3,TURGUT OZAL,-7,4.93
fenerbahçe,M3,TURGUT OZAL,-6,-2.95
fenerbahçe,M3,TURGUT OZAL,-5,-2.87
fenerbahçe,M3,TURGUT OZAL,-4,37.92
fenerbahçe,M3,TURGUT OZAL,-3,47.99
fenerbahçe,M3,TURGUT OZAL,-2,14.15
fenerbahçe,M3,TURGUT OZAL,-1,-1.75
fenerbahçe,M3,TURGUT OZAL,0,0.73
fenerbahçe,M3,TURGUT OZAL,1,-4.34
fenerbahçe,M3,TURGUT OZAL,2,-0.94
fenerbahçe,M3,TURGUT OZAL,3,-0.25
fenerbahçe,M3,TURGUT OZAL,4,-0.13
fenerbahçe,M3,TURGUT OZAL,5,-1.93
fenerbahçe,M3,TURGUT OZAL,6,-3.33
fenerbahçe,M3,TURGUT OZAL,7,0.47
fenerbahçe,M3,TURGUT OZAL,8,1.05
fenerbahçe,M3,TURGUT OZAL,9,-0.32
fenerbahçe,M3,TURGUT OZAL,10,1.1
fenerbahçe,M3,TURGUT OZAL,11,-1.07
fenerbahçe,M3,TURGUT OZAL,12,0.59
fenerbahçe,M3,YENI MAHALLE,-12,26.67
fenerbahçe,M3,YENI MAHALLE,-11,15.31
fenerbahçe,M3,YENI MAHALLE,-10,-1.25
fenerbahçe,M3,YENI MAHALLE,-9,4.38
fenerbahçe,M3,YENI MAHALLE,-8,-9.51
fenerbahçe,M3,YENI MAHALLE,-7,9.67
fenerbahçe,M3,YENI MAHALLE,-6,12.56
fenerbahçe,M3,YENI MAHALLE,-5,-6.49
fenerbahçe,M3,YENI MAHALLE,-4,18.24
fenerbahçe,M3,YENI MAHALLE,-3,5.98
fenerbahçe,M3,YENI MAHALLE,-2,-3.98
fenerbahçe,M3,YENI MAHALLE,-1,-0.06
fenerbahçe,M3,YENI MAHALLE,0,5.04
fenerbahçe,M3,YENI MAHALLE,1,-14.07
fenerbahçe,M3,YENI MAHALLE,2,-2.62
fenerbahçe,M3,YENI MAHALLE,3,-2.95
fenerbahçe,M3,YENI MAHALLE,4,-8.57
fenerbahçe,M3,YENI MAHALLE,5,-7.61
fenerbahçe,M3,YENI MAHALLE,6,-17.92
fenerbahçe,M3,YENI MAHALLE,7,-10.08
fenerbahçe,M3,YENI MAHALLE,8,5.51
fenerbahçe,M3,YENI MAHALLE,9,5.19
fenerbahçe,M3,YENI MAHALLE,10,-0.81
fenerbahçe,M3,YENI MAHALLE,11,-1.93
fenerbahçe,M3,YENI MAHALLE,12,47.16
fenerbahçe,M4,ACIBADEM,-12,14.63
fenerbahçe,M4,ACIBADEM,-11,12.77
fenerbahçe,M4,ACIBADEM,-10,1.69
fenerbahçe,M4,ACIBADEM,-9,-0.17
fenerbahçe,M4,ACIBADEM,-8,5.8
fenerbahçe,M4,ACIBADEM,-7,12.16
fenerbahçe,M4,ACIBADEM,-6,4.13
fenerbahçe,M4,ACIBADEM,-5,29.39
fenerbahçe,M4,ACIBADEM,-4,22.3
fenerbahçe,M4,ACIBADEM,-3,31.52
fenerbahçe,M4,ACIBADEM,-2,40.36
fenerbahçe,M4,ACIBADEM,-1,21.79
fenerbahçe,M4,ACIBADEM,0,14.12
fenerbahçe,M4,ACIBADEM,1,2.2
fenerbahçe,M4,ACIBADEM,2,18.66
fenerbahçe,M4,ACIBADEM,3,18.89
fenerbahçe,M4,ACIBADEM,4,4.89
fenerbahçe,M4,ACIBADEM,5,-2.66
fenerbahçe,M4,ACIBADEM,6,-3.56
fenerbahçe,M4,ACIBADEM,7,-2.68
fenerbahçe,M4,ACIBADEM,8,0.8
fenerbahçe,M4,ACIBADEM,9,4.67
fenerbahçe,M4,ACIBADEM,10,-6.42
fenerbahçe,M4,ACIBADEM,11,2.65
fenerbahçe,M4,ACIBADEM,12,28.67
fenerbahçe,M4,AYRILIKCESME,-12,32.14
fenerbahçe,M4,AYRILIKCESME,-11,21.34
fenerbahçe,M4,AYRILIKCESME,-10,16.2
fenerbahçe,M4,AYRILIKCESME,-9,4.21
fenerbahçe,M4,AYRILIKCESME,-8,18.68
fenerbahçe,M4,AYRILIKCESME,-7,24.54
fenerbahçe,M4,AYRILIKCESME,-6,30.83
fenerbahçe,M4,AYRILIKCESME,-5,60.4
fenerbahçe,M4,AYRILIKCESME,-4,99.62
fenerbahçe,M4,AYRILIKCESME,-3,148.89
fenerbahçe,M4,AYRILIKCESME,-2,180.88
fenerbahçe,M4,AYRILIKCESME,-1,88.91
fenerbahçe,M4,AYRILIKCESME,0,42.95
fenerbahçe,M4,AYRILIKCESME,1,19.35
fenerbahçe,M4,AYRILIKCESME,2,130.92
fenerbahçe,M4,AYRILIKCESME,3,80.4
fenerbahçe,M4,AYRILIKCESME,4,-16.56
fenerbahçe,M4,AYRILIKCESME,5,-41.42
fenerbahçe,M4,AYRILIKCESME,6,-98.75
fenerbahçe,M4,AYRILIKCESME,7,-56.29
fenerbahçe,M4,AYRILIKCESME,8,-2.06
fenerbahçe,M4,AYRILIKCESME,9,10.28
fenerbahçe,M4,AYRILIKCESME,10,-19.38
fenerbahçe,M4,AYRILIKCESME,11,-4.5
fenerbahçe,M4,AYRILIKCESME,12,73.68
fenerbahçe,M4,BOSTANCI,-12,59.09
fenerbahçe,M4,BOSTANCI,-11,34.85
fenerbahçe,M4,BOSTANCI,-10,21.2
fenerbahçe,M4,BOSTANCI,-9,8.67
fenerbahçe,M4,BOSTANCI,-8,21.81
fenerbahçe,M4,BOSTANCI,-7,29.41
fenerbahçe,M4,BOSTANCI,-6,29.97
fenerbahçe,M4,BOSTANCI,-5,76.62
fenerbahçe,M4,BOSTANCI,-4,70.49
fenerbahçe,M4,BOSTANCI,-3,81.29
fenerbahçe,M4,BOSTANCI,-2,117.03
fenerbahçe,M4,BOSTANCI,-1,51.35
fenerbahçe,M4,BOSTANCI,0,3.13
fenerbahçe,M4,BOSTANCI,1,7.53
fenerbahçe,M4,BOSTANCI,2,23.59
fenerbahçe,M4,BOSTANCI,3,18.54
fenerbahçe,M4,BOSTANCI,4,9.68
fenerbahçe,M4,BOSTANCI,5,3.7
fenerbahçe,M4,BOSTANCI,6,-5.03
fenerbahçe,M4,BOSTANCI,7,-7.94
fenerbahçe,M4,BOSTANCI,8,-0.96
fenerbahçe,M4,BOSTANCI,9,4.23
fenerbahçe,M4,BOSTANCI,10,-17.54
fenerbahçe,M4,BOSTANCI,11,23.72
fenerbahçe,M4,BOSTANCI,12,122.75
fenerbahçe,M4,ESENKENT CEVIZLI,-12,27.68
fenerbahçe,M4,ESENKENT CEVIZLI,-11,15.25
fenerbahçe,M4,ESENKENT CEVIZLI,-10,4.86
fenerbahçe,M4,ESENKENT CEVIZLI,-9,-1.35
fenerbahçe,M4,ESENKENT CEVIZLI,-8,-0.2
fenerbahçe,M4,ESENKENT CEVIZLI,-7,9.22
fenerbahçe,M4,ESENKENT CEVIZLI,-6,2.62
fenerbahçe,M4,ESENKENT CEVIZLI,-5,16.88
fenerbahçe,M4,ESENKENT CEVIZLI,-4,11.89
fenerbahçe,M4,ESENKENT CEVIZLI,-3,27.97
fenerbahçe,M4,ESENKENT CEVIZLI,-2,34.28
fenerbahçe,M4,ESENKENT CEVIZLI,-1,27.58
fenerbahçe,M4,ESENKENT CEVIZLI,0,-30.31
fenerbahçe,M4,ESENKENT CEVIZLI,1,-37.84
fenerbahçe,M4,ESENKENT CEVIZLI,2,-14.42
fenerbahçe,M4,ESENKENT CEVIZLI,3,-16.7
fenerbahçe,M4,ESENKENT CEVIZLI,4,-7.38
fenerbahçe,M4,ESENKENT CEVIZLI,5,-5.79
fenerbahçe,M4,ESENKENT CEVIZLI,6,1.91
fenerbahçe,M4,ESENKENT CEVIZLI,7,-0.69
fenerbahçe,M4,ESENKENT CEVIZLI,8,2.01
fenerbahçe,M4,ESENKENT CEVIZLI,9,3.27
fenerbahçe,M4,ESENKENT CEVIZLI,10,1.28
fenerbahçe,M4,ESENKENT CEVIZLI,11,11.49
fenerbahçe,M4,ESENKENT CEVIZLI,12,33.97
fenerbahçe,M4,FEVZI CAKMAK,-12,47.22
fenerbahçe,M4,FEVZI CAKMAK,-11,25.02
fenerbahçe,M4,FEVZI CAKMAK,-10,1.23
fenerbahçe,M4,FEVZI CAKMAK,-9,6.99
fenerbahçe,M4,FEVZI CAKMAK,-8,5.95
fenerbahçe,M4,FEVZI CAKMAK,-7,12.82
fenerbahçe,M4,FEVZI CAKMAK,-6,14.68
fenerbahçe,M4,FEVZI CAKMAK,-5,5.86
fenerbahçe,M4,FEVZI CAKMAK,-4,26.01
fenerbahçe,M4,FEVZI CAKMAK,-3,21.05
fenerbahçe,M4,FEVZI CAKMAK,-2,14.22
fenerbahçe,M4,FEVZI CAKMAK,-1,-4.28
fenerbahçe,M4,FEVZI CAKMAK,0,-2.1
fenerbahçe,M4,FEVZI CAKMAK,1,-6.38
fenerbahçe,M4,FEVZI CAKMAK,2,4.48
fenerbahçe,M4,FEVZI CAKMAK,3,-0.39
fenerbahçe,M4,FEVZI CAKMAK,4,-2.84
fenerbahçe,M4,FEVZI CAKMAK,5,-2.16
fenerbahçe,M4,FEVZI CAKMAK,6,-6.2
fenerbahçe,M4,FEVZI CAKMAK,7,-2.12
fenerbahçe,M4,FEVZI CAKMAK,8,3.94
fenerbahçe,M4,FEVZI CAKMAK,9,4.95
fenerbahçe,M4,FEVZI CAKMAK,10,1.01
fenerbahçe,M4,FEVZI CAKMAK,11,-6.03
fenerbahçe,M4,FEVZI CAKMAK,12,67.32
fenerbahçe,M4,GOZTEPE,-12,30.89
fenerbahçe,M4,GOZTEPE,-11,25.49
fenerbahçe,M4,GOZTEPE,-10,12.99
fenerbahçe,M4,GOZTEPE,-9,1.36
fenerbahçe,M4,GOZTEPE,-8,11.41
fenerbahçe,M4,GOZTEPE,-7,8.37
fenerbahçe,M4,GOZTEPE,-6,11.97
fenerbahçe,M4,GOZTEPE,-5,40.5
fenerbahçe,M4,GOZTEPE,-4,49.11
fenerbahçe,M4,GOZTEPE,-3,82.56
fenerbahçe,M4,GOZTEPE,-2,106.46
fenerbahçe,M4,GOZTEPE,-1,47.8
fenerbahçe,M4,GOZTEPE,0,0.02
fenerbahçe,M4,GOZTEPE,1,-8.86
fenerbahçe,M4,GOZTEPE,2,22.22
fenerbahçe,M4,GOZTEPE,3,18.82
fenerbahçe,M4,GOZTEPE,4,-1.12
fenerbahçe,M4,GOZTEPE,5,2.74
fenerbahçe,M4,GOZTEPE,6,-5.57
fenerbahçe,M4,GOZTEPE,7,-4.07
fenerbahçe,M4,GOZTEPE,8,5.67
fenerbahçe,M4,GOZTEPE,9,4.35
fenerbahçe,M4,GOZTEPE,10,-20.45
fenerbahçe,M4,GOZTEPE,11,19.21
fenerbahçe,M4,GOZTEPE,12,88.84
fenerbahçe,M4,GULSUYU,-12,27.69
fenerbahçe,M4,GULSUYU,-11,14.96
fenerbahçe,M4,GULSUYU,-10,-0.84
fenerbahçe,M4,GULSUYU,-9,9.44
fenerbahçe,M4,GULSUYU,-8,4.83
fenerbahçe,M4,GULSUYU,-7,4.92
fenerbahçe,M4,GULSUYU,-6,1.63
fenerbahçe,M4,GULSUYU,-5,26.49
fenerbahçe,M4,GULSUYU,-4,32.47
fenerbahçe,M4,GULSUYU,-3,33.59
fenerbahçe,M4,GULSUYU,-2,40.21
fenerbahçe,M4,GULSUYU,-1,19.71
fenerbahçe,M4,GULSUYU,0,-2.38
fenerbahçe,M4,GULSUYU,1,-4.42
fenerbahçe,M4,GULSUYU,2,5.93
fenerbahçe,M4,GULSUYU,3,-0.21
fenerbahçe,M4,GULSUYU,4,0.95
fenerbahçe,M4,GULSUYU,5,-1.88
fenerbahçe,M4,GULSUYU,6,-4.39
fenerbahçe,M4,GULSUYU,7,0.13
fenerbahçe,M4,GULSUYU,8,1.06
fenerbahçe,M4,GULSUYU,9,1.34
fenerbahçe,M4,GULSUYU,10,-2.21
fenerbahçe,M4,GULSUYU,11,2.46
fenerbahçe,M4,GULSUYU,12,36.18
fenerbahçe,M4,HASTANE,-12,6.96
fenerbahçe,M4,HASTANE,-11,-15.89
fenerbahçe,M4,HASTANE,-10,-30.03
fenerbahçe,M4,HASTANE,-9,-19.17
fenerbahçe,M4,HASTANE,-8,-10.61
fenerbahçe,M4,HASTANE,-7,-6.14
fenerbahçe,M4,HASTANE,-6,-5.07
fenerbahçe,M4,HASTANE,-5,-1.09
fenerbahçe,M4,HASTANE,-4,16.82
fenerbahçe,M4,HASTANE,-3,30.79
fenerbahçe,M4,HASTANE,-2,29.61
fenerbahçe,M4,HASTANE,-1,9.08
fenerbahçe,M4,HASTANE,0,0.37
fenerbahçe,M4,HASTANE,1,-3.89
fenerbahçe,M4,HASTANE,2,3.52
fenerbahçe,M4,HASTANE,3,-3.96
fenerbahçe,M4,HASTANE,4,-3.82
fenerbahçe,M4,HASTANE,5,-4.25
fenerbahçe,M4,HASTANE,6,-10.78
fenerbahçe,M4,HASTANE,7,-3.35
fenerbahçe,M4,HASTANE,8,0.67
fenerbahçe,M4,HASTANE,9,1.12
fenerbahçe,M4,HASTANE,10,-4.25
fenerbahçe,M4,HASTANE,11,2.36
fenerbahçe,M4,HASTANE,12,20.68
fenerbahçe,M4,HUZUREVI,-12,57.2
fenerbahçe,M4,HUZUREVI,-11,35.67
fenerbahçe,M4,HUZUREVI,-10,13.23
fenerbahçe,M4,HUZUREVI,-9,6.28
fenerbahçe,M4,HUZUREVI,-8,9.57
fenerbahçe,M4,HUZUREVI,-7,14.95
fenerbahçe,M4,HUZUREVI,-6,9.89
fenerbahçe,M4,HUZUREVI,-5,23.8
fenerbahçe,M4,HUZUREVI,-4,15.94
fenerbahçe,M4,HUZUREVI,-3,22.53
fenerbahçe,M4,HUZUREVI,-2,33.81
fenerbahçe,M4,HUZUREVI,-1,6.47
fenerbahçe,M4,HUZUREVI,0,-8.39
fenerbahçe,M4,HUZUREVI,1,-10.63
fenerbahçe,M4,HUZUREVI,2,7.06
fenerbahçe,M4,HUZUREVI,3,1.18
fenerbahçe,M4,HUZUREVI,4,-6.78
fenerbahçe,M4,HUZUREVI,5,-4.55
fenerbahçe,M4,HUZUREVI,6,-5.21
fenerbahçe,M4,HUZUREVI,7,-0.92
fenerbahçe,M4,HUZUREVI,8,3.52
fenerbahçe,M4,HUZUREVI,9,-1.46
fenerbahçe,M4,HUZUREVI,10,-10.74
fenerbahçe,M4,HUZUREVI,11,12.78
fenerbahçe,M4,HUZUREVI,12,74.69
fenerbahçe,M4,KADIKOY,-12,6.47
fenerbahçe,M4,KADIKOY,-11,-2.88
fenerbahçe,M4,KADIKOY,-10,3.38
fenerbahçe,M4,KADIKOY,-9,-3.92
fenerbahçe,M4,KADIKOY,-8,4.88
fenerbahçe,M4,KADIKOY,-7,10.07
fenerbahçe,M4,KADIKOY,-6,42.22
fenerbahçe,M4,KADIKOY,-5,53.85
fenerbahçe,M4,KADIKOY,-4,159.74
fenerbahçe,M4,KADIKOY,-3,299.47
fenerbahçe,M4,KADIKOY,-2,447.34
fenerbahçe,M4,KADIKOY,-1,459.63
fenerbahçe,M4,KADIKOY,0,249.45
fenerbahçe,M4,KADIKOY,1,99.39
fenerbahçe,M4,KADIKOY,2,927.53
fenerbahçe,M4,KADIKOY,3,539.87
fenerbahçe,M4,KADIKOY,4,-28.22
fenerbahçe,M4,KADIKOY,5,-16.3
fenerbahçe,M4,KADIKOY,6,-92.56
fenerbahçe,M4,KADIKOY,7,-89.65
fenerbahçe,M4,KADIKOY,8,-24.25
fenerbahçe,M4,KADIKOY,9,-0.25
fenerbahçe,M4,KADIKOY,10,-8.87
fenerbahçe,M4,KADIKOY,11,-7.37
fenerbahçe,M4,KADIKOY,12,26.77
fenerbahçe,M4,KARTAL,-12,41.96
fenerbahçe,M4,KARTAL,-11,28.93
fenerbahçe,M4,KARTAL,-10,17.77
fenerbahçe,M4,KARTAL,-9,6.62
fenerbahçe,M4,KARTAL,-8,6.77
fenerbahçe,M4,KARTAL,-7,21.74
fenerbahçe,M4,KARTAL,-6,23.35
fenerbahçe,M4,KARTAL,-5,11.96
fenerbahçe,M4,KARTAL,-4,30.48
fenerbahçe,M4,KARTAL,-3,48.3
fenerbahçe,M4,KARTAL,-2,54.01
fenerbahçe,M4,KARTAL,-1,16.68
fenerbahçe,M4,KARTAL,0,-0.92
fenerbahçe,M4,KARTAL,1,-11.35
fenerbahçe,M4,KARTAL,2,1.78
fenerbahçe,M4,KARTAL,3,-1.08
fenerbahçe,M4,KARTAL,4,-3.44
fenerbahçe,M4,KARTAL,5,-3.89
fenerbahçe,M4,KARTAL,6,-5.11
fenerbahçe,M4,KARTAL,7,-5.97
fenerbahçe,M4,KARTAL,8,3.05
fenerbahçe,M4,KARTAL,9,0.69
fenerbahçe,M4,KARTAL,10,-1.74
fenerbahçe,M4,KARTAL,11,13.07
fenerbahçe,M4,KARTAL,12,74.77
fenerbahçe,M4,KOZYATAGI,-12,51.98
fenerbahçe,M4,KOZYATAGI,-11,48.03
fenerbahçe,M4,KOZYATAGI,-10,20.03
fenerbahçe,M4,KOZYATAGI,-9,4.49
fenerbahçe,M4,KOZYATAGI,-8,21.1
fenerbahçe,M4,KOZYATAGI,-7,43.52
fenerbahçe,M4,KOZYATAGI,-6,57.66
fenerbahçe,M4,KOZYATAGI,-5,71.71
fenerbahçe,M4,KOZYATAGI,-4,95.9
fenerbahçe,M4,KOZYATAGI,-3,164.75
fenerbahçe,M4,KOZYATAGI,-2,230.47
fenerbahçe,M4,KOZYATAGI,-1,147.6
fenerbahçe,M4,KOZYATAGI,0,14.12
fenerbahçe,M4,KOZYATAGI,1,-0.87
fenerbahçe,M4,KOZYATAGI,2,13.83
fenerbahçe,M4,KOZYATAGI,3,21.64
fenerbahçe,M4,KOZYATAGI,4,-2.32
fenerbahçe,M4,KOZYATAGI,5,-2.64
fenerbahçe,M4,KOZYATAGI,6,2.85
fenerbahçe,M4,KOZYATAGI,7,-3.65
fenerbahçe,M4,KOZYATAGI,8,7.04
fenerbahçe,M4,KOZYATAGI,9,19.58
fenerbahçe,M4,KOZYATAGI,10,-11.99
fenerbahçe,M4,KOZYATAGI,11,9.36
fenerbahçe,M4,KOZYATAGI,12,122.14
fenerbahçe,M4,KUCUKYALI,-12,42.98
fenerbahçe,M4,KUCUKYALI,-11,23.65
fenerbahçe,M4,KUCUKYALI,-10,7.94
fenerbahçe,M4,KUCUKYALI,-9,-3.19
fenerbahçe,M4,KUCUKYALI,-8,-4.07
fenerbahçe,M4,KUCUKYALI,-7,0.74
fenerbahçe,M4,KUCUKYALI,-6,-13.82
fenerbahçe,M4,KUCUKYALI,-5,40.41
fenerbahçe,M4,KUCUKYALI,-4,54.95
fenerbahçe,M4,KUCUKYALI,-3,70.6
fenerbahçe,M4,KUCUKYALI,-2,74.52
fenerbahçe,M4,KUCUKYALI,-1,35.79
fenerbahçe,M4,KUCUKYALI,0,-0.14
fenerbahçe,M4,KUCUKYALI,1,-12.3
fenerbahçe,M4,KUCUKYALI,2,11.73
fenerbahçe,M4,KUCUKYALI,3,2.88
fenerbahçe,M4,KUCUKYALI,4,-10.31
fenerbahçe,M4,KUCUKYALI,5,0.93
fenerbahçe,M4,KUCUKYALI,6,-4.81
fenerbahçe,M4,KUCUKYALI,7,-5.45
fenerbahçe,M4,KUCUKYALI,8,6.2
fenerbahçe,M4,KUCUKYALI,9,3.87
fenerbahçe,M4,KUCUKYALI,10,-14.93
fenerbahçe,M4,KUCUKYALI,11,1.91
fenerbahçe,M4,KUCUKYALI,12,77.51
fenerbahçe,M4,KURTKOY,-12,-67.86
fenerbahçe,M4,KURTKOY,-11,-29.96
fenerbahçe,M4,KURTKOY,-10,36.17
fenerbahçe,M4,KURTKOY,-9,42.24
fenerbahçe,M4,KURTKOY,-8,39.41
fenerbahçe,M4,KURTKOY,-7,37.83
fenerbahçe,M4,KURTKOY,-6,41.05
fenerbahçe,M4,KURTKOY,-5,-40.15
fenerbahçe,M4,KURTKOY,-4,-51.74
fenerbahçe,M4,KURTKOY,-3,-55.13
fenerbahçe,M4,KURTKOY,-2,10.95
fenerbahçe,M4,KURTKOY,-1,13.91
fenerbahçe,M4,KURTKOY,0,-14.52
fenerbahçe,M4,KURTKOY,1,-23.96
fenerbahçe,M4,KURTKOY,2,0.92
fenerbahçe,M4,KURTKOY,3,-7.16
fenerbahçe,M4,KURTKOY,4,-3.96
fenerbahçe,M4,KURTKOY,5,1.0
fenerbahçe,M4,KURTKOY,6,-0.7
fenerbahçe,M4,KURTKOY,7,1.58
fenerbahçe,M4,KURTKOY,8,-8.15
fenerbahçe,M4,KURTKOY,9,-34.2
fenerbahçe,M4,KURTKOY,10,-25.08
fenerbahçe,M4,KURTKOY,11,-0.83
fenerbahçe,M4,KURTKOY,12,101.23
fenerbahçe,M4,M4 KURTKOY,-12,49.82
fenerbahçe,M4,M4 KURTKOY,-11,36.93
fenerbahçe,M4,M4 KURTKOY,-10,6.47
fenerbahçe,M4,M4 KURTKOY,-9,2.5
fenerbahçe,M4,M4 KURTKOY,-8,15.11
fenerbahçe,M4,M4 KURTKOY,-7,21.34
fenerbahçe,M4,M4 KURTKOY,-6,10.83
fenerbahçe,M4,M4 KURTKOY,-5,36.36
fenerbahçe,M4,M4 KURTKOY,-4,71.32
fenerbahçe,M4,M4 KURTKOY,-3,73.3
fenerbahçe,M4,M4 KURTKOY,-2,53.87
fenerbahçe,M4,M4 KURTKOY,-1,4.54
fenerbahçe,M4,M4 KURTKOY,0,1.05
fenerbahçe,M4,M4 KURTKOY,1,-4.97
fenerbahçe,M4,M4 KURTKOY,2,6.09
fenerbahçe,M4,M4 KURTKOY,3,0.83
fenerbahçe,M4,M4 KURTKOY,4,-3.29
fenerbahçe,M4,M4 KURTKOY,5,-7.18
fenerbahçe,M4,M4 KURTKOY,6,-8.52
fenerbahçe,M4,M4 KURTKOY,7,-5.69
fenerbahçe,M4,M4 KURTKOY,8,8.12
fenerbahçe,M4,M4 KURTKOY,9,12.53
fenerbahçe,M4,M4 KURTKOY,10,0.1
fenerbahçe,M4,M4 KURTKOY,11,2.04
fenerbahçe,M4,M4 KURTKOY,12,54.95
fenerbahçe,M4,MALTEPE,-12,72.87
fenerbahçe,M4,MALTEPE,-11,42.41
fenerbahçe,M4,MALTEPE,-10,6.62
fenerbahçe,M4,MALTEPE,-9,5.68
fenerbahçe,M4,MALTEPE,-8,10.99
fenerbahçe,M4,MALTEPE,-7,30.94
fenerbahçe,M4,MALTEPE,-6,33.37
fenerbahçe,M4,MALTEPE,-5,32.4
fenerbahçe,M4,MALTEPE,-4,59.62
fenerbahçe,M4,MALTEPE,-3,85.87
fenerbahçe,M4,MALTEPE,-2,85.22
fenerbahçe,M4,MALTEPE,-1,24.54
fenerbahçe,M4,MALTEPE,0,-3.05
fenerbahçe,M4,MALTEPE,1,-20.78
fenerbahçe,M4,MALTEPE,2,3.56
fenerbahçe,M4,MALTEPE,3,3.65
fenerbahçe,M4,MALTEPE,4,-10.75
fenerbahçe,M4,MALTEPE,5,-8.88
fenerbahçe,M4,MALTEPE,6,-17.93
fenerbahçe,M4,MALTEPE,7,-5.05
fenerbahçe,M4,MALTEPE,8,5.75
fenerbahçe,M4,MALTEPE,9,0.34
fenerbahçe,M4,MALTEPE,10,-16.31
fenerbahçe,M4,MALTEPE,11,20.87
fenerbahçe,M4,MALTEPE,12,116.52
fenerbahçe,M4,PENDIK,-12,31.17
fenerbahçe,M4,PENDIK,-11,16.27
fenerbahçe,M4,PENDIK,-10,3.52
fenerbahçe,M4,PENDIK,-9,1.7
fenerbahçe,M4,PENDIK,-8,7.07
fenerbahçe,M4,PENDIK,-7,7.05
fenerbahçe,M4,PENDIK,-6,16.86
fenerbahçe,M4,PENDIK,-5,-3.85
fenerbahçe,M4,PENDIK,-4,48.33
fenerbahçe,M4,PENDIK,-3,49.77
fenerbahçe,M4,PENDIK,-2,50.23
fenerbahçe,M4,PENDIK,-1,16.49
fenerbahçe,M4,PENDIK,0,3.62
fenerbahçe,M4,PENDIK,1,-5.2
fenerbahçe,M4,PENDIK,2,6.25
fenerbahçe,M4,PENDIK,3,-0.08
fenerbahçe,M4,PENDIK,4,-12.51
fenerbahçe,M4,PENDIK,5,-8.12
fenerbahçe,M4,PENDIK,6,-16.39
fenerbahçe,M4,PENDIK,7,-13.78
fenerbahçe,M4,PENDIK,8,2.06
fenerbahçe,M4,PENDIK,9,5.85
fenerbahçe,M4,PENDIK,10,-4.26
fenerbahçe,M4,PENDIK,11,-0.46
fenerbahçe,M4,PENDIK,12,53.24
fenerbahçe,M4,SABIHA GOKCEN,-12,21.48
fenerbahçe,M4,SABIHA GOKCEN,-11,48.89
fenerbahçe,M4,SABIHA GOKCEN,-10,57.78
fenerbahçe,M4,SABIHA GOKCEN,-9,59.06
fenerbahçe,M4,SABIHA GOKCEN,-8,37.4
fenerbahçe,M4,SABIHA GOKCEN,-7,46.66
fenerbahçe,M4,SABIHA GOKCEN,-6,73.11
fenerbahçe,M4,SABIHA GOKCEN,-5,64.87
fenerbahçe,M4,SABIHA GOKCEN,-4,34.34
fenerbahçe,M4,SABIHA GOKCEN,-3,40.87
fenerbahçe,M4,SABIHA GOKCEN,-2,53.61
fenerbahçe,M4,SABIHA GOKCEN,-1,30.65
fenerbahçe,M4,SABIHA GOKCEN,0,11.92
fenerbahçe,M4,SABIHA GOKCEN,1,0.36
fenerbahçe,M4,SABIHA GOKCEN,2,7.07
fenerbahçe,M4,SABIHA GOKCEN,3,23.33
fenerbahçe,M4,SABIHA GOKCEN,4,6.34
fenerbahçe,M4,SABIHA GOKCEN,5,-41.66
fenerbahçe,M4,SABIHA GOKCEN,6,-27.81
fenerbahçe,M4,SABIHA GOKCEN,7,-33.44
fenerbahçe,M4,SABIHA GOKCEN,8,-12.95
fenerbahçe,M4,SABIHA GOKCEN,9,-4.99
fenerbahçe,M4,SABIHA GOKCEN,10,3.17
fenerbahçe,M4,SABIHA GOKCEN,11,26.43
fenerbahçe,M4,SABIHA GOKCEN,12,21.47
fenerbahçe,M4,SABIHA GOKCEN HAVALIMANI,-12,66.44
fenerbahçe,M4,SABIHA GOKCEN HAVALIMANI,-11,-99.88
fenerbahçe,M4,SABIHA GOKCEN HAVALIMANI,-10,-8.18
fenerbahçe,M4,SABIHA GOKCEN HAVALIMANI,-9,-18.23
fenerbahçe,M4,SABIHA GOKCEN HAVALIMANI,-8,-7.31
fenerbahçe,M4,SABIHA GOKCEN HAVALIMANI,-7,-26.12
fenerbahçe,M4,SABIHA GOKCEN HAVALIMANI,-6,-53.42
fenerbahçe,M4,SABIHA GOKCEN HAVALIMANI,-5,-62.01
fenerbahçe,M4,SABIHA GOKCEN HAVALIMANI,-4,-78.07
fenerbahçe,M4,SABIHA GOKCEN HAVALIMANI,-3,8.38
fenerbahçe,M4,SABIHA GOKCEN HAVALIMANI,-2,39.16
fenerbahçe,M4,SABIHA GOKCEN HAVALIMANI,-1,-5.76
fenerbahçe,M4,SABIHA GOKCEN HAVALIMANI,0,15.66
fenerbahçe,M4,SABIHA GOKCEN HAVALIMANI,1,24.67
fenerbahçe,M4,SABIHA GOKCEN HAVALIMANI,2,-42.51
fenerbahçe,M4,SABIHA GOKCEN HAVALIMANI,3,3.78
fenerbahçe,M4,SABIHA GOKCEN HAVALIMANI,4,-43.76
fenerbahçe,M4,SABIHA GOKCEN HAVALIMANI,5,21.29
fenerbahçe,M4,SABIHA GOKCEN HAVALIMANI,6,1.54
fenerbahçe,M4,SABIHA GOKCEN HAVALIMANI,7,-4.96
fenerbahçe,M4,SABIHA GOKCEN HAVALIMANI,8,-44.77
fenerbahçe,M4,SABIHA GOKCEN HAVALIMANI,9,-29.36
fenerbahçe,M4,SABIHA GOKCEN HAVALIMANI,10,-19.12
fenerbahçe,M4,SABIHA GOKCEN HAVALIMANI,11,37.98
fenerbahçe,M4,SABIHA GOKCEN HAVALIMANI,12,9.72
fenerbahçe,M4,SOGANLIK,-12,53.67
fenerbahçe,M4,SOGANLIK,-11,28.77
fenerbahçe,M4,SOGANLIK,-10,11.73
fenerbahçe,M4,SOGANLIK,-9,25.78
fenerbahçe,M4,SOGANLIK,-8,7.38
fenerbahçe,M4,SOGANLIK,-7,26.39
fenerbahçe,M4,SOGANLIK,-6,2.59
fenerbahçe,M4,SOGANLIK,-5,78.66
fenerbahçe,M4,SOGANLIK,-4,51.23
fenerbahçe,M4,SOGANLIK,-3,42.28
fenerbahçe,M4,SOGANLIK,-2,60.07
fenerbahçe,M4,SOGANLIK,-1,12.4
fenerbahçe,M4,SOGANLIK,0,-1.06
fenerbahçe,M4,SOGANLIK,1,-6.99
fenerbahçe,M4,SOGANLIK,2,4.02
fenerbahçe,M4,SOGANLIK,3,0.39
fenerbahçe,M4,SOGANLIK,4,-5.98
fenerbahçe,M4,SOGANLIK,5,-2.21
fenerbahçe,M4,SOGANLIK,6,-5.86
fenerbahçe,M4,SOGANLIK,7,-4.07
fenerbahçe,M4,SOGANLIK,8,11.42
fenerbahçe,M4,SOGANLIK,9,3.33
fenerbahçe,M4,SOGANLIK,10,-6.7
fenerbahçe,M4,SOGANLIK,11,25.25
fenerbahçe,M4,SOGANLIK,12,78.29
fenerbahçe,M4,TAVSANTEPE,-12,43.0
fenerbahçe,M4,TAVSANTEPE,-11,28.03
fenerbahçe,M4,TAVSANTEPE,-10,11.32
fenerbahçe,M4,TAVSANTEPE,-9,5.31
fenerbahçe,M4,TAVSANTEPE,-8,18.96
fenerbahçe,M4,TAVSANTEPE,-7,13.86
fenerbahçe,M4,TAVSANTEPE,-6,26.17
fenerbahçe,M4,TAVSANTEPE,-5,9.85
fenerbahçe,M4,TAVSANTEPE,-4,33.28
fenerbahçe,M4,TAVSANTEPE,-3,28.23
fenerbahçe,M4,TAVSANTEPE,-2,37.23
fenerbahçe,M4,TAVSANTEPE,-1,12.79
fenerbahçe,M4,TAVSANTEPE,0,-1.1
fenerbahçe,M4,TAVSANTEPE,1,-5.44
fenerbahçe,M4,TAVSANTEPE,2,-1.85
fenerbahçe,M4,TAVSANTEPE,3,-0.26
fenerbahçe,M4,TAVSANTEPE,4,-7.61
fenerbahçe,M4,TAVSANTEPE,5,-8.3
fenerbahçe,M4,TAVSANTEPE,6,-11.3
fenerbahçe,M4,TAVSANTEPE,7,-9.11
fenerbahçe,M4,TAVSANTEPE,8,9.3
fenerbahçe,M4,TAVSANTEPE,9,-7.37
fenerbahçe,M4,TAVSANTEPE,10,5.26
fenerbahçe,M4,TAVSANTEPE,11,23.98
fenerbahçe,M4,TAVSANTEPE,12,43.65
fenerbahçe,M4,UNALAN,-12,20.53
fenerbahçe,M4,UNALAN,-11,26.28
fenerbahçe,M4,UNALAN,-10,6.32
fenerbahçe,M4,UNALAN,-9,-0.77
fenerbahçe,M4,UNALAN,-8,-0.11
fenerbahçe,M4,UNALAN,-7,1.74
fenerbahçe,M4,UNALAN,-6,35.95
fenerbahçe,M4,UNALAN,-5,35.27
fenerbahçe,M4,UNALAN,-4,27.45
fenerbahçe,M4,UNALAN,-3,89.77
fenerbahçe,M4,UNALAN,-2,136.76
fenerbahçe,M4,UNALAN,-1,110.11
fenerbahçe,M4,UNALAN,0,12.4
fenerbahçe,M4,UNALAN,1,12.86
fenerbahçe,M4,UNALAN,2,83.11
fenerbahçe,M4,UNALAN,3,61.03
fenerbahçe,M4,UNALAN,4,12.79
fenerbahçe,M4,UNALAN,5,-6.05
fenerbahçe,M4,UNALAN,6,8.6
fenerbahçe,M4,UNALAN,7,-12.55
fenerbahçe,M4,UNALAN,8,-9.39
fenerbahçe,M4,UNALAN,9,0.07
fenerbahçe,M4,UNALAN,10,-2.01
fenerbahçe,M4,UNALAN,11,-2.79
fenerbahçe,M4,UNALAN,12,46.04
fenerbahçe,M4,YAKACIK,-12,40.89
fenerbahçe,M4,YAKACIK,-11,16.58
fenerbahçe,M4,YAKACIK,-10,3.76
fenerbahçe,M4,YAKACIK,-9,4.84
fenerbahçe,M4,YAKACIK,-8,2.16
fenerbahçe,M4,YAKACIK,-7,10.4
fenerbahçe,M4,YAKACIK,-6,19.68
fenerbahçe,M4,YAKACIK,-5,18.97
fenerbahçe,M4,YAKACIK,-4,15.55
fenerbahçe,M4,YAKACIK,-3,19.57
fenerbahçe,M4,YAKACIK,-2,23.85
fenerbahçe,M4,YAKACIK,-1,-0.4
fenerbahçe,M4,YAKACIK,0,-1.7
fenerbahçe,M4,YAKACIK,1,-9.25
fenerbahçe,M4,YAKACIK,2,4.79
fenerbahçe,M4,YAKACIK,3,0.14
fenerbahçe,M4,YAKACIK,4,-3.07
fenerbahçe,M4,YAKACIK,5,-3.05
fenerbahçe,M4,YAKACIK,6,-4.23
fenerbahçe,M4,YAKACIK,7,-1.5
fenerbahçe,M4,YAKACIK,8,0.38
fenerbahçe,M4,YAKACIK,9,1.42
fenerbahçe,M4,YAKACIK,10,-1.97
fenerbahçe,M4,YAKACIK,11,-8.19
fenerbahçe,M4,YAKACIK,12,47.88
fenerbahçe,M4,YAYALAR,-12,32.57
fenerbahçe,M4,YAYALAR,-11,14.37
fenerbahçe,M4,YAYALAR,-10,4.51
fenerbahçe,M4,YAYALAR,-9,1.22
fenerbahçe,M4,YAYALAR,-8,-1.47
fenerbahçe,M4,YAYALAR,-7,10.11
fenerbahçe,M4,YAYALAR,-6,17.63
fenerbahçe,M4,YAYALAR,-5,22.88
fenerbahçe,M4,YAYALAR,-4,36.99
fenerbahçe,M4,YAYALAR,-3,26.26
fenerbahçe,M4,YAYALAR,-2,25.6
fenerbahçe,M4,YAYALAR,-1,-1.97
fenerbahçe,M4,YAYALAR,0,-4.14
fenerbahçe,M4,YAYALAR,1,-7.48
fenerbahçe,M4,YAYALAR,2,0.7
fenerbahçe,M4,YAYALAR,3,-1.1
fenerbahçe,M4,YAYALAR,4,-3.04
fenerbahçe,M4,YAYALAR,5,-3.73
fenerbahçe,M4,YAYALAR,6,-5.32
fenerbahçe,M4,YAYALAR,7,-0.59
fenerbahçe,M4,YAYALAR,8,3.31
fenerbahçe,M4,YAYALAR,9,5.61
fenerbahçe,M4,YAYALAR,10,-2.98
fenerbahçe,M4,YAYALAR,11,-6.69
fenerbahçe,M4,YAYALAR,12,46.39
fenerbahçe,M4,YENISAHRA,-12,31.07
fenerbahçe,M4,YENISAHRA,-11,20.01
fenerbahçe,M4,YENISAHRA,-10,11.07
fenerbahçe,M4,YENISAHRA,-9,3.64
fenerbahçe,M4,YENISAHRA,-8,3.0
fenerbahçe,M4,YENISAHRA,-7,7.86
fenerbahçe,M4,YENISAHRA,-6,11.1
fenerbahçe,M4,YENISAHRA,-5,61.43
fenerbahçe,M4,YENISAHRA,-4,56.59
fenerbahçe,M4,YENISAHRA,-3,65.12
fenerbahçe,M4,YENISAHRA,-2,87.73
fenerbahçe,M4,YENISAHRA,-1,63.22
fenerbahçe,M4,YENISAHRA,0,13.89
fenerbahçe,M4,YENISAHRA,1,5.1
fenerbahçe,M4,YENISAHRA,2,10.75
fenerbahçe,M4,YENISAHRA,3,12.54
fenerbahçe,M4,YENISAHRA,4,-3.26
fenerbahçe,M4,YENISAHRA,5,-0.11
fenerbahçe,M4,YENISAHRA,6,16.05
fenerbahçe,M4,YENISAHRA,7,-0.01
fenerbahçe,M4,YENISAHRA,8,1.13
fenerbahçe,M4,YENISAHRA,9,4.97
fenerbahçe,M4,YENISAHRA,10,-15.39
fenerbahçe,M4,YENISAHRA,11,7.81
fenerbahçe,M4,YENISAHRA,12,65.23
fenerbahçe,M5,ALTINSEHIR,-12,44.55
fenerbahçe,M5,ALTINSEHIR,-11,24.41
fenerbahçe,M5,ALTINSEHIR,-10,12.54
fenerbahçe,M5,ALTINSEHIR,-9,0.22
fenerbahçe,M5,ALTINSEHIR,-8,1.62
fenerbahçe,M5,ALTINSEHIR,-7,29.57
fenerbahçe,M5,ALTINSEHIR,-6,34.85
fenerbahçe,M5,ALTINSEHIR,-5,24.33
fenerbahçe,M5,ALTINSEHIR,-4,11.25
fenerbahçe,M5,ALTINSEHIR,-3,13.38
fenerbahçe,M5,ALTINSEHIR,-2,27.48
fenerbahçe,M5,ALTINSEHIR,-1,5.52
fenerbahçe,M5,ALTINSEHIR,0,-7.84
fenerbahçe,M5,ALTINSEHIR,1,-15.39
fenerbahçe,M5,ALTINSEHIR,2,3.12
fenerbahçe,M5,ALTINSEHIR,3,-9.59
fenerbahçe,M5,ALTINSEHIR,4,-7.85
fenerbahçe,M5,ALTINSEHIR,5,-3.94
fenerbahçe,M5,ALTINSEHIR,6,-9.81
fenerbahçe,M5,ALTINSEHIR,7,-4.64
fenerbahçe,M5,ALTINSEHIR,8,3.49
fenerbahçe,M5,ALTINSEHIR,9,5.86
fenerbahçe,M5,ALTINSEHIR,10,-20.41
fenerbahçe,M5,ALTINSEHIR,11,26.38
fenerbahçe,M5,ALTINSEHIR,12,85.05
fenerbahçe,M5,ALTUNIZADE,-12,33.34
fenerbahçe,M5,ALTUNIZADE,-11,25.8
fenerbahçe,M5,ALTUNIZADE,-10,3.04
fenerbahçe,M5,ALTUNIZADE,-9,-4.1
fenerbahçe,M5,ALTUNIZADE,-8,0.81
fenerbahçe,M5,ALTUNIZADE,-7,5.74
fenerbahçe,M5,ALTUNIZADE,-6,-0.18
fenerbahçe,M5,ALTUNIZADE,-5,52.6
fenerbahçe,M5,ALTUNIZADE,-4,35.19
fenerbahçe,M5,ALTUNIZADE,-3,108.04
fenerbahçe,M5,ALTUNIZADE,-2,151.85
fenerbahçe,M5,ALTUNIZADE,-1,137.2
fenerbahçe,M5,ALTUNIZADE,0,37.64
fenerbahçe,M5,ALTUNIZADE,1,14.37
fenerbahçe,M5,ALTUNIZADE,2,397.15
fenerbahçe,M5,ALTUNIZADE,3,224.17
fenerbahçe,M5,ALTUNIZADE,4,-1.46
fenerbahçe,M5,ALTUNIZADE,5,-34.2
fenerbahçe,M5,ALTUNIZADE,6,-50.31
fenerbahçe,M5,ALTUNIZADE,7,-34.5
fenerbahçe,M5,ALTUNIZADE,8,-24.22
fenerbahçe,M5,ALTUNIZADE,9,-2.8
fenerbahçe,M5,ALTUNIZADE,10,-4.75
fenerbahçe,M5,ALTUNIZADE,11,9.37
fenerbahçe,M5,ALTUNIZADE,12,51.71
fenerbahçe,M5,BAGLARBASI,-12,11.51
fenerbahçe,M5,BAGLARBASI,-11,10.17
fenerbahçe,M5,BAGLARBASI,-10,-9.08
fenerbahçe,M5,BAGLARBASI,-9,-4.61
fenerbahçe,M5,BAGLARBASI,-8,7.53
fenerbahçe,M5,BAGLARBASI,-7,15.02
fenerbahçe,M5,BAGLARBASI,-6,6.57
fenerbahçe,M5,BAGLARBASI,-5,30.41
fenerbahçe,M5,BAGLARBASI,-4,76.75
fenerbahçe,M5,BAGLARBASI,-3,92.23
fenerbahçe,M5,BAGLARBASI,-2,57.53
fenerbahçe,M5,BAGLARBASI,-1,25.98
fenerbahçe,M5,BAGLARBASI,0,14.95
fenerbahçe,M5,BAGLARBASI,1,-14.21
fenerbahçe,M5,BAGLARBASI,2,15.39
fenerbahçe,M5,BAGLARBASI,3,-0.37
fenerbahçe,M5,BAGLARBASI,4,-11.45
fenerbahçe,M5,BAGLARBASI,5,-14.65
fenerbahçe,M5,BAGLARBASI,6,-10.67
fenerbahçe,M5,BAGLARBASI,7,-5.89
fenerbahçe,M5,BAGLARBASI,8,-1.49
fenerbahçe,M5,BAGLARBASI,9,2.97
fenerbahçe,M5,BAGLARBASI,10,-6.25
fenerbahçe,M5,BAGLARBASI,11,7.33
fenerbahçe,M5,BAGLARBASI,12,28.21
fenerbahçe,M5,BULGURLU,-12,78.56
fenerbahçe,M5,BULGURLU,-11,62.58
fenerbahçe,M5,BULGURLU,-10,21.58
fenerbahçe,M5,BULGURLU,-9,18.4
fenerbahçe,M5,BULGURLU,-8,11.33
fenerbahçe,M5,BULGURLU,-7,45.24
fenerbahçe,M5,BULGURLU,-6,4.47
fenerbahçe,M5,BULGURLU,-5,70.92
fenerbahçe,M5,BULGURLU,-4,72.11
fenerbahçe,M5,BULGURLU,-3,64.26
fenerbahçe,M5,BULGURLU,-2,87.63
fenerbahçe,M5,BULGURLU,-1,-0.14
fenerbahçe,M5,BULGURLU,0,-7.83
fenerbahçe,M5,BULGURLU,1,-25.4
fenerbahçe,M5,BULGURLU,2,11.15
fenerbahçe,M5,BULGURLU,3,13.47
fenerbahçe,M5,BULGURLU,4,-16.67
fenerbahçe,M5,BULGURLU,5,-7.14
fenerbahçe,M5,BULGURLU,6,-22.42
fenerbahçe,M5,BULGURLU,7,-9.92
fenerbahçe,M5,BULGURLU,8,0.18
fenerbahçe,M5,BULGURLU,9,4.47
fenerbahçe,M5,BULGURLU,10,-39.58
fenerbahçe,M5,BULGURLU,11,29.25
fenerbahçe,M5,BULGURLU,12,155.82
fenerbahçe,M5,CAKMAK,-12,58.94
fenerbahçe,M5,CAKMAK,-11,34.0
fenerbahçe,M5,CAKMAK,-10,2.99
fenerbahçe,M5,CAKMAK,-9,-7.26
fenerbahçe,M5,CAKMAK,-8,11.82
fenerbahçe,M5,CAKMAK,-7,18.59
fenerbahçe,M5,CAKMAK,-6,33.88
fenerbahçe,M5,CAKMAK,-5,26.47
fenerbahçe,M5,CAKMAK,-4,53.09
fenerbahçe,M5,CAKMAK,-3,58.83
fenerbahçe,M5,CAKMAK,-2,71.75
fenerbahçe,M5,CAKMAK,-1,21.81
fenerbahçe,M5,CAKMAK,0,-34.79
fenerbahçe,M5,CAKMAK,1,-49.23
fenerbahçe,M5,CAKMAK,2,-4.17
fenerbahçe,M5,CAKMAK,3,-15.55
fenerbahçe,M5,CAKMAK,4,-21.39
fenerbahçe,M5,CAKMAK,5,-21.1
fenerbahçe,M5,CAKMAK,6,-22.0
fenerbahçe,M5,CAKMAK,7,-5.49
fenerbahçe,M5,CAKMAK,8,2.85
fenerbahçe,M5,CAKMAK,9,7.98
fenerbahçe,M5,CAKMAK,10,-27.28
fenerbahçe,M5,CAKMAK,11,16.29
fenerbahçe,M5,CAKMAK,12,105.61
fenerbahçe,M5,CARSI,-12,80.3
fenerbahçe,M5,CARSI,-11,35.17
fenerbahçe,M5,CARSI,-10,-4.54
fenerbahçe,M5,CARSI,-9,-5.38
fenerbahçe,M5,CARSI,-8,-1.31
fenerbahçe,M5,CARSI,-7,37.65
fenerbahçe,M5,CARSI,-6,34.22
fenerbahçe,M5,CARSI,-5,56.38
fenerbahçe,M5,CARSI,-4,57.49
fenerbahçe,M5,CARSI,-3,95.21
fenerbahçe,M5,CARSI,-2,109.61
fenerbahçe,M5,CARSI,-1,55.14
fenerbahçe,M5,CARSI,0,-12.12
fenerbahçe,M5,CARSI,1,-52.49
fenerbahçe,M5,CARSI,2,-0.94
fenerbahçe,M5,CARSI,3,-9.05
fenerbahçe,M5,CARSI,4,-23.65
fenerbahçe,M5,CARSI,5,-23.9
fenerbahçe,M5,CARSI,6,-42.35
fenerbahçe,M5,CARSI,7,-20.59
fenerbahçe,M5,CARSI,8,3.56
fenerbahçe,M5,CARSI,9,11.81
fenerbahçe,M5,CARSI,10,-43.76
fenerbahçe,M5,CARSI,11,18.02
fenerbahçe,M5,CARSI,12,157.64
fenerbahçe,M5,CEKMEKOY,-12,233.69
fenerbahçe,M5,CEKMEKOY,-11,133.77
fenerbahçe,M5,CEKMEKOY,-10,66.03
fenerbahçe,M5,CEKMEKOY,-9,54.75
fenerbahçe,M5,CEKMEKOY,-8,83.81
fenerbahçe,M5,CEKMEKOY,-7,82.09
fenerbahçe,M5,CEKMEKOY,-6,137.89
fenerbahçe,M5,CEKMEKOY,-5,101.81
fenerbahçe,M5,CEKMEKOY,-4,138.57
fenerbahçe,M5,CEKMEKOY,-3,153.97
fenerbahçe,M5,CEKMEKOY,-2,148.87
fenerbahçe,M5,CEKMEKOY,-1,42.47
fenerbahçe,M5,CEKMEKOY,0,1.17
fenerbahçe,M5,CEKMEKOY,1,-34.62
fenerbahçe,M5,CEKMEKOY,2,13.5
fenerbahçe,M5,CEKMEKOY,3,-2.77
fenerbahçe,M5,CEKMEKOY,4,-31.53
fenerbahçe,M5,CEKMEKOY,5,-24.34
fenerbahçe,M5,CEKMEKOY,6,-23.41
fenerbahçe,M5,CEKMEKOY,7,-21.51
fenerbahçe,M5,CEKMEKOY,8,-47.07
fenerbahçe,M5,CEKMEKOY,9,-64.38
fenerbahçe,M5,CEKMEKOY,10,-28.65
fenerbahçe,M5,CEKMEKOY,11,215.98
fenerbahçe,M5,CEKMEKOY,12,350.37
fenerbahçe,M5,DUDULLU,-12,33.99
fenerbahçe,M5,DUDULLU,-11,49.44
fenerbahçe,M5,DUDULLU,-10,27.31
fenerbahçe,M5,DUDULLU,-9,-1.72
fenerbahçe,M5,DUDULLU,-8,16.12
fenerbahçe,M5,DUDULLU,-7,26.07
fenerbahçe,M5,DUDULLU,-6,20.56
fenerbahçe,M5,DUDULLU,-5,45.28
fenerbahçe,M5,DUDULLU,-4,35.16
fenerbahçe,M5,DUDULLU,-3,33.46
fenerbahçe,M5,DUDULLU,-2,67.14
fenerbahçe,M5,DUDULLU,-1,1.27
fenerbahçe,M5,DUDULLU,0,6.39
fenerbahçe,M5,DUDULLU,1,-35.66
fenerbahçe,M5,DUDULLU,2,-33.53
fenerbahçe,M5,DUDULLU,3,-26.92
fenerbahçe,M5,DUDULLU,4,-31.92
fenerbahçe,M5,DUDULLU,5,-26.81
fenerbahçe,M5,DUDULLU,6,-39.52
fenerbahçe,M5,DUDULLU,7,-17.15
fenerbahçe,M5,DUDULLU,8,1.97
fenerbahçe,M5,DUDULLU,9,8.68
fenerbahçe,M5,DUDULLU,10,-11.38
fenerbahçe,M5,DUDULLU,11,28.04
fenerbahçe,M5,DUDULLU,12,110.0
fenerbahçe,M5,FISTIKAGACI,-12,13.04
fenerbahçe,M5,FISTIKAGACI,-11,11.82
fenerbahçe,M5,FISTIKAGACI,-10,1.52
fenerbahçe,M5,FISTIKAGACI,-9,7.02
fenerbahçe,M5,FISTIKAGACI,-8,-2.05
fenerbahçe,M5,FISTIKAGACI,-7,18.81
fenerbahçe,M5,FISTIKAGACI,-6,-22.01
fenerbahçe,M5,FISTIKAGACI,-5,76.21
fenerbahçe,M5,FISTIKAGACI,-4,35.0
fenerbahçe,M5,FISTIKAGACI,-3,12.02
fenerbahçe,M5,FISTIKAGACI,-2,8.64
fenerbahçe,M5,FISTIKAGACI,-1,-3.2
fenerbahçe,M5,FISTIKAGACI,0,-12.88
fenerbahçe,M5,FISTIKAGACI,1,-18.97
fenerbahçe,M5,FISTIKAGACI,2,-5.72
fenerbahçe,M5,FISTIKAGACI,3,-6.05
fenerbahçe,M5,FISTIKAGACI,4,-8.3
fenerbahçe,M5,FISTIKAGACI,5,-6.49
fenerbahçe,M5,FISTIKAGACI,6,-7.09
fenerbahçe,M5,FISTIKAGACI,7,-5.04
fenerbahçe,M5,FISTIKAGACI,8,2.42
fenerbahçe,M5,FISTIKAGACI,9,2.72
fenerbahçe,M5,FISTIKAGACI,10,-0.71
fenerbahçe,M5,FISTIKAGACI,11,3.37
fenerbahçe,M5,FISTIKAGACI,12,18.7
fenerbahçe,M5,IHLAMUR KUYU,-12,54.64
fenerbahçe,M5,IHLAMUR KUYU,-11,31.57
fenerbahçe,M5,IHLAMUR KUYU,-10,7.89
fenerbahçe,M5,IHLAMUR KUYU,-9,-2.64
fenerbahçe,M5,IHLAMUR KUYU,-8,-11.22
fenerbahçe,M5,IHLAMUR KUYU,-7,9.32
fenerbahçe,M5,IHLAMUR KUYU,-6,14.04
fenerbahçe,M5,IHLAMUR KUYU,-5,21.87
fenerbahçe,M5,IHLAMUR KUYU,-4,23.04
fenerbahçe,M5,IHLAMUR KUYU,-3,39.17
fenerbahçe,M5,IHLAMUR KUYU,-2,24.0
fenerbahçe,M5,IHLAMUR KUYU,-1,8.06
fenerbahçe,M5,IHLAMUR KUYU,0,-6.29
fenerbahçe,M5,IHLAMUR KUYU,1,-28.53
fenerbahçe,M5,IHLAMUR KUYU,2,-5.15
fenerbahçe,M5,IHLAMUR KUYU,3,-6.38
fenerbahçe,M5,IHLAMUR KUYU,4,-11.74
fenerbahçe,M5,IHLAMUR KUYU,5,-7.63
fenerbahçe,M5,IHLAMUR KUYU,6,-12.2
fenerbahçe,M5,IHLAMUR KUYU,7,-7.1
fenerbahçe,M5,IHLAMUR KUYU,8,-0.83
fenerbahçe,M5,IHLAMUR KUYU,9,6.19
fenerbahçe,M5,IHLAMUR KUYU,10,-22.0
fenerbahçe,M5,IHLAMUR KUYU,11,24.28
fenerbahçe,M5,IHLAMUR KUYU,12,84.21
fenerbahçe,M5,IHLAMURKUYU,-12,-109.0
fenerbahçe,M5,IHLAMURKUYU,-11,-19.77
fenerbahçe,M5,IHLAMURKUYU,-10,-3.76
fenerbahçe,M5,IHLAMURKUYU,-9,19.26
fenerbahçe,M5,IHLAMURKUYU,-8,-11.96
fenerbahçe,M5,IHLAMURKUYU,-7,48.02
fenerbahçe,M5,IHLAMURKUYU,-6,76.75
fenerbahçe,M5,IHLAMURKUYU,-5,91.32
fenerbahçe,M5,IHLAMURKUYU,-4,13.21
fenerbahçe,M5,IHLAMURKUYU,-3,-24.22
fenerbahçe,M5,IHLAMURKUYU,-2,45.27
fenerbahçe,M5,IHLAMURKUYU,-1,70.18
fenerbahçe,M5,IHLAMURKUYU,0,-17.15
fenerbahçe,M5,IHLAMURKUYU,1,14.26
fenerbahçe,M5,IHLAMURKUYU,2,45.53
fenerbahçe,M5,IHLAMURKUYU,3,38.85
fenerbahçe,M5,IHLAMURKUYU,4,4.82
fenerbahçe,M5,IHLAMURKUYU,5,3.65
fenerbahçe,M5,IHLAMURKUYU,6,1.29
fenerbahçe,M5,IHLAMURKUYU,7,-1.46
fenerbahçe,M5,IHLAMURKUYU,8,-6.15
fenerbahçe,M5,IHLAMURKUYU,9,-20.11
fenerbahçe,M5,IHLAMURKUYU,10,-18.39
fenerbahçe,M5,IHLAMURKUYU,11,-40.69
fenerbahçe,M5,IHLAMURKUYU,12,133.59
fenerbahçe,M5,IMAM HATIP LISESI,-12,30.85
fenerbahçe,M5,IMAM HATIP LISESI,-11,23.75
fenerbahçe,M5,IMAM HATIP LISESI,-10,5.01
fenerbahçe,M5,IMAM HATIP LISESI,-9,-0.83
fenerbahçe,M5,IMAM HATIP LISESI,-8,4.08
fenerbahçe,M5,IMAM HATIP LISESI,-7,16.04
fenerbahçe,M5,IMAM HATIP LISESI,-6,8.91
fenerbahçe,M5,IMAM HATIP LISESI,-5,15.01
fenerbahçe,M5,IMAM HATIP LISESI,-4,20.29
fenerbahçe,M5,IMAM HATIP LISESI,-3,8.91
fenerbahçe,M5,IMAM HATIP LISESI,-2,15.22
fenerbahçe,M5,IMAM HATIP LISESI,-1,-9.12
fenerbahçe,M5,IMAM HATIP LISESI,0,-6.94
fenerbahçe,M5,IMAM HATIP LISESI,1,-16.45
fenerbahçe,M5,IMAM HATIP LISESI,2,4.21
fenerbahçe,M5,IMAM HATIP LISESI,3,-4.28
fenerbahçe,M5,IMAM HATIP LISESI,4,-7.29
fenerbahçe,M5,IMAM HATIP LISESI,5,-2.5
fenerbahçe,M5,IMAM HATIP LISESI,6,-6.03
fenerbahçe,M5,IMAM HATIP LISESI,7,-5.06
fenerbahçe,M5,IMAM HATIP LISESI,8,-2.75
fenerbahçe,M5,IMAM HATIP LISESI,9,6.12
fenerbahçe,M5,IMAM HATIP LISESI,10,-15.76
fenerbahçe,M5,IMAM HATIP LISESI,11,16.67
fenerbahçe,M5,IMAM HATIP LISESI,12,63.75
fenerbahçe,M5,KISIKLI,-12,13.45
fenerbahçe,M5,KISIKLI,-11,4.29
fenerbahçe,M5,KISIKLI,-10,-1.01
fenerbahçe,M5,KISIKLI,-9,-2.46
fenerbahçe,M5,KISIKLI,-8,0.17
fenerbahçe,M5,KISIKLI,-7,1.94
fenerbahçe,M5,KISIKLI,-6,-6.15
fenerbahçe,M5,KISIKLI,-5,21.15
fenerbahçe,M5,KISIKLI,-4,26.22
fenerbahçe,M5,KISIKLI,-3,21.52
fenerbahçe,M5,KISIKLI,-2,17.92
fenerbahçe,M5,KISIKLI,-1,5.03
fenerbahçe,M5,KISIKLI,0,-4.17
fenerbahçe,M5,KISIKLI,1,-21.41
fenerbahçe,M5,KISIKLI,2,-6.2
fenerbahçe,M5,KISIKLI,3,-12.18
fenerbahçe,M5,KISIKLI,4,-16.3
fenerbahçe,M5,KISIKLI,5,-21.03
fenerbahçe,M5,KISIKLI,6,-15.02
fenerbahçe,M5,KISIKLI,7,-11.62
fenerbahçe,M5,KISIKLI,8,-1.9
fenerbahçe,M5,KISIKLI,9,1.33
fenerbahçe,M5,KISIKLI,10,-3.7
fenerbahçe,M5,KISIKLI,11,1.62
fenerbahçe,M5,KISIKLI,12,14.77
fenerbahçe,M5,MECLIS,-12,2.79
fenerbahçe,M5,MECLIS,-11,23.37
fenerbahçe,M5,MECLIS,-10,2.14
fenerbahçe,M5,MECLIS,-9,19.99
fenerbahçe,M5,MECLIS,-8,7.24
fenerbahçe,M5,MECLIS,-7,37.35
fenerbahçe,M5,MECLIS,-6,-10.23
fenerbahçe,M5,MECLIS,-5,4.81
fenerbahçe,M5,MECLIS,-4,6.39
fenerbahçe,M5,MECLIS,-3,-15.01
fenerbahçe,M5,MECLIS,-2,-7.37
fenerbahçe,M5,MECLIS,-1,-8.01
fenerbahçe,M5,MECLIS,0,-4.86
fenerbahçe,M5,MECLIS,1,-19.98
fenerbahçe,M5,MECLIS,2,6.5
fenerbahçe,M5,MECLIS,3,-3.25
fenerbahçe,M5,MECLIS,4,-9.21
fenerbahçe,M5,MECLIS,5,-2.25
fenerbahçe,M5,MECLIS,6,0.1
fenerbahçe,M5,MECLIS,7,-4.65
fenerbahçe,M5,MECLIS,8,28.61
fenerbahçe,M5,MECLIS,9,21.61
fenerbahçe,M5,MECLIS,10,2.74
fenerbahçe,M5,MECLIS,11,4.95
fenerbahçe,M5,MECLIS,12,28.03
fenerbahçe,M5,NECIP FAZIL,-12,30.72
fenerbahçe,M5,NECIP FAZIL,-11,15.76
fenerbahçe,M5,NECIP FAZIL,-10,10.41
fenerbahçe,M5,NECIP FAZIL,-9,7.39
fenerbahçe,M5,NECIP FAZIL,-8,4.23
fenerbahçe,M5,NECIP FAZIL,-7,21.3
fenerbahçe,M5,NECIP FAZIL,-6,31.3
fenerbahçe,M5,NECIP FAZIL,-5,21.1
fenerbahçe,M5,NECIP FAZIL,-4,25.76
fenerbahçe,M5,NECIP FAZIL,-3,35.74
fenerbahçe,M5,NECIP FAZIL,-2,18.93
fenerbahçe,M5,NECIP FAZIL,-1,-2.92
fenerbahçe,M5,NECIP FAZIL,0,-3.87
fenerbahçe,M5,NECIP FAZIL,1,-31.13
fenerbahçe,M5,NECIP FAZIL,2,-10.45
fenerbahçe,M5,NECIP FAZIL,3,-11.29
fenerbahçe,M5,NECIP FAZIL,4,-18.62
fenerbahçe,M5,NECIP FAZIL,5,-16.14
fenerbahçe,M5,NECIP FAZIL,6,-7.83
fenerbahçe,M5,NECIP FAZIL,7,-9.76
fenerbahçe,M5,NECIP FAZIL,8,-2.45
fenerbahçe,M5,NECIP FAZIL,9,-3.43
fenerbahçe,M5,NECIP FAZIL,10,-8.27
fenerbahçe,M5,NECIP FAZIL,11,30.86
fenerbahçe,M5,NECIP FAZIL,12,68.93
fenerbahçe,M5,SAMANDIRA MERKEZ,-12,60.34
fenerbahçe,M5,SAMANDIRA MERKEZ,-11,37.5
fenerbahçe,M5,SAMANDIRA MERKEZ,-10,53.95
fenerbahçe,M5,SAMANDIRA MERKEZ,-9,70.55
fenerbahçe,M5,SAMANDIRA MERKEZ,-8,55.65
fenerbahçe,M5,SAMANDIRA MERKEZ,-7,74.2
fenerbahçe,M5,SAMANDIRA MERKEZ,-6,43.19
fenerbahçe,M5,SAMANDIRA MERKEZ,-5,-2.03
fenerbahçe,M5,SAMANDIRA MERKEZ,-4,27.6
fenerbahçe,M5,SAMANDIRA MERKEZ,-3,1.91
fenerbahçe,M5,SAMANDIRA MERKEZ,-2,48.82
fenerbahçe,M5,SAMANDIRA MERKEZ,-1,14.21
fenerbahçe,M5,SAMANDIRA MERKEZ,0,24.5
fenerbahçe,M5,SAMANDIRA MERKEZ,1,-4.55
fenerbahçe,M5,SAMANDIRA MERKEZ,2,23.84
fenerbahçe,M5,SAMANDIRA MERKEZ,3,10.35
fenerbahçe,M5,SAMANDIRA MERKEZ,4,-2.73
fenerbahçe,M5,SAMANDIRA MERKEZ,5,-2.48
fenerbahçe,M5,SAMANDIRA MERKEZ,6,-1.42
fenerbahçe,M5,SAMANDIRA MERKEZ,7,-6.33
fenerbahçe,M5,SAMANDIRA MERKEZ,8,30.23
fenerbahçe,M5,SAMANDIRA MERKEZ,9,21.04
fenerbahçe,M5,SAMANDIRA MERKEZ,10,9.27
fenerbahçe,M5,SAMANDIRA MERKEZ,11,57.53
fenerbahçe,M5,SAMANDIRA MERKEZ,12,101.73
fenerbahçe,M5,SANCAKTEPE,-12,-3.32
fenerbahçe,M5,SANCAKTEPE,-11,21.89
fenerbahçe,M5,SANCAKTEPE,-10,12.47
fenerbahçe,M5,SANCAKTEPE,-9,0.24
fenerbahçe,M5,SANCAKTEPE,-8,5.92
fenerbahçe,M5,SANCAKTEPE,-7,6.01
fenerbahçe,M5,SANCAKTEPE,-6,5.72
fenerbahçe,M5,SANCAKTEPE,-5,-27.06
fenerbahçe,M5,SANCAKTEPE,-4,-39.77
fenerbahçe,M5,SANCAKTEPE,-3,60.3
fenerbahçe,M5,SANCAKTEPE,-2,67.34
fenerbahçe,M5,SANCAKTEPE,-1,15.41
fenerbahçe,M5,SANCAKTEPE,0,22.52
fenerbahçe,M5,SANCAKTEPE,1,93.5
fenerbahçe,M5,SANCAKTEPE,2,74.21
fenerbahçe,M5,SANCAKTEPE,3,-0.92
fenerbahçe,M5,SANCAKTEPE,4,-11.63
fenerbahçe,M5,SANCAKTEPE,5,-8.07
fenerbahçe,M5,SANCAKTEPE,6,-0.39
fenerbahçe,M5,SANCAKTEPE,7,-1.88
fenerbahçe,M5,SANCAKTEPE,8,3.58
fenerbahçe,M5,SANCAKTEPE,9,20.85
fenerbahçe,M5,SANCAKTEPE,10,12.55
fenerbahçe,M5,SANCAKTEPE,11,10.1
fenerbahçe,M5,SANCAKTEPE,12,40.53
fenerbahçe,M5,SARIGAZI,-12,27.61
fenerbahçe,M5,SARIGAZI,-11,52.85
fenerbahçe,M5,SARIGAZI,-10,38.23
fenerbahçe,M5,SARIGAZI,-9,29.34
fenerbahçe,M5,SARIGAZI,-8,50.38
fenerbahçe,M5,SARIGAZI,-7,37.17
fenerbahçe,M5,SARIGAZI,-6,83.14
fenerbahçe,M5,SARIGAZI,-5,63.97
fenerbahçe,M5,SARIGAZI,-4,59.63
fenerbahçe,M5,SARIGAZI,-3,36.86
fenerbahçe,M5,SARIGAZI,-2,60.62
fenerbahçe,M5,SARIGAZI,-1,-0.75
fenerbahçe,M5,SARIGAZI,0,6.67
fenerbahçe,M5,SARIGAZI,1,-23.26
fenerbahçe,M5,SARIGAZI,2,25.6
fenerbahçe,M5,SARIGAZI,3,6.85
fenerbahçe,M5,SARIGAZI,4,4.34
fenerbahçe,M5,SARIGAZI,5,-5.77
fenerbahçe,M5,SARIGAZI,6,-0.08
fenerbahçe,M5,SARIGAZI,7,-5.16
fenerbahçe,M5,SARIGAZI,8,37.66
fenerbahçe,M5,SARIGAZI,9,61.19
fenerbahçe,M5,SARIGAZI,10,9.19
fenerbahçe,M5,SARIGAZI,11,11.4
fenerbahçe,M5,SARIGAZI,12,127.85
fenerbahçe,M5,UMRANIYE,-12,100.71
fenerbahçe,M5,UMRANIYE,-11,65.52
fenerbahçe,M5,UMRANIYE,-10,11.19
fenerbahçe,M5,UMRANIYE,-9,6.74
fenerbahçe,M5,UMRANIYE,-8,-1.7
fenerbahçe,M5,UMRANIYE,-7,30.38
fenerbahçe,M5,UMRANIYE,-6,17.93
fenerbahçe,M5,UMRANIYE,-5,35.23
fenerbahçe,M5,UMRANIYE,-4,41.55
fenerbahçe,M5,UMRANIYE,-3,65.25
fenerbahçe,M5,UMRANIYE,-2,84.02
fenerbahçe,M5,UMRANIYE,-1,22.53
fenerbahçe,M5,UMRANIYE,0,-15.42
fenerbahçe,M5,UMRANIYE,1,-30.76
fenerbahçe,M5,UMRANIYE,2,26.78
fenerbahçe,M5,UMRANIYE,3,3.91
fenerbahçe,M5,UMRANIYE,4,-21.5
fenerbahçe,M5,UMRANIYE,5,-14.72
fenerbahçe,M5,UMRANIYE,6,-23.94
fenerbahçe,M5,UMRANIYE,7,-15.86
fenerbahçe,M5,UMRANIYE,8,2.21
fenerbahçe,M5,UMRANIYE,9,17.38
fenerbahçe,M5,UMRANIYE,10,-47.37
fenerbahçe,M5,UMRANIYE,11,30.33
fenerbahçe,M5,UMRANIYE,12,194.75
fenerbahçe,M5,USKUDAR,-12,34.66
fenerbahçe,M5,USKUDAR,-11,13.88
fenerbahçe,M5,USKUDAR,-10,-2.49
fenerbahçe,M5,USKUDAR,-9,-11.14
fenerbahçe,M5,USKUDAR,-8,-19.05
fenerbahçe,M5,USKUDAR,-7,29.37
fenerbahçe,M5,USKUDAR,-6,-16.27
fenerbahçe,M5,USKUDAR,-5,31.79
fenerbahçe,M5,USKUDAR,-4,34.67
fenerbahçe,M5,USKUDAR,-3,147.52
fenerbahçe,M5,USKUDAR,-2,299.83
fenerbahçe,M5,USKUDAR,-1,151.54
fenerbahçe,M5,USKUDAR,0,26.76
fenerbahçe,M5,USKUDAR,1,-119.08
fenerbahçe,M5,USKUDAR,2,81.73
fenerbahçe,M5,USKUDAR,3,-86.14
fenerbahçe,M5,USKUDAR,4,-290.47
fenerbahçe,M5,USKUDAR,5,-241.67
fenerbahçe,M5,USKUDAR,6,-326.09
fenerbahçe,M5,USKUDAR,7,-232.43
fenerbahçe,M5,USKUDAR,8,-30.95
fenerbahçe,M5,USKUDAR,9,0.01
fenerbahçe,M5,USKUDAR,10,-17.94
fenerbahçe,M5,USKUDAR,11,-3.92
fenerbahçe,M5,USKUDAR,12,75.5
fenerbahçe,M5,YAMANEVLER,-12,33.98
fenerbahçe,M5,YAMANEVLER,-11,16.8
fenerbahçe,M5,YAMANEVLER,-10,7.43
fenerbahçe,M5,YAMANEVLER,-9,9.2
fenerbahçe,M5,YAMANEVLER,-8,7.13
fenerbahçe,M5,YAMANEVLER,-7,33.5
fenerbahçe,M5,YAMANEVLER,-6,26.37
fenerbahçe,M5,YAMANEVLER,-5,6.2
fenerbahçe,M5,YAMANEVLER,-4,30.57
fenerbahçe,M5,YAMANEVLER,-3,40.86
fenerbahçe,M5,YAMANEVLER,-2,60.99
fenerbahçe,M5,YAMANEVLER,-1,28.73
fenerbahçe,M5,YAMANEVLER,0,11.71
fenerbahçe,M5,YAMANEVLER,1,-31.47
fenerbahçe,M5,YAMANEVLER,2,-6.91
fenerbahçe,M5,YAMANEVLER,3,-8.77
fenerbahçe,M5,YAMANEVLER,4,-15.72
fenerbahçe,M5,YAMANEVLER,5,-11.02
fenerbahçe,M5,YAMANEVLER,6,-5.97
fenerbahçe,M5,YAMANEVLER,7,-4.15
fenerbahçe,M5,YAMANEVLER,8,0.17
fenerbahçe,M5,YAMANEVLER,9,3.89
fenerbahçe,M5,YAMANEVLER,10,-14.04
fenerbahçe,M5,YAMANEVLER,11,9.13
fenerbahçe,M5,YAMANEVLER,12,74.52
fenerbahçe,M6,BOGAZICI,-12,-0.5
fenerbahçe,M6,BOGAZICI,-11,-0.97
fenerbahçe,M6,BOGAZICI,-10,-0.02
fenerbahçe,M6,BOGAZICI,-9,-1.53
fenerbahçe,M6,BOGAZICI,-8,6.69
fenerbahçe,M6,BOGAZICI,-7,7.67
fenerbahçe,M6,BOGAZICI,-6,10.48
fenerbahçe,M6,BOGAZICI,-5,23.59
fenerbahçe,M6,BOGAZICI,-4,34.83
fenerbahçe,M6,BOGAZICI,-3,51.36
fenerbahçe,M6,BOGAZICI,-2,47.26
fenerbahçe,M6,BOGAZICI,-1,21.39
fenerbahçe,M6,BOGAZICI,0,3.94
fenerbahçe,M6,BOGAZICI,1,-19.57
fenerbahçe,M6,BOGAZICI,2,-7.96
fenerbahçe,M6,BOGAZICI,3,-5.85
fenerbahçe,M6,BOGAZICI,4,-7.02
fenerbahçe,M6,BOGAZICI,5,-24.73
fenerbahçe,M6,BOGAZICI,6,-24.81
fenerbahçe,M6,BOGAZICI,7,-12.92
fenerbahçe,M6,BOGAZICI,8,-1.88
fenerbahçe,M6,BOGAZICI,9,-0.86
fenerbahçe,M6,BOGAZICI,10,-1.21
fenerbahçe,M6,BOGAZICI,11,0.26
fenerbahçe,M6,BOGAZICI,12,5.13
fenerbahçe,M6,ETILER,-12,0.29
fenerbahçe,M6,ETILER,-11,0.84
fenerbahçe,M6,ETILER,-10,-0.83
fenerbahçe,M6,ETILER,-9,-4.8
fenerbahçe,M6,ETILER,-8,-1.32
fenerbahçe,M6,ETILER,-7,0.5
fenerbahçe,M6,ETILER,-6,-2.03
fenerbahçe,M6,ETILER,-5,20.58
fenerbahçe,M6,ETILER,-4,21.64
fenerbahçe,M6,ETILER,-3,1.59
fenerbahçe,M6,ETILER,-2,14.67
fenerbahçe,M6,ETILER,-1,10.97
fenerbahçe,M6,ETILER,0,2.29
fenerbahçe,M6,ETILER,1,-5.37
fenerbahçe,M6,ETILER,2,2.41
fenerbahçe,M6,ETILER,3,1.1
fenerbahçe,M6,ETILER,4,-1.84
fenerbahçe,M6,ETILER,5,-4.58
fenerbahçe,M6,ETILER,6,-0.53
fenerbahçe,M6,ETILER,7,-4.39
fenerbahçe,M6,ETILER,8,0.47
fenerbahçe,M6,ETILER,9,-0.05
fenerbahçe,M6,ETILER,10,-0.86
fenerbahçe,M6,ETILER,11,-0.18
fenerbahçe,M6,ETILER,12,-0.34
fenerbahçe,M6,LEVENT,-12,82.4
fenerbahçe,M6,LEVENT,-11,49.44
fenerbahçe,M6,LEVENT,-10,37.17
fenerbahçe,M6,LEVENT,-9,27.48
fenerbahçe,M6,LEVENT,-8,24.43
fenerbahçe,M6,LEVENT,-7,14.51
fenerbahçe,M6,LEVENT,-6,11.85
fenerbahçe,M6,LEVENT,-5,6.11
fenerbahçe,M6,LEVENT,-4,7.27
fenerbahçe,M6,LEVENT,-3,23.76
fenerbahçe,M6,LEVENT,-2,37.7
fenerbahçe,M6,LEVENT,-1,15.23
fenerbahçe,M6,LEVENT,0,-1.53
fenerbahçe,M6,LEVENT,1,-17.49
fenerbahçe,M6,LEVENT,2,-7.79
fenerbahçe,M6,LEVENT,3,12.42
fenerbahçe,M6,LEVENT,4,0.4
fenerbahçe,M6,LEVENT,5,-1.31
fenerbahçe,M6,LEVENT,6,-3.14
fenerbahçe,M6,LEVENT,7,1.01
fenerbahçe,M6,LEVENT,8,-0.81
fenerbahçe,M6,LEVENT,9,3.28
fenerbahçe,M6,LEVENT,10,-15.3
fenerbahçe,M6,LEVENT,11,-5.22
fenerbahçe,M6,LEVENT,12,84.43
fenerbahçe,M6,NISPETIYE,-12,0.48
fenerbahçe,M6,NISPETIYE,-11,0.94
fenerbahçe,M6,NISPETIYE,-10,-0.28
fenerbahçe,M6,NISPETIYE,-9,-0.2
fenerbahçe,M6,NISPETIYE,-8,-1.14
fenerbahçe,M6,NISPETIYE,-7,3.4
fenerbahçe,M6,NISPETIYE,-6,-13.58
fenerbahçe,M6,NISPETIYE,-5,16.44
fenerbahçe,M6,NISPETIYE,-4,30.61
fenerbahçe,M6,NISPETIYE,-3,33.3
fenerbahçe,M6,NISPETIYE,-2,21.03
fenerbahçe,M6,NISPETIYE,-1,10.62
fenerbahçe,M6,NISPETIYE,0,-0.26
fenerbahçe,M6,NISPETIYE,1,0.81
fenerbahçe,M6,NISPETIYE,2,3.51
fenerbahçe,M6,NISPETIYE,3,1.09
fenerbahçe,M6,NISPETIYE,4,0.4
fenerbahçe,M6,NISPETIYE,5,-1.36
fenerbahçe,M6,NISPETIYE,6,1.03
fenerbahçe,M6,NISPETIYE,7,-1.14
fenerbahçe,M6,NISPETIYE,8,-0.36
fenerbahçe,M6,NISPETIYE,9,0.46
fenerbahçe,M6,NISPETIYE,10,-0.66
fenerbahçe,M6,NISPETIYE,11,-0.32
fenerbahçe,M6,NISPETIYE,12,0.87
fenerbahçe,M7,ALIBEYKOY,-12,41.66
fenerbahçe,M7,ALIBEYKOY,-11,36.67
fenerbahçe,M7,ALIBEYKOY,-10,-0.71
fenerbahçe,M7,ALIBEYKOY,-9,-4.33
fenerbahçe,M7,ALIBEYKOY,-8,-1.18
fenerbahçe,M7,ALIBEYKOY,-7,38.74
fenerbahçe,M7,ALIBEYKOY,-6,8.23
fenerbahçe,M7,ALIBEYKOY,-5,40.26
fenerbahçe,M7,ALIBEYKOY,-4,55.13
fenerbahçe,M7,ALIBEYKOY,-3,93.1
fenerbahçe,M7,ALIBEYKOY,-2,113.93
fenerbahçe,M7,ALIBEYKOY,-1,41.75
fenerbahçe,M7,ALIBEYKOY,0,32.12
fenerbahçe,M7,ALIBEYKOY,1,-13.48
fenerbahçe,M7,ALIBEYKOY,2,-14.0
fenerbahçe,M7,ALIBEYKOY,3,-21.61
fenerbahçe,M7,ALIBEYKOY,4,-27.45
fenerbahçe,M7,ALIBEYKOY,5,-35.91
fenerbahçe,M7,ALIBEYKOY,6,-41.17
fenerbahçe,M7,ALIBEYKOY,7,-28.77
fenerbahçe,M7,ALIBEYKOY,8,3.11
fenerbahçe,M7,ALIBEYKOY,9,2.64
fenerbahçe,M7,ALIBEYKOY,10,-14.02
fenerbahçe,M7,ALIBEYKOY,11,4.25
fenerbahçe,M7,ALIBEYKOY,12,69.87
fenerbahçe,M7,CAGLAYAN,-12,20.89
fenerbahçe,M7,CAGLAYAN,-11,17.69
fenerbahçe,M7,CAGLAYAN,-10,1.49
fenerbahçe,M7,CAGLAYAN,-9,0.8
fenerbahçe,M7,CAGLAYAN,-8,5.3
fenerbahçe,M7,CAGLAYAN,-7,8.38
fenerbahçe,M7,CAGLAYAN,-6,0.34
fenerbahçe,M7,CAGLAYAN,-5,0.88
fenerbahçe,M7,CAGLAYAN,-4,12.38
fenerbahçe,M7,CAGLAYAN,-3,40.69
fenerbahçe,M7,CAGLAYAN,-2,71.7
fenerbahçe,M7,CAGLAYAN,-1,8.08
fenerbahçe,M7,CAGLAYAN,0,-5.72
fenerbahçe,M7,CAGLAYAN,1,-8.12
fenerbahçe,M7,CAGLAYAN,2,5.39
fenerbahçe,M7,CAGLAYAN,3,12.82
fenerbahçe,M7,CAGLAYAN,4,-4.06
fenerbahçe,M7,CAGLAYAN,5,-13.2
fenerbahçe,M7,CAGLAYAN,6,-4.09
fenerbahçe,M7,CAGLAYAN,7,-6.66
fenerbahçe,M7,CAGLAYAN,8,-0.51
fenerbahçe,M7,CAGLAYAN,9,-0.43
fenerbahçe,M7,CAGLAYAN,10,-3.12
fenerbahçe,M7,CAGLAYAN,11,2.92
fenerbahçe,M7,CAGLAYAN,12,37.34
fenerbahçe,M7,CIRCIR,-12,50.79
fenerbahçe,M7,CIRCIR,-11,31.68
fenerbahçe,M7,CIRCIR,-10,14.67
fenerbahçe,M7,CIRCIR,-9,6.46
fenerbahçe,M7,CIRCIR,-8,9.45
fenerbahçe,M7,CIRCIR,-7,14.33
fenerbahçe,M7,CIRCIR,-6,15.57
fenerbahçe,M7,CIRCIR,-5,23.69
fenerbahçe,M7,CIRCIR,-4,14.94
fenerbahçe,M7,CIRCIR,-3,25.31
fenerbahçe,M7,CIRCIR,-2,11.27
fenerbahçe,M7,CIRCIR,-1,1.75
fenerbahçe,M7,CIRCIR,0,1.27
fenerbahçe,M7,CIRCIR,1,-7.15
fenerbahçe,M7,CIRCIR,2,7.79
fenerbahçe,M7,CIRCIR,3,2.11
fenerbahçe,M7,CIRCIR,4,-3.85
fenerbahçe,M7,CIRCIR,5,-4.59
fenerbahçe,M7,CIRCIR,6,-4.58
fenerbahçe,M7,CIRCIR,7,-2.91
fenerbahçe,M7,CIRCIR,8,4.34
fenerbahçe,M7,CIRCIR,9,2.85
fenerbahçe,M7,CIRCIR,10,-6.02
fenerbahçe,M7,CIRCIR,11,26.78
fenerbahçe,M7,CIRCIR,12,59.91
fenerbahçe,M7,GOZTEPE,-12,42.95
fenerbahçe,M7,GOZTEPE,-11,21.39
fenerbahçe,M7,GOZTEPE,-10,6.97
fenerbahçe,M7,GOZTEPE,-9,-3.02
fenerbahçe,M7,GOZTEPE,-8,7.76
fenerbahçe,M7,GOZTEPE,-7,0.63
fenerbahçe,M7,GOZTEPE,-6,-3.28
fenerbahçe,M7,GOZTEPE,-5,18.51
fenerbahçe,M7,GOZTEPE,-4,24.0
fenerbahçe,M7,GOZTEPE,-3,13.44
fenerbahçe,M7,GOZTEPE,-2,12.46
fenerbahçe,M7,GOZTEPE,-1,-21.84
fenerbahçe,M7,GOZTEPE,0,-4.54
fenerbahçe,M7,GOZTEPE,1,-14.91
fenerbahçe,M7,GOZTEPE,2,0.94
fenerbahçe,M7,GOZTEPE,3,3.62
fenerbahçe,M7,GOZTEPE,4,-8.75
fenerbahçe,M7,GOZTEPE,5,-15.87
fenerbahçe,M7,GOZTEPE,6,-9.05
fenerbahçe,M7,GOZTEPE,7,-8.11
fenerbahçe,M7,GOZTEPE,8,3.52
fenerbahçe,M7,GOZTEPE,9,6.65
fenerbahçe,M7,GOZTEPE,10,-3.56
fenerbahçe,M7,GOZTEPE,11,6.02
fenerbahçe,M7,GOZTEPE,12,77.07
fenerbahçe,M7,KAGITHANE,-12,54.12
fenerbahçe,M7,KAGITHANE,-11,56.36
fenerbahçe,M7,KAGITHANE,-10,24.92
fenerbahçe,M7,KAGITHANE,-9,10.42
fenerbahçe,M7,KAGITHANE,-8,2.36
fenerbahçe,M7,KAGITHANE,-7,43.24
fenerbahçe,M7,KAGITHANE,-6,52.43
fenerbahçe,M7,KAGITHANE,-5,59.83
fenerbahçe,M7,KAGITHANE,-4,97.88
fenerbahçe,M7,KAGITHANE,-3,157.96
fenerbahçe,M7,KAGITHANE,-2,132.49
fenerbahçe,M7,KAGITHANE,-1,68.67
fenerbahçe,M7,KAGITHANE,0,35.53
fenerbahçe,M7,KAGITHANE,1,7.71
fenerbahçe,M7,KAGITHANE,2,4.19
fenerbahçe,M7,KAGITHANE,3,2.24
fenerbahçe,M7,KAGITHANE,4,-20.64
fenerbahçe,M7,KAGITHANE,5,-27.47
fenerbahçe,M7,KAGITHANE,6,4.73
fenerbahçe,M7,KAGITHANE,7,-5.33
fenerbahçe,M7,KAGITHANE,8,-2.06
fenerbahçe,M7,KAGITHANE,9,8.72
fenerbahçe,M7,KAGITHANE,10,-2.99
fenerbahçe,M7,KAGITHANE,11,8.05
fenerbahçe,M7,KAGITHANE,12,84.3
fenerbahçe,M7,KARADENIZ MAH.,-12,90.92
fenerbahçe,M7,KARADENIZ MAH.,-11,70.91
fenerbahçe,M7,KARADENIZ MAH.,-10,7.23
fenerbahçe,M7,KARADENIZ MAH.,-9,16.6
fenerbahçe,M7,KARADENIZ MAH.,-8,14.68
fenerbahçe,M7,KARADENIZ MAH.,-7,8.94
fenerbahçe,M7,KARADENIZ MAH.,-6,18.14
fenerbahçe,M7,KARADENIZ MAH.,-5,10.15
fenerbahçe,M7,KARADENIZ MAH.,-4,33.79
fenerbahçe,M7,KARADENIZ MAH.,-3,44.78
fenerbahçe,M7,KARADENIZ MAH.,-2,65.27
fenerbahçe,M7,KARADENIZ MAH.,-1,9.12
fenerbahçe,M7,KARADENIZ MAH.,0,-1.19
fenerbahçe,M7,KARADENIZ MAH.,1,-30.22
fenerbahçe,M7,KARADENIZ MAH.,2,-9.17
fenerbahçe,M7,KARADENIZ MAH.,3,-12.7
fenerbahçe,M7,KARADENIZ MAH.,4,-27.81
fenerbahçe,M7,KARADENIZ MAH.,5,-33.27
fenerbahçe,M7,KARADENIZ MAH.,6,-24.59
fenerbahçe,M7,KARADENIZ MAH.,7,-7.83
fenerbahçe,M7,KARADENIZ MAH.,8,5.58
fenerbahçe,M7,KARADENIZ MAH.,9,14.33
fenerbahçe,M7,KARADENIZ MAH.,10,-4.51
fenerbahçe,M7,KARADENIZ MAH.,11,4.01
fenerbahçe,M7,KARADENIZ MAH.,12,134.63
fenerbahçe,M7,KAZIMKARABEKIR,-12,88.6
fenerbahçe,M7,KAZIMKARABEKIR,-11,47.62
fenerbahçe,M7,KAZIMKARABEKIR,-10,13.07
fenerbahçe,M7,KAZIMKARABEKIR,-9,8.32
fenerbahçe,M7,KAZIMKARABEKIR,-8,17.3
fenerbahçe,M7,KAZIMKARABEKIR,-7,22.64
fenerbahçe,M7,KAZIMKARABEKIR,-6,14.89
fenerbahçe,M7,KAZIMKARABEKIR,-5,42.14
fenerbahçe,M7,KAZIMKARABEKIR,-4,43.75
fenerbahçe,M7,KAZIMKARABEKIR,-3,46.27
fenerbahçe,M7,KAZIMKARABEKIR,-2,34.13
fenerbahçe,M7,KAZIMKARABEKIR,-1,6.77
fenerbahçe,M7,KAZIMKARABEKIR,0,-5.45
fenerbahçe,M7,KAZIMKARABEKIR,1,-17.91
fenerbahçe,M7,KAZIMKARABEKIR,2,4.93
fenerbahçe,M7,KAZIMKARABEKIR,3,0.39
fenerbahçe,M7,KAZIMKARABEKIR,4,-9.93
fenerbahçe,M7,KAZIMKARABEKIR,5,-13.6
fenerbahçe,M7,KAZIMKARABEKIR,6,-9.31
fenerbahçe,M7,KAZIMKARABEKIR,7,-5.44
fenerbahçe,M7,KAZIMKARABEKIR,8,2.47
fenerbahçe,M7,KAZIMKARABEKIR,9,11.11
fenerbahçe,M7,KAZIMKARABEKIR,10,-13.23
fenerbahçe,M7,KAZIMKARABEKIR,11,13.66
fenerbahçe,M7,KAZIMKARABEKIR,12,114.5
fenerbahçe,M7,M7 FULYA,-12,1.64
fenerbahçe,M7,M7 FULYA,-11,3.3
fenerbahçe,M7,M7 FULYA,-10,0.14
fenerbahçe,M7,M7 FULYA,-9,0.82
fenerbahçe,M7,M7 FULYA,-8,-0.82
fenerbahçe,M7,M7 FULYA,-7,4.4
fenerbahçe,M7,M7 FULYA,-6,3.46
fenerbahçe,M7,M7 FULYA,-5,11.73
fenerbahçe,M7,M7 FULYA,-4,6.17
fenerbahçe,M7,M7 FULYA,-3,17.18
fenerbahçe,M7,M7 FULYA,-2,19.18
fenerbahçe,M7,M7 FULYA,-1,4.54
fenerbahçe,M7,M7 FULYA,0,4.74
fenerbahçe,M7,M7 FULYA,1,0.21
fenerbahçe,M7,M7 FULYA,2,3.19
fenerbahçe,M7,M7 FULYA,3,1.08
fenerbahçe,M7,M7 FULYA,4,-1.35
fenerbahçe,M7,M7 FULYA,5,2.05
fenerbahçe,M7,M7 FULYA,6,3.04
fenerbahçe,M7,M7 FULYA,7,0.28
fenerbahçe,M7,M7 FULYA,8,-0.03
fenerbahçe,M7,M7 FULYA,9,1.07
fenerbahçe,M7,M7 FULYA,10,-1.29
fenerbahçe,M7,M7 FULYA,11,1.63
fenerbahçe,M7,M7 FULYA,12,2.59
fenerbahçe,M7,MAHMUTBEY,-12,71.09
fenerbahçe,M7,MAHMUTBEY,-11,42.02
fenerbahçe,M7,MAHMUTBEY,-10,3.36
fenerbahçe,M7,MAHMUTBEY,-9,3.68
fenerbahçe,M7,MAHMUTBEY,-8,14.31
fenerbahçe,M7,MAHMUTBEY,-7,14.2
fenerbahçe,M7,MAHMUTBEY,-6,20.25
fenerbahçe,M7,MAHMUTBEY,-5,8.27
fenerbahçe,M7,MAHMUTBEY,-4,39.57
fenerbahçe,M7,MAHMUTBEY,-3,82.0
fenerbahçe,M7,MAHMUTBEY,-2,73.57
fenerbahçe,M7,MAHMUTBEY,-1,-3.29
fenerbahçe,M7,MAHMUTBEY,0,-13.9
fenerbahçe,M7,MAHMUTBEY,1,-30.7
fenerbahçe,M7,MAHMUTBEY,2,-5.71
fenerbahçe,M7,MAHMUTBEY,3,19.75
fenerbahçe,M7,MAHMUTBEY,4,-30.11
fenerbahçe,M7,MAHMUTBEY,5,-49.94
fenerbahçe,M7,MAHMUTBEY,6,-31.66
fenerbahçe,M7,MAHMUTBEY,7,-22.39
fenerbahçe,M7,MAHMUTBEY,8,6.51
fenerbahçe,M7,MAHMUTBEY,9,13.82
fenerbahçe,M7,MAHMUTBEY,10,3.94
fenerbahçe,M7,MAHMUTBEY,11,-7.87
fenerbahçe,M7,MAHMUTBEY,12,123.32
fenerbahçe,M7,MECIDIYEKOY,-12,34.51
fenerbahçe,M7,MECIDIYEKOY,-11,62.45
fenerbahçe,M7,MECIDIYEKOY,-10,33.21
fenerbahçe,M7,MECIDIYEKOY,-9,7.16
fenerbahçe,M7,MECIDIYEKOY,-8,14.15
fenerbahçe,M7,MECIDIYEKOY,-7,52.28
fenerbahçe,M7,MECIDIYEKOY,-6,56.68
fenerbahçe,M7,MECIDIYEKOY,-5,40.65
fenerbahçe,M7,MECIDIYEKOY,-4,98.16
fenerbahçe,M7,MECIDIYEKOY,-3,216.29
fenerbahçe,M7,MECIDIYEKOY,-2,343.14
fenerbahçe,M7,MECIDIYEKOY,-1,197.5
fenerbahçe,M7,MECIDIYEKOY,0,104.04
fenerbahçe,M7,MECIDIYEKOY,1,19.23
fenerbahçe,M7,MECIDIYEKOY,2,199.2
fenerbahçe,M7,MECIDIYEKOY,3,321.02
fenerbahçe,M7,MECIDIYEKOY,4,16.97
fenerbahçe,M7,MECIDIYEKOY,5,-26.93
fenerbahçe,M7,MECIDIYEKOY,6,-22.15
fenerbahçe,M7,MECIDIYEKOY,7,-71.32
fenerbahçe,M7,MECIDIYEKOY,8,-38.41
fenerbahçe,M7,MECIDIYEKOY,9,3.22
fenerbahçe,M7,MECIDIYEKOY,10,11.42
fenerbahçe,M7,MECIDIYEKOY,11,-4.07
fenerbahçe,M7,MECIDIYEKOY,12,57.06
fenerbahçe,M7,NURTEPE,-12,44.47
fenerbahçe,M7,NURTEPE,-11,24.84
fenerbahçe,M7,NURTEPE,-10,17.68
fenerbahçe,M7,NURTEPE,-9,2.49
fenerbahçe,M7,NURTEPE,-8,8.72
fenerbahçe,M7,NURTEPE,-7,8.91
fenerbahçe,M7,NURTEPE,-6,15.65
fenerbahçe,M7,NURTEPE,-5,12.69
fenerbahçe,M7,NURTEPE,-4,14.38
fenerbahçe,M7,NURTEPE,-3,21.83
fenerbahçe,M7,NURTEPE,-2,29.69
fenerbahçe,M7,NURTEPE,-1,-0.23
fenerbahçe,M7,NURTEPE,0,-10.05
fenerbahçe,M7,NURTEPE,1,-9.96
fenerbahçe,M7,NURTEPE,2,2.31
fenerbahçe,M7,NURTEPE,3,-0.32
fenerbahçe,M7,NURTEPE,4,-2.27
fenerbahçe,M7,NURTEPE,5,-8.09
fenerbahçe,M7,NURTEPE,6,-7.28
fenerbahçe,M7,NURTEPE,7,-4.55
fenerbahçe,M7,NURTEPE,8,-0.51
fenerbahçe,M7,NURTEPE,9,-0.32
fenerbahçe,M7,NURTEPE,10,-7.5
fenerbahçe,M7,NURTEPE,11,15.95
fenerbahçe,M7,NURTEPE,12,79.01
fenerbahçe,M7,ORUCREIS,-12,42.98
fenerbahçe,M7,ORUCREIS,-11,23.92
fenerbahçe,M7,ORUCREIS,-10,8.62
fenerbahçe,M7,ORUCREIS,-9,5.24
fenerbahçe,M7,ORUCREIS,-8,0.03
fenerbahçe,M7,ORUCREIS,-7,-2.18
fenerbahçe,M7,ORUCREIS,-6,8.76
fenerbahçe,M7,ORUCREIS,-5,23.72
fenerbahçe,M7,ORUCREIS,-4,16.59
fenerbahçe,M7,ORUCREIS,-3,10.12
fenerbahçe,M7,ORUCREIS,-2,0.13
fenerbahçe,M7,ORUCREIS,-1,-1.17
fenerbahçe,M7,ORUCREIS,0,-4.65
fenerbahçe,M7,ORUCREIS,1,-12.85
fenerbahçe,M7,ORUCREIS,2,-1.87
fenerbahçe,M7,ORUCREIS,3,-5.15
fenerbahçe,M7,ORUCREIS,4,-9.4
fenerbahçe,M7,ORUCREIS,5,-10.77
fenerbahçe,M7,ORUCREIS,6,-10.94
fenerbahçe,M7,ORUCREIS,7,-6.94
fenerbahçe,M7,ORUCREIS,8,4.51
fenerbahçe,M7,ORUCREIS,9,3.7
fenerbahçe,M7,ORUCREIS,10,-1.21
fenerbahçe,M7,ORUCREIS,11,5.01
fenerbahçe,M7,ORUCREIS,12,64.59
fenerbahçe,M7,TEKSTILKENT,-12,4.25
fenerbahçe,M7,TEKSTILKENT,-11,4.81
fenerbahçe,M7,TEKSTILKENT,-10,-1.95
fenerbahçe,M7,TEKSTILKENT,-9,2.37
fenerbahçe,M7,TEKSTILKENT,-8,2.41
fenerbahçe,M7,TEKSTILKENT,-7,0.93
fenerbahçe,M7,TEKSTILKENT,-6,4.69
fenerbahçe,M7,TEKSTILKENT,-5,0.42
fenerbahçe,M7,TEKSTILKENT,-4,1.98
fenerbahçe,M7,TEKSTILKENT,-3,18.24
fenerbahçe,M7,TEKSTILKENT,-2,20.17
fenerbahçe,M7,TEKSTILKENT,-1,3.9
fenerbahçe,M7,TEKSTILKENT,0,0.1
fenerbahçe,M7,TEKSTILKENT,1,-1.4
fenerbahçe,M7,TEKSTILKENT,2,1.01
fenerbahçe,M7,TEKSTILKENT,3,0.35
fenerbahçe,M7,TEKSTILKENT,4,-1.97
fenerbahçe,M7,TEKSTILKENT,5,-4.96
fenerbahçe,M7,TEKSTILKENT,6,-5.87
fenerbahçe,M7,TEKSTILKENT,7,-3.34
fenerbahçe,M7,TEKSTILKENT,8,1.9
fenerbahçe,M7,TEKSTILKENT,9,0.68
fenerbahçe,M7,TEKSTILKENT,10,-5.34
fenerbahçe,M7,TEKSTILKENT,11,1.24
fenerbahçe,M7,TEKSTILKENT,12,18.24
fenerbahçe,M7,VEYSELKARANI,-12,48.46
fenerbahçe,M7,VEYSELKARANI,-11,30.32
fenerbahçe,M7,VEYSELKARANI,-10,6.51
fenerbahçe,M7,VEYSELKARANI,-9,4.45
fenerbahçe,M7,VEYSELKARANI,-8,15.17
fenerbahçe,M7,VEYSELKARANI,-7,18.53
fenerbahçe,M7,VEYSELKARANI,-6,31.11
fenerbahçe,M7,VEYSELKARANI,-5,25.91
fenerbahçe,M7,VEYSELKARANI,-4,26.24
fenerbahçe,M7,VEYSELKARANI,-3,35.25
fenerbahçe,M7,VEYSELKARANI,-2,20.17
fenerbahçe,M7,VEYSELKARANI,-1,11.52
fenerbahçe,M7,VEYSELKARANI,0,-3.36
fenerbahçe,M7,VEYSELKARANI,1,-15.34
fenerbahçe,M7,VEYSELKARANI,2,2.71
fenerbahçe,M7,VEYSELKARANI,3,0.97
fenerbahçe,M7,VEYSELKARANI,4,-14.14
fenerbahçe,M7,VEYSELKARANI,5,-18.42
fenerbahçe,M7,VEYSELKARANI,6,-4.62
fenerbahçe,M7,VEYSELKARANI,7,-4.76
fenerbahçe,M7,VEYSELKARANI,8,2.29
fenerbahçe,M7,VEYSELKARANI,9,3.17
fenerbahçe,M7,VEYSELKARANI,10,-17.02
fenerbahçe,M7,VEYSELKARANI,11,6.27
fenerbahçe,M7,VEYSELKARANI,12,94.2
fenerbahçe,M7,YENIMAHALLE,-12,38.67
fenerbahçe,M7,YENIMAHALLE,-11,22.06
fenerbahçe,M7,YENIMAHALLE,-10,7.15
fenerbahçe,M7,YENIMAHALLE,-9,6.49
fenerbahçe,M7,YENIMAHALLE,-8,1.93
fenerbahçe,M7,YENIMAHALLE,-7,12.63
fenerbahçe,M7,YENIMAHALLE,-6,1.91
fenerbahçe,M7,YENIMAHALLE,-5,2.56
fenerbahçe,M7,YENIMAHALLE,-4,52.03
fenerbahçe,M7,YENIMAHALLE,-3,31.16
fenerbahçe,M7,YENIMAHALLE,-2,16.92
fenerbahçe,M7,YENIMAHALLE,-1,-7.47
fenerbahçe,M7,YENIMAHALLE,0,-6.9
fenerbahçe,M7,YENIMAHALLE,1,-19.05
fenerbahçe,M7,YENIMAHALLE,2,0.54
fenerbahçe,M7,YENIMAHALLE,3,-5.06
fenerbahçe,M7,YENIMAHALLE,4,-6.97
fenerbahçe,M7,YENIMAHALLE,5,-13.56
fenerbahçe,M7,YENIMAHALLE,6,-7.4
fenerbahçe,M7,YENIMAHALLE,7,-2.63
fenerbahçe,M7,YENIMAHALLE,8,4.12
fenerbahçe,M7,YENIMAHALLE,9,5.8
fenerbahçe,M7,YENIMAHALLE,10,-4.53
fenerbahçe,M7,YENIMAHALLE,11,15.68
fenerbahçe,M7,YENIMAHALLE,12,71.66
fenerbahçe,M7,YESILPINAR,-12,50.77
fenerbahçe,M7,YESILPINAR,-11,29.02
fenerbahçe,M7,YESILPINAR,-10,10.81
fenerbahçe,M7,YESILPINAR,-9,6.14
fenerbahçe,M7,YESILPINAR,-8,4.52
fenerbahçe,M7,YESILPINAR,-7,11.27
fenerbahçe,M7,YESILPINAR,-6,26.04
fenerbahçe,M7,YESILPINAR,-5,21.34
fenerbahçe,M7,YESILPINAR,-4,19.78
fenerbahçe,M7,YESILPINAR,-3,21.28
fenerbahçe,M7,YESILPINAR,-2,19.33
fenerbahçe,M7,YESILPINAR,-1,0.02
fenerbahçe,M7,YESILPINAR,0,-4.97
fenerbahçe,M7,YESILPINAR,1,-12.12
fenerbahçe,M7,YESILPINAR,2,3.06
fenerbahçe,M7,YESILPINAR,3,4.25
fenerbahçe,M7,YESILPINAR,4,-9.59
fenerbahçe,M7,YESILPINAR,5,-9.87
fenerbahçe,M7,YESILPINAR,6,-5.09
fenerbahçe,M7,YESILPINAR,7,-2.83
fenerbahçe,M7,YESILPINAR,8,6.84
fenerbahçe,M7,YESILPINAR,9,6.07
fenerbahçe,M7,YESILPINAR,10,-19.72
fenerbahçe,M7,YESILPINAR,11,14.21
fenerbahçe,M7,YESILPINAR,12,97.53
fenerbahçe,M7,YILDIZ,-12,2.38
fenerbahçe,M7,YILDIZ,-11,5.11
fenerbahçe,M7,YILDIZ,-10,-1.61
fenerbahçe,M7,YILDIZ,-9,-0.12
fenerbahçe,M7,YILDIZ,-8,-2.2
fenerbahçe,M7,YILDIZ,-7,8.68
fenerbahçe,M7,YILDIZ,-6,-0.47
fenerbahçe,M7,YILDIZ,-5,26.44
fenerbahçe,M7,YILDIZ,-4,31.67
fenerbahçe,M7,YILDIZ,-3,23.17
fenerbahçe,M7,YILDIZ,-2,34.94
fenerbahçe,M7,YILDIZ,-1,6.11
fenerbahçe,M7,YILDIZ,0,3.13
fenerbahçe,M7,YILDIZ,1,-25.46
fenerbahçe,M7,YILDIZ,2,-11.86
fenerbahçe,M7,YILDIZ,3,-22.67
fenerbahçe,M7,YILDIZ,4,-46.43
fenerbahçe,M7,YILDIZ,5,-62.01
fenerbahçe,M7,YILDIZ,6,-59.57
fenerbahçe,M7,YILDIZ,7,-27.78
fenerbahçe,M7,YILDIZ,8,-2.83
fenerbahçe,M7,YILDIZ,9,0.01
fenerbahçe,M7,YILDIZ,10,-1.55
fenerbahçe,M7,YILDIZ,11,0.23
fenerbahçe,M7,YILDIZ,12,8.99
fenerbahçe,M8,AYSE KADIN,-12,-18.55
fenerbahçe,M8,AYSE KADIN,-11,-8.65
fenerbahçe,M8,AYSE KADIN,-10,-6.45
fenerbahçe,M8,AYSE KADIN,-9,-2.65
fenerbahçe,M8,AYSE KADIN,-8,3.3
fenerbahçe,M8,AYSE KADIN,-7,5.03
fenerbahçe,M8,AYSE KADIN,-6,-3.8
fenerbahçe,M8,AYSE KADIN,-5,-7.87
fenerbahçe,M8,AYSE KADIN,-4,-9.86
fenerbahçe,M8,AYSE KADIN,-3,-0.81
fenerbahçe,M8,AYSE KADIN,-2,29.9
fenerbahçe,M8,AYSE KADIN,-1,20.01
fenerbahçe,M8,AYSE KADIN,0,12.06
fenerbahçe,M8,AYSE KADIN,1,7.3
fenerbahçe,M8,AYSE KADIN,2,23.6
fenerbahçe,M8,AYSE KADIN,3,14.68
fenerbahçe,M8,AYSE KADIN,4,-0.46
fenerbahçe,M8,AYSE KADIN,5,0.0
fenerbahçe,M8,AYSE KADIN,8,-2.85
fenerbahçe,M8,AYSE KADIN,9,-2.11
fenerbahçe,M8,AYSE KADIN,10,-1.45
fenerbahçe,M8,AYSE KADIN,11,-7.91
fenerbahçe,M8,AYSE KADIN,12,2.88
fenerbahçe,M8,AYSEKADIN,-12,12.51
fenerbahçe,M8,AYSEKADIN,-11,7.76
fenerbahçe,M8,AYSEKADIN,-10,3.73
fenerbahçe,M8,AYSEKADIN,-9,1.34
fenerbahçe,M8,AYSEKADIN,-8,5.36
fenerbahçe,M8,AYSEKADIN,-7,7.84
fenerbahçe,M8,AYSEKADIN,-6,4.37
fenerbahçe,M8,AYSEKADIN,-5,17.62
fenerbahçe,M8,AYSEKADIN,-4,15.37
fenerbahçe,M8,AYSEKADIN,-3,20.7
fenerbahçe,M8,AYSEKADIN,-2,20.72
fenerbahçe,M8,AYSEKADIN,-1,14.58
fenerbahçe,M8,AYSEKADIN,0,11.48
fenerbahçe,M8,AYSEKADIN,1,-6.4
fenerbahçe,M8,AYSEKADIN,2,8.92
fenerbahçe,M8,AYSEKADIN,3,7.43
fenerbahçe,M8,AYSEKADIN,4,-9.72
fenerbahçe,M8,AYSEKADIN,5,-8.99
fenerbahçe,M8,AYSEKADIN,6,-10.38
fenerbahçe,M8,AYSEKADIN,7,-3.57
fenerbahçe,M8,AYSEKADIN,8,2.34
fenerbahçe,M8,AYSEKADIN,9,5.34
fenerbahçe,M8,AYSEKADIN,10,2.63
fenerbahçe,M8,AYSEKADIN,11,1.65
fenerbahçe,M8,AYSEKADIN,12,13.85
fenerbahçe,M8,BOSTANCI,-12,5.79
fenerbahçe,M8,BOSTANCI,-11,8.38
fenerbahçe,M8,BOSTANCI,-10,-1.88
fenerbahçe,M8,BOSTANCI,-9,-0.85
fenerbahçe,M8,BOSTANCI,-8,-7.87
fenerbahçe,M8,BOSTANCI,-7,-0.79
fenerbahçe,M8,BOSTANCI,-6,-6.28
fenerbahçe,M8,BOSTANCI,-5,9.52
fenerbahçe,M8,BOSTANCI,-4,20.45
fenerbahçe,M8,BOSTANCI,-3,31.93
fenerbahçe,M8,BOSTANCI,-2,38.25
fenerbahçe,M8,BOSTANCI,-1,4.58
fenerbahçe,M8,BOSTANCI,0,-35.48
fenerbahçe,M8,BOSTANCI,1,-93.76
fenerbahçe,M8,BOSTANCI,2,-100.99
fenerbahçe,M8,BOSTANCI,3,-127.93
fenerbahçe,M8,BOSTANCI,4,-86.21
fenerbahçe,M8,BOSTANCI,5,-263.18
fenerbahçe,M8,BOSTANCI,6,-267.21
fenerbahçe,M8,BOSTANCI,7,-20.37
fenerbahçe,M8,BOSTANCI,8,6.54
fenerbahçe,M8,BOSTANCI,9,7.35
fenerbahçe,M8,BOSTANCI,10,3.49
fenerbahçe,M8,BOSTANCI,11,-6.89
fenerbahçe,M8,BOSTANCI,12,12.2
fenerbahçe,M8,DUDULLU,-12,37.69
fenerbahçe,M8,DUDULLU,-11,15.63
fenerbahçe,M8,DUDULLU,-10,-15.43
fenerbahçe,M8,DUDULLU,-9,-20.59
fenerbahçe,M8,DUDULLU,-8,-20.45
fenerbahçe,M8,DUDULLU,-7,-6.31
fenerbahçe,M8,DUDULLU,-6,2.61
fenerbahçe,M8,DUDULLU,-5,-1.13
fenerbahçe,M8,DUDULLU,-4,15.91
fenerbahçe,M8,DUDULLU,-3,28.87
fenerbahçe,M8,DUDULLU,-2,22.36
fenerbahçe,M8,DUDULLU,-1,0.78
fenerbahçe,M8,DUDULLU,0,-12.88
fenerbahçe,M8,DUDULLU,1,-29.7
fenerbahçe,M8,DUDULLU,2,-13.06
fenerbahçe,M8,DUDULLU,3,-3.6
fenerbahçe,M8,DUDULLU,4,-17.19
fenerbahçe,M8,DUDULLU,5,-34.13
fenerbahçe,M8,DUDULLU,6,-54.8
fenerbahçe,M8,DUDULLU,7,-14.33
fenerbahçe,M8,DUDULLU,8,19.61
fenerbahçe,M8,DUDULLU,9,44.78
fenerbahçe,M8,DUDULLU,10,-20.72
fenerbahçe,M8,DUDULLU,11,-16.64
fenerbahçe,M8,DUDULLU,12,98.89
fenerbahçe,M8,EMIN ALI PASA,-12,4.1
fenerbahçe,M8,EMIN ALI PASA,-11,4.31
fenerbahçe,M8,EMIN ALI PASA,-10,-0.52
fenerbahçe,M8,EMIN ALI PASA,-9,-0.04
fenerbahçe,M8,EMIN ALI PASA,-8,-0.22
fenerbahçe,M8,EMIN ALI PASA,-7,1.53
fenerbahçe,M8,EMIN ALI PASA,-6,-7.16
fenerbahçe,M8,EMIN ALI PASA,-5,10.62
fenerbahçe,M8,EMIN ALI PASA,-4,9.34
fenerbahçe,M8,EMIN ALI PASA,-3,5.43
fenerbahçe,M8,EMIN ALI PASA,-2,4.54
fenerbahçe,M8,EMIN ALI PASA,-1,4.81
fenerbahçe,M8,EMIN ALI PASA,0,2.86
fenerbahçe,M8,EMIN ALI PASA,1,-2.51
fenerbahçe,M8,EMIN ALI PASA,2,-1.4
fenerbahçe,M8,EMIN ALI PASA,3,-0.43
fenerbahçe,M8,EMIN ALI PASA,4,-2.7
fenerbahçe,M8,EMIN ALI PASA,5,-1.25
fenerbahçe,M8,EMIN ALI PASA,6,0.19
fenerbahçe,M8,EMIN ALI PASA,7,2.67
fenerbahçe,M8,EMIN ALI PASA,8,-0.63
fenerbahçe,M8,EMIN ALI PASA,9,1.63
fenerbahçe,M8,EMIN ALI PASA,10,-0.17
fenerbahçe,M8,EMIN ALI PASA,11,-0.46
fenerbahçe,M8,EMIN ALI PASA,12,7.69
fenerbahçe,M8,HUZUR,-12,19.07
fenerbahçe,M8,HUZUR,-11,6.22
fenerbahçe,M8,HUZUR,-10,2.89
fenerbahçe,M8,HUZUR,-9,-0.6
fenerbahçe,M8,HUZUR,-8,-0.67
fenerbahçe,M8,HUZUR,-7,0.37
fenerbahçe,M8,HUZUR,-6,6.58
fenerbahçe,M8,HUZUR,-5,2.39
fenerbahçe,M8,HUZUR,-4,-1.07
fenerbahçe,M8,HUZUR,-3,2.12
fenerbahçe,M8,HUZUR,-2,-2.29
fenerbahçe,M8,HUZUR,-1,-10.99
fenerbahçe,M8,HUZUR,0,-6.48
fenerbahçe,M8,HUZUR,1,-8.16
fenerbahçe,M8,HUZUR,2,-0.66
fenerbahçe,M8,HUZUR,3,-6.22
fenerbahçe,M8,HUZUR,4,-3.64
fenerbahçe,M8,HUZUR,5,-4.97
fenerbahçe,M8,HUZUR,6,-7.95
fenerbahçe,M8,HUZUR,7,-6.26
fenerbahçe,M8,HUZUR,8,3.68
fenerbahçe,M8,HUZUR,9,10.06
fenerbahçe,M8,HUZUR,10,-5.62
fenerbahçe,M8,HUZUR,11,6.48
fenerbahçe,M8,HUZUR,12,39.57
fenerbahçe,M8,ICERENKOY,-12,17.29
fenerbahçe,M8,ICERENKOY,-11,4.29
fenerbahçe,M8,ICERENKOY,-10,-0.11
fenerbahçe,M8,ICERENKOY,-9,3.07
fenerbahçe,M8,ICERENKOY,-8,-2.42
fenerbahçe,M8,ICERENKOY,-7,7.01
fenerbahçe,M8,ICERENKOY,-6,1.21
fenerbahçe,M8,ICERENKOY,-5,34.61
fenerbahçe,M8,ICERENKOY,-4,33.29
fenerbahçe,M8,ICERENKOY,-3,24.47
fenerbahçe,M8,ICERENKOY,-2,20.79
fenerbahçe,M8,ICERENKOY,-1,2.71
fenerbahçe,M8,ICERENKOY,0,-2.92
fenerbahçe,M8,ICERENKOY,1,-14.97
fenerbahçe,M8,ICERENKOY,2,-2.4
fenerbahçe,M8,ICERENKOY,3,0.07
fenerbahçe,M8,ICERENKOY,4,-5.53
fenerbahçe,M8,ICERENKOY,5,-17.48
fenerbahçe,M8,ICERENKOY,6,-7.96
fenerbahçe,M8,ICERENKOY,7,1.2
fenerbahçe,M8,ICERENKOY,8,6.7
fenerbahçe,M8,ICERENKOY,9,9.37
fenerbahçe,M8,ICERENKOY,10,-7.5
fenerbahçe,M8,ICERENKOY,11,-1.38
fenerbahçe,M8,ICERENKOY,12,36.71
fenerbahçe,M8,IMES,-12,15.81
fenerbahçe,M8,IMES,-11,14.45
fenerbahçe,M8,IMES,-10,4.54
fenerbahçe,M8,IMES,-9,1.9
fenerbahçe,M8,IMES,-8,3.26
fenerbahçe,M8,IMES,-7,3.94
fenerbahçe,M8,IMES,-6,3.77
fenerbahçe,M8,IMES,-5,10.54
fenerbahçe,M8,IMES,-4,12.92
fenerbahçe,M8,IMES,-3,35.55
fenerbahçe,M8,IMES,-2,23.1
fenerbahçe,M8,IMES,-1,13.03
fenerbahçe,M8,IMES,0,2.46
fenerbahçe,M8,IMES,1,-2.23
fenerbahçe,M8,IMES,2,2.7
fenerbahçe,M8,IMES,3,-1.71
fenerbahçe,M8,IMES,4,-2.32
fenerbahçe,M8,IMES,5,-4.89
fenerbahçe,M8,IMES,6,-5.44
fenerbahçe,M8,IMES,7,4.78
fenerbahçe,M8,IMES,8,1.67
fenerbahçe,M8,IMES,9,5.31
fenerbahçe,M8,IMES,10,-4.04
fenerbahçe,M8,IMES,11,3.68
fenerbahçe,M8,IMES,12,17.91
fenerbahçe,M8,KAYISDAGI,-12,0.88
fenerbahçe,M8,KAYISDAGI,-11,-1.84
fenerbahçe,M8,KAYISDAGI,-10,0.04
fenerbahçe,M8,KAYISDAGI,-9,-1.47
fenerbahçe,M8,KAYISDAGI,-8,-0.61
fenerbahçe,M8,KAYISDAGI,-7,8.57
fenerbahçe,M8,KAYISDAGI,-6,-0.67
fenerbahçe,M8,KAYISDAGI,-5,18.54
fenerbahçe,M8,KAYISDAGI,-4,26.14
fenerbahçe,M8,KAYISDAGI,-3,22.87
fenerbahçe,M8,KAYISDAGI,-2,9.75
fenerbahçe,M8,KAYISDAGI,-1,4.81
fenerbahçe,M8,KAYISDAGI,0,3.14
fenerbahçe,M8,KAYISDAGI,1,-3.28
fenerbahçe,M8,KAYISDAGI,2,1.19
fenerbahçe,M8,KAYISDAGI,3,0.78
fenerbahçe,M8,KAYISDAGI,4,-3.64
fenerbahçe,M8,KAYISDAGI,5,-4.11
fenerbahçe,M8,KAYISDAGI,6,-5.25
fenerbahçe,M8,KAYISDAGI,7,-2.53
fenerbahçe,M8,KAYISDAGI,8,2.96
fenerbahçe,M8,KAYISDAGI,9,6.57
fenerbahçe,M8,KAYISDAGI,10,-5.98
fenerbahçe,M8,KAYISDAGI,11,-3.03
fenerbahçe,M8,KAYISDAGI,12,9.82
fenerbahçe,M8,KOZYATAGI,-12,13.55
fenerbahçe,M8,KOZYATAGI,-11,15.24
fenerbahçe,M8,KOZYATAGI,-10,-4.76
fenerbahçe,M8,KOZYATAGI,-9,-7.46
fenerbahçe,M8,KOZYATAGI,-8,-5.69
fenerbahçe,M8,KOZYATAGI,-7,3.29
fenerbahçe,M8,KOZYATAGI,-6,-3.51
fenerbahçe,M8,KOZYATAGI,-5,-7.75
fenerbahçe,M8,KOZYATAGI,-4,34.8
fenerbahçe,M8,KOZYATAGI,-3,33.4
fenerbahçe,M8,KOZYATAGI,-2,55.15
fenerbahçe,M8,KOZYATAGI,-1,41.17
fenerbahçe,M8,KOZYATAGI,0,12.63
fenerbahçe,M8,KOZYATAGI,1,-13.37
fenerbahçe,M8,KOZYATAGI,2,7.07
fenerbahçe,M8,KOZYATAGI,3,45.73
fenerbahçe,M8,KOZYATAGI,4,-7.36
fenerbahçe,M8,KOZYATAGI,5,-38.35
fenerbahçe,M8,KOZYATAGI,6,-64.9
fenerbahçe,M8,KOZYATAGI,7,-15.32
fenerbahçe,M8,KOZYATAGI,8,4.02
fenerbahçe,M8,KOZYATAGI,9,9.79
fenerbahçe,M8,KOZYATAGI,10,3.48
fenerbahçe,M8,KOZYATAGI,11,-9.76
fenerbahçe,M8,KOZYATAGI,12,24.95
fenerbahçe,M8,KUCUKBAKKALKOY,-12,7.9
fenerbahçe,M8,KUCUKBAKKALKOY,-11,4.34
fenerbahçe,M8,KUCUKBAKKALKOY,-10,-2.25
fenerbahçe,M8,KUCUKBAKKALKOY,-9,-4.29
fenerbahçe,M8,KUCUKBAKKALKOY,-8,-2.9
fenerbahçe,M8,KUCUKBAKKALKOY,-7,4.42
fenerbahçe,M8,KUCUKBAKKALKOY,-6,4.06
fenerbahçe,M8,KUCUKBAKKALKOY,-5,12.93
fenerbahçe,M8,KUCUKBAKKALKOY,-4,25.14
fenerbahçe,M8,KUCUKBAKKALKOY,-3,24.14
fenerbahçe,M8,KUCUKBAKKALKOY,-2,13.17
fenerbahçe,M8,KUCUKBAKKALKOY,-1,-0.96
fenerbahçe,M8,KUCUKBAKKALKOY,0,-5.04
fenerbahçe,M8,KUCUKBAKKALKOY,1,-8.4
fenerbahçe,M8,KUCUKBAKKALKOY,2,2.0
fenerbahçe,M8,KUCUKBAKKALKOY,3,1.75
fenerbahçe,M8,KUCUKBAKKALKOY,4,-4.36
fenerbahçe,M8,KUCUKBAKKALKOY,5,-6.3
fenerbahçe,M8,KUCUKBAKKALKOY,6,-1.23
fenerbahçe,M8,KUCUKBAKKALKOY,7,-0.83
fenerbahçe,M8,KUCUKBAKKALKOY,8,3.78
fenerbahçe,M8,KUCUKBAKKALKOY,9,5.95
fenerbahçe,M8,KUCUKBAKKALKOY,10,-5.23
fenerbahçe,M8,KUCUKBAKKALKOY,11,-3.63
fenerbahçe,M8,KUCUKBAKKALKOY,12,17.07
fenerbahçe,M8,MEVLANA,-12,39.13
fenerbahçe,M8,MEVLANA,-11,16.74
fenerbahçe,M8,MEVLANA,-10,1.03
fenerbahçe,M8,MEVLANA,-9,-1.82
fenerbahçe,M8,MEVLANA,-8,1.28
fenerbahçe,M8,MEVLANA,-7,-0.14
fenerbahçe,M8,MEVLANA,-6,5.6
fenerbahçe,M8,MEVLANA,-5,17.33
fenerbahçe,M8,MEVLANA,-4,24.51
fenerbahçe,M8,MEVLANA,-3,3.05
fenerbahçe,M8,MEVLANA,-2,18.55
fenerbahçe,M8,MEVLANA,-1,1.8
fenerbahçe,M8,MEVLANA,0,-6.6
fenerbahçe,M8,MEVLANA,1,-7.71
fenerbahçe,M8,MEVLANA,2,-6.13
fenerbahçe,M8,MEVLANA,3,-1.16
fenerbahçe,M8,MEVLANA,4,3.4
fenerbahçe,M8,MEVLANA,5,129.28
fenerbahçe,M8,MEVLANA,6,-10.56
fenerbahçe,M8,MEVLANA,7,1.58
fenerbahçe,M8,MEVLANA,8,5.39
fenerbahçe,M8,MEVLANA,9,13.27
fenerbahçe,M8,MEVLANA,10,-12.04
fenerbahçe,M8,MEVLANA,11,-1.53
fenerbahçe,M8,MEVLANA,12,55.67
fenerbahçe,M8,MODOKO,-12,14.42
fenerbahçe,M8,MODOKO,-11,4.24
fenerbahçe,M8,MODOKO,-10,1.72
fenerbahçe,M8,MODOKO,-9,4.62
fenerbahçe,M8,MODOKO,-8,4.63
fenerbahçe,M8,MODOKO,-7,-2.46
fenerbahçe,M8,MODOKO,-6,0.94
fenerbahçe,M8,MODOKO,-5,5.63
fenerbahçe,M8,MODOKO,-4,13.61
fenerbahçe,M8,MODOKO,-3,32.21
fenerbahçe,M8,MODOKO,-2,19.41
fenerbahçe,M8,MODOKO,-1,5.19
fenerbahçe,M8,MODOKO,0,2.39
fenerbahçe,M8,MODOKO,1,-1.68
fenerbahçe,M8,MODOKO,2,-1.54
fenerbahçe,M8,MODOKO,3,1.56
fenerbahçe,M8,MODOKO,4,-1.48
fenerbahçe,M8,MODOKO,5,4.62
fenerbahçe,M8,MODOKO,6,1.7
fenerbahçe,M8,MODOKO,7,0.77
fenerbahçe,M8,MODOKO,8,3.64
fenerbahçe,M8,MODOKO,9,2.86
fenerbahçe,M8,MODOKO,10,1.03
fenerbahçe,M8,MODOKO,11,9.68
fenerbahçe,M8,MODOKO,12,16.71
fenerbahçe,M8,MODOKO KEYAP,-12,-14.88
fenerbahçe,M8,MODOKO KEYAP,-11,9.99
fenerbahçe,M8,MODOKO KEYAP,-10,-5.94
fenerbahçe,M8,MODOKO KEYAP,-9,-3.61
fenerbahçe,M8,MODOKO KEYAP,-8,-12.15
fenerbahçe,M8,MODOKO KEYAP,-7,-11.74
fenerbahçe,M8,MODOKO KEYAP,-6,5.76
fenerbahçe,M8,MODOKO KEYAP,-5,-6.83
fenerbahçe,M8,MODOKO KEYAP,-4,-33.71
fenerbahçe,M8,MODOKO KEYAP,-3,-46.76
fenerbahçe,M8,MODOKO KEYAP,-2,13.61
fenerbahçe,M8,MODOKO KEYAP,-1,-0.4
fenerbahçe,M8,MODOKO KEYAP,0,2.4
fenerbahçe,M8,MODOKO KEYAP,1,-8.49
fenerbahçe,M8,MODOKO KEYAP,2,-2.23
fenerbahçe,M8,MODOKO KEYAP,3,5.74
fenerbahçe,M8,MODOKO KEYAP,4,-1.23
fenerbahçe,M8,MODOKO KEYAP,8,0.14
fenerbahçe,M8,MODOKO KEYAP,9,-5.06
fenerbahçe,M8,MODOKO KEYAP,10,2.28
fenerbahçe,M8,MODOKO KEYAP,11,-4.12
fenerbahçe,M8,MODOKO KEYAP,12,13.43
fenerbahçe,M8,PARSELLER,-12,5.8
fenerbahçe,M8,PARSELLER,-11,8.91
fenerbahçe,M8,PARSELLER,-10,3.45
fenerbahçe,M8,PARSELLER,-9,-2.15
fenerbahçe,M8,PARSELLER,-8,1.25
fenerbahçe,M8,PARSELLER,-7,3.56
fenerbahçe,M8,PARSELLER,-6,4.34
fenerbahçe,M8,PARSELLER,-5,9.21
fenerbahçe,M8,PARSELLER,-4,9.83
fenerbahçe,M8,PARSELLER,-3,4.67
fenerbahçe,M8,PARSELLER,-2,1.22
fenerbahçe,M8,PARSELLER,-1,-2.07
fenerbahçe,M8,PARSELLER,0,-5.86
fenerbahçe,M8,PARSELLER,1,-7.48
fenerbahçe,M8,PARSELLER,2,-2.36
fenerbahçe,M8,PARSELLER,3,-1.56
fenerbahçe,M8,PARSELLER,4,-6.43
fenerbahçe,M8,PARSELLER,5,-7.13
fenerbahçe,M8,PARSELLER,6,0.38
fenerbahçe,M8,PARSELLER,7,7.97
fenerbahçe,M8,PARSELLER,8,6.34
fenerbahçe,M8,PARSELLER,9,6.54
fenerbahçe,M8,PARSELLER,10,-5.93
fenerbahçe,M8,PARSELLER,11,6.69
fenerbahçe,M8,PARSELLER,12,20.91
fenerbahçe,M9,15 TEMMUZ,-12,6.86
fenerbahçe,M9,15 TEMMUZ,-11,11.23
fenerbahçe,M9,15 TEMMUZ,-10,6.09
fenerbahçe,M9,15 TEMMUZ,-9,-16.54
fenerbahçe,M9,15 TEMMUZ,-8,-0.08
fenerbahçe,M9,15 TEMMUZ,-7,3.61
fenerbahçe,M9,15 TEMMUZ,-6,5.17
fenerbahçe,M9,15 TEMMUZ,-5,-1.76
fenerbahçe,M9,15 TEMMUZ,-4,-7.36
fenerbahçe,M9,15 TEMMUZ,-3,29.05
fenerbahçe,M9,15 TEMMUZ,-2,1.37
fenerbahçe,M9,15 TEMMUZ,-1,-13.06
fenerbahçe,M9,15 TEMMUZ,0,-3.19
fenerbahçe,M9,15 TEMMUZ,1,-7.06
fenerbahçe,M9,15 TEMMUZ,2,4.68
fenerbahçe,M9,15 TEMMUZ,3,0.62
fenerbahçe,M9,15 TEMMUZ,4,3.46
fenerbahçe,M9,15 TEMMUZ,5,-2.05
fenerbahçe,M9,15 TEMMUZ,7,-1.4
fenerbahçe,M9,15 TEMMUZ,8,-7.54
fenerbahçe,M9,15 TEMMUZ,9,-10.77
fenerbahçe,M9,15 TEMMUZ,10,4.22
fenerbahçe,M9,15 TEMMUZ,11,2.12
fenerbahçe,M9,15 TEMMUZ,12,24.66
fenerbahçe,M9,29 EKIM CUMHURIYET,-12,-8.1
fenerbahçe,M9,29 EKIM CUMHURIYET,-11,-16.48
fenerbahçe,M9,29 EKIM CUMHURIYET,-10,-4.91
fenerbahçe,M9,29 EKIM CUMHURIYET,-9,-3.17
fenerbahçe,M9,29 EKIM CUMHURIYET,-8,-9.66
fenerbahçe,M9,29 EKIM CUMHURIYET,-7,7.58
fenerbahçe,M9,29 EKIM CUMHURIYET,-6,1.68
fenerbahçe,M9,29 EKIM CUMHURIYET,-5,-24.12
fenerbahçe,M9,29 EKIM CUMHURIYET,-4,-29.53
fenerbahçe,M9,29 EKIM CUMHURIYET,-3,-45.83
fenerbahçe,M9,29 EKIM CUMHURIYET,-2,-0.12
fenerbahçe,M9,29 EKIM CUMHURIYET,-1,68.01
fenerbahçe,M9,29 EKIM CUMHURIYET,0,0.85
fenerbahçe,M9,29 EKIM CUMHURIYET,1,-8.14
fenerbahçe,M9,29 EKIM CUMHURIYET,2,0.83
fenerbahçe,M9,29 EKIM CUMHURIYET,3,1.09
fenerbahçe,M9,29 EKIM CUMHURIYET,4,2.21
fenerbahçe,M9,29 EKIM CUMHURIYET,5,0.0
fenerbahçe,M9,29 EKIM CUMHURIYET,6,0.0
fenerbahçe,M9,29 EKIM CUMHURIYET,8,-0.71
fenerbahçe,M9,29 EKIM CUMHURIYET,9,-0.43
fenerbahçe,M9,29 EKIM CUMHURIYET,10,0.3
fenerbahçe,M9,29 EKIM CUMHURIYET,11,-5.77
fenerbahçe,M9,29 EKIM CUMHURIYET,12,-3.36
fenerbahçe,M9,ATAKOY,-12,8.78
fenerbahçe,M9,ATAKOY,-11,-4.82
fenerbahçe,M9,ATAKOY,-10,-0.77
fenerbahçe,M9,ATAKOY,-9,-1.86
fenerbahçe,M9,ATAKOY,-8,0.02
fenerbahçe,M9,ATAKOY,-7,7.38
fenerbahçe,M9,ATAKOY,-6,-11.7
fenerbahçe,M9,ATAKOY,-5,-14.0
fenerbahçe,M9,ATAKOY,-4,28.55
fenerbahçe,M9,ATAKOY,-3,29.92
fenerbahçe,M9,ATAKOY,-2,47.73
fenerbahçe,M9,ATAKOY,-1,39.13
fenerbahçe,M9,ATAKOY,0,21.99
fenerbahçe,M9,ATAKOY,1,4.87
fenerbahçe,M9,ATAKOY,2,31.06
fenerbahçe,M9,ATAKOY,3,15.41
fenerbahçe,M9,ATAKOY,4,-4.71
fenerbahçe,M9,ATAKOY,5,3.41
fenerbahçe,M9,ATAKOY,6,14.0
fenerbahçe,M9,ATAKOY,7,0.0
fenerbahçe,M9,ATAKOY,8,-2.47
fenerbahçe,M9,ATAKOY,9,4.37
fenerbahçe,M9,ATAKOY,10,16.59
fenerbahçe,M9,ATAKOY,11,33.64
fenerbahçe,M9,ATAKOY,12,30.35
fenerbahçe,M9,ATATURK MAHALLESI,-12,4.09
fenerbahçe,M9,ATATURK MAHALLESI,-11,7.28
fenerbahçe,M9,ATATURK MAHALLESI,-10,1.19
fenerbahçe,M9,ATATURK MAHALLESI,-9,-6.42
fenerbahçe,M9,ATATURK MAHALLESI,-8,-6.16
fenerbahçe,M9,ATATURK MAHALLESI,-7,12.12
fenerbahçe,M9,ATATURK MAHALLESI,-6,-5.01
fenerbahçe,M9,ATATURK MAHALLESI,-5,-7.71
fenerbahçe,M9,ATATURK MAHALLESI,-4,6.88
fenerbahçe,M9,ATATURK MAHALLESI,-3,-4.41
fenerbahçe,M9,ATATURK MAHALLESI,-2,2.44
fenerbahçe,M9,ATATURK MAHALLESI,-1,-17.55
fenerbahçe,M9,ATATURK MAHALLESI,0,1.13
fenerbahçe,M9,ATATURK MAHALLESI,1,-13.14
fenerbahçe,M9,ATATURK MAHALLESI,2,4.97
fenerbahçe,M9,ATATURK MAHALLESI,3,-4.39
fenerbahçe,M9,ATATURK MAHALLESI,4,-0.4
fenerbahçe,M9,ATATURK MAHALLESI,5,-3.98
fenerbahçe,M9,ATATURK MAHALLESI,7,-0.9
fenerbahçe,M9,ATATURK MAHALLESI,8,-10.12
fenerbahçe,M9,ATATURK MAHALLESI,9,20.25
fenerbahçe,M9,ATATURK MAHALLESI,10,5.18
fenerbahçe,M9,ATATURK MAHALLESI,11,16.03
fenerbahçe,M9,ATATURK MAHALLESI,12,25.66
fenerbahçe,M9,BAHARIYE,-12,36.29
fenerbahçe,M9,BAHARIYE,-11,11.44
fenerbahçe,M9,BAHARIYE,-10,1.3
fenerbahçe,M9,BAHARIYE,-9,-2.64
fenerbahçe,M9,BAHARIYE,-8,-4.72
fenerbahçe,M9,BAHARIYE,-7,-8.74
fenerbahçe,M9,BAHARIYE,-6,-5.89
fenerbahçe,M9,BAHARIYE,-5,-4.52
fenerbahçe,M9,BAHARIYE,-4,-10.4
fenerbahçe,M9,BAHARIYE,-3,-3.1
fenerbahçe,M9,BAHARIYE,-2,-0.43
fenerbahçe,M9,BAHARIYE,-1,-9.79
fenerbahçe,M9,BAHARIYE,0,-8.41
fenerbahçe,M9,BAHARIYE,1,-4.64
fenerbahçe,M9,BAHARIYE,2,-0.32
fenerbahçe,M9,BAHARIYE,3,-3.12
fenerbahçe,M9,BAHARIYE,4,-7.76
fenerbahçe,M9,BAHARIYE,5,-7.78
fenerbahçe,M9,BAHARIYE,6,-13.88
fenerbahçe,M9,BAHARIYE,7,-8.02
fenerbahçe,M9,BAHARIYE,8,10.42
fenerbahçe,M9,BAHARIYE,9,7.89
fenerbahçe,M9,BAHARIYE,10,1.91
fenerbahçe,M9,BAHARIYE,11,16.53
fenerbahçe,M9,BAHARIYE,12,56.21
fenerbahçe,M9,COBANCESME,-12,-0.7
fenerbahçe,M9,COBANCESME,-11,2.55
fenerbahçe,M9,COBANCESME,-10,-0.3
fenerbahçe,M9,COBANCESME,-9,-0.04
fenerbahçe,M9,COBANCESME,-8,-2.61
fenerbahçe,M9,COBANCESME,-7,-10.13
fenerbahçe,M9,COBANCESME,-6,-1.84
fenerbahçe,M9,COBANCESME,-5,2.52
fenerbahçe,M9,COBANCESME,-4,-12.22
fenerbahçe,M9,COBANCESME,-3,28.57
fenerbahçe,M9,COBANCESME,-2,12.65
fenerbahçe,M9,COBANCESME,-1,-2.47
fenerbahçe,M9,COBANCESME,0,-1.57
fenerbahçe,M9,COBANCESME,1,1.36
fenerbahçe,M9,COBANCESME,2,0.39
fenerbahçe,M9,COBANCESME,3,2.29
fenerbahçe,M9,COBANCESME,4,-2.22
fenerbahçe,M9,COBANCESME,5,-1.33
fenerbahçe,M9,COBANCESME,8,-1.63
fenerbahçe,M9,COBANCESME,9,-2.87
fenerbahçe,M9,COBANCESME,10,0.04
fenerbahçe,M9,COBANCESME,11,1.57
fenerbahçe,M9,COBANCESME,12,13.31
fenerbahçe,M9,DOGU SANAYI,-12,-4.7
fenerbahçe,M9,DOGU SANAYI,-11,0.2
fenerbahçe,M9,DOGU SANAYI,-10,4.77
fenerbahçe,M9,DOGU SANAYI,-9,-2.56
fenerbahçe,M9,DOGU SANAYI,-8,1.34
fenerbahçe,M9,DOGU SANAYI,-7,13.78
fenerbahçe,M9,DOGU SANAYI,-6,15.21
fenerbahçe,M9,DOGU SANAYI,-5,-4.78
fenerbahçe,M9,DOGU SANAYI,-4,-3.6
fenerbahçe,M9,DOGU SANAYI,-3,20.34
fenerbahçe,M9,DOGU SANAYI,-2,-8.72
fenerbahçe,M9,DOGU SANAYI,-1,-16.36
fenerbahçe,M9,DOGU SANAYI,0,0.24
fenerbahçe,M9,DOGU SANAYI,1,-0.49
fenerbahçe,M9,DOGU SANAYI,2,1.39
fenerbahçe,M9,DOGU SANAYI,3,-2.85
fenerbahçe,M9,DOGU SANAYI,4,-1.77
fenerbahçe,M9,DOGU SANAYI,5,-0.03
fenerbahçe,M9,DOGU SANAYI,7,-1.95
fenerbahçe,M9,DOGU SANAYI,8,1.37
fenerbahçe,M9,DOGU SANAYI,9,6.16
fenerbahçe,M9,DOGU SANAYI,10,3.58
fenerbahçe,M9,DOGU SANAYI,11,-0.78
fenerbahçe,M9,DOGU SANAYI,12,14.56
fenerbahçe,M9,HALKALI,-12,2.78
fenerbahçe,M9,HALKALI,-11,1.69
fenerbahçe,M9,HALKALI,-10,9.44
fenerbahçe,M9,HALKALI,-9,-0.5
fenerbahçe,M9,HALKALI,-8,-9.03
fenerbahçe,M9,HALKALI,-7,-12.1
fenerbahçe,M9,HALKALI,-6,4.19
fenerbahçe,M9,HALKALI,-5,-8.84
fenerbahçe,M9,HALKALI,-4,6.69
fenerbahçe,M9,HALKALI,-3,3.52
fenerbahçe,M9,HALKALI,-2,17.4
fenerbahçe,M9,HALKALI,-1,-4.18
fenerbahçe,M9,HALKALI,0,-11.98
fenerbahçe,M9,HALKALI,1,-2.4
fenerbahçe,M9,HALKALI,2,-5.58
fenerbahçe,M9,HALKALI,3,-1.13
fenerbahçe,M9,HALKALI,4,-5.48
fenerbahçe,M9,HALKALI,5,2.32
fenerbahçe,M9,HALKALI,7,-5.32
fenerbahçe,M9,HALKALI,8,-7.65
fenerbahçe,M9,HALKALI,9,6.57
fenerbahçe,M9,HALKALI,10,7.33
fenerbahçe,M9,HALKALI,11,6.84
fenerbahçe,M9,HALKALI,12,7.82
fenerbahçe,M9,IHLAS YUVA,-12,4.35
fenerbahçe,M9,IHLAS YUVA,-11,11.4
fenerbahçe,M9,IHLAS YUVA,-10,-0.61
fenerbahçe,M9,IHLAS YUVA,-9,6.1
fenerbahçe,M9,IHLAS YUVA,-8,-7.44
fenerbahçe,M9,IHLAS YUVA,-7,6.11
fenerbahçe,M9,IHLAS YUVA,-6,-34.44
fenerbahçe,M9,IHLAS YUVA,-5,-99.73
fenerbahçe,M9,IHLAS YUVA,-4,80.74
fenerbahçe,M9,IHLAS YUVA,-3,291.29
fenerbahçe,M9,IHLAS YUVA,-2,17.01
fenerbahçe,M9,IHLAS YUVA,-1,-124.29
fenerbahçe,M9,IHLAS YUVA,0,3.29
fenerbahçe,M9,IHLAS YUVA,1,10.95
fenerbahçe,M9,IHLAS YUVA,2,2.72
fenerbahçe,M9,IHLAS YUVA,3,3.86
fenerbahçe,M9,IHLAS YUVA,4,1.8
fenerbahçe,M9,IHLAS YUVA,5,-2.71
fenerbahçe,M9,IHLAS YUVA,8,5.57
fenerbahçe,M9,IHLAS YUVA,9,22.3
fenerbahçe,M9,IHLAS YUVA,10,5.71
fenerbahçe,M9,IHLAS YUVA,11,4.57
fenerbahçe,M9,IHLAS YUVA,12,3.67
fenerbahçe,M9,M9 IKITELLI,-12,0.84
fenerbahçe,M9,M9 IKITELLI,-11,5.54
fenerbahçe,M9,M9 IKITELLI,-10,1.18
fenerbahçe,M9,M9 IKITELLI,-9,3.77
fenerbahçe,M9,M9 IKITELLI,-8,8.31
fenerbahçe,M9,M9 IKITELLI,-7,2.67
fenerbahçe,M9,M9 IKITELLI,-6,9.73
fenerbahçe,M9,M9 IKITELLI,-5,18.71
fenerbahçe,M9,M9 IKITELLI,-4,6.99
fenerbahçe,M9,M9 IKITELLI,-3,36.26
fenerbahçe,M9,M9 IKITELLI,-2,40.49
fenerbahçe,M9,M9 IKITELLI,-1,15.98
fenerbahçe,M9,M9 IKITELLI,0,0.94
fenerbahçe,M9,M9 IKITELLI,1,0.76
fenerbahçe,M9,M9 IKITELLI,2,0.58
fenerbahçe,M9,M9 IKITELLI,3,2.86
fenerbahçe,M9,M9 IKITELLI,4,-2.0
fenerbahçe,M9,M9 IKITELLI,5,5.0
fenerbahçe,M9,M9 IKITELLI,6,3.5
fenerbahçe,M9,M9 IKITELLI,7,0.75
fenerbahçe,M9,M9 IKITELLI,9,-0.34
fenerbahçe,M9,M9 IKITELLI,10,-2.24
fenerbahçe,M9,M9 IKITELLI,11,-1.42
fenerbahçe,M9,M9 IKITELLI,12,-1.09
fenerbahçe,M9,M9 IKITELLI SANAYI,-12,-1.83
fenerbahçe,M9,M9 IKITELLI SANAYI,-11,2.02
fenerbahçe,M9,M9 IKITELLI SANAYI,-10,-1.04
fenerbahçe,M9,M9 IKITELLI SANAYI,-9,2.29
fenerbahçe,M9,M9 IKITELLI SANAYI,-8,-0.34
fenerbahçe,M9,M9 IKITELLI SANAYI,-7,-2.15
fenerbahçe,M9,M9 IKITELLI SANAYI,-6,1.76
fenerbahçe,M9,M9 IKITELLI SANAYI,-5,-8.5
fenerbahçe,M9,M9 IKITELLI SANAYI,-4,9.6
fenerbahçe,M9,M9 IKITELLI SANAYI,-3,42.75
fenerbahçe,M9,M9 IKITELLI SANAYI,-2,3.93
fenerbahçe,M9,M9 IKITELLI SANAYI,-1,-37.74
fenerbahçe,M9,M9 IKITELLI SANAYI,0,-10.29
fenerbahçe,M9,M9 IKITELLI SANAYI,1,-1.35
fenerbahçe,M9,M9 IKITELLI SANAYI,2,-4.02
fenerbahçe,M9,M9 IKITELLI SANAYI,3,-3.61
fenerbahçe,M9,M9 IKITELLI SANAYI,4,0.25
fenerbahçe,M9,M9 IKITELLI SANAYI,5,-0.44
fenerbahçe,M9,M9 IKITELLI SANAYI,6,0.0
fenerbahçe,M9,M9 IKITELLI SANAYI,8,-1.99
fenerbahçe,M9,M9 IKITELLI SANAYI,9,-4.0
fenerbahçe,M9,M9 IKITELLI SANAYI,10,-0.33
fenerbahçe,M9,M9 IKITELLI SANAYI,11,1.96
fenerbahçe,M9,M9 IKITELLI SANAYI,12,-1.6
fenerbahçe,M9,M9 YENIBOSNA,-12,8.92
fenerbahçe,M9,M9 YENIBOSNA,-11,21.5
fenerbahçe,M9,M9 YENIBOSNA,-10,-24.2
fenerbahçe,M9,M9 YENIBOSNA,-9,-39.98
fenerbahçe,M9,M9 YENIBOSNA,-8,10.84
fenerbahçe,M9,M9 YENIBOSNA,-7,-8.33
fenerbahçe,M9,M9 YENIBOSNA,-6,17.1
fenerbahçe,M9,M9 YENIBOSNA,-5,-2.42
fenerbahçe,M9,M9 YENIBOSNA,-4,1.16
fenerbahçe,M9,M9 YENIBOSNA,-3,56.5
fenerbahçe,M9,M9 YENIBOSNA,-2,46.52
fenerbahçe,M9,M9 YENIBOSNA,-1,-8.55
fenerbahçe,M9,M9 YENIBOSNA,0,-12.8
fenerbahçe,M9,M9 YENIBOSNA,1,-9.89
fenerbahçe,M9,M9 YENIBOSNA,2,13.15
fenerbahçe,M9,M9 YENIBOSNA,3,11.11
fenerbahçe,M9,M9 YENIBOSNA,4,11.39
fenerbahçe,M9,M9 YENIBOSNA,5,10.02
fenerbahçe,M9,M9 YENIBOSNA,6,5.0
fenerbahçe,M9,M9 YENIBOSNA,7,-5.95
fenerbahçe,M9,M9 YENIBOSNA,8,-26.14
fenerbahçe,M9,M9 YENIBOSNA,9,-13.35
fenerbahçe,M9,M9 YENIBOSNA,10,-0.24
fenerbahçe,M9,M9 YENIBOSNA,11,17.97
fenerbahçe,M9,M9 YENIBOSNA,12,54.37
fenerbahçe,M9,MASKO,-12,1.11
fenerbahçe,M9,MASKO,-11,1.37
fenerbahçe,M9,MASKO,-10,-0.42
fenerbahçe,M9,MASKO,-9,0.73
fenerbahçe,M9,MASKO,-8,-2.1
fenerbahçe,M9,MASKO,-7,-0.74
fenerbahçe,M9,MASKO,-6,-3.58
fenerbahçe,M9,MASKO,-5,-6.77
fenerbahçe,M9,MASKO,-4,-13.97
fenerbahçe,M9,MASKO,-3,-11.11
fenerbahçe,M9,MASKO,-2,-3.39
fenerbahçe,M9,MASKO,-1,-18.19
fenerbahçe,M9,MASKO,0,-33.48
fenerbahçe,M9,MASKO,1,-21.33
fenerbahçe,M9,MASKO,2,-36.0
fenerbahçe,M9,MASKO,3,-18.27
fenerbahçe,M9,MASKO,4,-25.67
fenerbahçe,M9,MASKO,5,-27.08
fenerbahçe,M9,MASKO,6,-32.21
fenerbahçe,M9,MASKO,7,-19.87
fenerbahçe,M9,MASKO,8,-0.15
fenerbahçe,M9,MASKO,9,-0.03
fenerbahçe,M9,MASKO,10,0.75
fenerbahçe,M9,MASKO,11,-0.14
fenerbahçe,M9,MASKO,12,0.06
fenerbahçe,M9,MIMAR SINAN,-12,-61.67
fenerbahçe,M9,MIMAR SINAN,-11,-43.0
fenerbahçe,M9,MIMAR SINAN,-10,-43.67
fenerbahçe,M9,MIMAR SINAN,-9,-33.0
fenerbahçe,M9,MIMAR SINAN,-8,-25.0
fenerbahçe,M9,MIMAR SINAN,-7,-23.33
fenerbahçe,M9,MIMAR SINAN,-6,-36.0
fenerbahçe,M9,MIMAR SINAN,-5,-122.0
fenerbahçe,M9,MIMAR SINAN,-4,-126.33
fenerbahçe,M9,MIMAR SINAN,-3,-262.33
fenerbahçe,M9,MIMAR SINAN,-2,-65.33
fenerbahçe,M9,MIMAR SINAN,-1,-16.33
fenerbahçe,M9,MIMAR SINAN,0,-8.67
fenerbahçe,M9,MIMAR SINAN,1,-0.67
fenerbahçe,M9,MIMAR SINAN,2,-6.33
fenerbahçe,M9,MIMAR SINAN,8,0.0
fenerbahçe,M9,MIMAR SINAN,9,-3.5
fenerbahçe,M9,MIMAR SINAN,10,-7.5
fenerbahçe,M9,MIMAR SINAN,11,-6.5
fenerbahçe,M9,MIMAR SINAN,12,-11.0
fenerbahçe,M9,OLIMPIYAT,-12,22.85
fenerbahçe,M9,OLIMPIYAT,-11,3.49
fenerbahçe,M9,OLIMPIYAT,-10,0.66
fenerbahçe,M9,OLIMPIYAT,-9,-6.24
fenerbahçe,M9,OLIMPIYAT,-8,-13.49
fenerbahçe,M9,OLIMPIYAT,-7,-8.13
fenerbahçe,M9,OLIMPIYAT,-6,-8.31
fenerbahçe,M9,OLIMPIYAT,-5,-14.72
fenerbahçe,M9,OLIMPIYAT,-4,-15.82
fenerbahçe,M9,OLIMPIYAT,-3,-15.06
fenerbahçe,M9,OLIMPIYAT,-2,-13.17
fenerbahçe,M9,OLIMPIYAT,-1,-17.29
fenerbahçe,M9,OLIMPIYAT,0,-14.24
fenerbahçe,M9,OLIMPIYAT,1,-29.4
fenerbahçe,M9,OLIMPIYAT,2,96.99
fenerbahçe,M9,OLIMPIYAT,3,-13.62
fenerbahçe,M9,OLIMPIYAT,4,-45.6
fenerbahçe,M9,OLIMPIYAT,5,-83.19
fenerbahçe,M9,OLIMPIYAT,6,-24.31
fenerbahçe,M9,OLIMPIYAT,7,-6.57
fenerbahçe,M9,OLIMPIYAT,8,10.28
fenerbahçe,M9,OLIMPIYAT,9,2.82
fenerbahçe,M9,OLIMPIYAT,10,-13.61
fenerbahçe,M9,OLIMPIYAT,11,-10.6
fenerbahçe,M9,OLIMPIYAT,12,47.44
fenerbahçe,M9,ZIYA GOKALP MAH,-12,2.73
fenerbahçe,M9,ZIYA GOKALP MAH,-11,0.54
fenerbahçe,M9,ZIYA GOKALP MAH,-10,-3.29
fenerbahçe,M9,ZIYA GOKALP MAH,-9,-2.42
fenerbahçe,M9,ZIYA GOKALP MAH,-8,10.4
fenerbahçe,M9,ZIYA GOKALP MAH,-7,8.2
fenerbahçe,M9,ZIYA GOKALP MAH,-6,16.52
fenerbahçe,M9,ZIYA GOKALP MAH,-5,-2.49
fenerbahçe,M9,ZIYA GOKALP MAH,-4,10.58
fenerbahçe,M9,ZIYA GOKALP MAH,-3,30.95
fenerbahçe,M9,ZIYA GOKALP MAH,-2,4.98
fenerbahçe,M9,ZIYA GOKALP MAH,-1,-33.75
fenerbahçe,M9,ZIYA GOKALP MAH,0,1.28
fenerbahçe,M9,ZIYA GOKALP MAH,1,-3.18
fenerbahçe,M9,ZIYA GOKALP MAH,2,-9.6
fenerbahçe,M9,ZIYA GOKALP MAH,3,-7.71
fenerbahçe,M9,ZIYA GOKALP MAH,4,-4.3
fenerbahçe,M9,ZIYA GOKALP MAH,5,-3.0
fenerbahçe,M9,ZIYA GOKALP MAH,7,0.4
fenerbahçe,M9,ZIYA GOKALP MAH,8,9.02
fenerbahçe,M9,ZIYA GOKALP MAH,9,7.42
fenerbahçe,M9,ZIYA GOKALP MAH,10,4.34
fenerbahçe,M9,ZIYA GOKALP MAH,11,-0.05
fenerbahçe,M9,ZIYA GOKALP MAH,12,12.56
fenerbahçe,M9,ZIYA GOKALP MAH.,-12,21.2
fenerbahçe,M9,ZIYA GOKALP MAH.,-11,1.88
fenerbahçe,M9,ZIYA GOKALP MAH.,-10,-4.63
fenerbahçe,M9,ZIYA GOKALP MAH.,-9,-2.34
fenerbahçe,M9,ZIYA GOKALP MAH.,-8,-5.01
fenerbahçe,M9,ZIYA GOKALP MAH.,-7,-2.62
fenerbahçe,M9,ZIYA GOKALP MAH.,-6,-6.97
fenerbahçe,M9,ZIYA GOKALP MAH.,-5,-11.33
fenerbahçe,M9,ZIYA GOKALP MAH.,-4,26.07
fenerbahçe,M9,ZIYA GOKALP MAH.,-3,18.4
fenerbahçe,M9,ZIYA GOKALP MAH.,-2,20.99
fenerbahçe,M9,ZIYA GOKALP MAH.,-1,1.76
fenerbahçe,M9,ZIYA GOKALP MAH.,0,-5.63
fenerbahçe,M9,ZIYA GOKALP MAH.,1,-6.3
fenerbahçe,M9,ZIYA GOKALP MAH.,2,-3.6
fenerbahçe,M9,ZIYA GOKALP MAH.,3,-1.5
fenerbahçe,M9,ZIYA GOKALP MAH.,4,-2.86
fenerbahçe,M9,ZIYA GOKALP MAH.,5,-4.37
fenerbahçe,M9,ZIYA GOKALP MAH.,6,-3.17
fenerbahçe,M9,ZIYA GOKALP MAH.,7,-7.93
fenerbahçe,M9,ZIYA GOKALP MAH.,8,-2.24
fenerbahçe,M9,ZIYA GOKALP MAH.,9,-5.41
fenerbahçe,M9,ZIYA GOKALP MAH.,10,-12.7
fenerbahçe,M9,ZIYA GOKALP MAH.,11,-3.46
fenerbahçe,M9,ZIYA GOKALP MAH.,12,26.53
fenerbahçe,MARMARAY,ATAKOY,-12,-9.96
fenerbahçe,MARMARAY,ATAKOY,-11,-4.96
fenerbahçe,MARMARAY,ATAKOY,-10,-7.51
fenerbahçe,MARMARAY,ATAKOY,-9,-9.33
fenerbahçe,MARMARAY,ATAKOY,-8,-13.27
fenerbahçe,MARMARAY,ATAKOY,-7,0.97
fenerbahçe,MARMARAY,ATAKOY,-6,-3.83
fenerbahçe,MARMARAY,ATAKOY,-5,59.71
fenerbahçe,MARMARAY,ATAKOY,-4,70.29
fenerbahçe,MARMARAY,ATAKOY,-3,75.05
fenerbahçe,MARMARAY,ATAKOY,-2,95.73
fenerbahçe,MARMARAY,ATAKOY,-1,3.3
fenerbahçe,MARMARAY,ATAKOY,0,-17.19
fenerbahçe,MARMARAY,ATAKOY,1,-15.02
fenerbahçe,MARMARAY,ATAKOY,2,-3.31
fenerbahçe,MARMARAY,ATAKOY,3,11.09
fenerbahçe,MARMARAY,ATAKOY,4,-13.71
fenerbahçe,MARMARAY,ATAKOY,5,-15.19
fenerbahçe,MARMARAY,ATAKOY,6,-20.75
fenerbahçe,MARMARAY,ATAKOY,7,-8.06
fenerbahçe,MARMARAY,ATAKOY,8,9.55
fenerbahçe,MARMARAY,ATAKOY,9,7.99
fenerbahçe,MARMARAY,ATAKOY,10,-9.39
fenerbahçe,MARMARAY,ATAKOY,11,-23.05
fenerbahçe,MARMARAY,ATAKOY,12,7.14
fenerbahçe,MARMARAY,ATALAR,-12,24.76
fenerbahçe,MARMARAY,ATALAR,-11,19.4
fenerbahçe,MARMARAY,ATALAR,-10,7.93
fenerbahçe,MARMARAY,ATALAR,-9,13.23
fenerbahçe,MARMARAY,ATALAR,-8,15.67
fenerbahçe,MARMARAY,ATALAR,-7,39.39
fenerbahçe,MARMARAY,ATALAR,-6,34.09
fenerbahçe,MARMARAY,ATALAR,-5,35.41
fenerbahçe,MARMARAY,ATALAR,-4,46.47
fenerbahçe,MARMARAY,ATALAR,-3,62.79
fenerbahçe,MARMARAY,ATALAR,-2,82.15
fenerbahçe,MARMARAY,ATALAR,-1,26.43
fenerbahçe,MARMARAY,ATALAR,0,-2.84
fenerbahçe,MARMARAY,ATALAR,1,-15.07
fenerbahçe,MARMARAY,ATALAR,2,3.91
fenerbahçe,MARMARAY,ATALAR,3,0.9
fenerbahçe,MARMARAY,ATALAR,4,-7.02
fenerbahçe,MARMARAY,ATALAR,5,3.6
fenerbahçe,MARMARAY,ATALAR,6,-8.86
fenerbahçe,MARMARAY,ATALAR,7,-8.2
fenerbahçe,MARMARAY,ATALAR,8,1.43
fenerbahçe,MARMARAY,ATALAR,9,3.05
fenerbahçe,MARMARAY,ATALAR,10,-3.34
fenerbahçe,MARMARAY,ATALAR,11,3.39
fenerbahçe,MARMARAY,ATALAR,12,36.8
fenerbahçe,MARMARAY,AYDINTEPE,-12,10.18
fenerbahçe,MARMARAY,AYDINTEPE,-11,6.56
fenerbahçe,MARMARAY,AYDINTEPE,-10,7.67
fenerbahçe,MARMARAY,AYDINTEPE,-9,9.92
fenerbahçe,MARMARAY,AYDINTEPE,-8,4.03
fenerbahçe,MARMARAY,AYDINTEPE,-7,13.67
fenerbahçe,MARMARAY,AYDINTEPE,-6,13.06
fenerbahçe,MARMARAY,AYDINTEPE,-5,20.01
fenerbahçe,MARMARAY,AYDINTEPE,-4,31.69
fenerbahçe,MARMARAY,AYDINTEPE,-3,44.89
fenerbahçe,MARMARAY,AYDINTEPE,-2,26.34
fenerbahçe,MARMARAY,AYDINTEPE,-1,4.11
fenerbahçe,MARMARAY,AYDINTEPE,0,-10.19
fenerbahçe,MARMARAY,AYDINTEPE,1,-8.72
fenerbahçe,MARMARAY,AYDINTEPE,2,-1.55
fenerbahçe,MARMARAY,AYDINTEPE,3,-2.11
fenerbahçe,MARMARAY,AYDINTEPE,4,-2.28
fenerbahçe,MARMARAY,AYDINTEPE,5,-5.94
fenerbahçe,MARMARAY,AYDINTEPE,6,-5.79
fenerbahçe,MARMARAY,AYDINTEPE,7,-1.66
fenerbahçe,MARMARAY,AYDINTEPE,8,5.61
fenerbahçe,MARMARAY,AYDINTEPE,9,-2.57
fenerbahçe,MARMARAY,AYDINTEPE,10,-1.01
fenerbahçe,MARMARAY,AYDINTEPE,11,3.9
fenerbahçe,MARMARAY,AYDINTEPE,12,18.66
fenerbahçe,MARMARAY,AYRILIKCESMESI,-12,46.41
fenerbahçe,MARMARAY,AYRILIKCESMESI,-11,51.11
fenerbahçe,MARMARAY,AYRILIKCESMESI,-10,20.76
fenerbahçe,MARMARAY,AYRILIKCESMESI,-9,14.83
fenerbahçe,MARMARAY,AYRILIKCESMESI,-8,22.32
fenerbahçe,MARMARAY,AYRILIKCESMESI,-7,14.66
fenerbahçe,MARMARAY,AYRILIKCESMESI,-6,35.67
fenerbahçe,MARMARAY,AYRILIKCESMESI,-5,84.79
fenerbahçe,MARMARAY,AYRILIKCESMESI,-4,145.59
fenerbahçe,MARMARAY,AYRILIKCESMESI,-3,203.3
fenerbahçe,MARMARAY,AYRILIKCESMESI,-2,334.63
fenerbahçe,MARMARAY,AYRILIKCESMESI,-1,246.71
fenerbahçe,MARMARAY,AYRILIKCESMESI,0,84.13
fenerbahçe,MARMARAY,AYRILIKCESMESI,1,3.3
fenerbahçe,MARMARAY,AYRILIKCESMESI,2,112.5
fenerbahçe,MARMARAY,AYRILIKCESMESI,3,116.76
fenerbahçe,MARMARAY,AYRILIKCESMESI,4,-39.82
fenerbahçe,MARMARAY,AYRILIKCESMESI,5,-7.32
fenerbahçe,MARMARAY,AYRILIKCESMESI,6,-37.27
fenerbahçe,MARMARAY,AYRILIKCESMESI,7,-51.93
fenerbahçe,MARMARAY,AYRILIKCESMESI,8,4.44
fenerbahçe,MARMARAY,AYRILIKCESMESI,9,4.35
fenerbahçe,MARMARAY,AYRILIKCESMESI,10,-31.3
fenerbahçe,MARMARAY,AYRILIKCESMESI,11,20.02
fenerbahçe,MARMARAY,AYRILIKCESMESI,12,103.15
fenerbahçe,MARMARAY,BAKIRKOY,-12,24.91
fenerbahçe,MARMARAY,BAKIRKOY,-11,-15.93
fenerbahçe,MARMARAY,BAKIRKOY,-10,-26.71
fenerbahçe,MARMARAY,BAKIRKOY,-9,-10.48
fenerbahçe,MARMARAY,BAKIRKOY,-8,-7.22
fenerbahçe,MARMARAY,BAKIRKOY,-7,19.54
fenerbahçe,MARMARAY,BAKIRKOY,-6,53.51
fenerbahçe,MARMARAY,BAKIRKOY,-5,50.04
fenerbahçe,MARMARAY,BAKIRKOY,-4,114.34
fenerbahçe,MARMARAY,BAKIRKOY,-3,159.14
fenerbahçe,MARMARAY,BAKIRKOY,-2,207.97
fenerbahçe,MARMARAY,BAKIRKOY,-1,68.09
fenerbahçe,MARMARAY,BAKIRKOY,0,18.35
fenerbahçe,MARMARAY,BAKIRKOY,1,-49.26
fenerbahçe,MARMARAY,BAKIRKOY,2,58.61
fenerbahçe,MARMARAY,BAKIRKOY,3,-9.36
fenerbahçe,MARMARAY,BAKIRKOY,4,-33.32
fenerbahçe,MARMARAY,BAKIRKOY,5,-17.5
fenerbahçe,MARMARAY,BAKIRKOY,6,-53.55
fenerbahçe,MARMARAY,BAKIRKOY,7,-26.15
fenerbahçe,MARMARAY,BAKIRKOY,8,5.61
fenerbahçe,MARMARAY,BAKIRKOY,9,21.28
fenerbahçe,MARMARAY,BAKIRKOY,10,-14.09
fenerbahçe,MARMARAY,BAKIRKOY,11,-17.62
fenerbahçe,MARMARAY,BAKIRKOY,12,42.11
fenerbahçe,MARMARAY,BASAK,-12,16.31
fenerbahçe,MARMARAY,BASAK,-11,9.28
fenerbahçe,MARMARAY,BASAK,-10,3.13
fenerbahçe,MARMARAY,BASAK,-9,7.07
fenerbahçe,MARMARAY,BASAK,-8,8.68
fenerbahçe,MARMARAY,BASAK,-7,24.13
fenerbahçe,MARMARAY,BASAK,-6,16.98
fenerbahçe,MARMARAY,BASAK,-5,15.58
fenerbahçe,MARMARAY,BASAK,-4,20.78
fenerbahçe,MARMARAY,BASAK,-3,29.52
fenerbahçe,MARMARAY,BASAK,-2,44.47
fenerbahçe,MARMARAY,BASAK,-1,20.91
fenerbahçe,MARMARAY,BASAK,0,-6.3
fenerbahçe,MARMARAY,BASAK,1,-8.52
fenerbahçe,MARMARAY,BASAK,2,2.89
fenerbahçe,MARMARAY,BASAK,3,-3.7
fenerbahçe,MARMARAY,BASAK,4,-7.1
fenerbahçe,MARMARAY,BASAK,5,-7.24
fenerbahçe,MARMARAY,BASAK,6,-11.65
fenerbahçe,MARMARAY,BASAK,7,-5.24
fenerbahçe,MARMARAY,BASAK,8,-1.14
fenerbahçe,MARMARAY,BASAK,9,-1.92
fenerbahçe,MARMARAY,BASAK,10,-1.83
fenerbahçe,MARMARAY,BASAK,11,2.94
fenerbahçe,MARMARAY,BASAK,12,16.92
fenerbahçe,MARMARAY,BOSTANCI,-12,30.22
fenerbahçe,MARMARAY,BOSTANCI,-11,17.04
fenerbahçe,MARMARAY,BOSTANCI,-10,14.37
fenerbahçe,MARMARAY,BOSTANCI,-9,3.73
fenerbahçe,MARMARAY,BOSTANCI,-8,11.23
fenerbahçe,MARMARAY,BOSTANCI,-7,32.92
fenerbahçe,MARMARAY,BOSTANCI,-6,35.26
fenerbahçe,MARMARAY,BOSTANCI,-5,67.81
fenerbahçe,MARMARAY,BOSTANCI,-4,84.09
fenerbahçe,MARMARAY,BOSTANCI,-3,132.28
fenerbahçe,MARMARAY,BOSTANCI,-2,203.1
fenerbahçe,MARMARAY,BOSTANCI,-1,105.2
fenerbahçe,MARMARAY,BOSTANCI,0,-44.75
fenerbahçe,MARMARAY,BOSTANCI,1,-51.05
fenerbahçe,MARMARAY,BOSTANCI,2,-21.19
fenerbahçe,MARMARAY,BOSTANCI,3,-46.21
fenerbahçe,MARMARAY,BOSTANCI,4,-77.61
fenerbahçe,MARMARAY,BOSTANCI,5,-40.93
fenerbahçe,MARMARAY,BOSTANCI,6,-81.2
fenerbahçe,MARMARAY,BOSTANCI,7,-79.59
fenerbahçe,MARMARAY,BOSTANCI,8,4.72
fenerbahçe,MARMARAY,BOSTANCI,9,7.57
fenerbahçe,MARMARAY,BOSTANCI,10,2.52
fenerbahçe,MARMARAY,BOSTANCI,11,18.3
fenerbahçe,MARMARAY,BOSTANCI,12,50.45
fenerbahçe,MARMARAY,CAYIROVA,-12,6.04
fenerbahçe,MARMARAY,CAYIROVA,-11,-0.41
fenerbahçe,MARMARAY,CAYIROVA,-10,8.97
fenerbahçe,MARMARAY,CAYIROVA,-9,11.83
fenerbahçe,MARMARAY,CAYIROVA,-8,12.49
fenerbahçe,MARMARAY,CAYIROVA,-7,2.67
fenerbahçe,MARMARAY,CAYIROVA,-6,14.75
fenerbahçe,MARMARAY,CAYIROVA,-5,11.26
fenerbahçe,MARMARAY,CAYIROVA,-4,14.37
fenerbahçe,MARMARAY,CAYIROVA,-3,20.97
fenerbahçe,MARMARAY,CAYIROVA,-2,14.43
fenerbahçe,MARMARAY,CAYIROVA,-1,13.36
fenerbahçe,MARMARAY,CAYIROVA,0,8.09
fenerbahçe,MARMARAY,CAYIROVA,1,4.39
fenerbahçe,MARMARAY,CAYIROVA,2,5.33
fenerbahçe,MARMARAY,CAYIROVA,3,-0.98
fenerbahçe,MARMARAY,CAYIROVA,4,0.05
fenerbahçe,MARMARAY,CAYIROVA,5,-4.91
fenerbahçe,MARMARAY,CAYIROVA,6,-3.81
fenerbahçe,MARMARAY,CAYIROVA,7,-1.78
fenerbahçe,MARMARAY,CAYIROVA,8,-4.15
fenerbahçe,MARMARAY,CAYIROVA,9,1.68
fenerbahçe,MARMARAY,CAYIROVA,10,0.03
fenerbahçe,MARMARAY,CAYIROVA,11,-0.5
fenerbahçe,MARMARAY,CAYIROVA,12,7.33
fenerbahçe,MARMARAY,CEVIZLI,-12,22.7
fenerbahçe,MARMARAY,CEVIZLI,-11,14.7
fenerbahçe,MARMARAY,CEVIZLI,-10,1.57
fenerbahçe,MARMARAY,CEVIZLI,-9,-0.71
fenerbahçe,MARMARAY,CEVIZLI,-8,6.43
fenerbahçe,MARMARAY,CEVIZLI,-7,21.95
fenerbahçe,MARMARAY,CEVIZLI,-6,16.09
fenerbahçe,MARMARAY,CEVIZLI,-5,11.99
fenerbahçe,MARMARAY,CEVIZLI,-4,54.91
fenerbahçe,MARMARAY,CEVIZLI,-3,63.32
fenerbahçe,MARMARAY,CEVIZLI,-2,66.73
fenerbahçe,MARMARAY,CEVIZLI,-1,15.55
fenerbahçe,MARMARAY,CEVIZLI,0,-15.4
fenerbahçe,MARMARAY,CEVIZLI,1,-23.49
fenerbahçe,MARMARAY,CEVIZLI,2,0.09
fenerbahçe,MARMARAY,CEVIZLI,3,1.39
fenerbahçe,MARMARAY,CEVIZLI,4,-13.73
fenerbahçe,MARMARAY,CEVIZLI,5,-6.04
fenerbahçe,MARMARAY,CEVIZLI,6,-13.52
fenerbahçe,MARMARAY,CEVIZLI,7,-4.11
fenerbahçe,MARMARAY,CEVIZLI,8,8.71
fenerbahçe,MARMARAY,CEVIZLI,9,8.29
fenerbahçe,MARMARAY,CEVIZLI,10,-6.73
fenerbahçe,MARMARAY,CEVIZLI,11,-0.51
fenerbahçe,MARMARAY,CEVIZLI,12,42.46
fenerbahçe,MARMARAY,DARICA,-12,7.28
fenerbahçe,MARMARAY,DARICA,-11,1.41
fenerbahçe,MARMARAY,DARICA,-10,4.83
fenerbahçe,MARMARAY,DARICA,-9,9.57
fenerbahçe,MARMARAY,DARICA,-8,4.32
fenerbahçe,MARMARAY,DARICA,-7,6.53
fenerbahçe,MARMARAY,DARICA,-6,6.42
fenerbahçe,MARMARAY,DARICA,-5,1.31
fenerbahçe,MARMARAY,DARICA,-4,12.25
fenerbahçe,MARMARAY,DARICA,-3,18.51
fenerbahçe,MARMARAY,DARICA,-2,9.94
fenerbahçe,MARMARAY,DARICA,-1,-1.09
fenerbahçe,MARMARAY,DARICA,0,-5.24
fenerbahçe,MARMARAY,DARICA,1,-2.4
fenerbahçe,MARMARAY,DARICA,2,-0.78
fenerbahçe,MARMARAY,DARICA,3,-3.17
fenerbahçe,MARMARAY,DARICA,4,-4.64
fenerbahçe,MARMARAY,DARICA,5,-5.37
fenerbahçe,MARMARAY,DARICA,6,-1.93
fenerbahçe,MARMARAY,DARICA,7,-3.02
fenerbahçe,MARMARAY,DARICA,8,2.97
fenerbahçe,MARMARAY,DARICA,9,3.03
fenerbahçe,MARMARAY,DARICA,10,-1.03
fenerbahçe,MARMARAY,DARICA,11,8.31
fenerbahçe,MARMARAY,DARICA,12,12.55
fenerbahçe,MARMARAY,ERENKOY,-12,28.76
fenerbahçe,MARMARAY,ERENKOY,-11,20.37
fenerbahçe,MARMARAY,ERENKOY,-10,2.57
fenerbahçe,MARMARAY,ERENKOY,-9,9.66
fenerbahçe,MARMARAY,ERENKOY,-8,14.55
fenerbahçe,MARMARAY,ERENKOY,-7,19.35
fenerbahçe,MARMARAY,ERENKOY,-6,22.82
fenerbahçe,MARMARAY,ERENKOY,-5,51.98
fenerbahçe,MARMARAY,ERENKOY,-4,71.28
fenerbahçe,MARMARAY,ERENKOY,-3,94.48
fenerbahçe,MARMARAY,ERENKOY,-2,179.88
fenerbahçe,MARMARAY,ERENKOY,-1,148.61
fenerbahçe,MARMARAY,ERENKOY,0,52.34
fenerbahçe,MARMARAY,ERENKOY,1,10.28
fenerbahçe,MARMARAY,ERENKOY,2,12.56
fenerbahçe,MARMARAY,ERENKOY,3,3.19
fenerbahçe,MARMARAY,ERENKOY,4,-50.86
fenerbahçe,MARMARAY,ERENKOY,5,-39.65
fenerbahçe,MARMARAY,ERENKOY,6,-48.22
fenerbahçe,MARMARAY,ERENKOY,7,-29.13
fenerbahçe,MARMARAY,ERENKOY,8,5.58
fenerbahçe,MARMARAY,ERENKOY,9,1.84
fenerbahçe,MARMARAY,ERENKOY,10,-10.72
fenerbahçe,MARMARAY,ERENKOY,11,7.13
fenerbahçe,MARMARAY,ERENKOY,12,56.18
fenerbahçe,MARMARAY,FATIH,-12,7.88
fenerbahçe,MARMARAY,FATIH,-11,9.22
fenerbahçe,MARMARAY,FATIH,-10,7.5
fenerbahçe,MARMARAY,FATIH,-9,4.17
fenerbahçe,MARMARAY,FATIH,-8,5.35
fenerbahçe,MARMARAY,FATIH,-7,20.73
fenerbahçe,MARMARAY,FATIH,-6,15.82
fenerbahçe,MARMARAY,FATIH,-5,16.83
fenerbahçe,MARMARAY,FATIH,-4,31.52
fenerbahçe,MARMARAY,FATIH,-3,63.23
fenerbahçe,MARMARAY,FATIH,-2,30.84
fenerbahçe,MARMARAY,FATIH,-1,-7.38
fenerbahçe,MARMARAY,FATIH,0,-7.52
fenerbahçe,MARMARAY,FATIH,1,-14.82
fenerbahçe,MARMARAY,FATIH,2,-7.76
fenerbahçe,MARMARAY,FATIH,3,-7.71
fenerbahçe,MARMARAY,FATIH,4,-4.81
fenerbahçe,MARMARAY,FATIH,5,-10.78
fenerbahçe,MARMARAY,FATIH,6,-11.72
fenerbahçe,MARMARAY,FATIH,7,-2.16
fenerbahçe,MARMARAY,FATIH,8,13.06
fenerbahçe,MARMARAY,FATIH,9,1.52
fenerbahçe,MARMARAY,FATIH,10,1.06
fenerbahçe,MARMARAY,FATIH,11,9.52
fenerbahçe,MARMARAY,FATIH,12,8.81
fenerbahçe,MARMARAY,FENERYOLU,-12,11.86
fenerbahçe,MARMARAY,FENERYOLU,-11,9.01
fenerbahçe,MARMARAY,FENERYOLU,-10,5.1
fenerbahçe,MARMARAY,FENERYOLU,-9,9.32
fenerbahçe,MARMARAY,FENERYOLU,-8,7.01
fenerbahçe,MARMARAY,FENERYOLU,-7,10.31
fenerbahçe,MARMARAY,FENERYOLU,-6,21.61
fenerbahçe,MARMARAY,FENERYOLU,-5,22.12
fenerbahçe,MARMARAY,FENERYOLU,-4,82.1
fenerbahçe,MARMARAY,FENERYOLU,-3,117.88
fenerbahçe,MARMARAY,FENERYOLU,-2,173.18
fenerbahçe,MARMARAY,FENERYOLU,-1,139.59
fenerbahçe,MARMARAY,FENERYOLU,0,76.07
fenerbahçe,MARMARAY,FENERYOLU,1,49.69
fenerbahçe,MARMARAY,FENERYOLU,2,289.46
fenerbahçe,MARMARAY,FENERYOLU,3,117.75
fenerbahçe,MARMARAY,FENERYOLU,4,-13.83
fenerbahçe,MARMARAY,FENERYOLU,5,-13.15
fenerbahçe,MARMARAY,FENERYOLU,6,-28.06
fenerbahçe,MARMARAY,FENERYOLU,7,-18.94
fenerbahçe,MARMARAY,FENERYOLU,8,3.41
fenerbahçe,MARMARAY,FENERYOLU,9,-3.41
fenerbahçe,MARMARAY,FENERYOLU,10,-4.63
fenerbahçe,MARMARAY,FENERYOLU,11,7.36
fenerbahçe,MARMARAY,FENERYOLU,12,34.23
fenerbahçe,MARMARAY,FLORYA,-12,8.54
fenerbahçe,MARMARAY,FLORYA,-11,3.86
fenerbahçe,MARMARAY,FLORYA,-10,-3.41
fenerbahçe,MARMARAY,FLORYA,-9,-9.77
fenerbahçe,MARMARAY,FLORYA,-8,-12.34
fenerbahçe,MARMARAY,FLORYA,-7,-9.75
fenerbahçe,MARMARAY,FLORYA,-6,-21.65
fenerbahçe,MARMARAY,FLORYA,-5,-27.0
fenerbahçe,MARMARAY,FLORYA,-4,-0.19
fenerbahçe,MARMARAY,FLORYA,-3,-4.91
fenerbahçe,MARMARAY,FLORYA,-2,-23.27
fenerbahçe,MARMARAY,FLORYA,-1,-43.55
fenerbahçe,MARMARAY,FLORYA,0,-29.74
fenerbahçe,MARMARAY,FLORYA,1,-34.43
fenerbahçe,MARMARAY,FLORYA,2,-21.48
fenerbahçe,MARMARAY,FLORYA,3,-7.3
fenerbahçe,MARMARAY,FLORYA,4,7.68
fenerbahçe,MARMARAY,FLORYA,5,8.58
fenerbahçe,MARMARAY,FLORYA,6,-4.1
fenerbahçe,MARMARAY,FLORYA,7,-7.19
fenerbahçe,MARMARAY,FLORYA,8,-2.33
fenerbahçe,MARMARAY,FLORYA,9,1.04
fenerbahçe,MARMARAY,FLORYA,10,2.28
fenerbahçe,MARMARAY,FLORYA,11,5.69
fenerbahçe,MARMARAY,FLORYA,12,10.21
fenerbahçe,MARMARAY,FLORYA AQUA,-12,11.38
fenerbahçe,MARMARAY,FLORYA AQUA,-11,10.53
fenerbahçe,MARMARAY,FLORYA AQUA,-10,3.36
fenerbahçe,MARMARAY,FLORYA AQUA,-9,4.05
fenerbahçe,MARMARAY,FLORYA AQUA,-8,5.94
fenerbahçe,MARMARAY,FLORYA AQUA,-7,-1.9
fenerbahçe,MARMARAY,FLORYA AQUA,-6,0.0
fenerbahçe,MARMARAY,FLORYA AQUA,-5,-5.17
fenerbahçe,MARMARAY,FLORYA AQUA,-4,11.61
fenerbahçe,MARMARAY,FLORYA AQUA,-3,14.34
fenerbahçe,MARMARAY,FLORYA AQUA,-2,40.91
fenerbahçe,MARMARAY,FLORYA AQUA,-1,14.49
fenerbahçe,MARMARAY,FLORYA AQUA,0,2.22
fenerbahçe,MARMARAY,FLORYA AQUA,1,-52.32
fenerbahçe,MARMARAY,FLORYA AQUA,2,-91.95
fenerbahçe,MARMARAY,FLORYA AQUA,3,-113.42
fenerbahçe,MARMARAY,FLORYA AQUA,4,-66.71
fenerbahçe,MARMARAY,FLORYA AQUA,5,-52.23
fenerbahçe,MARMARAY,FLORYA AQUA,6,-68.63
fenerbahçe,MARMARAY,FLORYA AQUA,7,-33.21
fenerbahçe,MARMARAY,FLORYA AQUA,8,-11.14
fenerbahçe,MARMARAY,FLORYA AQUA,9,2.59
fenerbahçe,MARMARAY,FLORYA AQUA,10,2.6
fenerbahçe,MARMARAY,FLORYA AQUA,11,1.23
fenerbahçe,MARMARAY,FLORYA AQUA,12,6.84
fenerbahçe,MARMARAY,GEBZE,-12,26.55
fenerbahçe,MARMARAY,GEBZE,-11,25.07
fenerbahçe,MARMARAY,GEBZE,-10,5.58
fenerbahçe,MARMARAY,GEBZE,-9,12.55
fenerbahçe,MARMARAY,GEBZE,-8,39.71
fenerbahçe,MARMARAY,GEBZE,-7,27.72
fenerbahçe,MARMARAY,GEBZE,-6,33.54
fenerbahçe,MARMARAY,GEBZE,-5,55.35
fenerbahçe,MARMARAY,GEBZE,-4,59.08
fenerbahçe,MARMARAY,GEBZE,-3,107.23
fenerbahçe,MARMARAY,GEBZE,-2,59.46
fenerbahçe,MARMARAY,GEBZE,-1,-9.07
fenerbahçe,MARMARAY,GEBZE,0,-6.41
fenerbahçe,MARMARAY,GEBZE,1,-13.8
fenerbahçe,MARMARAY,GEBZE,2,-15.12
fenerbahçe,MARMARAY,GEBZE,3,-15.1
fenerbahçe,MARMARAY,GEBZE,4,-12.71
fenerbahçe,MARMARAY,GEBZE,5,-25.6
fenerbahçe,MARMARAY,GEBZE,6,-25.65
fenerbahçe,MARMARAY,GEBZE,7,1.9
fenerbahçe,MARMARAY,GEBZE,8,11.22
fenerbahçe,MARMARAY,GEBZE,9,5.3
fenerbahçe,MARMARAY,GEBZE,10,6.74
fenerbahçe,MARMARAY,GEBZE,11,12.49
fenerbahçe,MARMARAY,GEBZE,12,22.06
fenerbahçe,MARMARAY,GOZTEPE,-12,18.71
fenerbahçe,MARMARAY,GOZTEPE,-11,4.16
fenerbahçe,MARMARAY,GOZTEPE,-10,6.7
fenerbahçe,MARMARAY,GOZTEPE,-9,4.72
fenerbahçe,MARMARAY,GOZTEPE,-8,8.65
fenerbahçe,MARMARAY,GOZTEPE,-7,24.26
fenerbahçe,MARMARAY,GOZTEPE,-6,21.95
fenerbahçe,MARMARAY,GOZTEPE,-5,84.39
fenerbahçe,MARMARAY,GOZTEPE,-4,76.97
fenerbahçe,MARMARAY,GOZTEPE,-3,70.39
fenerbahçe,MARMARAY,GOZTEPE,-2,116.06
fenerbahçe,MARMARAY,GOZTEPE,-1,88.3
fenerbahçe,MARMARAY,GOZTEPE,0,19.99
fenerbahçe,MARMARAY,GOZTEPE,1,1.4
fenerbahçe,MARMARAY,GOZTEPE,2,15.74
fenerbahçe,MARMARAY,GOZTEPE,3,6.44
fenerbahçe,MARMARAY,GOZTEPE,4,-6.98
fenerbahçe,MARMARAY,GOZTEPE,5,-11.78
fenerbahçe,MARMARAY,GOZTEPE,6,-17.81
fenerbahçe,MARMARAY,GOZTEPE,7,-8.45
fenerbahçe,MARMARAY,GOZTEPE,8,6.52
fenerbahçe,MARMARAY,GOZTEPE,9,-2.72
fenerbahçe,MARMARAY,GOZTEPE,10,-9.03
fenerbahçe,MARMARAY,GOZTEPE,11,2.12
fenerbahçe,MARMARAY,GOZTEPE,12,41.88
fenerbahçe,MARMARAY,GUZELYALI,-12,14.03
fenerbahçe,MARMARAY,GUZELYALI,-11,5.37
fenerbahçe,MARMARAY,GUZELYALI,-10,-1.5
fenerbahçe,MARMARAY,GUZELYALI,-9,4.04
fenerbahçe,MARMARAY,GUZELYALI,-8,4.18
fenerbahçe,MARMARAY,GUZELYALI,-7,7.89
fenerbahçe,MARMARAY,GUZELYALI,-6,10.31
fenerbahçe,MARMARAY,GUZELYALI,-5,7.96
fenerbahçe,MARMARAY,GUZELYALI,-4,12.03
fenerbahçe,MARMARAY,GUZELYALI,-3,9.73
fenerbahçe,MARMARAY,GUZELYALI,-2,9.45
fenerbahçe,MARMARAY,GUZELYALI,-1,-2.88
fenerbahçe,MARMARAY,GUZELYALI,0,-2.93
fenerbahçe,MARMARAY,GUZELYALI,1,-5.19
fenerbahçe,MARMARAY,GUZELYALI,2,0.87
fenerbahçe,MARMARAY,GUZELYALI,3,-4.2
fenerbahçe,MARMARAY,GUZELYALI,4,-3.65
fenerbahçe,MARMARAY,GUZELYALI,5,-2.16
fenerbahçe,MARMARAY,GUZELYALI,6,-2.4
fenerbahçe,MARMARAY,GUZELYALI,7,0.1
fenerbahçe,MARMARAY,GUZELYALI,8,1.23
fenerbahçe,MARMARAY,GUZELYALI,9,-1.89
fenerbahçe,MARMARAY,GUZELYALI,10,-1.51
fenerbahçe,MARMARAY,GUZELYALI,11,1.22
fenerbahçe,MARMARAY,GUZELYALI,12,16.67
fenerbahçe,MARMARAY,HALKALI,-12,53.06
fenerbahçe,MARMARAY,HALKALI,-11,38.68
fenerbahçe,MARMARAY,HALKALI,-10,13.93
fenerbahçe,MARMARAY,HALKALI,-9,10.07
fenerbahçe,MARMARAY,HALKALI,-8,13.06
fenerbahçe,MARMARAY,HALKALI,-7,27.82
fenerbahçe,MARMARAY,HALKALI,-6,82.89
fenerbahçe,MARMARAY,HALKALI,-5,47.56
fenerbahçe,MARMARAY,HALKALI,-4,120.42
fenerbahçe,MARMARAY,HALKALI,-3,170.27
fenerbahçe,MARMARAY,HALKALI,-2,107.19
fenerbahçe,MARMARAY,HALKALI,-1,-5.03
fenerbahçe,MARMARAY,HALKALI,0,-18.03
fenerbahçe,MARMARAY,HALKALI,1,7.45
fenerbahçe,MARMARAY,HALKALI,2,-18.1
fenerbahçe,MARMARAY,HALKALI,3,9.76
fenerbahçe,MARMARAY,HALKALI,4,-19.6
fenerbahçe,MARMARAY,HALKALI,5,-11.42
fenerbahçe,MARMARAY,HALKALI,6,10.75
fenerbahçe,MARMARAY,HALKALI,7,-6.05
fenerbahçe,MARMARAY,HALKALI,8,17.12
fenerbahçe,MARMARAY,HALKALI,9,-11.2
fenerbahçe,MARMARAY,HALKALI,10,-12.05
fenerbahçe,MARMARAY,HALKALI,11,33.38
fenerbahçe,MARMARAY,HALKALI,12,81.19
fenerbahçe,MARMARAY,ICMELER,-12,13.3
fenerbahçe,MARMARAY,ICMELER,-11,4.18
fenerbahçe,MARMARAY,ICMELER,-10,3.14
fenerbahçe,MARMARAY,ICMELER,-9,13.51
fenerbahçe,MARMARAY,ICMELER,-8,-0.01
fenerbahçe,MARMARAY,ICMELER,-7,10.29
fenerbahçe,MARMARAY,ICMELER,-6,33.09
fenerbahçe,MARMARAY,ICMELER,-5,16.44
fenerbahçe,MARMARAY,ICMELER,-4,44.09
fenerbahçe,MARMARAY,ICMELER,-3,60.64
fenerbahçe,MARMARAY,ICMELER,-2,54.65
fenerbahçe,MARMARAY,ICMELER,-1,6.9
fenerbahçe,MARMARAY,ICMELER,0,-6.02
fenerbahçe,MARMARAY,ICMELER,1,-12.38
fenerbahçe,MARMARAY,ICMELER,2,-8.31
fenerbahçe,MARMARAY,ICMELER,3,-3.84
fenerbahçe,MARMARAY,ICMELER,4,-6.29
fenerbahçe,MARMARAY,ICMELER,5,-6.81
fenerbahçe,MARMARAY,ICMELER,6,-9.54
fenerbahçe,MARMARAY,ICMELER,7,-3.84
fenerbahçe,MARMARAY,ICMELER,8,5.88
fenerbahçe,MARMARAY,ICMELER,9,-2.98
fenerbahçe,MARMARAY,ICMELER,10,-0.0
fenerbahçe,MARMARAY,ICMELER,11,-1.64
fenerbahçe,MARMARAY,ICMELER,12,7.49
fenerbahçe,MARMARAY,IDEALTEPE,-12,23.22
fenerbahçe,MARMARAY,IDEALTEPE,-11,16.47
fenerbahçe,MARMARAY,IDEALTEPE,-10,9.82
fenerbahçe,MARMARAY,IDEALTEPE,-9,4.45
fenerbahçe,MARMARAY,IDEALTEPE,-8,11.51
fenerbahçe,MARMARAY,IDEALTEPE,-7,21.32
fenerbahçe,MARMARAY,IDEALTEPE,-6,21.79
fenerbahçe,MARMARAY,IDEALTEPE,-5,40.17
fenerbahçe,MARMARAY,IDEALTEPE,-4,45.19
fenerbahçe,MARMARAY,IDEALTEPE,-3,44.45
fenerbahçe,MARMARAY,IDEALTEPE,-2,74.3
fenerbahçe,MARMARAY,IDEALTEPE,-1,34.82
fenerbahçe,MARMARAY,IDEALTEPE,0,-6.82
fenerbahçe,MARMARAY,IDEALTEPE,1,-18.19
fenerbahçe,MARMARAY,IDEALTEPE,2,-1.8
fenerbahçe,MARMARAY,IDEALTEPE,3,-10.07
fenerbahçe,MARMARAY,IDEALTEPE,4,-17.2
fenerbahçe,MARMARAY,IDEALTEPE,5,-14.58
fenerbahçe,MARMARAY,IDEALTEPE,6,-21.76
fenerbahçe,MARMARAY,IDEALTEPE,7,-7.09
fenerbahçe,MARMARAY,IDEALTEPE,8,5.97
fenerbahçe,MARMARAY,IDEALTEPE,9,0.48
fenerbahçe,MARMARAY,IDEALTEPE,10,-6.3
fenerbahçe,MARMARAY,IDEALTEPE,11,7.91
fenerbahçe,MARMARAY,IDEALTEPE,12,34.89
fenerbahçe,MARMARAY,KARTAL,-12,41.17
fenerbahçe,MARMARAY,KARTAL,-11,30.85
fenerbahçe,MARMARAY,KARTAL,-10,24.46
fenerbahçe,MARMARAY,KARTAL,-9,17.8
fenerbahçe,MARMARAY,KARTAL,-8,20.85
fenerbahçe,MARMARAY,KARTAL,-7,39.88
fenerbahçe,MARMARAY,KARTAL,-6,37.6
fenerbahçe,MARMARAY,KARTAL,-5,23.27
fenerbahçe,MARMARAY,KARTAL,-4,40.3
fenerbahçe,MARMARAY,KARTAL,-3,54.5
fenerbahçe,MARMARAY,KARTAL,-2,98.39
fenerbahçe,MARMARAY,KARTAL,-1,31.09
fenerbahçe,MARMARAY,KARTAL,0,-26.54
fenerbahçe,MARMARAY,KARTAL,1,-30.77
fenerbahçe,MARMARAY,KARTAL,2,-18.34
fenerbahçe,MARMARAY,KARTAL,3,-25.5
fenerbahçe,MARMARAY,KARTAL,4,-19.57
fenerbahçe,MARMARAY,KARTAL,5,-16.75
fenerbahçe,MARMARAY,KARTAL,6,-36.31
fenerbahçe,MARMARAY,KARTAL,7,-16.19
fenerbahçe,MARMARAY,KARTAL,8,7.0
fenerbahçe,MARMARAY,KARTAL,9,2.59
fenerbahçe,MARMARAY,KARTAL,10,-7.65
fenerbahçe,MARMARAY,KARTAL,11,17.63
fenerbahçe,MARMARAY,KARTAL,12,62.32
fenerbahçe,MARMARAY,KAYNARCA,-12,29.76
fenerbahçe,MARMARAY,KAYNARCA,-11,10.56
fenerbahçe,MARMARAY,KAYNARCA,-10,1.71
fenerbahçe,MARMARAY,KAYNARCA,-9,7.76
fenerbahçe,MARMARAY,KAYNARCA,-8,1.57
fenerbahçe,MARMARAY,KAYNARCA,-7,13.54
fenerbahçe,MARMARAY,KAYNARCA,-6,12.1
fenerbahçe,MARMARAY,KAYNARCA,-5,15.89
fenerbahçe,MARMARAY,KAYNARCA,-4,18.72
fenerbahçe,MARMARAY,KAYNARCA,-3,42.71
fenerbahçe,MARMARAY,KAYNARCA,-2,33.99
fenerbahçe,MARMARAY,KAYNARCA,-1,1.6
fenerbahçe,MARMARAY,KAYNARCA,0,-9.83
fenerbahçe,MARMARAY,KAYNARCA,1,-15.19
fenerbahçe,MARMARAY,KAYNARCA,2,0.58
fenerbahçe,MARMARAY,KAYNARCA,3,-8.62
fenerbahçe,MARMARAY,KAYNARCA,4,-1.87
fenerbahçe,MARMARAY,KAYNARCA,5,-4.12
fenerbahçe,MARMARAY,KAYNARCA,6,-10.37
fenerbahçe,MARMARAY,KAYNARCA,7,-3.47
fenerbahçe,MARMARAY,KAYNARCA,8,5.07
fenerbahçe,MARMARAY,KAYNARCA,9,1.72
fenerbahçe,MARMARAY,KAYNARCA,10,-3.01
fenerbahçe,MARMARAY,KAYNARCA,11,-5.58
fenerbahçe,MARMARAY,KAYNARCA,12,30.05
fenerbahçe,MARMARAY,KAZLICESME,-12,25.98
fenerbahçe,MARMARAY,KAZLICESME,-11,13.46
fenerbahçe,MARMARAY,KAZLICESME,-10,5.05
fenerbahçe,MARMARAY,KAZLICESME,-9,-6.17
fenerbahçe,MARMARAY,KAZLICESME,-8,-12.51
fenerbahçe,MARMARAY,KAZLICESME,-7,-8.86
fenerbahçe,MARMARAY,KAZLICESME,-6,9.4
fenerbahçe,MARMARAY,KAZLICESME,-5,49.24
fenerbahçe,MARMARAY,KAZLICESME,-4,84.24
fenerbahçe,MARMARAY,KAZLICESME,-3,151.04
fenerbahçe,MARMARAY,KAZLICESME,-2,225.34
fenerbahçe,MARMARAY,KAZLICESME,-1,55.43
fenerbahçe,MARMARAY,KAZLICESME,0,-31.14
fenerbahçe,MARMARAY,KAZLICESME,1,-19.89
fenerbahçe,MARMARAY,KAZLICESME,2,-4.77
fenerbahçe,MARMARAY,KAZLICESME,3,-12.42
fenerbahçe,MARMARAY,KAZLICESME,4,-16.42
fenerbahçe,MARMARAY,KAZLICESME,5,-12.37
fenerbahçe,MARMARAY,KAZLICESME,6,-18.28
fenerbahçe,MARMARAY,KAZLICESME,7,-6.66
fenerbahçe,MARMARAY,KAZLICESME,8,0.88
fenerbahçe,MARMARAY,KAZLICESME,9,4.5
fenerbahçe,MARMARAY,KAZLICESME,10,-9.87
fenerbahçe,MARMARAY,KAZLICESME,11,-4.1
fenerbahçe,MARMARAY,KAZLICESME,12,41.61
fenerbahçe,MARMARAY,KUCUKCEKMECE,-12,31.95
fenerbahçe,MARMARAY,KUCUKCEKMECE,-11,39.63
fenerbahçe,MARMARAY,KUCUKCEKMECE,-10,6.98
fenerbahçe,MARMARAY,KUCUKCEKMECE,-9,2.7
fenerbahçe,MARMARAY,KUCUKCEKMECE,-8,3.74
fenerbahçe,MARMARAY,KUCUKCEKMECE,-7,13.04
fenerbahçe,MARMARAY,KUCUKCEKMECE,-6,44.54
fenerbahçe,MARMARAY,KUCUKCEKMECE,-5,43.07
fenerbahçe,MARMARAY,KUCUKCEKMECE,-4,60.01
fenerbahçe,MARMARAY,KUCUKCEKMECE,-3,56.83
fenerbahçe,MARMARAY,KUCUKCEKMECE,-2,50.14
fenerbahçe,MARMARAY,KUCUKCEKMECE,-1,-18.55
fenerbahçe,MARMARAY,KUCUKCEKMECE,0,-40.82
fenerbahçe,MARMARAY,KUCUKCEKMECE,1,-31.58
fenerbahçe,MARMARAY,KUCUKCEKMECE,2,-17.88
fenerbahçe,MARMARAY,KUCUKCEKMECE,3,-13.97
fenerbahçe,MARMARAY,KUCUKCEKMECE,4,-10.85
fenerbahçe,MARMARAY,KUCUKCEKMECE,5,-15.71
fenerbahçe,MARMARAY,KUCUKCEKMECE,6,-22.61
fenerbahçe,MARMARAY,KUCUKCEKMECE,7,-6.36
fenerbahçe,MARMARAY,KUCUKCEKMECE,8,5.47
fenerbahçe,MARMARAY,KUCUKCEKMECE,9,8.66
fenerbahçe,MARMARAY,KUCUKCEKMECE,10,0.37
fenerbahçe,MARMARAY,KUCUKCEKMECE,11,3.65
fenerbahçe,MARMARAY,KUCUKCEKMECE,12,51.22
fenerbahçe,MARMARAY,KUCUKYALI,-12,32.23
fenerbahçe,MARMARAY,KUCUKYALI,-11,27.19
fenerbahçe,MARMARAY,KUCUKYALI,-10,4.25
fenerbahçe,MARMARAY,KUCUKYALI,-9,14.09
fenerbahçe,MARMARAY,KUCUKYALI,-8,8.29
fenerbahçe,MARMARAY,KUCUKYALI,-7,21.43
fenerbahçe,MARMARAY,KUCUKYALI,-6,30.75
fenerbahçe,MARMARAY,KUCUKYALI,-5,38.65
fenerbahçe,MARMARAY,KUCUKYALI,-4,61.41
fenerbahçe,MARMARAY,KUCUKYALI,-3,55.96
fenerbahçe,MARMARAY,KUCUKYALI,-2,91.37
fenerbahçe,MARMARAY,KUCUKYALI,-1,34.84
fenerbahçe,MARMARAY,KUCUKYALI,0,-8.27
fenerbahçe,MARMARAY,KUCUKYALI,1,-21.12
fenerbahçe,MARMARAY,KUCUKYALI,2,1.88
fenerbahçe,MARMARAY,KUCUKYALI,3,-6.28
fenerbahçe,MARMARAY,KUCUKYALI,4,-10.23
fenerbahçe,MARMARAY,KUCUKYALI,5,-6.97
fenerbahçe,MARMARAY,KUCUKYALI,6,-6.81
fenerbahçe,MARMARAY,KUCUKYALI,7,-7.09
fenerbahçe,MARMARAY,KUCUKYALI,8,8.49
fenerbahçe,MARMARAY,KUCUKYALI,9,0.95
fenerbahçe,MARMARAY,KUCUKYALI,10,-10.73
fenerbahçe,MARMARAY,KUCUKYALI,11,3.44
fenerbahçe,MARMARAY,KUCUKYALI,12,55.45
fenerbahçe,MARMARAY,M.KEMAL,-12,24.47
fenerbahçe,MARMARAY,M.KEMAL,-11,21.26
fenerbahçe,MARMARAY,M.KEMAL,-10,3.81
fenerbahçe,MARMARAY,M.KEMAL,-9,5.61
fenerbahçe,MARMARAY,M.KEMAL,-8,-6.37
fenerbahçe,MARMARAY,M.KEMAL,-7,-15.56
fenerbahçe,MARMARAY,M.KEMAL,-6,-8.12
fenerbahçe,MARMARAY,M.KEMAL,-5,3.85
fenerbahçe,MARMARAY,M.KEMAL,-4,10.29
fenerbahçe,MARMARAY,M.KEMAL,-3,22.9
fenerbahçe,MARMARAY,M.KEMAL,-2,6.79
fenerbahçe,MARMARAY,M.KEMAL,-1,-13.15
fenerbahçe,MARMARAY,M.KEMAL,0,-20.42
fenerbahçe,MARMARAY,M.KEMAL,1,-23.28
fenerbahçe,MARMARAY,M.KEMAL,2,-0.14
fenerbahçe,MARMARAY,M.KEMAL,3,-11.57
fenerbahçe,MARMARAY,M.KEMAL,4,-9.54
fenerbahçe,MARMARAY,M.KEMAL,5,-11.04
fenerbahçe,MARMARAY,M.KEMAL,6,-9.61
fenerbahçe,MARMARAY,M.KEMAL,7,-4.71
fenerbahçe,MARMARAY,M.KEMAL,8,9.58
fenerbahçe,MARMARAY,M.KEMAL,9,5.83
fenerbahçe,MARMARAY,M.KEMAL,10,0.59
fenerbahçe,MARMARAY,M.KEMAL,11,6.55
fenerbahçe,MARMARAY,M.KEMAL,12,27.3
fenerbahçe,MARMARAY,MALTEPE,-12,35.89
fenerbahçe,MARMARAY,MALTEPE,-11,27.12
fenerbahçe,MARMARAY,MALTEPE,-10,12.1
fenerbahçe,MARMARAY,MALTEPE,-9,8.13
fenerbahçe,MARMARAY,MALTEPE,-8,8.89
fenerbahçe,MARMARAY,MALTEPE,-7,32.26
fenerbahçe,MARMARAY,MALTEPE,-6,35.79
fenerbahçe,MARMARAY,MALTEPE,-5,47.95
fenerbahçe,MARMARAY,MALTEPE,-4,58.13
fenerbahçe,MARMARAY,MALTEPE,-3,50.28
fenerbahçe,MARMARAY,MALTEPE,-2,108.29
fenerbahçe,MARMARAY,MALTEPE,-1,23.84
fenerbahçe,MARMARAY,MALTEPE,0,-11.34
fenerbahçe,MARMARAY,MALTEPE,1,-48.6
fenerbahçe,MARMARAY,MALTEPE,2,-22.59
fenerbahçe,MARMARAY,MALTEPE,3,-36.14
fenerbahçe,MARMARAY,MALTEPE,4,-33.52
fenerbahçe,MARMARAY,MALTEPE,5,-17.38
fenerbahçe,MARMARAY,MALTEPE,6,-29.59
fenerbahçe,MARMARAY,MALTEPE,7,-22.11
fenerbahçe,MARMARAY,MALTEPE,8,2.56
fenerbahçe,MARMARAY,MALTEPE,9,7.68
fenerbahçe,MARMARAY,MALTEPE,10,-10.59
fenerbahçe,MARMARAY,MALTEPE,11,-1.11
fenerbahçe,MARMARAY,MALTEPE,12,61.0
fenerbahçe,MARMARAY,OSMANGAZI,-12,14.01
fenerbahçe,MARMARAY,OSMANGAZI,-11,5.61
fenerbahçe,MARMARAY,OSMANGAZI,-10,-4.03
fenerbahçe,MARMARAY,OSMANGAZI,-9,1.16
fenerbahçe,MARMARAY,OSMANGAZI,-8,-0.17
fenerbahçe,MARMARAY,OSMANGAZI,-7,4.83
fenerbahçe,MARMARAY,OSMANGAZI,-6,0.81
fenerbahçe,MARMARAY,OSMANGAZI,-5,9.42
fenerbahçe,MARMARAY,OSMANGAZI,-4,10.1
fenerbahçe,MARMARAY,OSMANGAZI,-3,18.78
fenerbahçe,MARMARAY,OSMANGAZI,-2,7.5
fenerbahçe,MARMARAY,OSMANGAZI,-1,-9.75
fenerbahçe,MARMARAY,OSMANGAZI,0,-5.49
fenerbahçe,MARMARAY,OSMANGAZI,1,-6.78
fenerbahçe,MARMARAY,OSMANGAZI,2,-5.01
fenerbahçe,MARMARAY,OSMANGAZI,3,-5.33
fenerbahçe,MARMARAY,OSMANGAZI,4,-3.18
fenerbahçe,MARMARAY,OSMANGAZI,5,-9.64
fenerbahçe,MARMARAY,OSMANGAZI,6,-7.03
fenerbahçe,MARMARAY,OSMANGAZI,7,-1.12
fenerbahçe,MARMARAY,OSMANGAZI,8,2.33
fenerbahçe,MARMARAY,OSMANGAZI,9,-2.66
fenerbahçe,MARMARAY,OSMANGAZI,10,0.36
fenerbahçe,MARMARAY,OSMANGAZI,11,5.56
fenerbahçe,MARMARAY,OSMANGAZI,12,13.88
fenerbahçe,MARMARAY,PENDIK,-12,39.81
fenerbahçe,MARMARAY,PENDIK,-11,21.81
fenerbahçe,MARMARAY,PENDIK,-10,8.17
fenerbahçe,MARMARAY,PENDIK,-9,23.08
fenerbahçe,MARMARAY,PENDIK,-8,9.85
fenerbahçe,MARMARAY,PENDIK,-7,39.37
fenerbahçe,MARMARAY,PENDIK,-6,44.72
fenerbahçe,MARMARAY,PENDIK,-5,54.44
fenerbahçe,MARMARAY,PENDIK,-4,64.33
fenerbahçe,MARMARAY,PENDIK,-3,124.38
fenerbahçe,MARMARAY,PENDIK,-2,143.37
fenerbahçe,MARMARAY,PENDIK,-1,38.04
fenerbahçe,MARMARAY,PENDIK,0,-23.79
fenerbahçe,MARMARAY,PENDIK,1,-27.06
fenerbahçe,MARMARAY,PENDIK,2,-2.29
fenerbahçe,MARMARAY,PENDIK,3,-33.07
fenerbahçe,MARMARAY,PENDIK,4,-40.02
fenerbahçe,MARMARAY,PENDIK,5,-23.56
fenerbahçe,MARMARAY,PENDIK,6,-52.13
fenerbahçe,MARMARAY,PENDIK,7,-20.04
fenerbahçe,MARMARAY,PENDIK,8,5.82
fenerbahçe,MARMARAY,PENDIK,9,1.32
fenerbahçe,MARMARAY,PENDIK,10,-10.4
fenerbahçe,MARMARAY,PENDIK,11,22.84
fenerbahçe,MARMARAY,PENDIK,12,68.6
fenerbahçe,MARMARAY,SIRKECI,-12,-2.33
fenerbahçe,MARMARAY,SIRKECI,-11,11.8
fenerbahçe,MARMARAY,SIRKECI,-10,5.48
fenerbahçe,MARMARAY,SIRKECI,-9,7.16
fenerbahçe,MARMARAY,SIRKECI,-8,8.14
fenerbahçe,MARMARAY,SIRKECI,-7,32.18
fenerbahçe,MARMARAY,SIRKECI,-6,16.71
fenerbahçe,MARMARAY,SIRKECI,-5,30.21
fenerbahçe,MARMARAY,SIRKECI,-4,186.74
fenerbahçe,MARMARAY,SIRKECI,-3,349.7
fenerbahçe,MARMARAY,SIRKECI,-2,450.56
fenerbahçe,MARMARAY,SIRKECI,-1,134.87
fenerbahçe,MARMARAY,SIRKECI,0,44.73
fenerbahçe,MARMARAY,SIRKECI,1,-47.05
fenerbahçe,MARMARAY,SIRKECI,2,24.34
fenerbahçe,MARMARAY,SIRKECI,3,-62.16
fenerbahçe,MARMARAY,SIRKECI,4,-107.58
fenerbahçe,MARMARAY,SIRKECI,5,-94.92
fenerbahçe,MARMARAY,SIRKECI,6,-182.98
fenerbahçe,MARMARAY,SIRKECI,7,-98.1
fenerbahçe,MARMARAY,SIRKECI,8,-16.84
fenerbahçe,MARMARAY,SIRKECI,9,-0.4
fenerbahçe,MARMARAY,SIRKECI,10,-1.11
fenerbahçe,MARMARAY,SIRKECI,11,-2.07
fenerbahçe,MARMARAY,SIRKECI,12,-1.43
fenerbahçe,MARMARAY,SOGUTLUCESME,-12,16.31
fenerbahçe,MARMARAY,SOGUTLUCESME,-11,20.57
fenerbahçe,MARMARAY,SOGUTLUCESME,-10,-2.62
fenerbahçe,MARMARAY,SOGUTLUCESME,-9,17.79
fenerbahçe,MARMARAY,SOGUTLUCESME,-8,5.07
fenerbahçe,MARMARAY,SOGUTLUCESME,-7,36.36
fenerbahçe,MARMARAY,SOGUTLUCESME,-6,64.76
fenerbahçe,MARMARAY,SOGUTLUCESME,-5,80.34
fenerbahçe,MARMARAY,SOGUTLUCESME,-4,183.16
fenerbahçe,MARMARAY,SOGUTLUCESME,-3,272.01
fenerbahçe,MARMARAY,SOGUTLUCESME,-2,342.97
fenerbahçe,MARMARAY,SOGUTLUCESME,-1,369.77
fenerbahçe,MARMARAY,SOGUTLUCESME,0,194.86
fenerbahçe,MARMARAY,SOGUTLUCESME,1,574.83
fenerbahçe,MARMARAY,SOGUTLUCESME,2,5465.35
fenerbahçe,MARMARAY,SOGUTLUCESME,3,1611.4
fenerbahçe,MARMARAY,SOGUTLUCESME,4,54.35
fenerbahçe,MARMARAY,SOGUTLUCESME,5,-19.34
fenerbahçe,MARMARAY,SOGUTLUCESME,6,-61.12
fenerbahçe,MARMARAY,SOGUTLUCESME,7,-43.89
fenerbahçe,MARMARAY,SOGUTLUCESME,8,2.27
fenerbahçe,MARMARAY,SOGUTLUCESME,9,-4.78
fenerbahçe,MARMARAY,SOGUTLUCESME,10,-11.95
fenerbahçe,MARMARAY,SOGUTLUCESME,11,-2.97
fenerbahçe,MARMARAY,SOGUTLUCESME,12,30.35
fenerbahçe,MARMARAY,SUADIYE,-12,13.14
fenerbahçe,MARMARAY,SUADIYE,-11,13.49
fenerbahçe,MARMARAY,SUADIYE,-10,11.21
fenerbahçe,MARMARAY,SUADIYE,-9,2.46
fenerbahçe,MARMARAY,SUADIYE,-8,9.08
fenerbahçe,MARMARAY,SUADIYE,-7,18.92
fenerbahçe,MARMARAY,SUADIYE,-6,29.28
fenerbahçe,MARMARAY,SUADIYE,-5,50.0
fenerbahçe,MARMARAY,SUADIYE,-4,70.5
fenerbahçe,MARMARAY,SUADIYE,-3,143.44
fenerbahçe,MARMARAY,SUADIYE,-2,254.21
fenerbahçe,MARMARAY,SUADIYE,-1,216.03
fenerbahçe,MARMARAY,SUADIYE,0,104.55
fenerbahçe,MARMARAY,SUADIYE,1,23.42
fenerbahçe,MARMARAY,SUADIYE,2,11.61
fenerbahçe,MARMARAY,SUADIYE,3,2.39
fenerbahçe,MARMARAY,SUADIYE,4,-62.42
fenerbahçe,MARMARAY,SUADIYE,5,-66.38
fenerbahçe,MARMARAY,SUADIYE,6,-79.56
fenerbahçe,MARMARAY,SUADIYE,7,-56.21
fenerbahçe,MARMARAY,SUADIYE,8,-3.87
fenerbahçe,MARMARAY,SUADIYE,9,-0.96
fenerbahçe,MARMARAY,SUADIYE,10,-7.14
fenerbahçe,MARMARAY,SUADIYE,11,9.13
fenerbahçe,MARMARAY,SUADIYE,12,30.84
fenerbahçe,MARMARAY,SUREYYA PLAJI,-12,18.83
fenerbahçe,MARMARAY,SUREYYA PLAJI,-11,13.08
fenerbahçe,MARMARAY,SUREYYA PLAJI,-10,12.68
fenerbahçe,MARMARAY,SUREYYA PLAJI,-9,9.44
fenerbahçe,MARMARAY,SUREYYA PLAJI,-8,15.59
fenerbahçe,MARMARAY,SUREYYA PLAJI,-7,16.58
fenerbahçe,MARMARAY,SUREYYA PLAJI,-6,22.72
fenerbahçe,MARMARAY,SUREYYA PLAJI,-5,18.62
fenerbahçe,MARMARAY,SUREYYA PLAJI,-4,25.22
fenerbahçe,MARMARAY,SUREYYA PLAJI,-3,54.25
fenerbahçe,MARMARAY,SUREYYA PLAJI,-2,99.14
fenerbahçe,MARMARAY,SUREYYA PLAJI,-1,51.78
fenerbahçe,MARMARAY,SUREYYA PLAJI,0,-8.24
fenerbahçe,MARMARAY,SUREYYA PLAJI,1,-51.11
fenerbahçe,MARMARAY,SUREYYA PLAJI,2,6.95
fenerbahçe,MARMARAY,SUREYYA PLAJI,3,-48.31
fenerbahçe,MARMARAY,SUREYYA PLAJI,4,-54.58
fenerbahçe,MARMARAY,SUREYYA PLAJI,5,-43.53
fenerbahçe,MARMARAY,SUREYYA PLAJI,6,-80.34
fenerbahçe,MARMARAY,SUREYYA PLAJI,7,-46.72
fenerbahçe,MARMARAY,SUREYYA PLAJI,8,-5.71
fenerbahçe,MARMARAY,SUREYYA PLAJI,9,2.16
fenerbahçe,MARMARAY,SUREYYA PLAJI,10,-4.63
fenerbahçe,MARMARAY,SUREYYA PLAJI,11,-0.96
fenerbahçe,MARMARAY,SUREYYA PLAJI,12,36.81
fenerbahçe,MARMARAY,TERSANE,-12,19.92
fenerbahçe,MARMARAY,TERSANE,-11,14.72
fenerbahçe,MARMARAY,TERSANE,-10,5.59
fenerbahçe,MARMARAY,TERSANE,-9,7.47
fenerbahçe,MARMARAY,TERSANE,-8,9.95
fenerbahçe,MARMARAY,TERSANE,-7,3.11
fenerbahçe,MARMARAY,TERSANE,-6,11.97
fenerbahçe,MARMARAY,TERSANE,-5,7.27
fenerbahçe,MARMARAY,TERSANE,-4,10.53
fenerbahçe,MARMARAY,TERSANE,-3,26.7
fenerbahçe,MARMARAY,TERSANE,-2,32.77
fenerbahçe,MARMARAY,TERSANE,-1,0.9
fenerbahçe,MARMARAY,TERSANE,0,-7.4
fenerbahçe,MARMARAY,TERSANE,1,-6.43
fenerbahçe,MARMARAY,TERSANE,2,-5.52
fenerbahçe,MARMARAY,TERSANE,3,-1.61
fenerbahçe,MARMARAY,TERSANE,4,-4.33
fenerbahçe,MARMARAY,TERSANE,5,-2.97
fenerbahçe,MARMARAY,TERSANE,6,1.5
fenerbahçe,MARMARAY,TERSANE,7,-1.0
fenerbahçe,MARMARAY,TERSANE,8,3.01
fenerbahçe,MARMARAY,TERSANE,9,0.43
fenerbahçe,MARMARAY,TERSANE,10,0.49
fenerbahçe,MARMARAY,TERSANE,11,-2.54
fenerbahçe,MARMARAY,TERSANE,12,23.78
fenerbahçe,MARMARAY,TUZLA,-12,19.22
fenerbahçe,MARMARAY,TUZLA,-11,4.99
fenerbahçe,MARMARAY,TUZLA,-10,7.05
fenerbahçe,MARMARAY,TUZLA,-9,0.8
fenerbahçe,MARMARAY,TUZLA,-8,29.66
fenerbahçe,MARMARAY,TUZLA,-7,18.26
fenerbahçe,MARMARAY,TUZLA,-6,31.1
fenerbahçe,MARMARAY,TUZLA,-5,31.09
fenerbahçe,MARMARAY,TUZLA,-4,41.45
fenerbahçe,MARMARAY,TUZLA,-3,48.37
fenerbahçe,MARMARAY,TUZLA,-2,52.32
fenerbahçe,MARMARAY,TUZLA,-1,11.96
fenerbahçe,MARMARAY,TUZLA,0,-3.19
fenerbahçe,MARMARAY,TUZLA,1,-7.45
fenerbahçe,MARMARAY,TUZLA,2,-0.59
fenerbahçe,MARMARAY,TUZLA,3,-10.5
fenerbahçe,MARMARAY,TUZLA,4,-9.07
fenerbahçe,MARMARAY,TUZLA,5,-9.15
fenerbahçe,MARMARAY,TUZLA,6,-15.71
fenerbahçe,MARMARAY,TUZLA,7,-8.69
fenerbahçe,MARMARAY,TUZLA,8,0.57
fenerbahçe,MARMARAY,TUZLA,9,-0.36
fenerbahçe,MARMARAY,TUZLA,10,-3.13
fenerbahçe,MARMARAY,TUZLA,11,-5.62
fenerbahçe,MARMARAY,TUZLA,12,26.76
fenerbahçe,MARMARAY,USKUDAR,-12,143.21
fenerbahçe,MARMARAY,USKUDAR,-11,120.66
fenerbahçe,MARMARAY,USKUDAR,-10,27.7
fenerbahçe,MARMARAY,USKUDAR,-9,15.85
fenerbahçe,MARMARAY,USKUDAR,-8,21.14
fenerbahçe,MARMARAY,USKUDAR,-7,42.98
fenerbahçe,MARMARAY,USKUDAR,-6,50.59
fenerbahçe,MARMARAY,USKUDAR,-5,45.83
fenerbahçe,MARMARAY,USKUDAR,-4,121.87
fenerbahçe,MARMARAY,USKUDAR,-3,303.78
fenerbahçe,MARMARAY,USKUDAR,-2,424.59
fenerbahçe,MARMARAY,USKUDAR,-1,268.9
fenerbahçe,MARMARAY,USKUDAR,0,158.52
fenerbahçe,MARMARAY,USKUDAR,1,-17.13
fenerbahçe,MARMARAY,USKUDAR,2,21.33
fenerbahçe,MARMARAY,USKUDAR,3,-120.68
fenerbahçe,MARMARAY,USKUDAR,4,-230.7
fenerbahçe,MARMARAY,USKUDAR,5,-233.9
fenerbahçe,MARMARAY,USKUDAR,6,-371.46
fenerbahçe,MARMARAY,USKUDAR,7,-205.74
fenerbahçe,MARMARAY,USKUDAR,8,-16.22
fenerbahçe,MARMARAY,USKUDAR,9,-0.28
fenerbahçe,MARMARAY,USKUDAR,10,-36.36
fenerbahçe,MARMARAY,USKUDAR,11,27.38
fenerbahçe,MARMARAY,USKUDAR,12,149.68
fenerbahçe,MARMARAY,YENIKAPI,-12,61.07
fenerbahçe,MARMARAY,YENIKAPI,-11,71.69
fenerbahçe,MARMARAY,YENIKAPI,-10,31.27
fenerbahçe,MARMARAY,YENIKAPI,-9,-4.63
fenerbahçe,MARMARAY,YENIKAPI,-8,21.82
fenerbahçe,MARMARAY,YENIKAPI,-7,18.85
fenerbahçe,MARMARAY,YENIKAPI,-6,77.77
fenerbahçe,MARMARAY,YENIKAPI,-5,129.46
fenerbahçe,MARMARAY,YENIKAPI,-4,271.71
fenerbahçe,MARMARAY,YENIKAPI,-3,609.19
fenerbahçe,MARMARAY,YENIKAPI,-2,1033.29
fenerbahçe,MARMARAY,YENIKAPI,-1,353.23
fenerbahçe,MARMARAY,YENIKAPI,0,38.33
fenerbahçe,MARMARAY,YENIKAPI,1,-71.05
fenerbahçe,MARMARAY,YENIKAPI,2,95.36
fenerbahçe,MARMARAY,YENIKAPI,3,68.1
fenerbahçe,MARMARAY,YENIKAPI,4,-50.7
fenerbahçe,MARMARAY,YENIKAPI,5,-64.97
fenerbahçe,MARMARAY,YENIKAPI,6,-121.89
fenerbahçe,MARMARAY,YENIKAPI,7,-121.96
fenerbahçe,MARMARAY,YENIKAPI,8,-21.57
fenerbahçe,MARMARAY,YENIKAPI,9,4.33
fenerbahçe,MARMARAY,YENIKAPI,10,-24.4
fenerbahçe,MARMARAY,YENIKAPI,11,3.72
fenerbahçe,MARMARAY,YENIKAPI,12,134.22
fenerbahçe,MARMARAY,YENIMAHALLE,-12,23.46
fenerbahçe,MARMARAY,YENIMAHALLE,-11,17.16
fenerbahçe,MARMARAY,YENIMAHALLE,-10,6.62
fenerbahçe,MARMARAY,YENIMAHALLE,-9,9.51
fenerbahçe,MARMARAY,YENIMAHALLE,-8,7.55
fenerbahçe,MARMARAY,YENIMAHALLE,-7,3.67
fenerbahçe,MARMARAY,YENIMAHALLE,-6,24.1
fenerbahçe,MARMARAY,YENIMAHALLE,-5,38.43
fenerbahçe,MARMARAY,YENIMAHALLE,-4,39.15
fenerbahçe,MARMARAY,YENIMAHALLE,-3,41.06
fenerbahçe,MARMARAY,YENIMAHALLE,-2,50.51
fenerbahçe,MARMARAY,YENIMAHALLE,-1,-3.79
fenerbahçe,MARMARAY,YENIMAHALLE,0,-15.88
fenerbahçe,MARMARAY,YENIMAHALLE,1,-14.38
fenerbahçe,MARMARAY,YENIMAHALLE,2,4.0
fenerbahçe,MARMARAY,YENIMAHALLE,3,3.36
fenerbahçe,MARMARAY,YENIMAHALLE,4,-5.06
fenerbahçe,MARMARAY,YENIMAHALLE,5,1.9
fenerbahçe,MARMARAY,YENIMAHALLE,6,-3.87
fenerbahçe,MARMARAY,YENIMAHALLE,7,-3.44
fenerbahçe,MARMARAY,YENIMAHALLE,8,-0.67
fenerbahçe,MARMARAY,YENIMAHALLE,9,5.54
fenerbahçe,MARMARAY,YENIMAHALLE,10,-6.85
fenerbahçe,MARMARAY,YENIMAHALLE,11,0.46
fenerbahçe,MARMARAY,YENIMAHALLE,12,44.74
fenerbahçe,MARMARAY,YESILKOY,-12,6.91
fenerbahçe,MARMARAY,YESILKOY,-11,3.33
fenerbahçe,MARMARAY,YESILKOY,-10,2.92
fenerbahçe,MARMARAY,YESILKOY,-9,1.27
fenerbahçe,MARMARAY,YESILKOY,-8,-4.57
fenerbahçe,MARMARAY,YESILKOY,-7,-5.38
fenerbahçe,MARMARAY,YESILKOY,-6,-10.93
fenerbahçe,MARMARAY,YESILKOY,-5,35.7
fenerbahçe,MARMARAY,YESILKOY,-4,29.03
fenerbahçe,MARMARAY,YESILKOY,-3,18.35
fenerbahçe,MARMARAY,YESILKOY,-2,19.0
fenerbahçe,MARMARAY,YESILKOY,-1,-15.77
fenerbahçe,MARMARAY,YESILKOY,0,-35.21
fenerbahçe,MARMARAY,YESILKOY,1,-33.0
fenerbahçe,MARMARAY,YESILKOY,2,-15.12
fenerbahçe,MARMARAY,YESILKOY,3,-40.25
fenerbahçe,MARMARAY,YESILKOY,4,-33.07
fenerbahçe,MARMARAY,YESILKOY,5,-29.87
fenerbahçe,MARMARAY,YESILKOY,6,-45.72
fenerbahçe,MARMARAY,YESILKOY,7,-14.93
fenerbahçe,MARMARAY,YESILKOY,8,-2.49
fenerbahçe,MARMARAY,YESILKOY,9,-0.77
fenerbahçe,MARMARAY,YESILKOY,10,-3.18
fenerbahçe,MARMARAY,YESILKOY,11,1.44
fenerbahçe,MARMARAY,YESILKOY,12,8.96
fenerbahçe,MARMARAY,YESILYURT,-12,14.29
fenerbahçe,MARMARAY,YESILYURT,-11,18.36
fenerbahçe,MARMARAY,YESILYURT,-10,10.1
fenerbahçe,MARMARAY,YESILYURT,-9,4.59
fenerbahçe,MARMARAY,YESILYURT,-8,11.91
fenerbahçe,MARMARAY,YESILYURT,-7,2.86
fenerbahçe,MARMARAY,YESILYURT,-6,12.49
fenerbahçe,MARMARAY,YESILYURT,-5,12.34
fenerbahçe,MARMARAY,YESILYURT,-4,15.73
fenerbahçe,MARMARAY,YESILYURT,-3,60.39
fenerbahçe,MARMARAY,YESILYURT,-2,35.58
fenerbahçe,MARMARAY,YESILYURT,-1,3.47
fenerbahçe,MARMARAY,YESILYURT,0,-14.14
fenerbahçe,MARMARAY,YESILYURT,1,-16.65
fenerbahçe,MARMARAY,YESILYURT,2,2.32
fenerbahçe,MARMARAY,YESILYURT,3,-7.87
fenerbahçe,MARMARAY,YESILYURT,4,-6.85
fenerbahçe,MARMARAY,YESILYURT,5,-5.52
fenerbahçe,MARMARAY,YESILYURT,6,-14.01
fenerbahçe,MARMARAY,YESILYURT,7,-8.22
fenerbahçe,MARMARAY,YESILYURT,8,-0.89
fenerbahçe,MARMARAY,YESILYURT,9,0.85
fenerbahçe,MARMARAY,YESILYURT,10,-5.27
fenerbahçe,MARMARAY,YESILYURT,11,1.56
fenerbahçe,MARMARAY,YESILYURT,12,9.19
fenerbahçe,MARMARAY,YUNUS,-12,9.32
fenerbahçe,MARMARAY,YUNUS,-11,4.57
fenerbahçe,MARMARAY,YUNUS,-10,5.44
fenerbahçe,MARMARAY,YUNUS,-9,-0.02
fenerbahçe,MARMARAY,YUNUS,-8,0.16
fenerbahçe,MARMARAY,YUNUS,-7,10.78
fenerbahçe,MARMARAY,YUNUS,-6,9.09
fenerbahçe,MARMARAY,YUNUS,-5,0.65
fenerbahçe,MARMARAY,YUNUS,-4,22.56
fenerbahçe,MARMARAY,YUNUS,-3,35.56
fenerbahçe,MARMARAY,YUNUS,-2,34.55
fenerbahçe,MARMARAY,YUNUS,-1,9.83
fenerbahçe,MARMARAY,YUNUS,0,-2.26
fenerbahçe,MARMARAY,YUNUS,1,-9.91
fenerbahçe,MARMARAY,YUNUS,2,5.05
fenerbahçe,MARMARAY,YUNUS,3,-3.53
fenerbahçe,MARMARAY,YUNUS,4,-6.32
fenerbahçe,MARMARAY,YUNUS,5,-6.25
fenerbahçe,MARMARAY,YUNUS,6,-14.26
fenerbahçe,MARMARAY,YUNUS,7,-4.99
fenerbahçe,MARMARAY,YUNUS,8,1.64
fenerbahçe,MARMARAY,YUNUS,9,1.6
fenerbahçe,MARMARAY,YUNUS,10,-3.23
fenerbahçe,MARMARAY,YUNUS,11,-0.9
fenerbahçe,MARMARAY,YUNUS,12,13.09
fenerbahçe,MARMARAY,ZEYTINBURNU,-12,38.82
fenerbahçe,MARMARAY,ZEYTINBURNU,-11,27.4
fenerbahçe,MARMARAY,ZEYTINBURNU,-10,-1.54
fenerbahçe,MARMARAY,ZEYTINBURNU,-9,4.3
fenerbahçe,MARMARAY,ZEYTINBURNU,-8,-2.62
fenerbahçe,MARMARAY,ZEYTINBURNU,-7,-0.47
fenerbahçe,MARMARAY,ZEYTINBURNU,-6,7.09
fenerbahçe,MARMARAY,ZEYTINBURNU,-5,16.02
fenerbahçe,MARMARAY,ZEYTINBURNU,-4,40.74
fenerbahçe,MARMARAY,ZEYTINBURNU,-3,72.35
fenerbahçe,MARMARAY,ZEYTINBURNU,-2,133.04
fenerbahçe,MARMARAY,ZEYTINBURNU,-1,16.24
fenerbahçe,MARMARAY,ZEYTINBURNU,0,-10.7
fenerbahçe,MARMARAY,ZEYTINBURNU,1,-44.88
fenerbahçe,MARMARAY,ZEYTINBURNU,2,-5.72
fenerbahçe,MARMARAY,ZEYTINBURNU,3,-11.21
fenerbahçe,MARMARAY,ZEYTINBURNU,4,-20.37
fenerbahçe,MARMARAY,ZEYTINBURNU,5,-15.87
fenerbahçe,MARMARAY,ZEYTINBURNU,6,-28.64
fenerbahçe,MARMARAY,ZEYTINBURNU,7,-19.77
fenerbahçe,MARMARAY,ZEYTINBURNU,8,2.89
fenerbahçe,MARMARAY,ZEYTINBURNU,9,1.95
fenerbahçe,MARMARAY,ZEYTINBURNU,10,-9.93
fenerbahçe,MARMARAY,ZEYTINBURNU,11,-12.94
fenerbahçe,MARMARAY,ZEYTINBURNU,12,62.22
fenerbahçe,T1,AKINCILAR,-12,15.79
fenerbahçe,T1,AKINCILAR,-11,5.73
fenerbahçe,T1,AKINCILAR,-10,0.03
fenerbahçe,T1,AKINCILAR,-9,1.56
fenerbahçe,T1,AKINCILAR,-8,-6.35
fenerbahçe,T1,AKINCILAR,-7,10.24
fenerbahçe,T1,AKINCILAR,-6,10.6
fenerbahçe,T1,AKINCILAR,-5,8.11
fenerbahçe,T1,AKINCILAR,-4,6.66
fenerbahçe,T1,AKINCILAR,-3,16.5
fenerbahçe,T1,AKINCILAR,-2,5.1
fenerbahçe,T1,AKINCILAR,-1,-1.32
fenerbahçe,T1,AKINCILAR,0,-1.0
fenerbahçe,T1,AKINCILAR,1,-8.32
fenerbahçe,T1,AKINCILAR,2,-0.69
fenerbahçe,T1,AKINCILAR,3,-2.49
fenerbahçe,T1,AKINCILAR,4,-4.46
fenerbahçe,T1,AKINCILAR,5,-2.29
fenerbahçe,T1,AKINCILAR,6,-2.19
fenerbahçe,T1,AKINCILAR,7,-5.05
fenerbahçe,T1,AKINCILAR,8,-0.72
fenerbahçe,T1,AKINCILAR,9,-0.5
fenerbahçe,T1,AKINCILAR,10,1.36
fenerbahçe,T1,AKINCILAR,11,4.99
fenerbahçe,T1,AKINCILAR,12,10.84
fenerbahçe,T1,AKSARAY,-12,6.1
fenerbahçe,T1,AKSARAY,-11,-8.31
fenerbahçe,T1,AKSARAY,-10,-4.84
fenerbahçe,T1,AKSARAY,-9,11.47
fenerbahçe,T1,AKSARAY,-8,2.51
fenerbahçe,T1,AKSARAY,-7,4.16
fenerbahçe,T1,AKSARAY,-6,3.28
fenerbahçe,T1,AKSARAY,-5,3.37
fenerbahçe,T1,AKSARAY,-4,1.1
fenerbahçe,T1,AKSARAY,-3,12.92
fenerbahçe,T1,AKSARAY,-2,16.24
fenerbahçe,T1,AKSARAY,-1,-22.9
fenerbahçe,T1,AKSARAY,0,-36.93
fenerbahçe,T1,AKSARAY,1,-30.05
fenerbahçe,T1,AKSARAY,2,-28.39
fenerbahçe,T1,AKSARAY,3,-24.74
fenerbahçe,T1,AKSARAY,4,-32.19
fenerbahçe,T1,AKSARAY,5,-22.35
fenerbahçe,T1,AKSARAY,6,-55.12
fenerbahçe,T1,AKSARAY,7,-28.14
fenerbahçe,T1,AKSARAY,8,-0.85
fenerbahçe,T1,AKSARAY,9,8.09
fenerbahçe,T1,AKSARAY,10,8.7
fenerbahçe,T1,AKSARAY,11,12.37
fenerbahçe,T1,AKSARAY,12,4.99
fenerbahçe,T1,AKSEMSETTIN,-12,32.06
fenerbahçe,T1,AKSEMSETTIN,-11,20.97
fenerbahçe,T1,AKSEMSETTIN,-10,3.89
fenerbahçe,T1,AKSEMSETTIN,-9,1.84
fenerbahçe,T1,AKSEMSETTIN,-8,-0.51
fenerbahçe,T1,AKSEMSETTIN,-7,7.98
fenerbahçe,T1,AKSEMSETTIN,-6,5.08
fenerbahçe,T1,AKSEMSETTIN,-5,13.11
fenerbahçe,T1,AKSEMSETTIN,-4,18.49
fenerbahçe,T1,AKSEMSETTIN,-3,35.16
fenerbahçe,T1,AKSEMSETTIN,-2,31.39
fenerbahçe,T1,AKSEMSETTIN,-1,-16.89
fenerbahçe,T1,AKSEMSETTIN,0,-0.15
fenerbahçe,T1,AKSEMSETTIN,1,-16.4
fenerbahçe,T1,AKSEMSETTIN,2,-2.78
fenerbahçe,T1,AKSEMSETTIN,3,-12.77
fenerbahçe,T1,AKSEMSETTIN,4,-13.35
fenerbahçe,T1,AKSEMSETTIN,5,-8.38
fenerbahçe,T1,AKSEMSETTIN,6,-30.84
fenerbahçe,T1,AKSEMSETTIN,7,-21.63
fenerbahçe,T1,AKSEMSETTIN,8,-1.31
fenerbahçe,T1,AKSEMSETTIN,9,-0.58
fenerbahçe,T1,AKSEMSETTIN,10,-0.93
fenerbahçe,T1,AKSEMSETTIN,11,16.65
fenerbahçe,T1,AKSEMSETTIN,12,49.17
fenerbahçe,T1,ATATURK OGRENCI YURDU,-12,11.46
fenerbahçe,T1,ATATURK OGRENCI YURDU,-11,7.99
fenerbahçe,T1,ATATURK OGRENCI YURDU,-10,42.83
fenerbahçe,T1,ATATURK OGRENCI YURDU,-9,11.48
fenerbahçe,T1,ATATURK OGRENCI YURDU,-8,12.34
fenerbahçe,T1,ATATURK OGRENCI YURDU,-7,34.25
fenerbahçe,T1,ATATURK OGRENCI YURDU,-6,42.77
fenerbahçe,T1,ATATURK OGRENCI YURDU,-5,27.26
fenerbahçe,T1,ATATURK OGRENCI YURDU,-4,35.74
fenerbahçe,T1,ATATURK OGRENCI YURDU,-3,50.63
fenerbahçe,T1,ATATURK OGRENCI YURDU,-2,49.07
fenerbahçe,T1,ATATURK OGRENCI YURDU,-1,8.54
fenerbahçe,T1,ATATURK OGRENCI YURDU,0,-21.37
fenerbahçe,T1,ATATURK OGRENCI YURDU,1,-28.12
fenerbahçe,T1,ATATURK OGRENCI YURDU,2,2.62
fenerbahçe,T1,ATATURK OGRENCI YURDU,3,7.62
fenerbahçe,T1,ATATURK OGRENCI YURDU,4,-13.67
fenerbahçe,T1,ATATURK OGRENCI YURDU,5,-9.44
fenerbahçe,T1,ATATURK OGRENCI YURDU,6,-30.91
fenerbahçe,T1,ATATURK OGRENCI YURDU,7,-20.98
fenerbahçe,T1,ATATURK OGRENCI YURDU,8,-13.6
fenerbahçe,T1,ATATURK OGRENCI YURDU,9,-4.02
fenerbahçe,T1,ATATURK OGRENCI YURDU,10,-2.89
fenerbahçe,T1,ATATURK OGRENCI YURDU,11,4.69
fenerbahçe,T1,ATATURK OGRENCI YURDU,12,20.29
fenerbahçe,T1,BAGCILAR,-12,32.88
fenerbahçe,T1,BAGCILAR,-11,16.87
fenerbahçe,T1,BAGCILAR,-10,3.44
fenerbahçe,T1,BAGCILAR,-9,3.79
fenerbahçe,T1,BAGCILAR,-8,-11.33
fenerbahçe,T1,BAGCILAR,-7,6.08
fenerbahçe,T1,BAGCILAR,-6,15.46
fenerbahçe,T1,BAGCILAR,-5,10.13
fenerbahçe,T1,BAGCILAR,-4,15.91
fenerbahçe,T1,BAGCILAR,-3,25.38
fenerbahçe,T1,BAGCILAR,-2,15.56
fenerbahçe,T1,BAGCILAR,-1,-9.83
fenerbahçe,T1,BAGCILAR,0,-10.62
fenerbahçe,T1,BAGCILAR,1,-18.01
fenerbahçe,T1,BAGCILAR,2,-2.97
fenerbahçe,T1,BAGCILAR,3,-1.15
fenerbahçe,T1,BAGCILAR,4,-18.9
fenerbahçe,T1,BAGCILAR,5,-2.92
fenerbahçe,T1,BAGCILAR,6,-25.03
fenerbahçe,T1,BAGCILAR,7,-14.25
fenerbahçe,T1,BAGCILAR,8,-8.77
fenerbahçe,T1,BAGCILAR,9,-6.39
fenerbahçe,T1,BAGCILAR,10,-6.69
fenerbahçe,T1,BAGCILAR,11,27.71
fenerbahçe,T1,BAGCILAR,12,24.63
fenerbahçe,T1,BEYAZIT,-12,-0.99
fenerbahçe,T1,BEYAZIT,-11,0.76
fenerbahçe,T1,BEYAZIT,-10,-3.26
fenerbahçe,T1,BEYAZIT,-9,-7.5
fenerbahçe,T1,BEYAZIT,-8,-1.09
fenerbahçe,T1,BEYAZIT,-7,14.36
fenerbahçe,T1,BEYAZIT,-6,-4.45
fenerbahçe,T1,BEYAZIT,-5,21.73
fenerbahçe,T1,BEYAZIT,-4,36.13
fenerbahçe,T1,BEYAZIT,-3,70.29
fenerbahçe,T1,BEYAZIT,-2,73.88
fenerbahçe,T1,BEYAZIT,-1,-19.57
fenerbahçe,T1,BEYAZIT,0,-8.31
fenerbahçe,T1,BEYAZIT,1,-22.04
fenerbahçe,T1,BEYAZIT,2,12.23
fenerbahçe,T1,BEYAZIT,3,-17.95
fenerbahçe,T1,BEYAZIT,4,-18.52
fenerbahçe,T1,BEYAZIT,5,-12.99
fenerbahçe,T1,BEYAZIT,6,-48.89
fenerbahçe,T1,BEYAZIT,7,-9.59
fenerbahçe,T1,BEYAZIT,8,-5.06
fenerbahçe,T1,BEYAZIT,9,-2.89
fenerbahçe,T1,BEYAZIT,10,-0.68
fenerbahçe,T1,BEYAZIT,11,0.59
fenerbahçe,T1,BEYAZIT,12,6.78
fenerbahçe,T1,CAMI,-12,26.49
fenerbahçe,T1,CAMI,-11,11.09
fenerbahçe,T1,CAMI,-10,-1.26
fenerbahçe,T1,CAMI,-9,3.36
fenerbahçe,T1,CAMI,-8,-6.81
fenerbahçe,T1,CAMI,-7,5.61
fenerbahçe,T1,CAMI,-6,3.59
fenerbahçe,T1,CAMI,-5,7.18
fenerbahçe,T1,CAMI,-4,7.37
fenerbahçe,T1,CAMI,-3,2.85
fenerbahçe,T1,CAMI,-2,0.26
fenerbahçe,T1,CAMI,-1,-12.01
fenerbahçe,T1,CAMI,0,-2.65
fenerbahçe,T1,CAMI,1,-11.7
fenerbahçe,T1,CAMI,2,-3.39
fenerbahçe,T1,CAMI,3,-3.53
fenerbahçe,T1,CAMI,4,-8.73
fenerbahçe,T1,CAMI,5,-7.25
fenerbahçe,T1,CAMI,6,-6.29
fenerbahçe,T1,CAMI,7,-2.52
fenerbahçe,T1,CAMI,8,-2.03
fenerbahçe,T1,CAMI,9,2.38
fenerbahçe,T1,CAMI,10,-9.02
fenerbahçe,T1,CAMI,11,15.39
fenerbahçe,T1,CAMI,12,36.94
fenerbahçe,T1,CAPA,-12,20.62
fenerbahçe,T1,CAPA,-11,12.12
fenerbahçe,T1,CAPA,-10,-4.2
fenerbahçe,T1,CAPA,-9,-0.72
fenerbahçe,T1,CAPA,-8,-5.69
fenerbahçe,T1,CAPA,-7,10.36
fenerbahçe,T1,CAPA,-6,13.78
fenerbahçe,T1,CAPA,-5,25.77
fenerbahçe,T1,CAPA,-4,24.85
fenerbahçe,T1,CAPA,-3,29.33
fenerbahçe,T1,CAPA,-2,42.68
fenerbahçe,T1,CAPA,-1,13.73
fenerbahçe,T1,CAPA,0,10.58
fenerbahçe,T1,CAPA,1,-17.68
fenerbahçe,T1,CAPA,2,4.25
fenerbahçe,T1,CAPA,3,0.92
fenerbahçe,T1,CAPA,4,-9.33
fenerbahçe,T1,CAPA,5,-6.55
fenerbahçe,T1,CAPA,6,-26.78
fenerbahçe,T1,CAPA,7,-9.76
fenerbahçe,T1,CAPA,8,-0.33
fenerbahçe,T1,CAPA,9,1.96
fenerbahçe,T1,CAPA,10,-5.88
fenerbahçe,T1,CAPA,11,2.48
fenerbahçe,T1,CAPA,12,23.46
fenerbahçe,T1,CEMBERLITAS,-12,-1.45
fenerbahçe,T1,CEMBERLITAS,-11,7.12
fenerbahçe,T1,CEMBERLITAS,-10,0.72
fenerbahçe,T1,CEMBERLITAS,-9,13.65
fenerbahçe,T1,CEMBERLITAS,-8,3.47
fenerbahçe,T1,CEMBERLITAS,-7,15.96
fenerbahçe,T1,CEMBERLITAS,-6,33.04
fenerbahçe,T1,CEMBERLITAS,-5,29.42
fenerbahçe,T1,CEMBERLITAS,-4,51.32
fenerbahçe,T1,CEMBERLITAS,-3,81.1
fenerbahçe,T1,CEMBERLITAS,-2,39.27
fenerbahçe,T1,CEMBERLITAS,-1,-11.59
fenerbahçe,T1,CEMBERLITAS,0,3.66
fenerbahçe,T1,CEMBERLITAS,1,-19.22
fenerbahçe,T1,CEMBERLITAS,2,3.34
fenerbahçe,T1,CEMBERLITAS,3,2.18
fenerbahçe,T1,CEMBERLITAS,4,-12.11
fenerbahçe,T1,CEMBERLITAS,5,-10.35
fenerbahçe,T1,CEMBERLITAS,6,-30.79
fenerbahçe,T1,CEMBERLITAS,7,-18.61
fenerbahçe,T1,CEMBERLITAS,8,0.19
fenerbahçe,T1,CEMBERLITAS,9,-1.55
fenerbahçe,T1,CEMBERLITAS,10,0.11
fenerbahçe,T1,CEMBERLITAS,11,-2.37
fenerbahçe,T1,CEMBERLITAS,12,4.26
fenerbahçe,T1,EMINONU,-12,14.76
fenerbahçe,T1,EMINONU,-11,3.41
fenerbahçe,T1,EMINONU,-10,4.61
fenerbahçe,T1,EMINONU,-9,14.68
fenerbahçe,T1,EMINONU,-8,-2.57
fenerbahçe,T1,EMINONU,-7,12.58
fenerbahçe,T1,EMINONU,-6,27.41
fenerbahçe,T1,EMINONU,-5,51.2
fenerbahçe,T1,EMINONU,-4,63.77
fenerbahçe,T1,EMINONU,-3,97.42
fenerbahçe,T1,EMINONU,-2,112.77
fenerbahçe,T1,EMINONU,-1,56.85
fenerbahçe,T1,EMINONU,0,27.71
fenerbahçe,T1,EMINONU,1,-66.48
fenerbahçe,T1,EMINONU,2,-88.08
fenerbahçe,T1,EMINONU,3,-130.18
fenerbahçe,T1,EMINONU,4,-105.38
fenerbahçe,T1,EMINONU,5,-101.47
fenerbahçe,T1,EMINONU,6,-220.74
fenerbahçe,T1,EMINONU,7,-92.94
fenerbahçe,T1,EMINONU,8,-8.3
fenerbahçe,T1,EMINONU,9,9.18
fenerbahçe,T1,EMINONU,10,10.42
fenerbahçe,T1,EMINONU,11,-1.43
fenerbahçe,T1,EMINONU,12,-5.68
fenerbahçe,T1,FINDIKLI,-12,0.53
fenerbahçe,T1,FINDIKLI,-11,-2.38
fenerbahçe,T1,FINDIKLI,-10,0.68
fenerbahçe,T1,FINDIKLI,-9,-2.32
fenerbahçe,T1,FINDIKLI,-8,-2.68
fenerbahçe,T1,FINDIKLI,-7,3.83
fenerbahçe,T1,FINDIKLI,-6,-2.97
fenerbahçe,T1,FINDIKLI,-5,-1.41
fenerbahçe,T1,FINDIKLI,-4,9.16
fenerbahçe,T1,FINDIKLI,-3,0.06
fenerbahçe,T1,FINDIKLI,-2,5.65
fenerbahçe,T1,FINDIKLI,-1,-4.8
fenerbahçe,T1,FINDIKLI,0,-5.0
fenerbahçe,T1,FINDIKLI,1,-12.59
fenerbahçe,T1,FINDIKLI,2,-8.95
fenerbahçe,T1,FINDIKLI,3,-11.58
fenerbahçe,T1,FINDIKLI,4,-8.7
fenerbahçe,T1,FINDIKLI,5,-22.49
fenerbahçe,T1,FINDIKLI,6,-26.88
fenerbahçe,T1,FINDIKLI,7,-25.59
fenerbahçe,T1,FINDIKLI,8,-1.59
fenerbahçe,T1,FINDIKLI,9,-1.14
fenerbahçe,T1,FINDIKLI,10,-0.17
fenerbahçe,T1,FINDIKLI,11,1.49
fenerbahçe,T1,FINDIKLI,12,0.61
fenerbahçe,T1,FINDIKZADE,-12,17.73
fenerbahçe,T1,FINDIKZADE,-11,17.04
fenerbahçe,T1,FINDIKZADE,-10,2.17
fenerbahçe,T1,FINDIKZADE,-9,7.12
fenerbahçe,T1,FINDIKZADE,-8,-3.71
fenerbahçe,T1,FINDIKZADE,-7,18.36
fenerbahçe,T1,FINDIKZADE,-6,7.09
fenerbahçe,T1,FINDIKZADE,-5,8.17
fenerbahçe,T1,FINDIKZADE,-4,20.33
fenerbahçe,T1,FINDIKZADE,-3,26.65
fenerbahçe,T1,FINDIKZADE,-2,23.72
fenerbahçe,T1,FINDIKZADE,-1,-4.31
fenerbahçe,T1,FINDIKZADE,0,-5.88
fenerbahçe,T1,FINDIKZADE,1,-9.43
fenerbahçe,T1,FINDIKZADE,2,4.37
fenerbahçe,T1,FINDIKZADE,3,-5.77
fenerbahçe,T1,FINDIKZADE,4,-10.18
fenerbahçe,T1,FINDIKZADE,5,-10.38
fenerbahçe,T1,FINDIKZADE,6,-39.42
fenerbahçe,T1,FINDIKZADE,7,-15.09
fenerbahçe,T1,FINDIKZADE,8,0.74
fenerbahçe,T1,FINDIKZADE,9,6.64
fenerbahçe,T1,FINDIKZADE,10,10.45
fenerbahçe,T1,FINDIKZADE,11,12.92
fenerbahçe,T1,FINDIKZADE,12,22.18
fenerbahçe,T1,GULHANE,-12,6.02
fenerbahçe,T1,GULHANE,-11,11.57
fenerbahçe,T1,GULHANE,-10,10.26
fenerbahçe,T1,GULHANE,-9,8.08
fenerbahçe,T1,GULHANE,-8,-3.92
fenerbahçe,T1,GULHANE,-7,1.83
fenerbahçe,T1,GULHANE,-6,0.17
fenerbahçe,T1,GULHANE,-5,7.0
fenerbahçe,T1,GULHANE,-4,7.6
fenerbahçe,T1,GULHANE,-3,18.43
fenerbahçe,T1,GULHANE,-2,-1.84
fenerbahçe,T1,GULHANE,-1,-15.95
fenerbahçe,T1,GULHANE,0,-22.29
fenerbahçe,T1,GULHANE,1,-30.76
fenerbahçe,T1,GULHANE,2,-12.48
fenerbahçe,T1,GULHANE,3,-17.16
fenerbahçe,T1,GULHANE,4,-18.36
fenerbahçe,T1,GULHANE,5,-12.49
fenerbahçe,T1,GULHANE,6,-39.49
fenerbahçe,T1,GULHANE,7,-23.37
fenerbahçe,T1,GULHANE,8,-0.31
fenerbahçe,T1,GULHANE,9,4.54
fenerbahçe,T1,GULHANE,10,3.79
fenerbahçe,T1,GULHANE,11,5.64
fenerbahçe,T1,GULHANE,12,-2.52
fenerbahçe,T1,GUNESTEPE,-12,12.83
fenerbahçe,T1,GUNESTEPE,-11,4.7
fenerbahçe,T1,GUNESTEPE,-10,0.61
fenerbahçe,T1,GUNESTEPE,-9,-1.68
fenerbahçe,T1,GUNESTEPE,-8,-1.08
fenerbahçe,T1,GUNESTEPE,-7,0.54
fenerbahçe,T1,GUNESTEPE,-6,9.24
fenerbahçe,T1,GUNESTEPE,-5,8.98
fenerbahçe,T1,GUNESTEPE,-4,3.72
fenerbahçe,T1,GUNESTEPE,-3,5.36
fenerbahçe,T1,GUNESTEPE,-2,4.86
fenerbahçe,T1,GUNESTEPE,-1,0.03
fenerbahçe,T1,GUNESTEPE,0,-3.31
fenerbahçe,T1,GUNESTEPE,1,-7.68
fenerbahçe,T1,GUNESTEPE,2,1.68
fenerbahçe,T1,GUNESTEPE,3,-3.6
fenerbahçe,T1,GUNESTEPE,4,-5.25
fenerbahçe,T1,GUNESTEPE,5,-4.22
fenerbahçe,T1,GUNESTEPE,6,-12.04
fenerbahçe,T1,GUNESTEPE,7,-5.05
fenerbahçe,T1,GUNESTEPE,8,0.98
fenerbahçe,T1,GUNESTEPE,9,-1.51
fenerbahçe,T1,GUNESTEPE,10,-4.85
fenerbahçe,T1,GUNESTEPE,11,13.11
fenerbahçe,T1,GUNESTEPE,12,18.98
fenerbahçe,T1,GUNGOREN,-12,4.42
fenerbahçe,T1,GUNGOREN,-11,-3.01
fenerbahçe,T1,GUNGOREN,-10,0.01
fenerbahçe,T1,GUNGOREN,-9,-7.97
fenerbahçe,T1,GUNGOREN,-8,-14.52
fenerbahçe,T1,GUNGOREN,-7,-21.94
fenerbahçe,T1,GUNGOREN,-6,-5.11
fenerbahçe,T1,GUNGOREN,-5,6.92
fenerbahçe,T1,GUNGOREN,-4,3.4
fenerbahçe,T1,GUNGOREN,-3,16.32
fenerbahçe,T1,GUNGOREN,-2,32.88
fenerbahçe,T1,GUNGOREN,-1,-19.17
fenerbahçe,T1,GUNGOREN,0,-20.22
fenerbahçe,T1,GUNGOREN,1,-29.15
fenerbahçe,T1,GUNGOREN,2,-10.91
fenerbahçe,T1,GUNGOREN,3,-8.39
fenerbahçe,T1,GUNGOREN,4,-11.42
fenerbahçe,T1,GUNGOREN,5,-5.96
fenerbahçe,T1,GUNGOREN,6,-24.19
fenerbahçe,T1,GUNGOREN,7,-10.12
fenerbahçe,T1,GUNGOREN,8,-0.81
fenerbahçe,T1,GUNGOREN,9,-3.84
fenerbahçe,T1,GUNGOREN,10,-20.95
fenerbahçe,T1,GUNGOREN,11,-4.2
fenerbahçe,T1,GUNGOREN,12,22.45
fenerbahçe,T1,HASEKI,-12,0.32
fenerbahçe,T1,HASEKI,-11,2.31
fenerbahçe,T1,HASEKI,-10,0.44
fenerbahçe,T1,HASEKI,-9,0.14
fenerbahçe,T1,HASEKI,-8,-8.03
fenerbahçe,T1,HASEKI,-7,-4.24
fenerbahçe,T1,HASEKI,-6,-1.58
fenerbahçe,T1,HASEKI,-5,2.38
fenerbahçe,T1,HASEKI,-4,3.27
fenerbahçe,T1,HASEKI,-3,1.06
fenerbahçe,T1,HASEKI,-2,6.56
fenerbahçe,T1,HASEKI,-1,-6.62
fenerbahçe,T1,HASEKI,0,-2.3
fenerbahçe,T1,HASEKI,1,-8.87
fenerbahçe,T1,HASEKI,2,-6.92
fenerbahçe,T1,HASEKI,3,-8.35
fenerbahçe,T1,HASEKI,4,-9.35
fenerbahçe,T1,HASEKI,5,-7.43
fenerbahçe,T1,HASEKI,6,-13.59
fenerbahçe,T1,HASEKI,7,-8.78
fenerbahçe,T1,HASEKI,8,-1.43
fenerbahçe,T1,HASEKI,9,0.9
fenerbahçe,T1,HASEKI,10,-1.17
fenerbahçe,T1,HASEKI,11,3.77
fenerbahçe,T1,HASEKI,12,4.73
fenerbahçe,T1,KABATAS,-12,20.91
fenerbahçe,T1,KABATAS,-11,6.15
fenerbahçe,T1,KABATAS,-10,16.21
fenerbahçe,T1,KABATAS,-9,35.49
fenerbahçe,T1,KABATAS,-8,14.18
fenerbahçe,T1,KABATAS,-7,39.34
fenerbahçe,T1,KABATAS,-6,22.63
fenerbahçe,T1,KABATAS,-5,41.89
fenerbahçe,T1,KABATAS,-4,27.15
fenerbahçe,T1,KABATAS,-3,37.69
fenerbahçe,T1,KABATAS,-2,-14.24
fenerbahçe,T1,KABATAS,-1,-46.2
fenerbahçe,T1,KABATAS,0,-51.32
fenerbahçe,T1,KABATAS,1,-92.31
fenerbahçe,T1,KABATAS,2,-75.32
fenerbahçe,T1,KABATAS,3,-101.22
fenerbahçe,T1,KABATAS,4,-56.24
fenerbahçe,T1,KABATAS,5,-130.62
fenerbahçe,T1,KABATAS,6,-188.37
fenerbahçe,T1,KABATAS,7,-182.02
fenerbahçe,T1,KABATAS,8,-14.3
fenerbahçe,T1,KABATAS,9,-1.89
fenerbahçe,T1,KABATAS,10,-4.74
fenerbahçe,T1,KABATAS,11,8.59
fenerbahçe,T1,KABATAS,12,12.53
fenerbahçe,T1,KARAKOY,-12,-17.8
fenerbahçe,T1,KARAKOY,-11,-15.67
fenerbahçe,T1,KARAKOY,-10,-2.94
fenerbahçe,T1,KARAKOY,-9,-12.65
fenerbahçe,T1,KARAKOY,-8,5.23
fenerbahçe,T1,KARAKOY,-7,1.1
fenerbahçe,T1,KARAKOY,-6,-2.07
fenerbahçe,T1,KARAKOY,-5,25.34
fenerbahçe,T1,KARAKOY,-4,36.31
fenerbahçe,T1,KARAKOY,-3,12.04
fenerbahçe,T1,KARAKOY,-2,37.82
fenerbahçe,T1,KARAKOY,-1,45.54
fenerbahçe,T1,KARAKOY,0,16.53
fenerbahçe,T1,KARAKOY,1,-21.13
fenerbahçe,T1,KARAKOY,2,-5.88
fenerbahçe,T1,KARAKOY,3,-15.13
fenerbahçe,T1,KARAKOY,4,-42.47
fenerbahçe,T1,KARAKOY,5,-36.13
fenerbahçe,T1,KARAKOY,6,-152.26
fenerbahçe,T1,KARAKOY,7,-87.6
fenerbahçe,T1,KARAKOY,8,-11.22
fenerbahçe,T1,KARAKOY,9,-9.98
fenerbahçe,T1,KARAKOY,10,-19.79
fenerbahçe,T1,KARAKOY,11,-9.36
fenerbahçe,T1,KARAKOY,12,-13.49
fenerbahçe,T1,KERESTECILER,-12,3.65
fenerbahçe,T1,KERESTECILER,-11,-0.37
fenerbahçe,T1,KERESTECILER,-10,-1.96
fenerbahçe,T1,KERESTECILER,-9,0.3
fenerbahçe,T1,KERESTECILER,-8,2.18
fenerbahçe,T1,KERESTECILER,-7,0.78
fenerbahçe,T1,KERESTECILER,-6,4.33
fenerbahçe,T1,KERESTECILER,-5,7.39
fenerbahçe,T1,KERESTECILER,-4,6.07
fenerbahçe,T1,KERESTECILER,-3,20.32
fenerbahçe,T1,KERESTECILER,-2,19.77
fenerbahçe,T1,KERESTECILER,-1,-2.7
fenerbahçe,T1,KERESTECILER,0,2.56
fenerbahçe,T1,KERESTECILER,1,-1.25
fenerbahçe,T1,KERESTECILER,2,-0.33
fenerbahçe,T1,KERESTECILER,3,-3.31
fenerbahçe,T1,KERESTECILER,4,2.49
fenerbahçe,T1,KERESTECILER,5,3.17
fenerbahçe,T1,KERESTECILER,6,-1.33
fenerbahçe,T1,KERESTECILER,7,-1.44
fenerbahçe,T1,KERESTECILER,8,-0.46
fenerbahçe,T1,KERESTECILER,9,0.01
fenerbahçe,T1,KERESTECILER,10,-1.21
fenerbahçe,T1,KERESTECILER,11,-1.24
fenerbahçe,T1,KERESTECILER,12,5.57
fenerbahçe,T1,LALELI,-12,13.75
fenerbahçe,T1,LALELI,-11,4.59
fenerbahçe,T1,LALELI,-10,1.9
fenerbahçe,T1,LALELI,-9,11.19
fenerbahçe,T1,LALELI,-8,13.67
fenerbahçe,T1,LALELI,-7,30.44
fenerbahçe,T1,LALELI,-6,10.38
fenerbahçe,T1,LALELI,-5,22.28
fenerbahçe,T1,LALELI,-4,24.91
fenerbahçe,T1,LALELI,-3,33.37
fenerbahçe,T1,LALELI,-2,52.6
fenerbahçe,T1,LALELI,-1,24.17
fenerbahçe,T1,LALELI,0,3.75
fenerbahçe,T1,LALELI,1,-0.65
fenerbahçe,T1,LALELI,2,12.1
fenerbahçe,T1,LALELI,3,8.82
fenerbahçe,T1,LALELI,4,-3.91
fenerbahçe,T1,LALELI,5,-1.04
fenerbahçe,T1,LALELI,6,11.4
fenerbahçe,T1,LALELI,7,-24.39
fenerbahçe,T1,LALELI,8,-13.31
fenerbahçe,T1,LALELI,9,-9.65
fenerbahçe,T1,LALELI,10,-5.97
fenerbahçe,T1,LALELI,11,3.87
fenerbahçe,T1,LALELI,12,5.34
fenerbahçe,T1,MEHMETAKIF,-12,4.81
fenerbahçe,T1,MEHMETAKIF,-11,0.33
fenerbahçe,T1,MEHMETAKIF,-10,0.34
fenerbahçe,T1,MEHMETAKIF,-9,1.87
fenerbahçe,T1,MEHMETAKIF,-8,3.84
fenerbahçe,T1,MEHMETAKIF,-7,-2.05
fenerbahçe,T1,MEHMETAKIF,-6,4.96
fenerbahçe,T1,MEHMETAKIF,-5,38.99
fenerbahçe,T1,MEHMETAKIF,-4,26.13
fenerbahçe,T1,MEHMETAKIF,-3,9.73
fenerbahçe,T1,MEHMETAKIF,-2,12.62
fenerbahçe,T1,MEHMETAKIF,-1,4.45
fenerbahçe,T1,MEHMETAKIF,0,1.38
fenerbahçe,T1,MEHMETAKIF,1,-0.36
fenerbahçe,T1,MEHMETAKIF,2,5.03
fenerbahçe,T1,MEHMETAKIF,3,-3.25
fenerbahçe,T1,MEHMETAKIF,4,-7.07
fenerbahçe,T1,MEHMETAKIF,5,-4.35
fenerbahçe,T1,MEHMETAKIF,6,-3.47
fenerbahçe,T1,MEHMETAKIF,7,-7.09
fenerbahçe,T1,MEHMETAKIF,8,2.89
fenerbahçe,T1,MEHMETAKIF,9,1.13
fenerbahçe,T1,MEHMETAKIF,10,-1.96
fenerbahçe,T1,MEHMETAKIF,11,-1.1
fenerbahçe,T1,MEHMETAKIF,12,5.22
fenerbahçe,T1,MERKEZEFENDI,-12,12.48
fenerbahçe,T1,MERKEZEFENDI,-11,12.92
fenerbahçe,T1,MERKEZEFENDI,-10,-0.36
fenerbahçe,T1,MERKEZEFENDI,-9,6.54
fenerbahçe,T1,MERKEZEFENDI,-8,-2.28
fenerbahçe,T1,MERKEZEFENDI,-7,-3.51
fenerbahçe,T1,MERKEZEFENDI,-6,2.02
fenerbahçe,T1,MERKEZEFENDI,-5,7.6
fenerbahçe,T1,MERKEZEFENDI,-4,12.94
fenerbahçe,T1,MERKEZEFENDI,-3,10.49
fenerbahçe,T1,MERKEZEFENDI,-2,7.24
fenerbahçe,T1,MERKEZEFENDI,-1,-1.62
fenerbahçe,T1,MERKEZEFENDI,0,-0.01
fenerbahçe,T1,MERKEZEFENDI,1,-2.77
fenerbahçe,T1,MERKEZEFENDI,2,2.42
fenerbahçe,T1,MERKEZEFENDI,3,-3.31
fenerbahçe,T1,MERKEZEFENDI,4,-3.53
fenerbahçe,T1,MERKEZEFENDI,5,-3.51
fenerbahçe,T1,MERKEZEFENDI,6,-17.04
fenerbahçe,T1,MERKEZEFENDI,7,-5.93
fenerbahçe,T1,MERKEZEFENDI,8,4.71
fenerbahçe,T1,MERKEZEFENDI,9,-0.04
fenerbahçe,T1,MERKEZEFENDI,10,-3.41
fenerbahçe,T1,MERKEZEFENDI,11,1.53
fenerbahçe,T1,MERKEZEFENDI,12,14.25
fenerbahçe,T1,MITHATPASA,-12,33.52
fenerbahçe,T1,MITHATPASA,-11,10.32
fenerbahçe,T1,MITHATPASA,-10,4.73
fenerbahçe,T1,MITHATPASA,-9,8.96
fenerbahçe,T1,MITHATPASA,-8,-5.52
fenerbahçe,T1,MITHATPASA,-7,-5.35
fenerbahçe,T1,MITHATPASA,-6,5.38
fenerbahçe,T1,MITHATPASA,-5,-4.55
fenerbahçe,T1,MITHATPASA,-4,3.21
fenerbahçe,T1,MITHATPASA,-3,1.86
fenerbahçe,T1,MITHATPASA,-2,13.88
fenerbahçe,T1,MITHATPASA,-1,-11.07
fenerbahçe,T1,MITHATPASA,0,-7.95
fenerbahçe,T1,MITHATPASA,1,-6.02
fenerbahçe,T1,MITHATPASA,2,-7.37
fenerbahçe,T1,MITHATPASA,3,-2.19
fenerbahçe,T1,MITHATPASA,4,-5.23
fenerbahçe,T1,MITHATPASA,5,-7.61
fenerbahçe,T1,MITHATPASA,6,-21.68
fenerbahçe,T1,MITHATPASA,7,-9.59
fenerbahçe,T1,MITHATPASA,8,1.15
fenerbahçe,T1,MITHATPASA,9,2.29
fenerbahçe,T1,MITHATPASA,10,-9.6
fenerbahçe,T1,MITHATPASA,11,-7.19
fenerbahçe,T1,MITHATPASA,12,25.35
fenerbahçe,T1,PAZARTEKKE,-12,16.19
fenerbahçe,T1,PAZARTEKKE,-11,6.43
fenerbahçe,T1,PAZARTEKKE,-10,-1.53
fenerbahçe,T1,PAZARTEKKE,-9,-0.16
fenerbahçe,T1,PAZARTEKKE,-8,4.74
fenerbahçe,T1,PAZARTEKKE,-7,14.84
fenerbahçe,T1,PAZARTEKKE,-6,5.58
fenerbahçe,T1,PAZARTEKKE,-5,-0.88
fenerbahçe,T1,PAZARTEKKE,-4,12.01
fenerbahçe,T1,PAZARTEKKE,-3,15.2
fenerbahçe,T1,PAZARTEKKE,-2,10.89
fenerbahçe,T1,PAZARTEKKE,-1,2.66
fenerbahçe,T1,PAZARTEKKE,0,-4.93
fenerbahçe,T1,PAZARTEKKE,1,-4.55
fenerbahçe,T1,PAZARTEKKE,2,2.68
fenerbahçe,T1,PAZARTEKKE,3,-0.38
fenerbahçe,T1,PAZARTEKKE,4,-4.73
fenerbahçe,T1,PAZARTEKKE,5,-6.06
fenerbahçe,T1,PAZARTEKKE,6,-12.41
fenerbahçe,T1,PAZARTEKKE,7,-3.08
fenerbahçe,T1,PAZARTEKKE,8,-2.66
fenerbahçe,T1,PAZARTEKKE,9,-0.35
fenerbahçe,T1,PAZARTEKKE,10,-0.55
fenerbahçe,T1,PAZARTEKKE,11,-0.26
fenerbahçe,T1,PAZARTEKKE,12,17.55
fenerbahçe,T1,SIRKECI,-12,17.25
fenerbahçe,T1,SIRKECI,-11,26.57
fenerbahçe,T1,SIRKECI,-10,14.42
fenerbahçe,T1,SIRKECI,-9,27.13
fenerbahçe,T1,SIRKECI,-8,18.35
fenerbahçe,T1,SIRKECI,-7,14.53
fenerbahçe,T1,SIRKECI,-6,45.38
fenerbahçe,T1,SIRKECI,-5,39.69
fenerbahçe,T1,SIRKECI,-4,30.04
fenerbahçe,T1,SIRKECI,-3,52.72
fenerbahçe,T1,SIRKECI,-2,24.94
fenerbahçe,T1,SIRKECI,-1,8.08
fenerbahçe,T1,SIRKECI,0,15.17
fenerbahçe,T1,SIRKECI,1,-27.02
fenerbahçe,T1,SIRKECI,2,-10.77
fenerbahçe,T1,SIRKECI,3,-10.23
fenerbahçe,T1,SIRKECI,4,-45.43
fenerbahçe,T1,SIRKECI,5,-35.08
fenerbahçe,T1,SIRKECI,6,-91.7
fenerbahçe,T1,SIRKECI,7,-71.91
fenerbahçe,T1,SIRKECI,8,-11.49
fenerbahçe,T1,SIRKECI,9,1.29
fenerbahçe,T1,SIRKECI,10,-18.06
fenerbahçe,T1,SIRKECI,11,9.04
fenerbahçe,T1,SIRKECI,12,0.67
fenerbahçe,T1,SOGANLI,-12,36.31
fenerbahçe,T1,SOGANLI,-11,11.12
fenerbahçe,T1,SOGANLI,-10,13.01
fenerbahçe,T1,SOGANLI,-9,0.82
fenerbahçe,T1,SOGANLI,-8,-8.88
fenerbahçe,T1,SOGANLI,-7,4.92
fenerbahçe,T1,SOGANLI,-6,11.53
fenerbahçe,T1,SOGANLI,-5,9.05
fenerbahçe,T1,SOGANLI,-4,15.44
fenerbahçe,T1,SOGANLI,-3,7.57
fenerbahçe,T1,SOGANLI,-2,5.32
fenerbahçe,T1,SOGANLI,-1,-15.41
fenerbahçe,T1,SOGANLI,0,-6.99
fenerbahçe,T1,SOGANLI,1,-16.32
fenerbahçe,T1,SOGANLI,2,-0.41
fenerbahçe,T1,SOGANLI,3,-2.99
fenerbahçe,T1,SOGANLI,4,-8.5
fenerbahçe,T1,SOGANLI,5,-11.2
fenerbahçe,T1,SOGANLI,6,-18.21
fenerbahçe,T1,SOGANLI,7,-17.07
fenerbahçe,T1,SOGANLI,8,-4.49
fenerbahçe,T1,SOGANLI,9,-3.4
fenerbahçe,T1,SOGANLI,10,-8.86
fenerbahçe,T1,SOGANLI,11,17.26
fenerbahçe,T1,SOGANLI,12,41.23
fenerbahçe,T1,SULTANAHMET,-12,-2.94
fenerbahçe,T1,SULTANAHMET,-11,12.11
fenerbahçe,T1,SULTANAHMET,-10,18.21
fenerbahçe,T1,SULTANAHMET,-9,18.03
fenerbahçe,T1,SULTANAHMET,-8,20.28
fenerbahçe,T1,SULTANAHMET,-7,10.55
fenerbahçe,T1,SULTANAHMET,-6,16.78
fenerbahçe,T1,SULTANAHMET,-5,31.2
fenerbahçe,T1,SULTANAHMET,-4,42.44
fenerbahçe,T1,SULTANAHMET,-3,51.08
fenerbahçe,T1,SULTANAHMET,-2,60.19
fenerbahçe,T1,SULTANAHMET,-1,19.54
fenerbahçe,T1,SULTANAHMET,0,11.45
fenerbahçe,T1,SULTANAHMET,1,-55.51
fenerbahçe,T1,SULTANAHMET,2,-13.12
fenerbahçe,T1,SULTANAHMET,3,-57.11
fenerbahçe,T1,SULTANAHMET,4,-73.31
fenerbahçe,T1,SULTANAHMET,5,-51.51
fenerbahçe,T1,SULTANAHMET,6,-174.6
fenerbahçe,T1,SULTANAHMET,7,-80.83
fenerbahçe,T1,SULTANAHMET,8,-0.58
fenerbahçe,T1,SULTANAHMET,9,-1.23
fenerbahçe,T1,SULTANAHMET,10,-3.87
fenerbahçe,T1,SULTANAHMET,11,-7.3
fenerbahçe,T1,SULTANAHMET,12,1.95
fenerbahçe,T1,TOPHANE,-12,5.38
fenerbahçe,T1,TOPHANE,-11,6.01
fenerbahçe,T1,TOPHANE,-10,15.13
fenerbahçe,T1,TOPHANE,-9,8.96
fenerbahçe,T1,TOPHANE,-8,-4.26
fenerbahçe,T1,TOPHANE,-7,8.89
fenerbahçe,T1,TOPHANE,-6,8.4
fenerbahçe,T1,TOPHANE,-5,25.85
fenerbahçe,T1,TOPHANE,-4,40.8
fenerbahçe,T1,TOPHANE,-3,36.6
fenerbahçe,T1,TOPHANE,-2,61.48
fenerbahçe,T1,TOPHANE,-1,56.23
fenerbahçe,T1,TOPHANE,0,39.94
fenerbahçe,T1,TOPHANE,1,-6.25
fenerbahçe,T1,TOPHANE,2,17.55
fenerbahçe,T1,TOPHANE,3,-24.44
fenerbahçe,T1,TOPHANE,4,-35.13
fenerbahçe,T1,TOPHANE,5,-28.3
fenerbahçe,T1,TOPHANE,6,-101.29
fenerbahçe,T1,TOPHANE,7,-52.65
fenerbahçe,T1,TOPHANE,8,-6.59
fenerbahçe,T1,TOPHANE,9,0.8
fenerbahçe,T1,TOPHANE,10,-2.73
fenerbahçe,T1,TOPHANE,11,-1.67
fenerbahçe,T1,TOPHANE,12,-2.05
fenerbahçe,T1,TOPKAPI,-12,-15.34
fenerbahçe,T1,TOPKAPI,-11,19.1
fenerbahçe,T1,TOPKAPI,-10,7.05
fenerbahçe,T1,TOPKAPI,-9,-4.06
fenerbahçe,T1,TOPKAPI,-8,-6.11
fenerbahçe,T1,TOPKAPI,-7,-8.36
fenerbahçe,T1,TOPKAPI,-6,8.26
fenerbahçe,T1,TOPKAPI,-5,-2.45
fenerbahçe,T1,TOPKAPI,-4,13.72
fenerbahçe,T1,TOPKAPI,-3,0.15
fenerbahçe,T1,TOPKAPI,-2,16.38
fenerbahçe,T1,TOPKAPI,-1,-10.47
fenerbahçe,T1,TOPKAPI,0,-14.85
fenerbahçe,T1,TOPKAPI,1,-18.23
fenerbahçe,T1,TOPKAPI,2,-17.64
fenerbahçe,T1,TOPKAPI,3,-4.82
fenerbahçe,T1,TOPKAPI,4,-13.04
fenerbahçe,T1,TOPKAPI,5,-9.97
fenerbahçe,T1,TOPKAPI,6,-38.65
fenerbahçe,T1,TOPKAPI,7,-13.04
fenerbahçe,T1,TOPKAPI,8,-8.62
fenerbahçe,T1,TOPKAPI,9,-2.34
fenerbahçe,T1,TOPKAPI,10,-5.73
fenerbahçe,T1,TOPKAPI,11,-20.63
fenerbahçe,T1,TOPKAPI,12,1.47
fenerbahçe,T1,YUSUFPASA,-12,8.77
fenerbahçe,T1,YUSUFPASA,-11,15.22
fenerbahçe,T1,YUSUFPASA,-10,-10.6
fenerbahçe,T1,YUSUFPASA,-9,20.91
fenerbahçe,T1,YUSUFPASA,-8,-7.99
fenerbahçe,T1,YUSUFPASA,-7,-12.37
fenerbahçe,T1,YUSUFPASA,-6,-12.11
fenerbahçe,T1,YUSUFPASA,-5,3.87
fenerbahçe,T1,YUSUFPASA,-4,-5.48
fenerbahçe,T1,YUSUFPASA,-3,7.33
fenerbahçe,T1,YUSUFPASA,-2,0.73
fenerbahçe,T1,YUSUFPASA,-1,-19.05
fenerbahçe,T1,YUSUFPASA,0,-20.1
fenerbahçe,T1,YUSUFPASA,1,-32.66
fenerbahçe,T1,YUSUFPASA,2,-16.28
fenerbahçe,T1,YUSUFPASA,3,-22.58
fenerbahçe,T1,YUSUFPASA,4,-26.34
fenerbahçe,T1,YUSUFPASA,5,-21.29
fenerbahçe,T1,YUSUFPASA,6,-33.32
fenerbahçe,T1,YUSUFPASA,7,-49.57
fenerbahçe,T1,YUSUFPASA,8,-9.3
fenerbahçe,T1,YUSUFPASA,9,5.07
fenerbahçe,T1,YUSUFPASA,10,4.61
fenerbahçe,T1,YUSUFPASA,11,37.2
fenerbahçe,T1,YUSUFPASA,12,21.24
fenerbahçe,T1,ZEYTINBURNU,-12,55.04
fenerbahçe,T1,ZEYTINBURNU,-11,19.67
fenerbahçe,T1,ZEYTINBURNU,-10,-2.61
fenerbahçe,T1,ZEYTINBURNU,-9,7.16
fenerbahçe,T1,ZEYTINBURNU,-8,0.46
fenerbahçe,T1,ZEYTINBURNU,-7,-6.19
fenerbahçe,T1,ZEYTINBURNU,-6,2.44
fenerbahçe,T1,ZEYTINBURNU,-5,35.2
fenerbahçe,T1,ZEYTINBURNU,-4,50.6
fenerbahçe,T1,ZEYTINBURNU,-3,54.75
fenerbahçe,T1,ZEYTINBURNU,-2,70.84
fenerbahçe,T1,ZEYTINBURNU,-1,30.57
fenerbahçe,T1,ZEYTINBURNU,0,-4.45
fenerbahçe,T1,ZEYTINBURNU,1,-48.11
fenerbahçe,T1,ZEYTINBURNU,2,-7.4
fenerbahçe,T1,ZEYTINBURNU,3,40.83
fenerbahçe,T1,ZEYTINBURNU,4,-33.03
fenerbahçe,T1,ZEYTINBURNU,5,-28.67
fenerbahçe,T1,ZEYTINBURNU,6,-90.15
fenerbahçe,T1,ZEYTINBURNU,7,-60.85
fenerbahçe,T1,ZEYTINBURNU,8,-11.63
fenerbahçe,T1,ZEYTINBURNU,9,1.29
fenerbahçe,T1,ZEYTINBURNU,10,-4.06
fenerbahçe,T1,ZEYTINBURNU,11,26.51
fenerbahçe,T1,ZEYTINBURNU,12,38.36
fenerbahçe,T4,ALI FUAT BASGIL,-12,65.1
fenerbahçe,T4,ALI FUAT BASGIL,-11,38.54
fenerbahçe,T4,ALI FUAT BASGIL,-10,8.44
fenerbahçe,T4,ALI FUAT BASGIL,-9,5.31
fenerbahçe,T4,ALI FUAT BASGIL,-8,-2.39
fenerbahçe,T4,ALI FUAT BASGIL,-7,7.29
fenerbahçe,T4,ALI FUAT BASGIL,-6,26.8
fenerbahçe,T4,ALI FUAT BASGIL,-5,49.15
fenerbahçe,T4,ALI FUAT BASGIL,-4,36.49
fenerbahçe,T4,ALI FUAT BASGIL,-3,39.38
fenerbahçe,T4,ALI FUAT BASGIL,-2,47.91
fenerbahçe,T4,ALI FUAT BASGIL,-1,-2.63
fenerbahçe,T4,ALI FUAT BASGIL,0,-21.08
fenerbahçe,T4,ALI FUAT BASGIL,1,-31.44
fenerbahçe,T4,ALI FUAT BASGIL,2,29.79
fenerbahçe,T4,ALI FUAT BASGIL,3,-10.25
fenerbahçe,T4,ALI FUAT BASGIL,4,-22.74
fenerbahçe,T4,ALI FUAT BASGIL,5,-13.6
fenerbahçe,T4,ALI FUAT BASGIL,6,-49.51
fenerbahçe,T4,ALI FUAT BASGIL,7,-26.06
fenerbahçe,T4,ALI FUAT BASGIL,8,6.51
fenerbahçe,T4,ALI FUAT BASGIL,9,0.13
fenerbahçe,T4,ALI FUAT BASGIL,10,-21.38
fenerbahçe,T4,ALI FUAT BASGIL,11,14.27
fenerbahçe,T4,ALI FUAT BASGIL,12,91.39
fenerbahçe,T4,BASTABYA,-12,18.07
fenerbahçe,T4,BASTABYA,-11,16.94
fenerbahçe,T4,BASTABYA,-10,13.43
fenerbahçe,T4,BASTABYA,-9,2.64
fenerbahçe,T4,BASTABYA,-8,1.11
fenerbahçe,T4,BASTABYA,-7,7.64
fenerbahçe,T4,BASTABYA,-6,1.77
fenerbahçe,T4,BASTABYA,-5,12.46
fenerbahçe,T4,BASTABYA,-4,23.15
fenerbahçe,T4,BASTABYA,-3,8.27
fenerbahçe,T4,BASTABYA,-2,12.6
fenerbahçe,T4,BASTABYA,-1,-5.86
fenerbahçe,T4,BASTABYA,0,-3.58
fenerbahçe,T4,BASTABYA,1,-11.39
fenerbahçe,T4,BASTABYA,2,0.89
fenerbahçe,T4,BASTABYA,3,-0.54
fenerbahçe,T4,BASTABYA,4,-8.34
fenerbahçe,T4,BASTABYA,5,-2.44
fenerbahçe,T4,BASTABYA,6,-6.42
fenerbahçe,T4,BASTABYA,7,-4.86
fenerbahçe,T4,BASTABYA,8,-0.94
fenerbahçe,T4,BASTABYA,9,-4.85
fenerbahçe,T4,BASTABYA,10,-7.96
fenerbahçe,T4,BASTABYA,11,21.18
fenerbahçe,T4,BASTABYA,12,38.04
fenerbahçe,T4,BEREC,-12,27.08
fenerbahçe,T4,BEREC,-11,10.17
fenerbahçe,T4,BEREC,-10,-2.14
fenerbahçe,T4,BEREC,-9,1.06
fenerbahçe,T4,BEREC,-8,1.96
fenerbahçe,T4,BEREC,-7,17.23
fenerbahçe,T4,BEREC,-6,42.07
fenerbahçe,T4,BEREC,-5,21.92
fenerbahçe,T4,BEREC,-4,44.97
fenerbahçe,T4,BEREC,-3,55.51
fenerbahçe,T4,BEREC,-2,72.73
fenerbahçe,T4,BEREC,-1,29.48
fenerbahçe,T4,BEREC,0,22.53
fenerbahçe,T4,BEREC,1,-10.71
fenerbahçe,T4,BEREC,2,22.18
fenerbahçe,T4,BEREC,3,-0.9
fenerbahçe,T4,BEREC,4,-13.61
fenerbahçe,T4,BEREC,5,-8.78
fenerbahçe,T4,BEREC,6,-40.03
fenerbahçe,T4,BEREC,7,-21.45
fenerbahçe,T4,BEREC,8,3.64
fenerbahçe,T4,BEREC,9,-4.69
fenerbahçe,T4,BEREC,10,-15.39
fenerbahçe,T4,BEREC,11,-3.55
fenerbahçe,T4,BEREC,12,36.06
fenerbahçe,T4,CEBECI,-12,22.89
fenerbahçe,T4,CEBECI,-11,13.04
fenerbahçe,T4,CEBECI,-10,6.05
fenerbahçe,T4,CEBECI,-9,3.87
fenerbahçe,T4,CEBECI,-8,-1.67
fenerbahçe,T4,CEBECI,-7,2.76
fenerbahçe,T4,CEBECI,-6,12.81
fenerbahçe,T4,CEBECI,-5,4.58
fenerbahçe,T4,CEBECI,-4,7.28
fenerbahçe,T4,CEBECI,-3,7.07
fenerbahçe,T4,CEBECI,-2,3.69
fenerbahçe,T4,CEBECI,-1,-4.37
fenerbahçe,T4,CEBECI,0,-2.86
fenerbahçe,T4,CEBECI,1,-21.4
fenerbahçe,T4,CEBECI,2,-3.64
fenerbahçe,T4,CEBECI,3,-5.57
fenerbahçe,T4,CEBECI,4,-4.47
fenerbahçe,T4,CEBECI,5,-5.54
fenerbahçe,T4,CEBECI,6,-16.3
fenerbahçe,T4,CEBECI,7,-7.17
fenerbahçe,T4,CEBECI,8,7.75
fenerbahçe,T4,CEBECI,9,5.06
fenerbahçe,T4,CEBECI,10,-7.64
fenerbahçe,T4,CEBECI,11,16.91
fenerbahçe,T4,CEBECI,12,46.15
fenerbahçe,T4,CUKURCESME,-12,53.06
fenerbahçe,T4,CUKURCESME,-11,23.93
fenerbahçe,T4,CUKURCESME,-10,7.22
fenerbahçe,T4,CUKURCESME,-9,4.02
fenerbahçe,T4,CUKURCESME,-8,3.23
fenerbahçe,T4,CUKURCESME,-7,14.54
fenerbahçe,T4,CUKURCESME,-6,8.1
fenerbahçe,T4,CUKURCESME,-5,28.14
fenerbahçe,T4,CUKURCESME,-4,33.12
fenerbahçe,T4,CUKURCESME,-3,22.23
fenerbahçe,T4,CUKURCESME,-2,23.78
fenerbahçe,T4,CUKURCESME,-1,0.72
fenerbahçe,T4,CUKURCESME,0,7.68
fenerbahçe,T4,CUKURCESME,1,-13.57
fenerbahçe,T4,CUKURCESME,2,7.37
fenerbahçe,T4,CUKURCESME,3,2.96
fenerbahçe,T4,CUKURCESME,4,-6.09
fenerbahçe,T4,CUKURCESME,5,-4.55
fenerbahçe,T4,CUKURCESME,6,-13.1
fenerbahçe,T4,CUKURCESME,7,-7.94
fenerbahçe,T4,CUKURCESME,8,0.46
fenerbahçe,T4,CUKURCESME,9,3.69
fenerbahçe,T4,CUKURCESME,10,-13.52
fenerbahçe,T4,CUKURCESME,11,10.63
fenerbahçe,T4,CUKURCESME,12,71.44
fenerbahçe,T4,CUMHURIYET,-12,19.39
fenerbahçe,T4,CUMHURIYET,-11,8.04
fenerbahçe,T4,CUMHURIYET,-10,4.26
fenerbahçe,T4,CUMHURIYET,-9,-2.72
fenerbahçe,T4,CUMHURIYET,-8,2.44
fenerbahçe,T4,CUMHURIYET,-7,6.75
fenerbahçe,T4,CUMHURIYET,-6,3.12
fenerbahçe,T4,CUMHURIYET,-5,0.23
fenerbahçe,T4,CUMHURIYET,-4,3.47
fenerbahçe,T4,CUMHURIYET,-3,6.82
fenerbahçe,T4,CUMHURIYET,-2,4.75
fenerbahçe,T4,CUMHURIYET,-1,6.15
fenerbahçe,T4,CUMHURIYET,0,-5.35
fenerbahçe,T4,CUMHURIYET,1,-6.13
fenerbahçe,T4,CUMHURIYET,2,-0.15
fenerbahçe,T4,CUMHURIYET,3,-3.34
fenerbahçe,T4,CUMHURIYET,4,-5.83
fenerbahçe,T4,CUMHURIYET,5,-2.88
fenerbahçe,T4,CUMHURIYET,6,-4.58
fenerbahçe,T4,CUMHURIYET,7,-8.5
fenerbahçe,T4,CUMHURIYET,8,-3.4
fenerbahçe,T4,CUMHURIYET,9,-3.74
fenerbahçe,T4,CUMHURIYET,10,0.81
fenerbahçe,T4,CUMHURIYET,11,18.55
fenerbahçe,T4,CUMHURIYET,12,19.42
fenerbahçe,T4,DEMIRKAPI,-12,3.16
fenerbahçe,T4,DEMIRKAPI,-11,4.78
fenerbahçe,T4,DEMIRKAPI,-10,0.31
fenerbahçe,T4,DEMIRKAPI,-9,-1.35
fenerbahçe,T4,DEMIRKAPI,-8,0.4
fenerbahçe,T4,DEMIRKAPI,-7,6.04
fenerbahçe,T4,DEMIRKAPI,-6,6.31
fenerbahçe,T4,DEMIRKAPI,-5,2.26
fenerbahçe,T4,DEMIRKAPI,-4,23.17
fenerbahçe,T4,DEMIRKAPI,-3,29.86
fenerbahçe,T4,DEMIRKAPI,-2,17.19
fenerbahçe,T4,DEMIRKAPI,-1,8.08
fenerbahçe,T4,DEMIRKAPI,0,2.07
fenerbahçe,T4,DEMIRKAPI,1,-13.9
fenerbahçe,T4,DEMIRKAPI,2,0.68
fenerbahçe,T4,DEMIRKAPI,3,3.07
fenerbahçe,T4,DEMIRKAPI,4,-11.62
fenerbahçe,T4,DEMIRKAPI,5,-5.21
fenerbahçe,T4,DEMIRKAPI,6,-18.31
fenerbahçe,T4,DEMIRKAPI,7,-13.96
fenerbahçe,T4,DEMIRKAPI,8,-0.54
fenerbahçe,T4,DEMIRKAPI,9,0.71
fenerbahçe,T4,DEMIRKAPI,10,-2.99
fenerbahçe,T4,DEMIRKAPI,11,2.28
fenerbahçe,T4,DEMIRKAPI,12,5.75
fenerbahçe,T4,EDIRNEKAPI,-12,2.94
fenerbahçe,T4,EDIRNEKAPI,-11,3.93
fenerbahçe,T4,EDIRNEKAPI,-10,1.89
fenerbahçe,T4,EDIRNEKAPI,-9,-2.67
fenerbahçe,T4,EDIRNEKAPI,-8,0.11
fenerbahçe,T4,EDIRNEKAPI,-7,-3.05
fenerbahçe,T4,EDIRNEKAPI,-6,1.43
fenerbahçe,T4,EDIRNEKAPI,-5,1.95
fenerbahçe,T4,EDIRNEKAPI,-4,-0.09
fenerbahçe,T4,EDIRNEKAPI,-3,8.41
fenerbahçe,T4,EDIRNEKAPI,-2,25.17
fenerbahçe,T4,EDIRNEKAPI,-1,8.18
fenerbahçe,T4,EDIRNEKAPI,0,8.28
fenerbahçe,T4,EDIRNEKAPI,1,1.99
fenerbahçe,T4,EDIRNEKAPI,2,4.07
fenerbahçe,T4,EDIRNEKAPI,3,0.28
fenerbahçe,T4,EDIRNEKAPI,4,-7.78
fenerbahçe,T4,EDIRNEKAPI,5,-6.26
fenerbahçe,T4,EDIRNEKAPI,6,-23.01
fenerbahçe,T4,EDIRNEKAPI,7,-13.03
fenerbahçe,T4,EDIRNEKAPI,8,-2.66
fenerbahçe,T4,EDIRNEKAPI,9,0.91
fenerbahçe,T4,EDIRNEKAPI,10,0.78
fenerbahçe,T4,EDIRNEKAPI,11,-2.76
fenerbahçe,T4,EDIRNEKAPI,12,8.09
fenerbahçe,T4,FETIHKAPI,-12,6.14
fenerbahçe,T4,FETIHKAPI,-11,0.42
fenerbahçe,T4,FETIHKAPI,-10,-1.6
fenerbahçe,T4,FETIHKAPI,-9,-0.43
fenerbahçe,T4,FETIHKAPI,-8,-1.53
fenerbahçe,T4,FETIHKAPI,-7,0.04
fenerbahçe,T4,FETIHKAPI,-6,-2.68
fenerbahçe,T4,FETIHKAPI,-5,0.65
fenerbahçe,T4,FETIHKAPI,-4,7.67
fenerbahçe,T4,FETIHKAPI,-3,13.14
fenerbahçe,T4,FETIHKAPI,-2,18.63
fenerbahçe,T4,FETIHKAPI,-1,-4.47
fenerbahçe,T4,FETIHKAPI,0,1.7
fenerbahçe,T4,FETIHKAPI,1,-1.62
fenerbahçe,T4,FETIHKAPI,2,-0.96
fenerbahçe,T4,FETIHKAPI,3,0.64
fenerbahçe,T4,FETIHKAPI,4,-1.09
fenerbahçe,T4,FETIHKAPI,5,-1.41
fenerbahçe,T4,FETIHKAPI,6,2.71
fenerbahçe,T4,FETIHKAPI,7,-3.58
fenerbahçe,T4,FETIHKAPI,8,1.06
fenerbahçe,T4,FETIHKAPI,9,2.28
fenerbahçe,T4,FETIHKAPI,10,-0.93
fenerbahçe,T4,FETIHKAPI,11,1.63
fenerbahçe,T4,FETIHKAPI,12,10.7
fenerbahçe,T4,HACI SUKRU,-12,39.66
fenerbahçe,T4,HACI SUKRU,-11,31.99
fenerbahçe,T4,HACI SUKRU,-10,40.63
fenerbahçe,T4,HACI SUKRU,-9,32.39
fenerbahçe,T4,HACI SUKRU,-8,27.54
fenerbahçe,T4,HACI SUKRU,-7,26.27
fenerbahçe,T4,HACI SUKRU,-6,85.8
fenerbahçe,T4,HACI SUKRU,-5,76.81
fenerbahçe,T4,HACI SUKRU,-4,55.89
fenerbahçe,T4,HACI SUKRU,-3,53.6
fenerbahçe,T4,HACI SUKRU,-2,57.44
fenerbahçe,T4,HACI SUKRU,-1,-35.63
fenerbahçe,T4,HACI SUKRU,0,21.31
fenerbahçe,T4,HACI SUKRU,1,-11.33
fenerbahçe,T4,HACI SUKRU,2,11.48
fenerbahçe,T4,HACI SUKRU,3,-4.32
fenerbahçe,T4,HACI SUKRU,4,3.44
fenerbahçe,T4,HACI SUKRU,5,-2.6
fenerbahçe,T4,HACI SUKRU,7,0.65
fenerbahçe,T4,HACI SUKRU,8,43.93
fenerbahçe,T4,HACI SUKRU,9,71.17
fenerbahçe,T4,HACI SUKRU,10,21.43
fenerbahçe,T4,HACI SUKRU,11,15.82
fenerbahçe,T4,HACI SUKRU,12,116.23
fenerbahçe,T4,HACISUKRU,-12,44.41
fenerbahçe,T4,HACISUKRU,-11,19.98
fenerbahçe,T4,HACISUKRU,-10,-8.77
fenerbahçe,T4,HACISUKRU,-9,-11.32
fenerbahçe,T4,HACISUKRU,-8,-7.58
fenerbahçe,T4,HACISUKRU,-7,1.23
fenerbahçe,T4,HACISUKRU,-6,-23.51
fenerbahçe,T4,HACISUKRU,-5,-0.28
fenerbahçe,T4,HACISUKRU,-4,14.46
fenerbahçe,T4,HACISUKRU,-3,10.74
fenerbahçe,T4,HACISUKRU,-2,10.63
fenerbahçe,T4,HACISUKRU,-1,-20.19
fenerbahçe,T4,HACISUKRU,0,-14.62
fenerbahçe,T4,HACISUKRU,1,-26.93
fenerbahçe,T4,HACISUKRU,2,-4.81
fenerbahçe,T4,HACISUKRU,3,-7.24
fenerbahçe,T4,HACISUKRU,4,-14.07
fenerbahçe,T4,HACISUKRU,5,-10.93
fenerbahçe,T4,HACISUKRU,6,-24.4
fenerbahçe,T4,HACISUKRU,7,-9.86
fenerbahçe,T4,HACISUKRU,8,-2.33
fenerbahçe,T4,HACISUKRU,9,-7.36
fenerbahçe,T4,HACISUKRU,10,-19.13
fenerbahçe,T4,HACISUKRU,11,26.24
fenerbahçe,T4,HACISUKRU,12,63.33
fenerbahçe,T4,KARADENIZ MAHALLESI,-12,25.76
fenerbahçe,T4,KARADENIZ MAHALLESI,-11,19.02
fenerbahçe,T4,KARADENIZ MAHALLESI,-10,6.52
fenerbahçe,T4,KARADENIZ MAHALLESI,-9,0.34
fenerbahçe,T4,KARADENIZ MAHALLESI,-8,-2.83
fenerbahçe,T4,KARADENIZ MAHALLESI,-7,1.87
fenerbahçe,T4,KARADENIZ MAHALLESI,-6,6.31
fenerbahçe,T4,KARADENIZ MAHALLESI,-5,5.43
fenerbahçe,T4,KARADENIZ MAHALLESI,-4,9.08
fenerbahçe,T4,KARADENIZ MAHALLESI,-3,8.0
fenerbahçe,T4,KARADENIZ MAHALLESI,-2,15.36
fenerbahçe,T4,KARADENIZ MAHALLESI,-1,-4.08
fenerbahçe,T4,KARADENIZ MAHALLESI,0,-4.9
fenerbahçe,T4,KARADENIZ MAHALLESI,1,-9.25
fenerbahçe,T4,KARADENIZ MAHALLESI,2,0.6
fenerbahçe,T4,KARADENIZ MAHALLESI,3,-0.6
fenerbahçe,T4,KARADENIZ MAHALLESI,4,-9.6
fenerbahçe,T4,KARADENIZ MAHALLESI,5,-5.0
fenerbahçe,T4,KARADENIZ MAHALLESI,6,-6.13
fenerbahçe,T4,KARADENIZ MAHALLESI,7,-5.93
fenerbahçe,T4,KARADENIZ MAHALLESI,8,1.72
fenerbahçe,T4,KARADENIZ MAHALLESI,9,0.47
fenerbahçe,T4,KARADENIZ MAHALLESI,10,-6.58
fenerbahçe,T4,KARADENIZ MAHALLESI,11,10.19
fenerbahçe,T4,KARADENIZ MAHALLESI,12,45.17
fenerbahçe,T4,KIPTAS VENEZIA,-12,80.96
fenerbahçe,T4,KIPTAS VENEZIA,-11,25.27
fenerbahçe,T4,KIPTAS VENEZIA,-10,-6.43
fenerbahçe,T4,KIPTAS VENEZIA,-9,-0.94
fenerbahçe,T4,KIPTAS VENEZIA,-8,0.07
fenerbahçe,T4,KIPTAS VENEZIA,-7,-8.53
fenerbahçe,T4,KIPTAS VENEZIA,-6,-23.04
fenerbahçe,T4,KIPTAS VENEZIA,-5,-23.95
fenerbahçe,T4,KIPTAS VENEZIA,-4,49.94
fenerbahçe,T4,KIPTAS VENEZIA,-3,142.6
fenerbahçe,T4,KIPTAS VENEZIA,-2,156.4
fenerbahçe,T4,KIPTAS VENEZIA,-1,102.35
fenerbahçe,T4,KIPTAS VENEZIA,0,-8.18
fenerbahçe,T4,KIPTAS VENEZIA,1,-66.79
fenerbahçe,T4,KIPTAS VENEZIA,2,-35.96
fenerbahçe,T4,KIPTAS VENEZIA,3,-81.21
fenerbahçe,T4,KIPTAS VENEZIA,4,-66.53
fenerbahçe,T4,KIPTAS VENEZIA,5,-19.61
fenerbahçe,T4,KIPTAS VENEZIA,6,-13.83
fenerbahçe,T4,KIPTAS VENEZIA,7,-20.06
fenerbahçe,T4,KIPTAS VENEZIA,8,-11.57
fenerbahçe,T4,KIPTAS VENEZIA,9,-6.76
fenerbahçe,T4,KIPTAS VENEZIA,10,38.64
fenerbahçe,T4,KIPTAS VENEZIA,11,63.48
fenerbahçe,T4,KIPTAS VENEZIA,12,-9.56
fenerbahçe,T4,MESCIDI SELAM,-12,32.04
fenerbahçe,T4,MESCIDI SELAM,-11,13.74
fenerbahçe,T4,MESCIDI SELAM,-10,5.85
fenerbahçe,T4,MESCIDI SELAM,-9,-1.67
fenerbahçe,T4,MESCIDI SELAM,-8,-19.99
fenerbahçe,T4,MESCIDI SELAM,-7,15.77
fenerbahçe,T4,MESCIDI SELAM,-6,-13.9
fenerbahçe,T4,MESCIDI SELAM,-5,8.37
fenerbahçe,T4,MESCIDI SELAM,-4,88.89
fenerbahçe,T4,MESCIDI SELAM,-3,39.03
fenerbahçe,T4,MESCIDI SELAM,-2,2.71
fenerbahçe,T4,MESCIDI SELAM,-1,1.17
fenerbahçe,T4,MESCIDI SELAM,0,11.11
fenerbahçe,T4,MESCIDI SELAM,1,-25.41
fenerbahçe,T4,MESCIDI SELAM,2,-8.58
fenerbahçe,T4,MESCIDI SELAM,3,-20.7
fenerbahçe,T4,MESCIDI SELAM,4,-15.66
fenerbahçe,T4,MESCIDI SELAM,5,-22.46
fenerbahçe,T4,MESCIDI SELAM,6,-34.54
fenerbahçe,T4,MESCIDI SELAM,7,-21.39
fenerbahçe,T4,MESCIDI SELAM,8,6.28
fenerbahçe,T4,MESCIDI SELAM,9,10.95
fenerbahçe,T4,MESCIDI SELAM,10,-6.3
fenerbahçe,T4,MESCIDI SELAM,11,31.98
fenerbahçe,T4,MESCIDI SELAM,12,61.2
fenerbahçe,T4,METRIS,-12,38.92
fenerbahçe,T4,METRIS,-11,3.67
fenerbahçe,T4,METRIS,-10,-2.27
fenerbahçe,T4,METRIS,-9,-1.45
fenerbahçe,T4,METRIS,-8,4.62
fenerbahçe,T4,METRIS,-7,9.39
fenerbahçe,T4,METRIS,-6,7.52
fenerbahçe,T4,METRIS,-5,28.99
fenerbahçe,T4,METRIS,-4,97.63
fenerbahçe,T4,METRIS,-3,15.3
fenerbahçe,T4,METRIS,-2,54.12
fenerbahçe,T4,METRIS,-1,59.7
fenerbahçe,T4,METRIS,0,1.25
fenerbahçe,T4,METRIS,1,14.83
fenerbahçe,T4,METRIS,2,56.74
fenerbahçe,T4,METRIS,3,64.15
fenerbahçe,T4,METRIS,4,32.55
fenerbahçe,T4,METRIS,5,-33.31
fenerbahçe,T4,METRIS,6,-208.11
fenerbahçe,T4,METRIS,7,-64.19
fenerbahçe,T4,METRIS,9,1.44
fenerbahçe,T4,METRIS,10,10.16
fenerbahçe,T4,METRIS,11,43.92
fenerbahçe,T4,METRIS,12,15.95
fenerbahçe,T4,RAMI,-12,8.98
fenerbahçe,T4,RAMI,-11,5.28
fenerbahçe,T4,RAMI,-10,-4.83
fenerbahçe,T4,RAMI,-9,-14.49
fenerbahçe,T4,RAMI,-8,-14.05
fenerbahçe,T4,RAMI,-7,-10.49
fenerbahçe,T4,RAMI,-6,-19.05
fenerbahçe,T4,RAMI,-5,41.35
fenerbahçe,T4,RAMI,-4,74.76
fenerbahçe,T4,RAMI,-3,71.25
fenerbahçe,T4,RAMI,-2,51.67
fenerbahçe,T4,RAMI,-1,29.9
fenerbahçe,T4,RAMI,0,7.12
fenerbahçe,T4,RAMI,1,3.02
fenerbahçe,T4,RAMI,2,12.14
fenerbahçe,T4,RAMI,3,4.1
fenerbahçe,T4,RAMI,4,-1.04
fenerbahçe,T4,RAMI,5,-0.45
fenerbahçe,T4,RAMI,6,-11.32
fenerbahçe,T4,RAMI,7,-4.48
fenerbahçe,T4,RAMI,8,0.51
fenerbahçe,T4,RAMI,9,-0.33
fenerbahçe,T4,RAMI,10,-1.13
fenerbahçe,T4,RAMI,11,1.91
fenerbahçe,T4,RAMI,12,13.07
fenerbahçe,T4,SAGMALCILAR,-12,29.5
fenerbahçe,T4,SAGMALCILAR,-11,11.13
fenerbahçe,T4,SAGMALCILAR,-10,-0.03
fenerbahçe,T4,SAGMALCILAR,-9,9.36
fenerbahçe,T4,SAGMALCILAR,-8,4.46
fenerbahçe,T4,SAGMALCILAR,-7,10.89
fenerbahçe,T4,SAGMALCILAR,-6,-5.76
fenerbahçe,T4,SAGMALCILAR,-5,37.86
fenerbahçe,T4,SAGMALCILAR,-4,35.92
fenerbahçe,T4,SAGMALCILAR,-3,32.82
fenerbahçe,T4,SAGMALCILAR,-2,30.35
fenerbahçe,T4,SAGMALCILAR,-1,12.42
fenerbahçe,T4,SAGMALCILAR,0,5.83
fenerbahçe,T4,SAGMALCILAR,1,-2.01
fenerbahçe,T4,SAGMALCILAR,2,0.79
fenerbahçe,T4,SAGMALCILAR,3,-7.82
fenerbahçe,T4,SAGMALCILAR,4,-7.3
fenerbahçe,T4,SAGMALCILAR,5,-3.1
fenerbahçe,T4,SAGMALCILAR,6,-7.4
fenerbahçe,T4,SAGMALCILAR,7,-6.16
fenerbahçe,T4,SAGMALCILAR,8,-3.28
fenerbahçe,T4,SAGMALCILAR,9,-0.3
fenerbahçe,T4,SAGMALCILAR,10,-2.25
fenerbahçe,T4,SAGMALCILAR,11,2.05
fenerbahçe,T4,SAGMALCILAR,12,41.72
fenerbahçe,T4,SEHITLIK,-12,2.24
fenerbahçe,T4,SEHITLIK,-11,8.14
fenerbahçe,T4,SEHITLIK,-10,0.2
fenerbahçe,T4,SEHITLIK,-9,-0.12
fenerbahçe,T4,SEHITLIK,-8,-4.29
fenerbahçe,T4,SEHITLIK,-7,2.54
fenerbahçe,T4,SEHITLIK,-6,8.48
fenerbahçe,T4,SEHITLIK,-5,3.79
fenerbahçe,T4,SEHITLIK,-4,7.39
fenerbahçe,T4,SEHITLIK,-3,29.64
fenerbahçe,T4,SEHITLIK,-2,54.71
fenerbahçe,T4,SEHITLIK,-1,30.33
fenerbahçe,T4,SEHITLIK,0,13.88
fenerbahçe,T4,SEHITLIK,1,-5.29
fenerbahçe,T4,SEHITLIK,2,53.98
fenerbahçe,T4,SEHITLIK,3,172.83
fenerbahçe,T4,SEHITLIK,4,0.34
fenerbahçe,T4,SEHITLIK,5,-18.62
fenerbahçe,T4,SEHITLIK,6,-39.65
fenerbahçe,T4,SEHITLIK,7,-46.71
fenerbahçe,T4,SEHITLIK,8,-10.25
fenerbahçe,T4,SEHITLIK,9,-0.5
fenerbahçe,T4,SEHITLIK,10,3.43
fenerbahçe,T4,SEHITLIK,11,0.79
fenerbahçe,T4,SEHITLIK,12,5.96
fenerbahçe,T4,SULTANCIFTLIGI,-12,53.33
fenerbahçe,T4,SULTANCIFTLIGI,-11,10.96
fenerbahçe,T4,SULTANCIFTLIGI,-10,5.09
fenerbahçe,T4,SULTANCIFTLIGI,-9,-0.59
fenerbahçe,T4,SULTANCIFTLIGI,-8,2.95
fenerbahçe,T4,SULTANCIFTLIGI,-7,14.96
fenerbahçe,T4,SULTANCIFTLIGI,-6,23.76
fenerbahçe,T4,SULTANCIFTLIGI,-5,25.46
fenerbahçe,T4,SULTANCIFTLIGI,-4,31.19
fenerbahçe,T4,SULTANCIFTLIGI,-3,40.11
fenerbahçe,T4,SULTANCIFTLIGI,-2,18.77
fenerbahçe,T4,SULTANCIFTLIGI,-1,-7.86
fenerbahçe,T4,SULTANCIFTLIGI,0,1.15
fenerbahçe,T4,SULTANCIFTLIGI,1,-29.95
fenerbahçe,T4,SULTANCIFTLIGI,2,2.9
fenerbahçe,T4,SULTANCIFTLIGI,3,-5.59
fenerbahçe,T4,SULTANCIFTLIGI,4,-20.22
fenerbahçe,T4,SULTANCIFTLIGI,5,-17.77
fenerbahçe,T4,SULTANCIFTLIGI,6,-63.9
fenerbahçe,T4,SULTANCIFTLIGI,7,-25.22
fenerbahçe,T4,SULTANCIFTLIGI,8,2.36
fenerbahçe,T4,SULTANCIFTLIGI,9,6.84
fenerbahçe,T4,SULTANCIFTLIGI,10,-17.22
fenerbahçe,T4,SULTANCIFTLIGI,11,27.17
fenerbahçe,T4,SULTANCIFTLIGI,12,93.39
fenerbahçe,T4,T4 KIPTAS VENEZIA,-12,25.44
fenerbahçe,T4,T4 KIPTAS VENEZIA,-11,42.46
fenerbahçe,T4,T4 KIPTAS VENEZIA,-10,26.73
fenerbahçe,T4,T4 KIPTAS VENEZIA,-9,6.75
fenerbahçe,T4,T4 KIPTAS VENEZIA,-8,25.84
fenerbahçe,T4,T4 KIPTAS VENEZIA,-7,22.88
fenerbahçe,T4,T4 KIPTAS VENEZIA,-6,34.4
fenerbahçe,T4,T4 KIPTAS VENEZIA,-5,19.35
fenerbahçe,T4,T4 KIPTAS VENEZIA,-4,19.33
fenerbahçe,T4,T4 KIPTAS VENEZIA,-3,53.93
fenerbahçe,T4,T4 KIPTAS VENEZIA,-2,68.83
fenerbahçe,T4,T4 KIPTAS VENEZIA,-1,7.74
fenerbahçe,T4,T4 KIPTAS VENEZIA,0,28.63
fenerbahçe,T4,T4 KIPTAS VENEZIA,1,-11.82
fenerbahçe,T4,T4 KIPTAS VENEZIA,2,-7.76
fenerbahçe,T4,T4 KIPTAS VENEZIA,3,-5.67
fenerbahçe,T4,T4 KIPTAS VENEZIA,4,-11.58
fenerbahçe,T4,T4 KIPTAS VENEZIA,5,-5.0
fenerbahçe,T4,T4 KIPTAS VENEZIA,6,-49.96
fenerbahçe,T4,T4 KIPTAS VENEZIA,7,-36.55
fenerbahçe,T4,T4 KIPTAS VENEZIA,8,2.71
fenerbahçe,T4,T4 KIPTAS VENEZIA,9,16.56
fenerbahçe,T4,T4 KIPTAS VENEZIA,10,6.07
fenerbahçe,T4,T4 KIPTAS VENEZIA,11,13.84
fenerbahçe,T4,T4 KIPTAS VENEZIA,12,74.44
fenerbahçe,T4,TASKOPRU,-12,46.78
fenerbahçe,T4,TASKOPRU,-11,27.27
fenerbahçe,T4,TASKOPRU,-10,5.52
fenerbahçe,T4,TASKOPRU,-9,3.48
fenerbahçe,T4,TASKOPRU,-8,-2.34
fenerbahçe,T4,TASKOPRU,-7,27.07
fenerbahçe,T4,TASKOPRU,-6,15.57
fenerbahçe,T4,TASKOPRU,-5,21.44
fenerbahçe,T4,TASKOPRU,-4,15.42
fenerbahçe,T4,TASKOPRU,-3,19.68
fenerbahçe,T4,TASKOPRU,-2,21.08
fenerbahçe,T4,TASKOPRU,-1,-11.24
fenerbahçe,T4,TASKOPRU,0,-14.17
fenerbahçe,T4,TASKOPRU,1,-21.21
fenerbahçe,T4,TASKOPRU,2,7.59
fenerbahçe,T4,TASKOPRU,3,-5.37
fenerbahçe,T4,TASKOPRU,4,-8.13
fenerbahçe,T4,TASKOPRU,5,-7.83
fenerbahçe,T4,TASKOPRU,6,-23.72
fenerbahçe,T4,TASKOPRU,7,-18.27
fenerbahçe,T4,TASKOPRU,8,-5.32
fenerbahçe,T4,TASKOPRU,9,5.77
fenerbahçe,T4,TASKOPRU,10,-8.32
fenerbahçe,T4,TASKOPRU,11,13.41
fenerbahçe,T4,TASKOPRU,12,75.65
fenerbahçe,T4,TOPCULAR,-12,3.23
fenerbahçe,T4,TOPCULAR,-11,4.16
fenerbahçe,T4,TOPCULAR,-10,0.4
fenerbahçe,T4,TOPCULAR,-9,4.5
fenerbahçe,T4,TOPCULAR,-8,-0.97
fenerbahçe,T4,TOPCULAR,-7,4.74
fenerbahçe,T4,TOPCULAR,-6,2.45
fenerbahçe,T4,TOPCULAR,-5,-0.25
fenerbahçe,T4,TOPCULAR,-4,11.91
fenerbahçe,T4,TOPCULAR,-3,24.09
fenerbahçe,T4,TOPCULAR,-2,12.82
fenerbahçe,T4,TOPCULAR,-1,2.9
fenerbahçe,T4,TOPCULAR,0,3.76
fenerbahçe,T4,TOPCULAR,1,-0.02
fenerbahçe,T4,TOPCULAR,2,6.16
fenerbahçe,T4,TOPCULAR,3,1.4
fenerbahçe,T4,TOPCULAR,4,0.75
fenerbahçe,T4,TOPCULAR,5,-0.42
fenerbahçe,T4,TOPCULAR,6,4.69
fenerbahçe,T4,TOPCULAR,7,-0.71
fenerbahçe,T4,TOPCULAR,8,-0.35
fenerbahçe,T4,TOPCULAR,9,0.77
fenerbahçe,T4,TOPCULAR,10,-1.71
fenerbahçe,T4,TOPCULAR,11,2.98
fenerbahçe,T4,TOPCULAR,12,4.06
fenerbahçe,T4,TOPKAPI,-12,14.09
fenerbahçe,T4,TOPKAPI,-11,7.99
fenerbahçe,T4,TOPKAPI,-10,-2.24
fenerbahçe,T4,TOPKAPI,-9,6.76
fenerbahçe,T4,TOPKAPI,-8,-4.14
fenerbahçe,T4,TOPKAPI,-7,4.91
fenerbahçe,T4,TOPKAPI,-6,14.44
fenerbahçe,T4,TOPKAPI,-5,20.42
fenerbahçe,T4,TOPKAPI,-4,29.93
fenerbahçe,T4,TOPKAPI,-3,61.76
fenerbahçe,T4,TOPKAPI,-2,74.04
fenerbahçe,T4,TOPKAPI,-1,9.28
fenerbahçe,T4,TOPKAPI,0,10.57
fenerbahçe,T4,TOPKAPI,1,-45.15
fenerbahçe,T4,TOPKAPI,2,-32.44
fenerbahçe,T4,TOPKAPI,3,-21.06
fenerbahçe,T4,TOPKAPI,4,-41.51
fenerbahçe,T4,TOPKAPI,5,-37.94
fenerbahçe,T4,TOPKAPI,6,-126.49
fenerbahçe,T4,TOPKAPI,7,-79.42
fenerbahçe,T4,TOPKAPI,8,-7.92
fenerbahçe,T4,TOPKAPI,9,1.28
fenerbahçe,T4,TOPKAPI,10,3.57
fenerbahçe,T4,TOPKAPI,11,8.63
fenerbahçe,T4,TOPKAPI,12,9.21
fenerbahçe,T4,VATAN,-12,6.01
fenerbahçe,T4,VATAN,-11,10.14
fenerbahçe,T4,VATAN,-10,0.2
fenerbahçe,T4,VATAN,-9,5.68
fenerbahçe,T4,VATAN,-8,-1.88
fenerbahçe,T4,VATAN,-7,1.45
fenerbahçe,T4,VATAN,-6,-2.73
fenerbahçe,T4,VATAN,-5,1.9
fenerbahçe,T4,VATAN,-4,11.45
fenerbahçe,T4,VATAN,-3,20.18
fenerbahçe,T4,VATAN,-2,48.16
fenerbahçe,T4,VATAN,-1,16.8
fenerbahçe,T4,VATAN,0,8.47
fenerbahçe,T4,VATAN,1,-3.45
fenerbahçe,T4,VATAN,2,20.85
fenerbahçe,T4,VATAN,3,21.99
fenerbahçe,T4,VATAN,4,-23.78
fenerbahçe,T4,VATAN,5,-14.69
fenerbahçe,T4,VATAN,6,-68.12
fenerbahçe,T4,VATAN,7,-47.04
fenerbahçe,T4,VATAN,8,-1.99
fenerbahçe,T4,VATAN,9,0.18
fenerbahçe,T4,VATAN,10,-1.82
fenerbahçe,T4,VATAN,11,2.12
fenerbahçe,T4,VATAN,12,17.72
fenerbahçe,T4,YENIMAHALLE,-12,50.81
fenerbahçe,T4,YENIMAHALLE,-11,26.44
fenerbahçe,T4,YENIMAHALLE,-10,6.36
fenerbahçe,T4,YENIMAHALLE,-9,-10.19
fenerbahçe,T4,YENIMAHALLE,-8,1.6
fenerbahçe,T4,YENIMAHALLE,-7,21.48
fenerbahçe,T4,YENIMAHALLE,-6,20.62
fenerbahçe,T4,YENIMAHALLE,-5,42.44
fenerbahçe,T4,YENIMAHALLE,-4,37.31
fenerbahçe,T4,YENIMAHALLE,-3,26.21
fenerbahçe,T4,YENIMAHALLE,-2,22.9
fenerbahçe,T4,YENIMAHALLE,-1,6.69
fenerbahçe,T4,YENIMAHALLE,0,9.68
fenerbahçe,T4,YENIMAHALLE,1,-26.01
fenerbahçe,T4,YENIMAHALLE,2,-0.55
fenerbahçe,T4,YENIMAHALLE,3,-2.23
fenerbahçe,T4,YENIMAHALLE,4,-12.17
fenerbahçe,T4,YENIMAHALLE,5,-11.35
fenerbahçe,T4,YENIMAHALLE,6,-16.66
fenerbahçe,T4,YENIMAHALLE,7,-16.42
fenerbahçe,T4,YENIMAHALLE,8,8.77
fenerbahçe,T4,YENIMAHALLE,9,2.84
fenerbahçe,T4,YENIMAHALLE,10,-17.1
fenerbahçe,T4,YENIMAHALLE,11,26.14
fenerbahçe,T4,YENIMAHALLE,12,79.46
fenerbahçe,T5,ALIBEYKOY,-12,27.36
fenerbahçe,T5,ALIBEYKOY,-11,19.93
fenerbahçe,T5,ALIBEYKOY,-10,12.38
fenerbahçe,T5,ALIBEYKOY,-9,13.98
fenerbahçe,T5,ALIBEYKOY,-8,8.52
fenerbahçe,T5,ALIBEYKOY,-7,19.99
fenerbahçe,T5,ALIBEYKOY,-6,18.04
fenerbahçe,T5,ALIBEYKOY,-5,29.4
fenerbahçe,T5,ALIBEYKOY,-4,31.52
fenerbahçe,T5,ALIBEYKOY,-3,20.9
fenerbahçe,T5,ALIBEYKOY,-2,13.98
fenerbahçe,T5,ALIBEYKOY,-1,7.11
fenerbahçe,T5,ALIBEYKOY,0,4.73
fenerbahçe,T5,ALIBEYKOY,1,-1.29
fenerbahçe,T5,ALIBEYKOY,2,-0.95
fenerbahçe,T5,ALIBEYKOY,3,-0.61
fenerbahçe,T5,ALIBEYKOY,4,-2.55
fenerbahçe,T5,ALIBEYKOY,5,-1.68
fenerbahçe,T5,ALIBEYKOY,6,-8.3
fenerbahçe,T5,ALIBEYKOY,7,-3.38
fenerbahçe,T5,ALIBEYKOY,8,9.48
fenerbahçe,T5,ALIBEYKOY,9,-8.61
fenerbahçe,T5,ALIBEYKOY,10,-19.13
fenerbahçe,T5,ALIBEYKOY,11,3.59
fenerbahçe,T5,ALIBEYKOY,12,24.09
fenerbahçe,T5,ALIBEYKOY METRO,-12,34.95
fenerbahçe,T5,ALIBEYKOY METRO,-11,19.48
fenerbahçe,T5,ALIBEYKOY METRO,-10,6.09
fenerbahçe,T5,ALIBEYKOY METRO,-9,4.61
fenerbahçe,T5,ALIBEYKOY METRO,-8,7.24
fenerbahçe,T5,ALIBEYKOY METRO,-7,14.22
fenerbahçe,T5,ALIBEYKOY METRO,-6,28.23
fenerbahçe,T5,ALIBEYKOY METRO,-5,45.58
fenerbahçe,T5,ALIBEYKOY METRO,-4,38.39
fenerbahçe,T5,ALIBEYKOY METRO,-3,23.65
fenerbahçe,T5,ALIBEYKOY METRO,-2,9.62
fenerbahçe,T5,ALIBEYKOY METRO,-1,-14.53
fenerbahçe,T5,ALIBEYKOY METRO,0,-9.07
fenerbahçe,T5,ALIBEYKOY METRO,1,-16.93
fenerbahçe,T5,ALIBEYKOY METRO,2,-8.97
fenerbahçe,T5,ALIBEYKOY METRO,3,-1.33
fenerbahçe,T5,ALIBEYKOY METRO,4,-4.33
fenerbahçe,T5,ALIBEYKOY METRO,5,-7.92
fenerbahçe,T5,ALIBEYKOY METRO,6,-26.78
fenerbahçe,T5,ALIBEYKOY METRO,7,3.31
fenerbahçe,T5,ALIBEYKOY METRO,8,15.41
fenerbahçe,T5,ALIBEYKOY METRO,9,6.11
fenerbahçe,T5,ALIBEYKOY METRO,10,-26.41
fenerbahçe,T5,ALIBEYKOY METRO,11,-23.3
fenerbahçe,T5,ALIBEYKOY METRO,12,56.97
fenerbahçe,T5,AYVANSARAY,-12,3.09
fenerbahçe,T5,AYVANSARAY,-11,4.61
fenerbahçe,T5,AYVANSARAY,-10,3.64
fenerbahçe,T5,AYVANSARAY,-9,0.7
fenerbahçe,T5,AYVANSARAY,-8,10.24
fenerbahçe,T5,AYVANSARAY,-7,12.91
fenerbahçe,T5,AYVANSARAY,-6,12.03
fenerbahçe,T5,AYVANSARAY,-5,11.51
fenerbahçe,T5,AYVANSARAY,-4,20.45
fenerbahçe,T5,AYVANSARAY,-3,7.7
fenerbahçe,T5,AYVANSARAY,-2,24.75
fenerbahçe,T5,AYVANSARAY,-1,5.07
fenerbahçe,T5,AYVANSARAY,0,-5.14
fenerbahçe,T5,AYVANSARAY,1,-7.95
fenerbahçe,T5,AYVANSARAY,2,-5.74
fenerbahçe,T5,AYVANSARAY,3,-3.79
fenerbahçe,T5,AYVANSARAY,4,-4.64
fenerbahçe,T5,AYVANSARAY,5,-4.01
fenerbahçe,T5,AYVANSARAY,6,-10.59
fenerbahçe,T5,AYVANSARAY,7,-5.64
fenerbahçe,T5,AYVANSARAY,8,1.18
fenerbahçe,T5,AYVANSARAY,9,1.27
fenerbahçe,T5,AYVANSARAY,10,-1.06
fenerbahçe,T5,AYVANSARAY,11,4.76
fenerbahçe,T5,AYVANSARAY,12,8.61
fenerbahçe,T5,BALAT,-12,6.8
fenerbahçe,T5,BALAT,-11,13.36
fenerbahçe,T5,BALAT,-10,9.33
fenerbahçe,T5,BALAT,-9,6.34
fenerbahçe,T5,BALAT,-8,4.18
fenerbahçe,T5,BALAT,-7,13.97
fenerbahçe,T5,BALAT,-6,30.42
fenerbahçe,T5,BALAT,-5,30.05
fenerbahçe,T5,BALAT,-4,31.03
fenerbahçe,T5,BALAT,-3,30.43
fenerbahçe,T5,BALAT,-2,44.56
fenerbahçe,T5,BALAT,-1,26.97
fenerbahçe,T5,BALAT,0,15.29
fenerbahçe,T5,BALAT,1,-11.17
fenerbahçe,T5,BALAT,2,-1.75
fenerbahçe,T5,BALAT,3,-5.48
fenerbahçe,T5,BALAT,4,-8.21
fenerbahçe,T5,BALAT,5,-3.92
fenerbahçe,T5,BALAT,6,-19.35
fenerbahçe,T5,BALAT,7,-6.58
fenerbahçe,T5,BALAT,8,5.08
fenerbahçe,T5,BALAT,9,5.43
fenerbahçe,T5,BALAT,10,0.8
fenerbahçe,T5,BALAT,11,0.42
fenerbahçe,T5,BALAT,12,16.35
fenerbahçe,T5,CEP OTOGAR,-12,13.9
fenerbahçe,T5,CEP OTOGAR,-11,4.45
fenerbahçe,T5,CEP OTOGAR,-10,3.86
fenerbahçe,T5,CEP OTOGAR,-9,1.63
fenerbahçe,T5,CEP OTOGAR,-8,12.31
fenerbahçe,T5,CEP OTOGAR,-7,8.25
fenerbahçe,T5,CEP OTOGAR,-6,-15.84
fenerbahçe,T5,CEP OTOGAR,-5,74.1
fenerbahçe,T5,CEP OTOGAR,-4,38.43
fenerbahçe,T5,CEP OTOGAR,-3,23.0
fenerbahçe,T5,CEP OTOGAR,-2,13.03
fenerbahçe,T5,CEP OTOGAR,-1,-0.34
fenerbahçe,T5,CEP OTOGAR,0,-2.31
fenerbahçe,T5,CEP OTOGAR,1,-2.52
fenerbahçe,T5,CEP OTOGAR,2,-3.22
fenerbahçe,T5,CEP OTOGAR,3,-0.57
fenerbahçe,T5,CEP OTOGAR,4,-2.3
fenerbahçe,T5,CEP OTOGAR,5,-4.31
fenerbahçe,T5,CEP OTOGAR,6,0.88
fenerbahçe,T5,CEP OTOGAR,7,-3.99
fenerbahçe,T5,CEP OTOGAR,8,16.12
fenerbahçe,T5,CEP OTOGAR,9,1.37
fenerbahçe,T5,CEP OTOGAR,10,-11.32
fenerbahçe,T5,CEP OTOGAR,11,1.41
fenerbahçe,T5,CEP OTOGAR,12,25.28
fenerbahçe,T5,CIBALI,-12,1.33
fenerbahçe,T5,CIBALI,-11,0.43
fenerbahçe,T5,CIBALI,-10,-1.16
fenerbahçe,T5,CIBALI,-9,1.71
fenerbahçe,T5,CIBALI,-8,-5.68
fenerbahçe,T5,CIBALI,-7,-8.3
fenerbahçe,T5,CIBALI,-6,-0.43
fenerbahçe,T5,CIBALI,-5,-9.45
fenerbahçe,T5,CIBALI,-4,-27.78
fenerbahçe,T5,CIBALI,-3,3.32
fenerbahçe,T5,CIBALI,-2,2.78
fenerbahçe,T5,CIBALI,-1,-38.04
fenerbahçe,T5,CIBALI,0,-37.69
fenerbahçe,T5,CIBALI,1,-35.22
fenerbahçe,T5,CIBALI,2,-11.77
fenerbahçe,T5,CIBALI,3,-22.4
fenerbahçe,T5,CIBALI,4,-27.15
fenerbahçe,T5,CIBALI,5,-17.77
fenerbahçe,T5,CIBALI,6,-32.5
fenerbahçe,T5,CIBALI,7,-31.05
fenerbahçe,T5,CIBALI,8,-3.15
fenerbahçe,T5,CIBALI,9,-0.33
fenerbahçe,T5,CIBALI,10,-0.46
fenerbahçe,T5,CIBALI,11,1.2
fenerbahçe,T5,CIBALI,12,3.26
fenerbahçe,T5,EMINONU,-12,-2.48
fenerbahçe,T5,EMINONU,-11,2.41
fenerbahçe,T5,EMINONU,-10,13.04
fenerbahçe,T5,EMINONU,-9,6.89
fenerbahçe,T5,EMINONU,-8,-23.94
fenerbahçe,T5,EMINONU,-7,16.97
fenerbahçe,T5,EMINONU,-6,18.02
fenerbahçe,T5,EMINONU,-5,-56.84
fenerbahçe,T5,EMINONU,-4,36.01
fenerbahçe,T5,EMINONU,-3,73.31
fenerbahçe,T5,EMINONU,-2,-2.77
fenerbahçe,T5,EMINONU,-1,-70.52
fenerbahçe,T5,EMINONU,0,-64.76
fenerbahçe,T5,EMINONU,1,-130.89
fenerbahçe,T5,EMINONU,2,-103.54
fenerbahçe,T5,EMINONU,3,-71.18
fenerbahçe,T5,EMINONU,4,-74.45
fenerbahçe,T5,EMINONU,5,-98.14
fenerbahçe,T5,EMINONU,6,-207.01
fenerbahçe,T5,EMINONU,7,-92.72
fenerbahçe,T5,EMINONU,8,-11.75
fenerbahçe,T5,EMINONU,9,0.98
fenerbahçe,T5,EMINONU,10,-0.11
fenerbahçe,T5,EMINONU,11,5.43
fenerbahçe,T5,EMINONU,12,-1.74
fenerbahçe,T5,EYUP DEVLET HASTANESI,-12,9.32
fenerbahçe,T5,EYUP DEVLET HASTANESI,-11,3.59
fenerbahçe,T5,EYUP DEVLET HASTANESI,-10,1.97
fenerbahçe,T5,EYUP DEVLET HASTANESI,-9,4.43
fenerbahçe,T5,EYUP DEVLET HASTANESI,-8,5.42
fenerbahçe,T5,EYUP DEVLET HASTANESI,-7,-2.1
fenerbahçe,T5,EYUP DEVLET HASTANESI,-6,3.98
fenerbahçe,T5,EYUP DEVLET HASTANESI,-5,9.29
fenerbahçe,T5,EYUP DEVLET HASTANESI,-4,13.06
fenerbahçe,T5,EYUP DEVLET HASTANESI,-3,7.4
fenerbahçe,T5,EYUP DEVLET HASTANESI,-2,12.95
fenerbahçe,T5,EYUP DEVLET HASTANESI,-1,7.13
fenerbahçe,T5,EYUP DEVLET HASTANESI,0,-4.0
fenerbahçe,T5,EYUP DEVLET HASTANESI,1,-4.84
fenerbahçe,T5,EYUP DEVLET HASTANESI,2,-9.91
fenerbahçe,T5,EYUP DEVLET HASTANESI,3,-10.23
fenerbahçe,T5,EYUP DEVLET HASTANESI,4,-9.52
fenerbahçe,T5,EYUP DEVLET HASTANESI,5,-6.8
fenerbahçe,T5,EYUP DEVLET HASTANESI,6,-17.65
fenerbahçe,T5,EYUP DEVLET HASTANESI,7,-7.67
fenerbahçe,T5,EYUP DEVLET HASTANESI,8,1.56
fenerbahçe,T5,EYUP DEVLET HASTANESI,9,-1.06
fenerbahçe,T5,EYUP DEVLET HASTANESI,10,-8.45
fenerbahçe,T5,EYUP DEVLET HASTANESI,11,-0.44
fenerbahçe,T5,EYUP DEVLET HASTANESI,12,20.43
fenerbahçe,T5,EYUP TELEFERIK,-12,13.01
fenerbahçe,T5,EYUP TELEFERIK,-11,6.03
fenerbahçe,T5,EYUP TELEFERIK,-10,-0.74
fenerbahçe,T5,EYUP TELEFERIK,-9,-2.43
fenerbahçe,T5,EYUP TELEFERIK,-8,1.95
fenerbahçe,T5,EYUP TELEFERIK,-7,15.73
fenerbahçe,T5,EYUP TELEFERIK,-6,-7.03
fenerbahçe,T5,EYUP TELEFERIK,-5,35.38
fenerbahçe,T5,EYUP TELEFERIK,-4,28.01
fenerbahçe,T5,EYUP TELEFERIK,-3,30.4
fenerbahçe,T5,EYUP TELEFERIK,-2,35.57
fenerbahçe,T5,EYUP TELEFERIK,-1,16.25
fenerbahçe,T5,EYUP TELEFERIK,0,7.04
fenerbahçe,T5,EYUP TELEFERIK,1,-6.46
fenerbahçe,T5,EYUP TELEFERIK,2,3.07
fenerbahçe,T5,EYUP TELEFERIK,3,-5.32
fenerbahçe,T5,EYUP TELEFERIK,4,-11.62
fenerbahçe,T5,EYUP TELEFERIK,5,-16.75
fenerbahçe,T5,EYUP TELEFERIK,6,-50.56
fenerbahçe,T5,EYUP TELEFERIK,7,-17.73
fenerbahçe,T5,EYUP TELEFERIK,8,-0.78
fenerbahçe,T5,EYUP TELEFERIK,9,1.58
fenerbahçe,T5,EYUP TELEFERIK,10,-9.38
fenerbahçe,T5,EYUP TELEFERIK,11,2.73
fenerbahçe,T5,EYUP TELEFERIK,12,16.23
fenerbahçe,T5,FENER,-12,7.32
fenerbahçe,T5,FENER,-11,12.98
fenerbahçe,T5,FENER,-10,9.46
fenerbahçe,T5,FENER,-9,7.3
fenerbahçe,T5,FENER,-8,9.77
fenerbahçe,T5,FENER,-7,12.88
fenerbahçe,T5,FENER,-6,21.23
fenerbahçe,T5,FENER,-5,28.74
fenerbahçe,T5,FENER,-4,24.53
fenerbahçe,T5,FENER,-3,30.55
fenerbahçe,T5,FENER,-2,30.21
fenerbahçe,T5,FENER,-1,29.89
fenerbahçe,T5,FENER,0,5.62
fenerbahçe,T5,FENER,1,-6.81
fenerbahçe,T5,FENER,2,-3.17
fenerbahçe,T5,FENER,3,-3.06
fenerbahçe,T5,FENER,4,1.59
fenerbahçe,T5,FENER,5,-8.51
fenerbahçe,T5,FENER,6,-15.34
fenerbahçe,T5,FENER,7,-6.52
fenerbahçe,T5,FENER,8,2.34
fenerbahçe,T5,FENER,9,3.69
fenerbahçe,T5,FENER,10,-1.01
fenerbahçe,T5,FENER,11,3.73
fenerbahçe,T5,FENER,12,17.71
fenerbahçe,T5,FESHANE,-12,2.03
fenerbahçe,T5,FESHANE,-11,5.3
fenerbahçe,T5,FESHANE,-10,4.67
fenerbahçe,T5,FESHANE,-9,-0.55
fenerbahçe,T5,FESHANE,-8,-2.01
fenerbahçe,T5,FESHANE,-7,22.71
fenerbahçe,T5,FESHANE,-6,21.76
fenerbahçe,T5,FESHANE,-5,39.78
fenerbahçe,T5,FESHANE,-4,43.51
fenerbahçe,T5,FESHANE,-3,45.07
fenerbahçe,T5,FESHANE,-2,61.35
fenerbahçe,T5,FESHANE,-1,29.83
fenerbahçe,T5,FESHANE,0,15.63
fenerbahçe,T5,FESHANE,1,-11.59
fenerbahçe,T5,FESHANE,2,-4.19
fenerbahçe,T5,FESHANE,3,-6.05
fenerbahçe,T5,FESHANE,4,-8.75
fenerbahçe,T5,FESHANE,5,-17.49
fenerbahçe,T5,FESHANE,6,-57.93
fenerbahçe,T5,FESHANE,7,-25.19
fenerbahçe,T5,FESHANE,8,-1.23
fenerbahçe,T5,FESHANE,9,-0.02
fenerbahçe,T5,FESHANE,10,-4.26
fenerbahçe,T5,FESHANE,11,-0.66
fenerbahçe,T5,FESHANE,12,5.85
fenerbahçe,T5,KUCUKPAZAR,-12,0.37
fenerbahçe,T5,KUCUKPAZAR,-11,2.46
fenerbahçe,T5,KUCUKPAZAR,-10,1.29
fenerbahçe,T5,KUCUKPAZAR,-9,-4.92
fenerbahçe,T5,KUCUKPAZAR,-8,-5.55
fenerbahçe,T5,KUCUKPAZAR,-7,10.16
fenerbahçe,T5,KUCUKPAZAR,-6,-0.08
fenerbahçe,T5,KUCUKPAZAR,-5,39.93
fenerbahçe,T5,KUCUKPAZAR,-4,71.45
fenerbahçe,T5,KUCUKPAZAR,-3,94.71
fenerbahçe,T5,KUCUKPAZAR,-2,68.66
fenerbahçe,T5,KUCUKPAZAR,-1,32.53
fenerbahçe,T5,KUCUKPAZAR,0,19.29
fenerbahçe,T5,KUCUKPAZAR,1,25.07
fenerbahçe,T5,KUCUKPAZAR,2,24.51
fenerbahçe,T5,KUCUKPAZAR,3,-9.85
fenerbahçe,T5,KUCUKPAZAR,4,-6.43
fenerbahçe,T5,KUCUKPAZAR,5,-15.21
fenerbahçe,T5,KUCUKPAZAR,6,-57.43
fenerbahçe,T5,KUCUKPAZAR,7,-31.31
fenerbahçe,T5,KUCUKPAZAR,8,-1.9
fenerbahçe,T5,KUCUKPAZAR,9,2.79
fenerbahçe,T5,KUCUKPAZAR,10,5.85
fenerbahçe,T5,KUCUKPAZAR,11,5.69
fenerbahçe,T5,KUCUKPAZAR,12,5.61
fenerbahçe,T5,SILAHTARAGA,-12,14.76
fenerbahçe,T5,SILAHTARAGA,-11,8.03
fenerbahçe,T5,SILAHTARAGA,-10,4.72
fenerbahçe,T5,SILAHTARAGA,-9,2.45
fenerbahçe,T5,SILAHTARAGA,-8,6.55
fenerbahçe,T5,SILAHTARAGA,-7,10.01
fenerbahçe,T5,SILAHTARAGA,-6,3.58
fenerbahçe,T5,SILAHTARAGA,-5,19.85
fenerbahçe,T5,SILAHTARAGA,-4,13.78
fenerbahçe,T5,SILAHTARAGA,-3,11.87
fenerbahçe,T5,SILAHTARAGA,-2,8.57
fenerbahçe,T5,SILAHTARAGA,-1,2.89
fenerbahçe,T5,SILAHTARAGA,0,-2.24
fenerbahçe,T5,SILAHTARAGA,1,-11.61
fenerbahçe,T5,SILAHTARAGA,2,-5.61
fenerbahçe,T5,SILAHTARAGA,3,-5.95
fenerbahçe,T5,SILAHTARAGA,4,-6.52
fenerbahçe,T5,SILAHTARAGA,5,-1.76
fenerbahçe,T5,SILAHTARAGA,6,-8.91
fenerbahçe,T5,SILAHTARAGA,7,4.36
fenerbahçe,T5,SILAHTARAGA,8,8.63
fenerbahçe,T5,SILAHTARAGA,9,1.39
fenerbahçe,T5,SILAHTARAGA,10,-15.21
fenerbahçe,T5,SILAHTARAGA,11,-6.7
fenerbahçe,T5,SILAHTARAGA,12,29.69
fenerbahçe,T5,UNIVERSITE,-12,15.4
fenerbahçe,T5,UNIVERSITE,-11,8.65
fenerbahçe,T5,UNIVERSITE,-10,1.28
fenerbahçe,T5,UNIVERSITE,-9,-0.75
fenerbahçe,T5,UNIVERSITE,-8,8.29
fenerbahçe,T5,UNIVERSITE,-7,8.13
fenerbahçe,T5,UNIVERSITE,-6,6.62
fenerbahçe,T5,UNIVERSITE,-5,10.89
fenerbahçe,T5,UNIVERSITE,-4,9.19
fenerbahçe,T5,UNIVERSITE,-3,11.36
fenerbahçe,T5,UNIVERSITE,-2,14.95
fenerbahçe,T5,UNIVERSITE,-1,0.21
fenerbahçe,T5,UNIVERSITE,0,-0.61
fenerbahçe,T5,UNIVERSITE,1,-7.84
fenerbahçe,T5,UNIVERSITE,2,-2.44
fenerbahçe,T5,UNIVERSITE,3,-1.92
fenerbahçe,T5,UNIVERSITE,4,-3.05
fenerbahçe,T5,UNIVERSITE,5,-2.23
fenerbahçe,T5,UNIVERSITE,6,-6.05
fenerbahçe,T5,UNIVERSITE,7,-2.33
fenerbahçe,T5,UNIVERSITE,8,5.82
fenerbahçe,T5,UNIVERSITE,9,2.54
fenerbahçe,T5,UNIVERSITE,10,-12.0
fenerbahçe,T5,UNIVERSITE,11,-4.93
fenerbahçe,T5,UNIVERSITE,12,25.49
fenerbahçe,TCDD-GH,ARNAVUTKOY,-12,5.56
fenerbahçe,TCDD-GH,ARNAVUTKOY,-11,10.16
fenerbahçe,TCDD-GH,ARNAVUTKOY,-10,0.28
fenerbahçe,TCDD-GH,ARNAVUTKOY,-9,5.87
fenerbahçe,TCDD-GH,ARNAVUTKOY,-8,2.14
fenerbahçe,TCDD-GH,ARNAVUTKOY,-7,-6.44
fenerbahçe,TCDD-GH,ARNAVUTKOY,-6,-10.2
fenerbahçe,TCDD-GH,ARNAVUTKOY,-5,-7.95
fenerbahçe,TCDD-GH,ARNAVUTKOY,-4,2.24
fenerbahçe,TCDD-GH,ARNAVUTKOY,-3,1.94
fenerbahçe,TCDD-GH,ARNAVUTKOY,-2,-12.23
fenerbahçe,TCDD-GH,ARNAVUTKOY,-1,-11.01
fenerbahçe,TCDD-GH,ARNAVUTKOY,0,3.0
fenerbahçe,TCDD-GH,ARNAVUTKOY,1,-5.22
fenerbahçe,TCDD-GH,ARNAVUTKOY,2,-4.23
fenerbahçe,TCDD-GH,ARNAVUTKOY,3,0.12
fenerbahçe,TCDD-GH,ARNAVUTKOY,4,-5.33
fenerbahçe,TCDD-GH,ARNAVUTKOY,6,0.67
fenerbahçe,TCDD-GH,ARNAVUTKOY,7,4.65
fenerbahçe,TCDD-GH,ARNAVUTKOY,8,-10.84
fenerbahçe,TCDD-GH,ARNAVUTKOY,9,23.63
fenerbahçe,TCDD-GH,ARNAVUTKOY,10,-0.54
fenerbahçe,TCDD-GH,ARNAVUTKOY,11,7.29
fenerbahçe,TCDD-GH,ARNAVUTKOY,12,10.49
fenerbahçe,TCDD-GH,GAYRETTEPE,-12,-12.81
fenerbahçe,TCDD-GH,GAYRETTEPE,-11,-19.21
fenerbahçe,TCDD-GH,GAYRETTEPE,-10,-10.11
fenerbahçe,TCDD-GH,GAYRETTEPE,-9,-1.81
fenerbahçe,TCDD-GH,GAYRETTEPE,-8,7.44
fenerbahçe,TCDD-GH,GAYRETTEPE,-7,14.68
fenerbahçe,TCDD-GH,GAYRETTEPE,-6,-5.65
fenerbahçe,TCDD-GH,GAYRETTEPE,-5,-36.04
fenerbahçe,TCDD-GH,GAYRETTEPE,-4,24.38
fenerbahçe,TCDD-GH,GAYRETTEPE,-3,8.59
fenerbahçe,TCDD-GH,GAYRETTEPE,-2,15.86
fenerbahçe,TCDD-GH,GAYRETTEPE,-1,-2.69
fenerbahçe,TCDD-GH,GAYRETTEPE,0,-1.23
fenerbahçe,TCDD-GH,GAYRETTEPE,1,-10.18
fenerbahçe,TCDD-GH,GAYRETTEPE,2,6.17
fenerbahçe,TCDD-GH,GAYRETTEPE,3,9.32
fenerbahçe,TCDD-GH,GAYRETTEPE,4,-21.75
fenerbahçe,TCDD-GH,GAYRETTEPE,5,-1.71
fenerbahçe,TCDD-GH,GAYRETTEPE,6,2.0
fenerbahçe,TCDD-GH,GAYRETTEPE,7,-10.96
fenerbahçe,TCDD-GH,GAYRETTEPE,8,-23.56
fenerbahçe,TCDD-GH,GAYRETTEPE,9,18.96
fenerbahçe,TCDD-GH,GAYRETTEPE,10,-3.97
fenerbahçe,TCDD-GH,GAYRETTEPE,11,2.51
fenerbahçe,TCDD-GH,GAYRETTEPE,12,-41.89
fenerbahçe,TCDD-GH,GOKTURK,-12,-1.31
fenerbahçe,TCDD-GH,GOKTURK,-11,-1.43
fenerbahçe,TCDD-GH,GOKTURK,-10,-3.91
fenerbahçe,TCDD-GH,GOKTURK,-9,-3.34
fenerbahçe,TCDD-GH,GOKTURK,-8,-2.81
fenerbahçe,TCDD-GH,GOKTURK,-7,3.03
fenerbahçe,TCDD-GH,GOKTURK,-6,5.36
fenerbahçe,TCDD-GH,GOKTURK,-5,6.42
fenerbahçe,TCDD-GH,GOKTURK,-4,0.52
fenerbahçe,TCDD-GH,GOKTURK,-3,10.16
fenerbahçe,TCDD-GH,GOKTURK,-2,7.94
fenerbahçe,TCDD-GH,GOKTURK,-1,5.45
fenerbahçe,TCDD-GH,GOKTURK,0,-0.49
fenerbahçe,TCDD-GH,GOKTURK,1,-3.49
fenerbahçe,TCDD-GH,GOKTURK,2,-6.36
fenerbahçe,TCDD-GH,GOKTURK,3,-3.58
fenerbahçe,TCDD-GH,GOKTURK,4,-7.13
fenerbahçe,TCDD-GH,GOKTURK,5,-6.13
fenerbahçe,TCDD-GH,GOKTURK,6,-11.14
fenerbahçe,TCDD-GH,GOKTURK,7,-14.14
fenerbahçe,TCDD-GH,GOKTURK,8,2.19
fenerbahçe,TCDD-GH,GOKTURK,9,3.01
fenerbahçe,TCDD-GH,GOKTURK,10,-1.76
fenerbahçe,TCDD-GH,GOKTURK,11,-1.37
fenerbahçe,TCDD-GH,GOKTURK,12,3.93
fenerbahçe,TCDD-GH,HASDAL,-12,0.34
fenerbahçe,TCDD-GH,HASDAL,-11,0.84
fenerbahçe,TCDD-GH,HASDAL,-10,-0.75
fenerbahçe,TCDD-GH,HASDAL,-9,-0.82
fenerbahçe,TCDD-GH,HASDAL,-8,-0.84
fenerbahçe,TCDD-GH,HASDAL,-7,-0.18
fenerbahçe,TCDD-GH,HASDAL,-6,-0.87
fenerbahçe,TCDD-GH,HASDAL,-5,-0.62
fenerbahçe,TCDD-GH,HASDAL,-4,-0.42
fenerbahçe,TCDD-GH,HASDAL,-3,0.16
fenerbahçe,TCDD-GH,HASDAL,-2,0.48
fenerbahçe,TCDD-GH,HASDAL,-1,-1.46
fenerbahçe,TCDD-GH,HASDAL,0,0.48
fenerbahçe,TCDD-GH,HASDAL,1,-0.53
fenerbahçe,TCDD-GH,HASDAL,2,0.74
fenerbahçe,TCDD-GH,HASDAL,3,-0.2
fenerbahçe,TCDD-GH,HASDAL,4,0.85
fenerbahçe,TCDD-GH,HASDAL,5,1.22
fenerbahçe,TCDD-GH,HASDAL,6,0.57
fenerbahçe,TCDD-GH,HASDAL,7,-1.11
fenerbahçe,TCDD-GH,HASDAL,8,0.97
fenerbahçe,TCDD-GH,HASDAL,9,-0.29
fenerbahçe,TCDD-GH,HASDAL,10,-0.85
fenerbahçe,TCDD-GH,HASDAL,11,0.02
fenerbahçe,TCDD-GH,HASDAL,12,-0.12
fenerbahçe,TCDD-GH,HAVALIMANI,-12,-2.63
fenerbahçe,TCDD-GH,HAVALIMANI,-11,-3.15
fenerbahçe,TCDD-GH,HAVALIMANI,-10,-1.81
fenerbahçe,TCDD-GH,HAVALIMANI,-9,-16.81
fenerbahçe,TCDD-GH,HAVALIMANI,-8,-15.31
fenerbahçe,TCDD-GH,HAVALIMANI,-7,-5.63
fenerbahçe,TCDD-GH,HAVALIMANI,-6,-12.09
fenerbahçe,TCDD-GH,HAVALIMANI,-5,-9.72
fenerbahçe,TCDD-GH,HAVALIMANI,-4,4.78
fenerbahçe,TCDD-GH,HAVALIMANI,-3,-0.89
fenerbahçe,TCDD-GH,HAVALIMANI,-2,-20.93
fenerbahçe,TCDD-GH,HAVALIMANI,-1,-4.03
fenerbahçe,TCDD-GH,HAVALIMANI,0,-3.52
fenerbahçe,TCDD-GH,HAVALIMANI,1,-16.62
fenerbahçe,TCDD-GH,HAVALIMANI,2,-17.94
fenerbahçe,TCDD-GH,HAVALIMANI,3,-15.64
fenerbahçe,TCDD-GH,HAVALIMANI,4,-7.24
fenerbahçe,TCDD-GH,HAVALIMANI,5,-5.79
fenerbahçe,TCDD-GH,HAVALIMANI,6,3.68
fenerbahçe,TCDD-GH,HAVALIMANI,7,-12.48
fenerbahçe,TCDD-GH,HAVALIMANI,8,11.59
fenerbahçe,TCDD-GH,HAVALIMANI,9,-3.38
fenerbahçe,TCDD-GH,HAVALIMANI,10,-5.99
fenerbahçe,TCDD-GH,HAVALIMANI,11,-16.67
fenerbahçe,TCDD-GH,HAVALIMANI,12,-1.79
fenerbahçe,TCDD-GH,HAVALIMANI   (KARGO TERMINALI),-12,2.35
fenerbahçe,TCDD-GH,HAVALIMANI   (KARGO TERMINALI),-11,0.5
fenerbahçe,TCDD-GH,HAVALIMANI   (KARGO TERMINALI),-10,0.65
fenerbahçe,TCDD-GH,HAVALIMANI   (KARGO TERMINALI),-9,1.07
fenerbahçe,TCDD-GH,HAVALIMANI   (KARGO TERMINALI),-8,1.23
fenerbahçe,TCDD-GH,HAVALIMANI   (KARGO TERMINALI),-7,-1.32
fenerbahçe,TCDD-GH,HAVALIMANI   (KARGO TERMINALI),-6,-1.4
fenerbahçe,TCDD-GH,HAVALIMANI   (KARGO TERMINALI),-5,-1.0
fenerbahçe,TCDD-GH,HAVALIMANI   (KARGO TERMINALI),-4,-0.51
fenerbahçe,TCDD-GH,HAVALIMANI   (KARGO TERMINALI),-3,2.71
fenerbahçe,TCDD-GH,HAVALIMANI   (KARGO TERMINALI),-2,0.53
fenerbahçe,TCDD-GH,HAVALIMANI   (KARGO TERMINALI),-1,-0.7
fenerbahçe,TCDD-GH,HAVALIMANI   (KARGO TERMINALI),0,-0.26
fenerbahçe,TCDD-GH,HAVALIMANI   (KARGO TERMINALI),1,0.21
fenerbahçe,TCDD-GH,HAVALIMANI   (KARGO TERMINALI),2,-1.36
fenerbahçe,TCDD-GH,HAVALIMANI   (KARGO TERMINALI),3,-1.76
fenerbahçe,TCDD-GH,HAVALIMANI   (KARGO TERMINALI),4,-1.94
fenerbahçe,TCDD-GH,HAVALIMANI   (KARGO TERMINALI),5,-0.46
fenerbahçe,TCDD-GH,HAVALIMANI   (KARGO TERMINALI),6,-3.98
fenerbahçe,TCDD-GH,HAVALIMANI   (KARGO TERMINALI),7,-1.38
fenerbahçe,TCDD-GH,HAVALIMANI   (KARGO TERMINALI),8,-0.84
fenerbahçe,TCDD-GH,HAVALIMANI   (KARGO TERMINALI),9,-0.03
fenerbahçe,TCDD-GH,HAVALIMANI   (KARGO TERMINALI),10,-0.13
fenerbahçe,TCDD-GH,HAVALIMANI   (KARGO TERMINALI),11,0.6
fenerbahçe,TCDD-GH,HAVALIMANI   (KARGO TERMINALI),12,0.93
fenerbahçe,TCDD-GH,HAVALIMANI (KARGO TERMINALI ),-12,-2.68
fenerbahçe,TCDD-GH,HAVALIMANI (KARGO TERMINALI ),-11,0.85
fenerbahçe,TCDD-GH,HAVALIMANI (KARGO TERMINALI ),-10,0.51
fenerbahçe,TCDD-GH,HAVALIMANI (KARGO TERMINALI ),-9,-1.99
fenerbahçe,TCDD-GH,HAVALIMANI (KARGO TERMINALI ),-8,-2.2
fenerbahçe,TCDD-GH,HAVALIMANI (KARGO TERMINALI ),-7,0.7
fenerbahçe,TCDD-GH,HAVALIMANI (KARGO TERMINALI ),-6,0.14
fenerbahçe,TCDD-GH,HAVALIMANI (KARGO TERMINALI ),-5,-14.0
fenerbahçe,TCDD-GH,HAVALIMANI (KARGO TERMINALI ),-4,-4.1
fenerbahçe,TCDD-GH,HAVALIMANI (KARGO TERMINALI ),-3,-3.79
fenerbahçe,TCDD-GH,HAVALIMANI (KARGO TERMINALI ),-2,-6.36
fenerbahçe,TCDD-GH,HAVALIMANI (KARGO TERMINALI ),-1,-3.54
fenerbahçe,TCDD-GH,HAVALIMANI (KARGO TERMINALI ),0,-2.86
fenerbahçe,TCDD-GH,HAVALIMANI (KARGO TERMINALI ),1,0.03
fenerbahçe,TCDD-GH,HAVALIMANI (KARGO TERMINALI ),2,-5.67
fenerbahçe,TCDD-GH,HAVALIMANI (KARGO TERMINALI ),3,-5.12
fenerbahçe,TCDD-GH,HAVALIMANI (KARGO TERMINALI ),4,-1.39
fenerbahçe,TCDD-GH,HAVALIMANI (KARGO TERMINALI ),5,-0.48
fenerbahçe,TCDD-GH,HAVALIMANI (KARGO TERMINALI ),7,1.33
fenerbahçe,TCDD-GH,HAVALIMANI (KARGO TERMINALI ),8,-0.52
fenerbahçe,TCDD-GH,HAVALIMANI (KARGO TERMINALI ),9,1.32
fenerbahçe,TCDD-GH,HAVALIMANI (KARGO TERMINALI ),10,-2.42
fenerbahçe,TCDD-GH,HAVALIMANI (KARGO TERMINALI ),11,-1.56
fenerbahçe,TCDD-GH,HAVALIMANI (KARGO TERMINALI ),12,1.16
fenerbahçe,TCDD-GH,IHSANIYE,-12,0.26
fenerbahçe,TCDD-GH,IHSANIYE,-11,3.06
fenerbahçe,TCDD-GH,IHSANIYE,-10,-0.85
fenerbahçe,TCDD-GH,IHSANIYE,-9,1.2
fenerbahçe,TCDD-GH,IHSANIYE,-8,0.99
fenerbahçe,TCDD-GH,IHSANIYE,-7,-1.08
fenerbahçe,TCDD-GH,IHSANIYE,-6,0.43
fenerbahçe,TCDD-GH,IHSANIYE,-5,-3.22
fenerbahçe,TCDD-GH,IHSANIYE,-4,-3.17
fenerbahçe,TCDD-GH,IHSANIYE,-3,0.8
fenerbahçe,TCDD-GH,IHSANIYE,-2,-1.14
fenerbahçe,TCDD-GH,IHSANIYE,-1,-5.85
fenerbahçe,TCDD-GH,IHSANIYE,0,-2.81
fenerbahçe,TCDD-GH,IHSANIYE,1,-4.87
fenerbahçe,TCDD-GH,IHSANIYE,2,-1.57
fenerbahçe,TCDD-GH,IHSANIYE,3,-1.3
fenerbahçe,TCDD-GH,IHSANIYE,4,-1.43
fenerbahçe,TCDD-GH,IHSANIYE,5,-0.8
fenerbahçe,TCDD-GH,IHSANIYE,6,-0.84
fenerbahçe,TCDD-GH,IHSANIYE,7,0.3
fenerbahçe,TCDD-GH,IHSANIYE,8,0.8
fenerbahçe,TCDD-GH,IHSANIYE,9,1.48
fenerbahçe,TCDD-GH,IHSANIYE,10,-0.04
fenerbahçe,TCDD-GH,IHSANIYE,11,2.64
fenerbahçe,TCDD-GH,IHSANIYE,12,6.39
fenerbahçe,TCDD-GH,KAGITHANE,-12,24.53
fenerbahçe,TCDD-GH,KAGITHANE,-11,26.03
fenerbahçe,TCDD-GH,KAGITHANE,-10,10.56
fenerbahçe,TCDD-GH,KAGITHANE,-9,1.12
fenerbahçe,TCDD-GH,KAGITHANE,-8,19.47
fenerbahçe,TCDD-GH,KAGITHANE,-7,27.83
fenerbahçe,TCDD-GH,KAGITHANE,-6,21.34
fenerbahçe,TCDD-GH,KAGITHANE,-5,15.6
fenerbahçe,TCDD-GH,KAGITHANE,-4,23.64
fenerbahçe,TCDD-GH,KAGITHANE,-3,27.86
fenerbahçe,TCDD-GH,KAGITHANE,-2,31.18
fenerbahçe,TCDD-GH,KAGITHANE,-1,13.73
fenerbahçe,TCDD-GH,KAGITHANE,0,6.75
fenerbahçe,TCDD-GH,KAGITHANE,1,12.94
fenerbahçe,TCDD-GH,KAGITHANE,2,5.4
fenerbahçe,TCDD-GH,KAGITHANE,3,10.31
fenerbahçe,TCDD-GH,KAGITHANE,4,2.48
fenerbahçe,TCDD-GH,KAGITHANE,5,-0.09
fenerbahçe,TCDD-GH,KAGITHANE,6,9.05
fenerbahçe,TCDD-GH,KAGITHANE,7,0.79
fenerbahçe,TCDD-GH,KAGITHANE,8,-3.14
fenerbahçe,TCDD-GH,KAGITHANE,9,-2.76
fenerbahçe,TCDD-GH,KAGITHANE,10,2.18
fenerbahçe,TCDD-GH,KAGITHANE,11,-9.89
fenerbahçe,TCDD-GH,KAGITHANE,12,26.23
fenerbahçe,TCDD-GH,KEMERBURGAZ,-12,-0.47
fenerbahçe,TCDD-GH,KEMERBURGAZ,-11,-1.59
fenerbahçe,TCDD-GH,KEMERBURGAZ,-10,0.77
fenerbahçe,TCDD-GH,KEMERBURGAZ,-9,-0.88
fenerbahçe,TCDD-GH,KEMERBURGAZ,-8,-3.15
fenerbahçe,TCDD-GH,KEMERBURGAZ,-7,1.22
fenerbahçe,TCDD-GH,KEMERBURGAZ,-6,-3.14
fenerbahçe,TCDD-GH,KEMERBURGAZ,-5,11.56
fenerbahçe,TCDD-GH,KEMERBURGAZ,-4,10.0
fenerbahçe,TCDD-GH,KEMERBURGAZ,-3,9.68
fenerbahçe,TCDD-GH,KEMERBURGAZ,-2,8.76
fenerbahçe,TCDD-GH,KEMERBURGAZ,-1,-1.17
fenerbahçe,TCDD-GH,KEMERBURGAZ,0,-1.05
fenerbahçe,TCDD-GH,KEMERBURGAZ,1,-5.14
fenerbahçe,TCDD-GH,KEMERBURGAZ,2,-0.57
fenerbahçe,TCDD-GH,KEMERBURGAZ,3,-2.64
fenerbahçe,TCDD-GH,KEMERBURGAZ,4,-4.1
fenerbahçe,TCDD-GH,KEMERBURGAZ,5,-4.09
fenerbahçe,TCDD-GH,KEMERBURGAZ,6,-3.54
fenerbahçe,TCDD-GH,KEMERBURGAZ,7,-2.85
fenerbahçe,TCDD-GH,KEMERBURGAZ,8,0.8
fenerbahçe,TCDD-GH,KEMERBURGAZ,9,3.24
fenerbahçe,TCDD-GH,KEMERBURGAZ,10,-1.39
fenerbahçe,TCDD-GH,KEMERBURGAZ,11,-2.2
fenerbahçe,TCDD-GH,KEMERBURGAZ,12,0.5
fenerbahçe,TCDD-GH,TASOLUK,-12,-2.8
fenerbahçe,TCDD-GH,TASOLUK,-11,2.76
fenerbahçe,TCDD-GH,TASOLUK,-10,4.62
fenerbahçe,TCDD-GH,TASOLUK,-9,1.03
fenerbahçe,TCDD-GH,TASOLUK,-8,4.04
fenerbahçe,TCDD-GH,TASOLUK,-7,-6.54
fenerbahçe,TCDD-GH,TASOLUK,-6,8.38
fenerbahçe,TCDD-GH,TASOLUK,-5,-0.09
fenerbahçe,TCDD-GH,TASOLUK,-4,-2.93
fenerbahçe,TCDD-GH,TASOLUK,-3,-1.7
fenerbahçe,TCDD-GH,TASOLUK,-2,-2.91
fenerbahçe,TCDD-GH,TASOLUK,-1,2.62
fenerbahçe,TCDD-GH,TASOLUK,0,0.04
fenerbahçe,TCDD-GH,TASOLUK,1,-2.02
fenerbahçe,TCDD-GH,TASOLUK,2,5.63
fenerbahçe,TCDD-GH,TASOLUK,3,-2.19
fenerbahçe,TCDD-GH,TASOLUK,4,-2.96
fenerbahçe,TCDD-GH,TASOLUK,5,0.2
fenerbahçe,TCDD-GH,TASOLUK,6,0.0
fenerbahçe,TCDD-GH,TASOLUK,7,-1.65
fenerbahçe,TCDD-GH,TASOLUK,8,7.61
fenerbahçe,TCDD-GH,TASOLUK,9,-2.53
fenerbahçe,TCDD-GH,TASOLUK,10,5.51
fenerbahçe,TCDD-GH,TASOLUK,11,7.34
fenerbahçe,TCDD-GH,TASOLUK,12,3.04
fenerbahçe,TCDD-HB,BAHCESEHIR,-12,0.21
fenerbahçe,TCDD-HB,BAHCESEHIR,-11,4.36
fenerbahçe,TCDD-HB,BAHCESEHIR,-10,1.19
fenerbahçe,TCDD-HB,BAHCESEHIR,-9,
fenerbahçe,TCDD-HB,BAHCESEHIR,-8,0.0
fenerbahçe,TCDD-HB,BAHCESEHIR,-7,0.0
fenerbahçe,TCDD-HB,BAHCESEHIR,-5,0.5
fenerbahçe,TCDD-HB,BAHCESEHIR,-4,2.39
fenerbahçe,TCDD-HB,BAHCESEHIR,-3,0.49
fenerbahçe,TCDD-HB,BAHCESEHIR,-2,-0.88
fenerbahçe,TCDD-HB,BAHCESEHIR,-1,2.84
fenerbahçe,TCDD-HB,BAHCESEHIR,0,-0.33
fenerbahçe,TCDD-HB,BAHCESEHIR,1,-6.39
fenerbahçe,TCDD-HB,BAHCESEHIR,2,-0.32
fenerbahçe,TCDD-HB,BAHCESEHIR,8,15.35
fenerbahçe,TCDD-HB,BAHCESEHIR,9,-8.59
fenerbahçe,TCDD-HB,BAHCESEHIR,10,-2.58
fenerbahçe,TCDD-HB,BAHCESEHIR,11,2.11
fenerbahçe,TCDD-HB,BAHCESEHIR,12,11.3
fenerbahçe,TCDD-HB,HALKALI,-11,-0.33
fenerbahçe,TCDD-HB,HALKALI,-10,-0.41
fenerbahçe,TCDD-HB,HALKALI,-7,0.0
fenerbahçe,TCDD-HB,HALKALI,-6,1.0
fenerbahçe,TCDD-HB,HALKALI,-4,37.0
fenerbahçe,TCDD-HB,HALKALI,-3,-33.87
fenerbahçe,TCDD-HB,HALKALI,-2,9.8
fenerbahçe,TCDD-HB,HALKALI,-1,4.11
fenerbahçe,TCDD-HB,HALKALI,1,5.81
fenerbahçe,TCDD-HB,HALKALI,2,-2.97
fenerbahçe,TCDD-HB,HALKALI,8,-0.41
fenerbahçe,TCDD-HB,HALKALI,9,-0.51
fenerbahçe,TCDD-HB,HALKALI,10,0.21
fenerbahçe,TCDD-HB,HALKALI,11,0.18
fenerbahçe,TCDD-HB,ISPARTAKULE,-12,-0.17
fenerbahçe,TCDD-HB,ISPARTAKULE,-7,
fenerbahçe,TCDD-HB,ISPARTAKULE,-3,
fenerbahçe,TCDD-HB,ISPARTAKULE,-2,-0.11
fenerbahçe,TCDD-HB,ISPARTAKULE,-1,0.62
fenerbahçe,TCDD-HB,ISPARTAKULE,0,0.22
fenerbahçe,TCDD-HB,ISPARTAKULE,8,-1.1
fenerbahçe,TCDD-HB,ISPARTAKULE,9,-1.33
fenerbahçe,TCDD-HB,ISPARTAKULE,10,-0.48
fenerbahçe,TCDD-HB,ISPARTAKULE,11,0.2
fenerbahçe,TCDD-HB,ISPARTAKULE,12,-0.76
fenerbahçe,TCDD-SK,CANKURTARAN,-12,5.4
fenerbahçe,TCDD-SK,CANKURTARAN,-11,-2.74
fenerbahçe,TCDD-SK,CANKURTARAN,-10,-0.92
fenerbahçe,TCDD-SK,CANKURTARAN,-9,-1.43
fenerbahçe,TCDD-SK,CANKURTARAN,-8,1.53
fenerbahçe,TCDD-SK,CANKURTARAN,-7,-14.29
fenerbahçe,TCDD-SK,CANKURTARAN,-6,-3.73
fenerbahçe,TCDD-SK,CANKURTARAN,-5,6.99
fenerbahçe,TCDD-SK,CANKURTARAN,-4,0.57
fenerbahçe,TCDD-SK,CANKURTARAN,-3,5.63
fenerbahçe,TCDD-SK,CANKURTARAN,-2,12.24
fenerbahçe,TCDD-SK,CANKURTARAN,-1,4.9
fenerbahçe,TCDD-SK,CANKURTARAN,0,3.34
fenerbahçe,TCDD-SK,CANKURTARAN,1,0.67
fenerbahçe,TCDD-SK,CANKURTARAN,2,-0.82
fenerbahçe,TCDD-SK,CANKURTARAN,3,-0.84
fenerbahçe,TCDD-SK,CANKURTARAN,4,-2.71
fenerbahçe,TCDD-SK,CANKURTARAN,5,0.0
fenerbahçe,TCDD-SK,CANKURTARAN,6,0.0
fenerbahçe,TCDD-SK,CANKURTARAN,7,0.0
fenerbahçe,TCDD-SK,CANKURTARAN,8,-0.95
fenerbahçe,TCDD-SK,CANKURTARAN,9,0.34
fenerbahçe,TCDD-SK,CANKURTARAN,10,0.11
fenerbahçe,TCDD-SK,CANKURTARAN,11,2.18
fenerbahçe,TCDD-SK,CANKURTARAN,12,9.16
fenerbahçe,TCDD-SK,CERRAHPASA,-12,-8.31
fenerbahçe,TCDD-SK,CERRAHPASA,-11,-10.79
fenerbahçe,TCDD-SK,CERRAHPASA,-10,-8.58
fenerbahçe,TCDD-SK,CERRAHPASA,-9,0.74
fenerbahçe,TCDD-SK,CERRAHPASA,-8,-3.64
fenerbahçe,TCDD-SK,CERRAHPASA,-7,-15.23
fenerbahçe,TCDD-SK,CERRAHPASA,-6,-11.53
fenerbahçe,TCDD-SK,CERRAHPASA,-5,1.45
fenerbahçe,TCDD-SK,CERRAHPASA,-4,12.23
fenerbahçe,TCDD-SK,CERRAHPASA,-3,17.75
fenerbahçe,TCDD-SK,CERRAHPASA,-2,9.01
fenerbahçe,TCDD-SK,CERRAHPASA,-1,1.71
fenerbahçe,TCDD-SK,CERRAHPASA,0,0.31
fenerbahçe,TCDD-SK,CERRAHPASA,1,-3.76
fenerbahçe,TCDD-SK,CERRAHPASA,2,4.78
fenerbahçe,TCDD-SK,CERRAHPASA,3,1.93
fenerbahçe,TCDD-SK,CERRAHPASA,4,-0.71
fenerbahçe,TCDD-SK,CERRAHPASA,8,2.16
fenerbahçe,TCDD-SK,CERRAHPASA,9,-2.47
fenerbahçe,TCDD-SK,CERRAHPASA,10,-1.5
fenerbahçe,TCDD-SK,CERRAHPASA,11,2.11
fenerbahçe,TCDD-SK,CERRAHPASA,12,0.49
fenerbahçe,TCDD-SK,KAZLICESME,-12,1.55
fenerbahçe,TCDD-SK,KAZLICESME,-11,-1.52
fenerbahçe,TCDD-SK,KAZLICESME,-10,7.15
fenerbahçe,TCDD-SK,KAZLICESME,-9,0.35
fenerbahçe,TCDD-SK,KAZLICESME,-8,-6.45
fenerbahçe,TCDD-SK,KAZLICESME,-7,4.88
fenerbahçe,TCDD-SK,KAZLICESME,-6,20.05
fenerbahçe,TCDD-SK,KAZLICESME,-5,32.71
fenerbahçe,TCDD-SK,KAZLICESME,-4,21.63
fenerbahçe,TCDD-SK,KAZLICESME,-3,21.31
fenerbahçe,TCDD-SK,KAZLICESME,-2,19.33
fenerbahçe,TCDD-SK,KAZLICESME,-1,11.83
fenerbahçe,TCDD-SK,KAZLICESME,0,13.75
fenerbahçe,TCDD-SK,KAZLICESME,1,8.19
fenerbahçe,TCDD-SK,KAZLICESME,2,4.69
fenerbahçe,TCDD-SK,KAZLICESME,3,1.66
fenerbahçe,TCDD-SK,KAZLICESME,4,0.0
fenerbahçe,TCDD-SK,KAZLICESME,8,-3.06
fenerbahçe,TCDD-SK,KAZLICESME,9,4.43
fenerbahçe,TCDD-SK,KAZLICESME,10,-0.84
fenerbahçe,TCDD-SK,KAZLICESME,11,-0.65
fenerbahçe,TCDD-SK,KAZLICESME,12,5.36
fenerbahçe,TCDD-SK,KOCA MUSTAFA PASA,-12,-6.66
fenerbahçe,TCDD-SK,KOCA MUSTAFA PASA,-11,4.22
fenerbahçe,TCDD-SK,KOCA MUSTAFA PASA,-10,0.81
fenerbahçe,TCDD-SK,KOCA MUSTAFA PASA,-9,-0.85
fenerbahçe,TCDD-SK,KOCA MUSTAFA PASA,-8,1.98
fenerbahçe,TCDD-SK,KOCA MUSTAFA PASA,-7,7.3
fenerbahçe,TCDD-SK,KOCA MUSTAFA PASA,-6,17.48
fenerbahçe,TCDD-SK,KOCA MUSTAFA PASA,-5,16.8
fenerbahçe,TCDD-SK,KOCA MUSTAFA PASA,-4,10.55
fenerbahçe,TCDD-SK,KOCA MUSTAFA PASA,-3,10.11
fenerbahçe,TCDD-SK,KOCA MUSTAFA PASA,-2,5.79
fenerbahçe,TCDD-SK,KOCA MUSTAFA PASA,-1,3.13
fenerbahçe,TCDD-SK,KOCA MUSTAFA PASA,0,2.57
fenerbahçe,TCDD-SK,KOCA MUSTAFA PASA,1,-0.96
fenerbahçe,TCDD-SK,KOCA MUSTAFA PASA,2,1.51
fenerbahçe,TCDD-SK,KOCA MUSTAFA PASA,3,0.04
fenerbahçe,TCDD-SK,KOCA MUSTAFA PASA,4,-1.2
fenerbahçe,TCDD-SK,KOCA MUSTAFA PASA,7,-2.09
fenerbahçe,TCDD-SK,KOCA MUSTAFA PASA,8,-0.22
fenerbahçe,TCDD-SK,KOCA MUSTAFA PASA,9,2.74
fenerbahçe,TCDD-SK,KOCA MUSTAFA PASA,10,-0.56
fenerbahçe,TCDD-SK,KOCA MUSTAFA PASA,11,0.5
fenerbahçe,TCDD-SK,KOCA MUSTAFA PASA,12,4.09
fenerbahçe,TCDD-SK,KUMKAPI,-12,-4.24
fenerbahçe,TCDD-SK,KUMKAPI,-11,-1.36
fenerbahçe,TCDD-SK,KUMKAPI,-10,0.25
fenerbahçe,TCDD-SK,KUMKAPI,-9,-4.4
fenerbahçe,TCDD-SK,KUMKAPI,-8,-4.37
fenerbahçe,TCDD-SK,KUMKAPI,-7,-1.39
fenerbahçe,TCDD-SK,KUMKAPI,-6,-1.62
fenerbahçe,TCDD-SK,KUMKAPI,-5,-7.79
fenerbahçe,TCDD-SK,KUMKAPI,-4,4.44
fenerbahçe,TCDD-SK,KUMKAPI,-3,24.98
fenerbahçe,TCDD-SK,KUMKAPI,-2,38.3
fenerbahçe,TCDD-SK,KUMKAPI,-1,-3.2
fenerbahçe,TCDD-SK,KUMKAPI,0,-2.45
fenerbahçe,TCDD-SK,KUMKAPI,1,-3.44
fenerbahçe,TCDD-SK,KUMKAPI,2,-2.56
fenerbahçe,TCDD-SK,KUMKAPI,3,3.54
fenerbahçe,TCDD-SK,KUMKAPI,4,-4.96
fenerbahçe,TCDD-SK,KUMKAPI,6,0.0
fenerbahçe,TCDD-SK,KUMKAPI,8,-2.37
fenerbahçe,TCDD-SK,KUMKAPI,9,3.83
fenerbahçe,TCDD-SK,KUMKAPI,10,-0.73
fenerbahçe,TCDD-SK,KUMKAPI,11,0.75
fenerbahçe,TCDD-SK,KUMKAPI,12,-3.41
fenerbahçe,TCDD-SK,SIRKECI,-12,-4.03
fenerbahçe,TCDD-SK,SIRKECI,-11,-5.7
fenerbahçe,TCDD-SK,SIRKECI,-10,4.34
fenerbahçe,TCDD-SK,SIRKECI,-9,-0.35
fenerbahçe,TCDD-SK,SIRKECI,-8,-2.47
fenerbahçe,TCDD-SK,SIRKECI,-7,2.22
fenerbahçe,TCDD-SK,SIRKECI,-6,-3.72
fenerbahçe,TCDD-SK,SIRKECI,-5,7.76
fenerbahçe,TCDD-SK,SIRKECI,-4,35.15
fenerbahçe,TCDD-SK,SIRKECI,-3,50.86
fenerbahçe,TCDD-SK,SIRKECI,-2,32.57
fenerbahçe,TCDD-SK,SIRKECI,-1,7.93
fenerbahçe,TCDD-SK,SIRKECI,0,9.76
fenerbahçe,TCDD-SK,SIRKECI,1,1.45
fenerbahçe,TCDD-SK,SIRKECI,2,0.61
fenerbahçe,TCDD-SK,SIRKECI,3,2.96
fenerbahçe,TCDD-SK,SIRKECI,4,-1.87
fenerbahçe,TCDD-SK,SIRKECI,8,6.23
fenerbahçe,TCDD-SK,SIRKECI,9,-0.6
fenerbahçe,TCDD-SK,SIRKECI,10,1.93
fenerbahçe,TCDD-SK,SIRKECI,11,0.66
fenerbahçe,TCDD-SK,SIRKECI,12,3.98
fenerbahçe,TCDD-SK,YEDIKULE,-12,3.56
fenerbahçe,TCDD-SK,YEDIKULE,-11,0.46
fenerbahçe,TCDD-SK,YEDIKULE,-10,3.73
fenerbahçe,TCDD-SK,YEDIKULE,-9,-3.06
fenerbahçe,TCDD-SK,YEDIKULE,-8,1.31
fenerbahçe,TCDD-SK,YEDIKULE,-7,6.85
fenerbahçe,TCDD-SK,YEDIKULE,-6,-1.46
fenerbahçe,TCDD-SK,YEDIKULE,-5,6.78
fenerbahçe,TCDD-SK,YEDIKULE,-4,8.25
fenerbahçe,TCDD-SK,YEDIKULE,-3,5.76
fenerbahçe,TCDD-SK,YEDIKULE,-2,3.37
fenerbahçe,TCDD-SK,YEDIKULE,-1,-0.82
fenerbahçe,TCDD-SK,YEDIKULE,0,0.26
fenerbahçe,TCDD-SK,YEDIKULE,1,-0.72
fenerbahçe,TCDD-SK,YEDIKULE,2,-1.27
fenerbahçe,TCDD-SK,YEDIKULE,3,-1.51
fenerbahçe,TCDD-SK,YEDIKULE,4,-0.39
fenerbahçe,TCDD-SK,YEDIKULE,7,-0.45
fenerbahçe,TCDD-SK,YEDIKULE,8,-2.07
fenerbahçe,TCDD-SK,YEDIKULE,9,-3.59
fenerbahçe,TCDD-SK,YEDIKULE,10,-0.2
fenerbahçe,TCDD-SK,YEDIKULE,11,1.54
fenerbahçe,TCDD-SK,YEDIKULE,12,3.21
fenerbahçe,TCDD-SK,YENIKAPI,-12,-3.37
fenerbahçe,TCDD-SK,YENIKAPI,-11,-4.27
fenerbahçe,TCDD-SK,YENIKAPI,-10,0.53
fenerbahçe,TCDD-SK,YENIKAPI,-9,-6.91
fenerbahçe,TCDD-SK,YENIKAPI,-8,-1.03
fenerbahçe,TCDD-SK,YENIKAPI,-7,-3.23
fenerbahçe,TCDD-SK,YENIKAPI,-6,-6.36
fenerbahçe,TCDD-SK,YENIKAPI,-5,-0.71
fenerbahçe,TCDD-SK,YENIKAPI,-4,4.82
fenerbahçe,TCDD-SK,YENIKAPI,-3,37.62
fenerbahçe,TCDD-SK,YENIKAPI,-2,35.76
fenerbahçe,TCDD-SK,YENIKAPI,-1,7.16
fenerbahçe,TCDD-SK,YENIKAPI,0,4.38
fenerbahçe,TCDD-SK,YENIKAPI,1,0.44
fenerbahçe,TCDD-SK,YENIKAPI,2,6.57
fenerbahçe,TCDD-SK,YENIKAPI,3,5.77
fenerbahçe,TCDD-SK,YENIKAPI,4,2.72
fenerbahçe,TCDD-SK,YENIKAPI,6,0.0
fenerbahçe,TCDD-SK,YENIKAPI,8,-3.82
fenerbahçe,TCDD-SK,YENIKAPI,9,5.05
fenerbahçe,TCDD-SK,YENIKAPI,10,11.31
fenerbahçe,TCDD-SK,YENIKAPI,11,5.83
fenerbahçe,TCDD-SK,YENIKAPI,12,3.99
fenerbahçe,TF1,MACKA,-12,0.88
fenerbahçe,TF1,MACKA,-11,0.41
fenerbahçe,TF1,MACKA,-10,2.02
fenerbahçe,TF1,MACKA,-9,-2.55
fenerbahçe,TF1,MACKA,-8,-1.21
fenerbahçe,TF1,MACKA,-7,11.11
fenerbahçe,TF1,MACKA,-6,0.09
fenerbahçe,TF1,MACKA,-5,4.72
fenerbahçe,TF1,MACKA,-4,8.97
fenerbahçe,TF1,MACKA,-3,12.16
fenerbahçe,TF1,MACKA,-2,7.01
fenerbahçe,TF1,MACKA,-1,-3.32
fenerbahçe,TF1,MACKA,0,-5.38
fenerbahçe,TF1,MACKA,1,-8.56
fenerbahçe,TF1,MACKA,2,-34.55
fenerbahçe,TF1,MACKA,3,-36.4
fenerbahçe,TF1,MACKA,4,0.6
fenerbahçe,TF1,MACKA,9,1.85
fenerbahçe,TF1,MACKA,10,62.8
fenerbahçe,TF1,MACKA,11,-13.34
fenerbahçe,TF1,MACKA,12,-1.68
fenerbahçe,TF2,EYUP,-12,-22.36
fenerbahçe,TF2,EYUP,-11,9.95
fenerbahçe,TF2,EYUP,-10,-20.77
fenerbahçe,TF2,EYUP,-9,-10.86
fenerbahçe,TF2,EYUP,-8,-4.58
fenerbahçe,TF2,EYUP,-7,-10.08
fenerbahçe,TF2,EYUP,-6,-3.95
fenerbahçe,TF2,EYUP,-5,-11.6
fenerbahçe,TF2,EYUP,-4,-8.45
fenerbahçe,TF2,EYUP,-3,-6.75
fenerbahçe,TF2,EYUP,-2,-9.42
fenerbahçe,TF2,EYUP,-1,-3.17
fenerbahçe,TF2,EYUP,0,4.48
fenerbahçe,TF2,EYUP,1,-7.57
fenerbahçe,TF2,EYUP,2,-29.06
fenerbahçe,TF2,EYUP,3,-46.88
fenerbahçe,TF2,EYUP,4,-79.56
fenerbahçe,TF2,EYUP,5,-74.57
fenerbahçe,TF2,EYUP,6,-66.94
fenerbahçe,TF2,EYUP,9,17.86
fenerbahçe,TF2,EYUP,10,14.25
fenerbahçe,TF2,EYUP,11,-6.28
fenerbahçe,TF2,EYUP,12,-6.79
fenerbahçe,TF2,PIERLOTI,-12,-6.53
fenerbahçe,TF2,PIERLOTI,-11,-1.09
fenerbahçe,TF2,PIERLOTI,-10,2.11
fenerbahçe,TF2,PIERLOTI,-9,-7.11
fenerbahçe,TF2,PIERLOTI,-8,-2.93
fenerbahçe,TF2,PIERLOTI,-7,-8.11
fenerbahçe,TF2,PIERLOTI,-6,-7.64
fenerbahçe,TF2,PIERLOTI,-5,-0.62
fenerbahçe,TF2,PIERLOTI,-4,-0.2
fenerbahçe,TF2,PIERLOTI,-3,-2.84
fenerbahçe,TF2,PIERLOTI,-2,-9.69
fenerbahçe,TF2,PIERLOTI,-1,-1.33
fenerbahçe,TF2,PIERLOTI,0,-3.65
fenerbahçe,TF2,PIERLOTI,1,-3.04
fenerbahçe,TF2,PIERLOTI,2,-12.32
fenerbahçe,TF2,PIERLOTI,3,-24.87
fenerbahçe,TF2,PIERLOTI,4,-63.34
fenerbahçe,TF2,PIERLOTI,5,-69.78
fenerbahçe,TF2,PIERLOTI,6,-105.57
fenerbahçe,TF2,PIERLOTI,9,0.4
fenerbahçe,TF2,PIERLOTI,10,8.7
fenerbahçe,TF2,PIERLOTI,11,0.4
fenerbahçe,TF2,PIERLOTI,12,-4.32
fenerbahçe,TUNEL,BEYOGLU,-12,0.8
fenerbahçe,TUNEL,BEYOGLU,-11,3.94
fenerbahçe,TUNEL,BEYOGLU,-10,0.79
fenerbahçe,TUNEL,BEYOGLU,-9,-0.18
fenerbahçe,TUNEL,BEYOGLU,-8,9.51
fenerbahçe,TUNEL,BEYOGLU,-7,5.48
fenerbahçe,TUNEL,BEYOGLU,-6,2.81
fenerbahçe,TUNEL,BEYOGLU,-5,9.55
fenerbahçe,TUNEL,BEYOGLU,-4,17.84
fenerbahçe,TUNEL,BEYOGLU,-3,17.57
fenerbahçe,TUNEL,BEYOGLU,-2,31.82
fenerbahçe,TUNEL,BEYOGLU,-1,17.64
fenerbahçe,TUNEL,BEYOGLU,0,3.17
fenerbahçe,TUNEL,BEYOGLU,1,-3.03
fenerbahçe,TUNEL,BEYOGLU,2,3.13
fenerbahçe,TUNEL,BEYOGLU,3,4.51
fenerbahçe,TUNEL,BEYOGLU,4,-11.91
fenerbahçe,TUNEL,BEYOGLU,5,10.99
fenerbahçe,TUNEL,BEYOGLU,6,-12.79
fenerbahçe,TUNEL,BEYOGLU,9,0.83
fenerbahçe,TUNEL,BEYOGLU,10,-3.42
fenerbahçe,TUNEL,BEYOGLU,11,0.66
fenerbahçe,TUNEL,BEYOGLU,12,2.72
fenerbahçe,TUNEL,KARAKOY,-12,4.99
fenerbahçe,TUNEL,KARAKOY,-11,2.06
fenerbahçe,TUNEL,KARAKOY,-10,-1.68
fenerbahçe,TUNEL,KARAKOY,-9,-10.05
fenerbahçe,TUNEL,KARAKOY,-8,10.11
fenerbahçe,TUNEL,KARAKOY,-7,4.52
fenerbahçe,TUNEL,KARAKOY,-6,12.82
fenerbahçe,TUNEL,KARAKOY,-5,46.65
fenerbahçe,TUNEL,KARAKOY,-4,43.63
fenerbahçe,TUNEL,KARAKOY,-3,49.13
fenerbahçe,TUNEL,KARAKOY,-2,50.41
fenerbahçe,TUNEL,KARAKOY,-1,44.78
fenerbahçe,TUNEL,KARAKOY,0,18.66
fenerbahçe,TUNEL,KARAKOY,1,-1.65
fenerbahçe,TUNEL,KARAKOY,2,-1.74
fenerbahçe,TUNEL,KARAKOY,3,6.0
fenerbahçe,TUNEL,KARAKOY,4,-70.37
fenerbahçe,TUNEL,KARAKOY,5,-37.45
fenerbahçe,TUNEL,KARAKOY,6,-58.42
fenerbahçe,TUNEL,KARAKOY,8,-1.99
fenerbahçe,TUNEL,KARAKOY,9,-1.31
fenerbahçe,TUNEL,KARAKOY,10,-7.95
fenerbahçe,TUNEL,KARAKOY,11,-4.26
fenerbahçe,TUNEL,KARAKOY,12,1.23
galatasaray,F1,KABATAS,-12,3.98
galatasaray,F1,KABATAS,-11,-8.15
galatasaray,F1,KABATAS,-10,-9.33
galatasaray,F1,KABATAS,-9,10.87
galatasaray,F1,KABATAS,-8,5.53
galatasaray,F1,KABATAS,-7,14.61
galatasaray,F1,KABATAS,-6,31.05
galatasaray,F1,KABATAS,-5,72.78
galatasaray,F1,KABATAS,-4,69.45
galatasaray,F1,KABATAS,-3,77.54
galatasaray,F1,KABATAS,-2,52.37
galatasaray,F1,KABATAS,-1,26.14
galatasaray,F1,KABATAS,0,-7.21
galatasaray,F1,KABATAS,1,-34.33
galatasaray,F1,KABATAS,2,-33.8
galatasaray,F1,KABATAS,3,-61.5
galatasaray,F1,KABATAS,4,-33.53
galatasaray,F1,KABATAS,5,-80.27
galatasaray,F1,KABATAS,7,-1.0
galatasaray,F1,KABATAS,8,-1.03
galatasaray,F1,KABATAS,9,-8.5
galatasaray,F1,KABATAS,10,-9.71
galatasaray,F1,KABATAS,11,-6.04
galatasaray,F1,KABATAS,12,4.38
galatasaray,F1,TAKSIM,-12,4.35
galatasaray,F1,TAKSIM,-11,8.89
galatasaray,F1,TAKSIM,-10,13.38
galatasaray,F1,TAKSIM,-9,23.12
galatasaray,F1,TAKSIM,-8,22.66
galatasaray,F1,TAKSIM,-7,2.61
galatasaray,F1,TAKSIM,-6,-8.11
galatasaray,F1,TAKSIM,-5,6.55
galatasaray,F1,TAKSIM,-4,7.68
galatasaray,F1,TAKSIM,-3,12.23
galatasaray,F1,TAKSIM,-2,8.81
galatasaray,F1,TAKSIM,-1,-9.33
galatasaray,F1,TAKSIM,0,-16.76
galatasaray,F1,TAKSIM,1,-15.87
galatasaray,F1,TAKSIM,2,22.41
galatasaray,F1,TAKSIM,3,36.72
galatasaray,F1,TAKSIM,4,8.77
galatasaray,F1,TAKSIM,5,-2.89
galatasaray,F1,TAKSIM,6,0.0
galatasaray,F1,TAKSIM,7,2.72
galatasaray,F1,TAKSIM,8,-0.34
galatasaray,F1,TAKSIM,9,-1.1
galatasaray,F1,TAKSIM,10,-4.36
galatasaray,F1,TAKSIM,11,-4.05
galatasaray,F1,TAKSIM,12,9.65
galatasaray,F4,ASIYAN,-12,-3.29
galatasaray,F4,ASIYAN,-11,-1.38
galatasaray,F4,ASIYAN,-10,-2.78
galatasaray,F4,ASIYAN,-9,8.12
galatasaray,F4,ASIYAN,-8,-5.8
galatasaray,F4,ASIYAN,-7,0.05
galatasaray,F4,ASIYAN,-6,-7.28
galatasaray,F4,ASIYAN,-5,-11.12
galatasaray,F4,ASIYAN,-4,-8.52
galatasaray,F4,ASIYAN,-3,12.66
galatasaray,F4,ASIYAN,-2,16.84
galatasaray,F4,ASIYAN,-1,8.64
galatasaray,F4,ASIYAN,0,2.62
galatasaray,F4,ASIYAN,1,-21.43
galatasaray,F4,ASIYAN,2,-30.75
galatasaray,F4,ASIYAN,3,-27.01
galatasaray,F4,ASIYAN,4,-19.17
galatasaray,F4,ASIYAN,7,0.17
galatasaray,F4,ASIYAN,8,0.88
galatasaray,F4,ASIYAN,9,-1.65
galatasaray,F4,ASIYAN,10,-4.14
galatasaray,F4,ASIYAN,11,-3.8
galatasaray,F4,ASIYAN,12,-2.47
galatasaray,F4,RUMELI HISARUSTU,-12,-10.84
galatasaray,F4,RUMELI HISARUSTU,-11,-4.91
galatasaray,F4,RUMELI HISARUSTU,-10,0.0
galatasaray,F4,RUMELI HISARUSTU,-9,-3.82
galatasaray,F4,RUMELI HISARUSTU,-8,-2.62
galatasaray,F4,RUMELI HISARUSTU,-7,0.05
galatasaray,F4,RUMELI HISARUSTU,-6,-1.52
galatasaray,F4,RUMELI HISARUSTU,-5,-7.72
galatasaray,F4,RUMELI HISARUSTU,-4,-7.16
galatasaray,F4,RUMELI HISARUSTU,-3,-2.23
galatasaray,F4,RUMELI HISARUSTU,-2,-5.11
galatasaray,F4,RUMELI HISARUSTU,-1,-11.28
galatasaray,F4,RUMELI HISARUSTU,0,-19.08
galatasaray,F4,RUMELI HISARUSTU,1,-10.94
galatasaray,F4,RUMELI HISARUSTU,2,-4.39
galatasaray,F4,RUMELI HISARUSTU,3,-1.6
galatasaray,F4,RUMELI HISARUSTU,4,-1.31
galatasaray,F4,RUMELI HISARUSTU,7,-0.12
galatasaray,F4,RUMELI HISARUSTU,8,2.68
galatasaray,F4,RUMELI HISARUSTU,9,-0.29
galatasaray,F4,RUMELI HISARUSTU,10,-4.24
galatasaray,F4,RUMELI HISARUSTU,11,-3.84
galatasaray,F4,RUMELI HISARUSTU,12,-6.99
galatasaray,M1,AKSARAY,-12,27.47
galatasaray,M1,AKSARAY,-11,17.38
galatasaray,M1,AKSARAY,-10,-3.93
galatasaray,M1,AKSARAY,-9,2.11
galatasaray,M1,AKSARAY,-8,-13.5
galatasaray,M1,AKSARAY,-7,-14.38
galatasaray,M1,AKSARAY,-6,-11.94
galatasaray,M1,AKSARAY,-5,-32.82
galatasaray,M1,AKSARAY,-4,-5.11
galatasaray,M1,AKSARAY,-3,62.82
galatasaray,M1,AKSARAY,-2,79.13
galatasaray,M1,AKSARAY,-1,21.87
galatasaray,M1,AKSARAY,0,-46.61
galatasaray,M1,AKSARAY,1,-84.91
galatasaray,M1,AKSARAY,2,-36.69
galatasaray,M1,AKSARAY,3,-62.35
galatasaray,M1,AKSARAY,4,-42.94
galatasaray,M1,AKSARAY,5,-24.2
galatasaray,M1,AKSARAY,6,-15.1
galatasaray,M1,AKSARAY,7,-9.99
galatasaray,M1,AKSARAY,8,-5.37
galatasaray,M1,AKSARAY,9,-9.26
galatasaray,M1,AKSARAY,10,-17.86
galatasaray,M1,AKSARAY,11,-17.48
galatasaray,M1,AKSARAY,12,15.92
galatasaray,M1,ATAKOY,-12,3.33
galatasaray,M1,ATAKOY,-11,29.01
galatasaray,M1,ATAKOY,-10,-22.06
galatasaray,M1,ATAKOY,-9,-36.83
galatasaray,M1,ATAKOY,-8,-30.21
galatasaray,M1,ATAKOY,-7,-32.91
galatasaray,M1,ATAKOY,-6,-44.7
galatasaray,M1,ATAKOY,-5,-6.93
galatasaray,M1,ATAKOY,-4,-2.44
galatasaray,M1,ATAKOY,-3,4.38
galatasaray,M1,ATAKOY,-2,-2.37
galatasaray,M1,ATAKOY,-1,-31.84
galatasaray,M1,ATAKOY,0,-31.2
galatasaray,M1,ATAKOY,1,-50.24
galatasaray,M1,ATAKOY,2,-32.06
galatasaray,M1,ATAKOY,3,-39.7
galatasaray,M1,ATAKOY,4,-23.83
galatasaray,M1,ATAKOY,5,-11.93
galatasaray,M1,ATAKOY,6,-3.81
galatasaray,M1,ATAKOY,7,-3.61
galatasaray,M1,ATAKOY,8,-9.44
galatasaray,M1,ATAKOY,9,-34.62
galatasaray,M1,ATAKOY,10,-60.26
galatasaray,M1,ATAKOY,11,-63.13
galatasaray,M1,ATAKOY,12,-24.74
galatasaray,M1,BAGCILAR MEYDAN,-12,210.01
galatasaray,M1,BAGCILAR MEYDAN,-11,72.51
galatasaray,M1,BAGCILAR MEYDAN,-10,12.27
galatasaray,M1,BAGCILAR MEYDAN,-9,14.83
galatasaray,M1,BAGCILAR MEYDAN,-8,21.53
galatasaray,M1,BAGCILAR MEYDAN,-7,21.73
galatasaray,M1,BAGCILAR MEYDAN,-6,19.22
galatasaray,M1,BAGCILAR MEYDAN,-5,8.04
galatasaray,M1,BAGCILAR MEYDAN,-4,16.85
galatasaray,M1,BAGCILAR MEYDAN,-3,51.5
galatasaray,M1,BAGCILAR MEYDAN,-2,59.26
galatasaray,M1,BAGCILAR MEYDAN,-1,25.64
galatasaray,M1,BAGCILAR MEYDAN,0,-6.94
galatasaray,M1,BAGCILAR MEYDAN,1,-40.49
galatasaray,M1,BAGCILAR MEYDAN,2,-3.02
galatasaray,M1,BAGCILAR MEYDAN,3,-20.52
galatasaray,M1,BAGCILAR MEYDAN,4,-16.27
galatasaray,M1,BAGCILAR MEYDAN,5,-12.7
galatasaray,M1,BAGCILAR MEYDAN,6,-3.26
galatasaray,M1,BAGCILAR MEYDAN,7,-2.66
galatasaray,M1,BAGCILAR MEYDAN,8,-23.03
galatasaray,M1,BAGCILAR MEYDAN,9,-50.06
galatasaray,M1,BAGCILAR MEYDAN,10,-47.93
galatasaray,M1,BAGCILAR MEYDAN,11,72.21
galatasaray,M1,BAGCILAR MEYDAN,12,168.23
galatasaray,M1,BAHCELIEVLER,-12,27.08
galatasaray,M1,BAHCELIEVLER,-11,26.9
galatasaray,M1,BAHCELIEVLER,-10,1.78
galatasaray,M1,BAHCELIEVLER,-9,8.5
galatasaray,M1,BAHCELIEVLER,-8,0.51
galatasaray,M1,BAHCELIEVLER,-7,-3.82
galatasaray,M1,BAHCELIEVLER,-6,2.91
galatasaray,M1,BAHCELIEVLER,-5,30.62
galatasaray,M1,BAHCELIEVLER,-4,32.88
galatasaray,M1,BAHCELIEVLER,-3,50.8
galatasaray,M1,BAHCELIEVLER,-2,29.81
galatasaray,M1,BAHCELIEVLER,-1,15.14
galatasaray,M1,BAHCELIEVLER,0,7.14
galatasaray,M1,BAHCELIEVLER,1,-12.43
galatasaray,M1,BAHCELIEVLER,2,3.28
galatasaray,M1,BAHCELIEVLER,3,-2.45
galatasaray,M1,BAHCELIEVLER,4,-5.07
galatasaray,M1,BAHCELIEVLER,5,-0.49
galatasaray,M1,BAHCELIEVLER,6,-0.39
galatasaray,M1,BAHCELIEVLER,7,-0.77
galatasaray,M1,BAHCELIEVLER,8,-1.29
galatasaray,M1,BAHCELIEVLER,9,-10.02
galatasaray,M1,BAHCELIEVLER,10,-15.44
galatasaray,M1,BAHCELIEVLER,11,-6.05
galatasaray,M1,BAHCELIEVLER,12,18.1
galatasaray,M1,BAKIRKOY,-12,-8.65
galatasaray,M1,BAKIRKOY,-11,-6.61
galatasaray,M1,BAKIRKOY,-10,-12.95
galatasaray,M1,BAKIRKOY,-9,-10.71
galatasaray,M1,BAKIRKOY,-8,-14.46
galatasaray,M1,BAKIRKOY,-7,-18.03
galatasaray,M1,BAKIRKOY,-6,-10.71
galatasaray,M1,BAKIRKOY,-5,10.14
galatasaray,M1,BAKIRKOY,-4,45.35
galatasaray,M1,BAKIRKOY,-3,79.42
galatasaray,M1,BAKIRKOY,-2,60.75
galatasaray,M1,BAKIRKOY,-1,55.74
galatasaray,M1,BAKIRKOY,0,16.75
galatasaray,M1,BAKIRKOY,1,-17.02
galatasaray,M1,BAKIRKOY,2,0.63
galatasaray,M1,BAKIRKOY,3,-5.19
galatasaray,M1,BAKIRKOY,4,-6.94
galatasaray,M1,BAKIRKOY,5,-2.86
galatasaray,M1,BAKIRKOY,6,0.46
galatasaray,M1,BAKIRKOY,7,-1.26
galatasaray,M1,BAKIRKOY,8,-1.71
galatasaray,M1,BAKIRKOY,9,-6.76
galatasaray,M1,BAKIRKOY,10,-15.54
galatasaray,M1,BAKIRKOY,11,-17.63
galatasaray,M1,BAKIRKOY,12,-1.45
galatasaray,M1,BAYRAMPASA,-12,36.16
galatasaray,M1,BAYRAMPASA,-11,27.44
galatasaray,M1,BAYRAMPASA,-10,10.07
galatasaray,M1,BAYRAMPASA,-9,3.46
galatasaray,M1,BAYRAMPASA,-8,0.69
galatasaray,M1,BAYRAMPASA,-7,-1.18
galatasaray,M1,BAYRAMPASA,-6,2.91
galatasaray,M1,BAYRAMPASA,-5,-1.72
galatasaray,M1,BAYRAMPASA,-4,19.13
galatasaray,M1,BAYRAMPASA,-3,54.24
galatasaray,M1,BAYRAMPASA,-2,84.81
galatasaray,M1,BAYRAMPASA,-1,29.06
galatasaray,M1,BAYRAMPASA,0,-7.28
galatasaray,M1,BAYRAMPASA,1,-19.9
galatasaray,M1,BAYRAMPASA,2,-9.5
galatasaray,M1,BAYRAMPASA,3,-8.64
galatasaray,M1,BAYRAMPASA,4,0.72
galatasaray,M1,BAYRAMPASA,5,-0.51
galatasaray,M1,BAYRAMPASA,6,-1.07
galatasaray,M1,BAYRAMPASA,7,0.14
galatasaray,M1,BAYRAMPASA,8,-3.73
galatasaray,M1,BAYRAMPASA,9,-16.1
galatasaray,M1,BAYRAMPASA,10,-15.17
galatasaray,M1,BAYRAMPASA,11,-0.28
galatasaray,M1,BAYRAMPASA,12,30.21
galatasaray,M1,DAVUTPASA,-12,44.49
galatasaray,M1,DAVUTPASA,-11,4.36
galatasaray,M1,DAVUTPASA,-10,-8.18
galatasaray,M1,DAVUTPASA,-9,10.6
galatasaray,M1,DAVUTPASA,-8,22.92
galatasaray,M1,DAVUTPASA,-7,-42.41
galatasaray,M1,DAVUTPASA,-6,-13.81
galatasaray,M1,DAVUTPASA,-5,89.78
galatasaray,M1,DAVUTPASA,-4,109.17
galatasaray,M1,DAVUTPASA,-3,66.07
galatasaray,M1,DAVUTPASA,-2,54.88
galatasaray,M1,DAVUTPASA,-1,39.46
galatasaray,M1,DAVUTPASA,0,4.56
galatasaray,M1,DAVUTPASA,1,-6.77
galatasaray,M1,DAVUTPASA,2,-4.51
galatasaray,M1,DAVUTPASA,3,-1.71
galatasaray,M1,DAVUTPASA,4,-3.78
galatasaray,M1,DAVUTPASA,5,-5.17
galatasaray,M1,DAVUTPASA,6,-0.65
galatasaray,M1,DAVUTPASA,7,-0.62
galatasaray,M1,DAVUTPASA,8,-5.45
galatasaray,M1,DAVUTPASA,9,-12.84
galatasaray,M1,DAVUTPASA,10,-16.07
galatasaray,M1,DAVUTPASA,11,-8.91
galatasaray,M1,DAVUTPASA,12,16.15
galatasaray,M1,EMNIYET,-12,49.06
galatasaray,M1,EMNIYET,-11,24.61
galatasaray,M1,EMNIYET,-10,19.7
galatasaray,M1,EMNIYET,-9,19.69
galatasaray,M1,EMNIYET,-8,37.54
galatasaray,M1,EMNIYET,-7,25.36
galatasaray,M1,EMNIYET,-6,16.67
galatasaray,M1,EMNIYET,-5,19.52
galatasaray,M1,EMNIYET,-4,62.4
galatasaray,M1,EMNIYET,-3,68.28
galatasaray,M1,EMNIYET,-2,64.66
galatasaray,M1,EMNIYET,-1,16.84
galatasaray,M1,EMNIYET,0,2.86
galatasaray,M1,EMNIYET,1,-21.37
galatasaray,M1,EMNIYET,2,-4.06
galatasaray,M1,EMNIYET,3,-22.56
galatasaray,M1,EMNIYET,4,-18.21
galatasaray,M1,EMNIYET,5,-12.94
galatasaray,M1,EMNIYET,6,-1.63
galatasaray,M1,EMNIYET,7,-4.02
galatasaray,M1,EMNIYET,8,-2.76
galatasaray,M1,EMNIYET,9,-11.96
galatasaray,M1,EMNIYET,10,-20.11
galatasaray,M1,EMNIYET,11,-10.05
galatasaray,M1,EMNIYET,12,21.03
galatasaray,M1,ESENLER,-12,55.07
galatasaray,M1,ESENLER,-11,40.46
galatasaray,M1,ESENLER,-10,18.79
galatasaray,M1,ESENLER,-9,13.17
galatasaray,M1,ESENLER,-8,30.54
galatasaray,M1,ESENLER,-7,0.5
galatasaray,M1,ESENLER,-6,11.0
galatasaray,M1,ESENLER,-5,17.98
galatasaray,M1,ESENLER,-4,18.52
galatasaray,M1,ESENLER,-3,19.2
galatasaray,M1,ESENLER,-2,39.6
galatasaray,M1,ESENLER,-1,-8.33
galatasaray,M1,ESENLER,0,-18.61
galatasaray,M1,ESENLER,1,-23.33
galatasaray,M1,ESENLER,2,-2.65
galatasaray,M1,ESENLER,3,-5.51
galatasaray,M1,ESENLER,4,-6.16
galatasaray,M1,ESENLER,5,-4.71
galatasaray,M1,ESENLER,6,-2.03
galatasaray,M1,ESENLER,7,-0.56
galatasaray,M1,ESENLER,8,-15.82
galatasaray,M1,ESENLER,9,-34.38
galatasaray,M1,ESENLER,10,-30.92
galatasaray,M1,ESENLER,11,15.41
galatasaray,M1,ESENLER,12,64.59
galatasaray,M1,HAVAALANI,-12,-1.65
galatasaray,M1,HAVAALANI,-11,-0.33
galatasaray,M1,HAVAALANI,-10,-2.62
galatasaray,M1,HAVAALANI,-9,-3.14
galatasaray,M1,HAVAALANI,-8,-4.06
galatasaray,M1,HAVAALANI,-7,-11.52
galatasaray,M1,HAVAALANI,-6,-16.72
galatasaray,M1,HAVAALANI,-5,-18.66
galatasaray,M1,HAVAALANI,-4,-26.01
galatasaray,M1,HAVAALANI,-3,-34.02
galatasaray,M1,HAVAALANI,-2,-27.16
galatasaray,M1,HAVAALANI,-1,-32.62
galatasaray,M1,HAVAALANI,0,-30.46
galatasaray,M1,HAVAALANI,1,-19.47
galatasaray,M1,HAVAALANI,2,-3.69
galatasaray,M1,HAVAALANI,3,-3.81
galatasaray,M1,HAVAALANI,4,5.16
galatasaray,M1,HAVAALANI,5,-1.51
galatasaray,M1,HAVAALANI,6,-1.53
galatasaray,M1,HAVAALANI,7,-0.5
galatasaray,M1,HAVAALANI,8,1.15
galatasaray,M1,HAVAALANI,9,-1.21
galatasaray,M1,HAVAALANI,10,-1.5
galatasaray,M1,HAVAALANI,11,-1.12
galatasaray,M1,HAVAALANI,12,0.71
galatasaray,M1,IDTM,-12,5.71
galatasaray,M1,IDTM,-11,2.85
galatasaray,M1,IDTM,-10,-0.52
galatasaray,M1,IDTM,-9,-9.49
galatasaray,M1,IDTM,-8,-11.65
galatasaray,M1,IDTM,-7,-20.63
galatasaray,M1,IDTM,-6,-40.09
galatasaray,M1,IDTM,-5,-49.27
galatasaray,M1,IDTM,-4,-35.85
galatasaray,M1,IDTM,-3,-17.55
galatasaray,M1,IDTM,-2,-70.62
galatasaray,M1,IDTM,-1,4.46
galatasaray,M1,IDTM,0,-6.6
galatasaray,M1,IDTM,1,2.04
galatasaray,M1,IDTM,2,4.62
galatasaray,M1,IDTM,3,4.64
galatasaray,M1,IDTM,4,2.97
galatasaray,M1,IDTM,5,0.85
galatasaray,M1,IDTM,6,0.98
galatasaray,M1,IDTM,7,-0.83
galatasaray,M1,IDTM,8,-0.94
galatasaray,M1,IDTM,9,-2.09
galatasaray,M1,IDTM,10,-2.11
galatasaray,M1,IDTM,11,-0.41
galatasaray,M1,IDTM,12,1.82
galatasaray,M1,KARTALTEPE,-12,96.8
galatasaray,M1,KARTALTEPE,-11,63.9
galatasaray,M1,KARTALTEPE,-10,16.47
galatasaray,M1,KARTALTEPE,-9,2.74
galatasaray,M1,KARTALTEPE,-8,3.26
galatasaray,M1,KARTALTEPE,-7,7.03
galatasaray,M1,KARTALTEPE,-6,-18.02
galatasaray,M1,KARTALTEPE,-5,-2.55
galatasaray,M1,KARTALTEPE,-4,35.17
galatasaray,M1,KARTALTEPE,-3,70.95
galatasaray,M1,KARTALTEPE,-2,117.34
galatasaray,M1,KARTALTEPE,-1,34.62
galatasaray,M1,KARTALTEPE,0,-39.1
galatasaray,M1,KARTALTEPE,1,-91.03
galatasaray,M1,KARTALTEPE,2,-82.7
galatasaray,M1,KARTALTEPE,3,-72.16
galatasaray,M1,KARTALTEPE,4,-30.4
galatasaray,M1,KARTALTEPE,5,-2.21
galatasaray,M1,KARTALTEPE,6,0.79
galatasaray,M1,KARTALTEPE,7,0.32
galatasaray,M1,KARTALTEPE,8,-9.87
galatasaray,M1,KARTALTEPE,9,-42.98
galatasaray,M1,KARTALTEPE,10,-54.22
galatasaray,M1,KARTALTEPE,11,-12.12
galatasaray,M1,KARTALTEPE,12,91.78
galatasaray,M1,KIRAZLI,-12,161.24
galatasaray,M1,KIRAZLI,-11,103.48
galatasaray,M1,KIRAZLI,-10,26.96
galatasaray,M1,KIRAZLI,-9,16.26
galatasaray,M1,KIRAZLI,-8,12.32
galatasaray,M1,KIRAZLI,-7,39.78
galatasaray,M1,KIRAZLI,-6,-6.93
galatasaray,M1,KIRAZLI,-5,9.75
galatasaray,M1,KIRAZLI,-4,59.92
galatasaray,M1,KIRAZLI,-3,70.4
galatasaray,M1,KIRAZLI,-2,74.35
galatasaray,M1,KIRAZLI,-1,-1.14
galatasaray,M1,KIRAZLI,0,-11.66
galatasaray,M1,KIRAZLI,1,-28.76
galatasaray,M1,KIRAZLI,2,-13.63
galatasaray,M1,KIRAZLI,3,-9.28
galatasaray,M1,KIRAZLI,4,-6.84
galatasaray,M1,KIRAZLI,5,-6.49
galatasaray,M1,KIRAZLI,6,-3.42
galatasaray,M1,KIRAZLI,7,-4.59
galatasaray,M1,KIRAZLI,8,-21.61
galatasaray,M1,KIRAZLI,9,-45.91
galatasaray,M1,KIRAZLI,10,-23.81
galatasaray,M1,KIRAZLI,11,59.46
galatasaray,M1,KIRAZLI,12,123.38
galatasaray,M1,MENDERES,-12,133.34
galatasaray,M1,MENDERES,-11,74.0
galatasaray,M1,MENDERES,-10,28.02
galatasaray,M1,MENDERES,-9,12.84
galatasaray,M1,MENDERES,-8,7.27
galatasaray,M1,MENDERES,-7,16.7
galatasaray,M1,MENDERES,-6,21.1
galatasaray,M1,MENDERES,-5,14.93
galatasaray,M1,MENDERES,-4,7.57
galatasaray,M1,MENDERES,-3,13.52
galatasaray,M1,MENDERES,-2,18.64
galatasaray,M1,MENDERES,-1,-2.21
galatasaray,M1,MENDERES,0,-23.5
galatasaray,M1,MENDERES,1,-30.92
galatasaray,M1,MENDERES,2,-10.16
galatasaray,M1,MENDERES,3,-6.1
galatasaray,M1,MENDERES,4,-2.0
galatasaray,M1,MENDERES,5,-4.88
galatasaray,M1,MENDERES,6,-1.27
galatasaray,M1,MENDERES,7,-2.93
galatasaray,M1,MENDERES,8,-23.81
galatasaray,M1,MENDERES,9,-52.1
galatasaray,M1,MENDERES,10,-45.45
galatasaray,M1,MENDERES,11,30.07
galatasaray,M1,MENDERES,12,132.93
galatasaray,M1,MERTER,-12,15.27
galatasaray,M1,MERTER,-11,16.58
galatasaray,M1,MERTER,-10,-5.07
galatasaray,M1,MERTER,-9,1.89
galatasaray,M1,MERTER,-8,-5.1
galatasaray,M1,MERTER,-7,-2.61
galatasaray,M1,MERTER,-6,-8.51
galatasaray,M1,MERTER,-5,33.82
galatasaray,M1,MERTER,-4,33.66
galatasaray,M1,MERTER,-3,57.45
galatasaray,M1,MERTER,-2,49.89
galatasaray,M1,MERTER,-1,17.26
galatasaray,M1,MERTER,0,9.98
galatasaray,M1,MERTER,1,-17.75
galatasaray,M1,MERTER,2,-6.45
galatasaray,M1,MERTER,3,3.32
galatasaray,M1,MERTER,4,-0.32
galatasaray,M1,MERTER,5,-3.18
galatasaray,M1,MERTER,6,-0.41
galatasaray,M1,MERTER,7,-3.5
galatasaray,M1,MERTER,8,0.26
galatasaray,M1,MERTER,9,-7.15
galatasaray,M1,MERTER,10,-11.03
galatasaray,M1,MERTER,11,-4.19
galatasaray,M1,MERTER,12,-2.12
galatasaray,M1,OTOGAR,-12,-0.65
galatasaray,M1,OTOGAR,-11,-2.54
galatasaray,M1,OTOGAR,-10,-2.76
galatasaray,M1,OTOGAR,-9,-13.38
galatasaray,M1,OTOGAR,-8,-3.34
galatasaray,M1,OTOGAR,-7,-18.28
galatasaray,M1,OTOGAR,-6,-34.03
galatasaray,M1,OTOGAR,-5,4.62
galatasaray,M1,OTOGAR,-4,-10.34
galatasaray,M1,OTOGAR,-3,-4.29
galatasaray,M1,OTOGAR,-2,-18.1
galatasaray,M1,OTOGAR,-1,-9.36
galatasaray,M1,OTOGAR,0,-20.16
galatasaray,M1,OTOGAR,1,-36.85
galatasaray,M1,OTOGAR,2,-26.68
galatasaray,M1,OTOGAR,3,-19.47
galatasaray,M1,OTOGAR,4,-19.2
galatasaray,M1,OTOGAR,5,-1.82
galatasaray,M1,OTOGAR,6,-10.68
galatasaray,M1,OTOGAR,7,-6.43
galatasaray,M1,OTOGAR,8,-1.3
galatasaray,M1,OTOGAR,9,-29.58
galatasaray,M1,OTOGAR,10,-22.9
galatasaray,M1,OTOGAR,11,-16.94
galatasaray,M1,OTOGAR,12,-15.2
galatasaray,M1,SAGMALCILAR,-12,79.56
galatasaray,M1,SAGMALCILAR,-11,44.3
galatasaray,M1,SAGMALCILAR,-10,12.92
galatasaray,M1,SAGMALCILAR,-9,11.06
galatasaray,M1,SAGMALCILAR,-8,11.05
galatasaray,M1,SAGMALCILAR,-7,6.16
galatasaray,M1,SAGMALCILAR,-6,3.34
galatasaray,M1,SAGMALCILAR,-5,68.13
galatasaray,M1,SAGMALCILAR,-4,43.09
galatasaray,M1,SAGMALCILAR,-3,49.7
galatasaray,M1,SAGMALCILAR,-2,65.3
galatasaray,M1,SAGMALCILAR,-1,-5.06
galatasaray,M1,SAGMALCILAR,0,-17.29
galatasaray,M1,SAGMALCILAR,1,-41.13
galatasaray,M1,SAGMALCILAR,2,-1.06
galatasaray,M1,SAGMALCILAR,3,-2.89
galatasaray,M1,SAGMALCILAR,4,0.89
galatasaray,M1,SAGMALCILAR,5,-5.13
galatasaray,M1,SAGMALCILAR,6,-1.23
galatasaray,M1,SAGMALCILAR,7,-1.86
galatasaray,M1,SAGMALCILAR,8,-12.83
galatasaray,M1,SAGMALCILAR,9,-35.86
galatasaray,M1,SAGMALCILAR,10,-36.31
galatasaray,M1,SAGMALCILAR,11,4.04
galatasaray,M1,SAGMALCILAR,12,78.66
galatasaray,M1,TERAZIDERE,-12,53.18
galatasaray,M1,TERAZIDERE,-11,24.37
galatasaray,M1,TERAZIDERE,-10,-4.05
galatasaray,M1,TERAZIDERE,-9,-0.86
galatasaray,M1,TERAZIDERE,-8,9.27
galatasaray,M1,TERAZIDERE,-7,10.99
galatasaray,M1,TERAZIDERE,-6,8.89
galatasaray,M1,TERAZIDERE,-5,14.08
galatasaray,M1,TERAZIDERE,-4,9.25
galatasaray,M1,TERAZIDERE,-3,44.06
galatasaray,M1,TERAZIDERE,-2,59.89
galatasaray,M1,TERAZIDERE,-1,-1.44
galatasaray,M1,TERAZIDERE,0,-11.62
galatasaray,M1,TERAZIDERE,1,-29.48
galatasaray,M1,TERAZIDERE,2,-4.92
galatasaray,M1,TERAZIDERE,3,-1.46
galatasaray,M1,TERAZIDERE,4,0.35
galatasaray,M1,TERAZIDERE,5,-2.41
galatasaray,M1,TERAZIDERE,6,-1.17
galatasaray,M1,TERAZIDERE,7,-2.59
galatasaray,M1,TERAZIDERE,8,-12.64
galatasaray,M1,TERAZIDERE,9,-24.29
galatasaray,M1,TERAZIDERE,10,-23.6
galatasaray,M1,TERAZIDERE,11,15.0
galatasaray,M1,TERAZIDERE,12,60.91
galatasaray,M1,UCYUZLU,-12,127.75
galatasaray,M1,UCYUZLU,-11,44.96
galatasaray,M1,UCYUZLU,-10,9.05
galatasaray,M1,UCYUZLU,-9,7.49
galatasaray,M1,UCYUZLU,-8,-0.92
galatasaray,M1,UCYUZLU,-7,-1.91
galatasaray,M1,UCYUZLU,-6,4.04
galatasaray,M1,UCYUZLU,-5,9.39
galatasaray,M1,UCYUZLU,-4,32.96
galatasaray,M1,UCYUZLU,-3,19.45
galatasaray,M1,UCYUZLU,-2,31.85
galatasaray,M1,UCYUZLU,-1,-6.52
galatasaray,M1,UCYUZLU,0,-18.35
galatasaray,M1,UCYUZLU,1,-34.05
galatasaray,M1,UCYUZLU,2,-12.74
galatasaray,M1,UCYUZLU,3,-4.19
galatasaray,M1,UCYUZLU,4,-3.08
galatasaray,M1,UCYUZLU,5,-1.98
galatasaray,M1,UCYUZLU,6,-0.36
galatasaray,M1,UCYUZLU,7,-0.92
galatasaray,M1,UCYUZLU,8,-19.82
galatasaray,M1,UCYUZLU,9,-47.86
galatasaray,M1,UCYUZLU,10,-45.29
galatasaray,M1,UCYUZLU,11,36.32
galatasaray,M1,UCYUZLU,12,130.17
galatasaray,M1,ULUBATLI,-12,58.48
galatasaray,M1,ULUBATLI,-11,55.69
galatasaray,M1,ULUBATLI,-10,34.17
galatasaray,M1,ULUBATLI,-9,9.38
galatasaray,M1,ULUBATLI,-8,25.87
galatasaray,M1,ULUBATLI,-7,22.97
galatasaray,M1,ULUBATLI,-6,29.21
galatasaray,M1,ULUBATLI,-5,9.81
galatasaray,M1,ULUBATLI,-4,72.17
galatasaray,M1,ULUBATLI,-3,69.74
galatasaray,M1,ULUBATLI,-2,71.16
galatasaray,M1,ULUBATLI,-1,24.61
galatasaray,M1,ULUBATLI,0,12.0
galatasaray,M1,ULUBATLI,1,-12.69
galatasaray,M1,ULUBATLI,2,-0.42
galatasaray,M1,ULUBATLI,3,2.38
galatasaray,M1,ULUBATLI,4,-4.33
galatasaray,M1,ULUBATLI,5,-2.35
galatasaray,M1,ULUBATLI,6,-0.28
galatasaray,M1,ULUBATLI,7,-1.82
galatasaray,M1,ULUBATLI,8,-9.19
galatasaray,M1,ULUBATLI,9,-21.6
galatasaray,M1,ULUBATLI,10,-28.82
galatasaray,M1,ULUBATLI,11,-8.06
galatasaray,M1,ULUBATLI,12,55.06
galatasaray,M1,YENIBOSNA,-12,12.82
galatasaray,M1,YENIBOSNA,-11,10.68
galatasaray,M1,YENIBOSNA,-10,-5.18
galatasaray,M1,YENIBOSNA,-9,-8.51
galatasaray,M1,YENIBOSNA,-8,-2.34
galatasaray,M1,YENIBOSNA,-7,-5.62
galatasaray,M1,YENIBOSNA,-6,-5.55
galatasaray,M1,YENIBOSNA,-5,-17.59
galatasaray,M1,YENIBOSNA,-4,-9.81
galatasaray,M1,YENIBOSNA,-3,11.83
galatasaray,M1,YENIBOSNA,-2,8.78
galatasaray,M1,YENIBOSNA,-1,7.57
galatasaray,M1,YENIBOSNA,0,-6.26
galatasaray,M1,YENIBOSNA,1,-21.45
galatasaray,M1,YENIBOSNA,2,-18.62
galatasaray,M1,YENIBOSNA,3,-10.09
galatasaray,M1,YENIBOSNA,4,-6.18
galatasaray,M1,YENIBOSNA,5,-2.29
galatasaray,M1,YENIBOSNA,6,0.03
galatasaray,M1,YENIBOSNA,7,0.66
galatasaray,M1,YENIBOSNA,8,-1.05
galatasaray,M1,YENIBOSNA,9,-11.17
galatasaray,M1,YENIBOSNA,10,-20.28
galatasaray,M1,YENIBOSNA,11,-6.43
galatasaray,M1,YENIBOSNA,12,23.95
galatasaray,M1,YENIKAPI,-12,109.17
galatasaray,M1,YENIKAPI,-11,92.85
galatasaray,M1,YENIKAPI,-10,11.21
galatasaray,M1,YENIKAPI,-9,48.43
galatasaray,M1,YENIKAPI,-8,14.86
galatasaray,M1,YENIKAPI,-7,66.51
galatasaray,M1,YENIKAPI,-6,63.88
galatasaray,M1,YENIKAPI,-5,66.94
galatasaray,M1,YENIKAPI,-4,132.16
galatasaray,M1,YENIKAPI,-3,283.8
galatasaray,M1,YENIKAPI,-2,429.66
galatasaray,M1,YENIKAPI,-1,265.2
galatasaray,M1,YENIKAPI,0,66.29
galatasaray,M1,YENIKAPI,1,-73.7
galatasaray,M1,YENIKAPI,2,350.0
galatasaray,M1,YENIKAPI,3,513.36
galatasaray,M1,YENIKAPI,4,-77.25
galatasaray,M1,YENIKAPI,5,-92.5
galatasaray,M1,YENIKAPI,6,-55.39
galatasaray,M1,YENIKAPI,7,-10.93
galatasaray,M1,YENIKAPI,8,-18.92
galatasaray,M1,YENIKAPI,9,-46.98
galatasaray,M1,YENIKAPI,10,-69.67
galatasaray,M1,YENIKAPI,11,-36.59
galatasaray,M1,YENIKAPI,12,50.02
galatasaray,M1,ZEYTINBURNU,-12,44.25
galatasaray,M1,ZEYTINBURNU,-11,45.53
galatasaray,M1,ZEYTINBURNU,-10,6.64
galatasaray,M1,ZEYTINBURNU,-9,-1.7
galatasaray,M1,ZEYTINBURNU,-8,0.45
galatasaray,M1,ZEYTINBURNU,-7,-7.49
galatasaray,M1,ZEYTINBURNU,-6,-4.25
galatasaray,M1,ZEYTINBURNU,-5,5.73
galatasaray,M1,ZEYTINBURNU,-4,-0.14
galatasaray,M1,ZEYTINBURNU,-3,40.08
galatasaray,M1,ZEYTINBURNU,-2,66.58
galatasaray,M1,ZEYTINBURNU,-1,23.89
galatasaray,M1,ZEYTINBURNU,0,-0.79
galatasaray,M1,ZEYTINBURNU,1,-37.55
galatasaray,M1,ZEYTINBURNU,2,-8.77
galatasaray,M1,ZEYTINBURNU,3,-18.07
galatasaray,M1,ZEYTINBURNU,4,-12.99
galatasaray,M1,ZEYTINBURNU,5,-9.02
galatasaray,M1,ZEYTINBURNU,6,-1.46
galatasaray,M1,ZEYTINBURNU,7,-1.48
galatasaray,M1,ZEYTINBURNU,8,-6.74
galatasaray,M1,ZEYTINBURNU,9,-22.72
galatasaray,M1,ZEYTINBURNU,10,-49.63
galatasaray,M1,ZEYTINBURNU,11,-24.54
galatasaray,M1,ZEYTINBURNU,12,46.61
galatasaray,M2,4. LEVENT,-12,168.92
galatasaray,M2,4. LEVENT,-11,105.59
galatasaray,M2,4. LEVENT,-10,31.42
galatasaray,M2,4. LEVENT,-9,44.42
galatasaray,M2,4. LEVENT,-8,32.44
galatasaray,M2,4. LEVENT,-7,59.67
galatasaray,M2,4. LEVENT,-6,62.05
galatasaray,M2,4. LEVENT,-5,90.15
galatasaray,M2,4. LEVENT,-4,113.92
galatasaray,M2,4. LEVENT,-3,136.38
galatasaray,M2,4. LEVENT,-2,395.76
galatasaray,M2,4. LEVENT,-1,527.36
galatasaray,M2,4. LEVENT,0,97.74
galatasaray,M2,4. LEVENT,1,-19.47
galatasaray,M2,4. LEVENT,2,36.11
galatasaray,M2,4. LEVENT,3,45.59
galatasaray,M2,4. LEVENT,4,17.56
galatasaray,M2,4. LEVENT,5,-3.46
galatasaray,M2,4. LEVENT,6,0.42
galatasaray,M2,4. LEVENT,7,-6.63
galatasaray,M2,4. LEVENT,8,-20.96
galatasaray,M2,4. LEVENT,9,-62.44
galatasaray,M2,4. LEVENT,10,-90.93
galatasaray,M2,4. LEVENT,11,-18.41
galatasaray,M2,4. LEVENT,12,143.06
galatasaray,M2,ATATURK OTO SANAYI,-12,21.51
galatasaray,M2,ATATURK OTO SANAYI,-11,6.48
galatasaray,M2,ATATURK OTO SANAYI,-10,-5.38
galatasaray,M2,ATATURK OTO SANAYI,-9,3.57
galatasaray,M2,ATATURK OTO SANAYI,-8,13.76
galatasaray,M2,ATATURK OTO SANAYI,-7,7.73
galatasaray,M2,ATATURK OTO SANAYI,-6,18.34
galatasaray,M2,ATATURK OTO SANAYI,-5,29.26
galatasaray,M2,ATATURK OTO SANAYI,-4,123.2
galatasaray,M2,ATATURK OTO SANAYI,-3,233.29
galatasaray,M2,ATATURK OTO SANAYI,-2,285.9
galatasaray,M2,ATATURK OTO SANAYI,-1,207.86
galatasaray,M2,ATATURK OTO SANAYI,0,37.86
galatasaray,M2,ATATURK OTO SANAYI,1,5.26
galatasaray,M2,ATATURK OTO SANAYI,2,7.53
galatasaray,M2,ATATURK OTO SANAYI,3,8.56
galatasaray,M2,ATATURK OTO SANAYI,4,0.92
galatasaray,M2,ATATURK OTO SANAYI,5,-0.07
galatasaray,M2,ATATURK OTO SANAYI,6,-4.86
galatasaray,M2,ATATURK OTO SANAYI,7,0.87
galatasaray,M2,ATATURK OTO SANAYI,8,-0.56
galatasaray,M2,ATATURK OTO SANAYI,9,-15.03
galatasaray,M2,ATATURK OTO SANAYI,10,-18.37
galatasaray,M2,ATATURK OTO SANAYI,11,2.88
galatasaray,M2,ATATURK OTO SANAYI,12,18.35
galatasaray,M2,DARUSSAFAKA,-12,25.73
galatasaray,M2,DARUSSAFAKA,-11,12.77
galatasaray,M2,DARUSSAFAKA,-10,7.86
galatasaray,M2,DARUSSAFAKA,-9,13.57
galatasaray,M2,DARUSSAFAKA,-8,10.12
galatasaray,M2,DARUSSAFAKA,-7,4.83
galatasaray,M2,DARUSSAFAKA,-6,8.46
galatasaray,M2,DARUSSAFAKA,-5,47.32
galatasaray,M2,DARUSSAFAKA,-4,56.07
galatasaray,M2,DARUSSAFAKA,-3,67.24
galatasaray,M2,DARUSSAFAKA,-2,115.35
galatasaray,M2,DARUSSAFAKA,-1,89.43
galatasaray,M2,DARUSSAFAKA,0,31.96
galatasaray,M2,DARUSSAFAKA,1,-13.2
galatasaray,M2,DARUSSAFAKA,2,3.3
galatasaray,M2,DARUSSAFAKA,3,-27.27
galatasaray,M2,DARUSSAFAKA,4,-67.53
galatasaray,M2,DARUSSAFAKA,5,-69.2
galatasaray,M2,DARUSSAFAKA,6,-3.6
galatasaray,M2,DARUSSAFAKA,7,-1.81
galatasaray,M2,DARUSSAFAKA,8,-6.07
galatasaray,M2,DARUSSAFAKA,9,-10.54
galatasaray,M2,DARUSSAFAKA,10,-13.69
galatasaray,M2,DARUSSAFAKA,11,-2.52
galatasaray,M2,DARUSSAFAKA,12,19.07
galatasaray,M2,GAYRETTEPE,-12,125.43
galatasaray,M2,GAYRETTEPE,-11,191.08
galatasaray,M2,GAYRETTEPE,-10,104.7
galatasaray,M2,GAYRETTEPE,-9,61.83
galatasaray,M2,GAYRETTEPE,-8,127.09
galatasaray,M2,GAYRETTEPE,-7,124.83
galatasaray,M2,GAYRETTEPE,-6,122.27
galatasaray,M2,GAYRETTEPE,-5,187.21
galatasaray,M2,GAYRETTEPE,-4,338.52
galatasaray,M2,GAYRETTEPE,-3,691.29
galatasaray,M2,GAYRETTEPE,-2,1365.26
galatasaray,M2,GAYRETTEPE,-1,1153.74
galatasaray,M2,GAYRETTEPE,0,207.65
galatasaray,M2,GAYRETTEPE,1,24.4
galatasaray,M2,GAYRETTEPE,2,29.0
galatasaray,M2,GAYRETTEPE,3,48.26
galatasaray,M2,GAYRETTEPE,4,37.05
galatasaray,M2,GAYRETTEPE,5,-6.05
galatasaray,M2,GAYRETTEPE,6,-4.33
galatasaray,M2,GAYRETTEPE,7,-8.83
galatasaray,M2,GAYRETTEPE,8,-12.61
galatasaray,M2,GAYRETTEPE,9,-72.99
galatasaray,M2,GAYRETTEPE,10,-120.12
galatasaray,M2,GAYRETTEPE,11,-67.1
galatasaray,M2,GAYRETTEPE,12,112.02
galatasaray,M2,HACIOSMAN,-12,122.05
galatasaray,M2,HACIOSMAN,-11,86.21
galatasaray,M2,HACIOSMAN,-10,36.73
galatasaray,M2,HACIOSMAN,-9,23.44
galatasaray,M2,HACIOSMAN,-8,33.15
galatasaray,M2,HACIOSMAN,-7,27.5
galatasaray,M2,HACIOSMAN,-6,31.82
galatasaray,M2,HACIOSMAN,-5,55.64
galatasaray,M2,HACIOSMAN,-4,118.62
galatasaray,M2,HACIOSMAN,-3,99.03
galatasaray,M2,HACIOSMAN,-2,202.17
galatasaray,M2,HACIOSMAN,-1,118.73
galatasaray,M2,HACIOSMAN,0,4.7
galatasaray,M2,HACIOSMAN,1,-13.77
galatasaray,M2,HACIOSMAN,2,7.34
galatasaray,M2,HACIOSMAN,3,20.83
galatasaray,M2,HACIOSMAN,4,40.68
galatasaray,M2,HACIOSMAN,5,86.47
galatasaray,M2,HACIOSMAN,6,-3.35
galatasaray,M2,HACIOSMAN,7,-8.77
galatasaray,M2,HACIOSMAN,8,-17.05
galatasaray,M2,HACIOSMAN,9,-61.45
galatasaray,M2,HACIOSMAN,10,-81.16
galatasaray,M2,HACIOSMAN,11,-11.74
galatasaray,M2,HACIOSMAN,12,121.7
galatasaray,M2,HALIC,-12,37.85
galatasaray,M2,HALIC,-11,14.24
galatasaray,M2,HALIC,-10,4.41
galatasaray,M2,HALIC,-9,8.65
galatasaray,M2,HALIC,-8,14.79
galatasaray,M2,HALIC,-7,33.78
galatasaray,M2,HALIC,-6,31.85
galatasaray,M2,HALIC,-5,44.63
galatasaray,M2,HALIC,-4,76.36
galatasaray,M2,HALIC,-3,184.49
galatasaray,M2,HALIC,-2,202.03
galatasaray,M2,HALIC,-1,79.85
galatasaray,M2,HALIC,0,-13.41
galatasaray,M2,HALIC,1,-69.29
galatasaray,M2,HALIC,2,-77.68
galatasaray,M2,HALIC,3,-93.93
galatasaray,M2,HALIC,4,-49.79
galatasaray,M2,HALIC,5,-30.15
galatasaray,M2,HALIC,6,-22.87
galatasaray,M2,HALIC,7,-10.08
galatasaray,M2,HALIC,8,-4.17
galatasaray,M2,HALIC,9,-8.73
galatasaray,M2,HALIC,10,-10.17
galatasaray,M2,HALIC,11,-7.23
galatasaray,M2,HALIC,12,24.2
galatasaray,M2,ITU,-12,65.92
galatasaray,M2,ITU,-11,10.39
galatasaray,M2,ITU,-10,-3.84
galatasaray,M2,ITU,-9,21.7
galatasaray,M2,ITU,-8,65.76
galatasaray,M2,ITU,-7,42.99
galatasaray,M2,ITU,-6,88.33
galatasaray,M2,ITU,-5,185.07
galatasaray,M2,ITU,-4,314.44
galatasaray,M2,ITU,-3,324.79
galatasaray,M2,ITU,-2,429.16
galatasaray,M2,ITU,-1,448.51
galatasaray,M2,ITU,0,201.51
galatasaray,M2,ITU,1,64.59
galatasaray,M2,ITU,2,57.7
galatasaray,M2,ITU,3,55.75
galatasaray,M2,ITU,4,25.69
galatasaray,M2,ITU,5,-19.71
galatasaray,M2,ITU,6,-13.57
galatasaray,M2,ITU,7,-5.12
galatasaray,M2,ITU,8,-9.06
galatasaray,M2,ITU,9,-19.21
galatasaray,M2,ITU,10,-33.09
galatasaray,M2,ITU,11,-1.08
galatasaray,M2,ITU,12,51.71
galatasaray,M2,LEVENT,-12,75.51
galatasaray,M2,LEVENT,-11,73.34
galatasaray,M2,LEVENT,-10,39.59
galatasaray,M2,LEVENT,-9,36.71
galatasaray,M2,LEVENT,-8,45.96
galatasaray,M2,LEVENT,-7,71.0
galatasaray,M2,LEVENT,-6,59.01
galatasaray,M2,LEVENT,-5,129.8
galatasaray,M2,LEVENT,-4,275.82
galatasaray,M2,LEVENT,-3,519.1
galatasaray,M2,LEVENT,-2,857.96
galatasaray,M2,LEVENT,-1,767.08
galatasaray,M2,LEVENT,0,171.44
galatasaray,M2,LEVENT,1,19.07
galatasaray,M2,LEVENT,2,22.03
galatasaray,M2,LEVENT,3,34.16
galatasaray,M2,LEVENT,4,34.2
galatasaray,M2,LEVENT,5,-13.04
galatasaray,M2,LEVENT,6,-1.1
galatasaray,M2,LEVENT,7,-3.16
galatasaray,M2,LEVENT,8,-14.25
galatasaray,M2,LEVENT,9,-33.34
galatasaray,M2,LEVENT,10,-39.16
galatasaray,M2,LEVENT,11,3.77
galatasaray,M2,LEVENT,12,53.17
galatasaray,M2,OSMANBEY,-12,140.61
galatasaray,M2,OSMANBEY,-11,102.14
galatasaray,M2,OSMANBEY,-10,26.45
galatasaray,M2,OSMANBEY,-9,42.12
galatasaray,M2,OSMANBEY,-8,83.63
galatasaray,M2,OSMANBEY,-7,64.46
galatasaray,M2,OSMANBEY,-6,82.02
galatasaray,M2,OSMANBEY,-5,166.5
galatasaray,M2,OSMANBEY,-4,255.94
galatasaray,M2,OSMANBEY,-3,363.52
galatasaray,M2,OSMANBEY,-2,565.79
galatasaray,M2,OSMANBEY,-1,304.0
galatasaray,M2,OSMANBEY,0,62.18
galatasaray,M2,OSMANBEY,1,-6.69
galatasaray,M2,OSMANBEY,2,63.84
galatasaray,M2,OSMANBEY,3,26.31
galatasaray,M2,OSMANBEY,4,89.35
galatasaray,M2,OSMANBEY,5,-15.18
galatasaray,M2,OSMANBEY,6,-10.34
galatasaray,M2,OSMANBEY,7,-4.82
galatasaray,M2,OSMANBEY,8,-10.48
galatasaray,M2,OSMANBEY,9,-54.39
galatasaray,M2,OSMANBEY,10,-81.91
galatasaray,M2,OSMANBEY,11,-27.4
galatasaray,M2,OSMANBEY,12,112.23
galatasaray,M2,SANAYI MAH.,-12,62.29
galatasaray,M2,SANAYI MAH.,-11,28.61
galatasaray,M2,SANAYI MAH.,-10,14.41
galatasaray,M2,SANAYI MAH.,-9,20.49
galatasaray,M2,SANAYI MAH.,-8,28.5
galatasaray,M2,SANAYI MAH.,-7,37.15
galatasaray,M2,SANAYI MAH.,-6,41.34
galatasaray,M2,SANAYI MAH.,-5,49.9
galatasaray,M2,SANAYI MAH.,-4,78.72
galatasaray,M2,SANAYI MAH.,-3,129.09
galatasaray,M2,SANAYI MAH.,-2,209.31
galatasaray,M2,SANAYI MAH.,-1,195.06
galatasaray,M2,SANAYI MAH.,0,49.84
galatasaray,M2,SANAYI MAH.,1,9.38
galatasaray,M2,SANAYI MAH.,2,82.69
galatasaray,M2,SANAYI MAH.,3,117.64
galatasaray,M2,SANAYI MAH.,4,22.25
galatasaray,M2,SANAYI MAH.,5,5.22
galatasaray,M2,SANAYI MAH.,6,1.23
galatasaray,M2,SANAYI MAH.,7,-1.07
galatasaray,M2,SANAYI MAH.,8,-6.49
galatasaray,M2,SANAYI MAH.,9,-26.15
galatasaray,M2,SANAYI MAH.,10,-35.97
galatasaray,M2,SANAYI MAH.,11,8.69
galatasaray,M2,SANAYI MAH.,12,70.5
galatasaray,M2,SEYRANTEPE,-12,48.37
galatasaray,M2,SEYRANTEPE,-11,62.4
galatasaray,M2,SEYRANTEPE,-10,62.1
galatasaray,M2,SEYRANTEPE,-9,77.22
galatasaray,M2,SEYRANTEPE,-8,118.15
galatasaray,M2,SEYRANTEPE,-7,149.86
galatasaray,M2,SEYRANTEPE,-6,224.86
galatasaray,M2,SEYRANTEPE,-5,224.82
galatasaray,M2,SEYRANTEPE,-4,218.94
galatasaray,M2,SEYRANTEPE,-3,199.96
galatasaray,M2,SEYRANTEPE,-2,102.02
galatasaray,M2,SEYRANTEPE,-1,113.85
galatasaray,M2,SEYRANTEPE,0,237.68
galatasaray,M2,SEYRANTEPE,1,1125.75
galatasaray,M2,SEYRANTEPE,2,10927.66
galatasaray,M2,SEYRANTEPE,3,1780.64
galatasaray,M2,SEYRANTEPE,4,272.39
galatasaray,M2,SEYRANTEPE,5,160.13
galatasaray,M2,SEYRANTEPE,6,32.5
galatasaray,M2,SEYRANTEPE,7,-2.77
galatasaray,M2,SEYRANTEPE,8,-15.59
galatasaray,M2,SEYRANTEPE,9,-24.3
galatasaray,M2,SEYRANTEPE,10,-23.98
galatasaray,M2,SEYRANTEPE,11,-8.67
galatasaray,M2,SEYRANTEPE,12,35.43
galatasaray,M2,SISHANE,-12,59.42
galatasaray,M2,SISHANE,-11,41.03
galatasaray,M2,SISHANE,-10,26.65
galatasaray,M2,SISHANE,-9,30.32
galatasaray,M2,SISHANE,-8,40.96
galatasaray,M2,SISHANE,-7,33.43
galatasaray,M2,SISHANE,-6,12.44
galatasaray,M2,SISHANE,-5,132.82
galatasaray,M2,SISHANE,-4,217.83
galatasaray,M2,SISHANE,-3,325.97
galatasaray,M2,SISHANE,-2,443.29
galatasaray,M2,SISHANE,-1,210.98
galatasaray,M2,SISHANE,0,21.43
galatasaray,M2,SISHANE,1,-10.54
galatasaray,M2,SISHANE,2,122.95
galatasaray,M2,SISHANE,3,62.79
galatasaray,M2,SISHANE,4,63.27
galatasaray,M2,SISHANE,5,29.03
galatasaray,M2,SISHANE,6,40.71
galatasaray,M2,SISHANE,7,15.73
galatasaray,M2,SISHANE,8,3.02
galatasaray,M2,SISHANE,9,-25.48
galatasaray,M2,SISHANE,10,-35.2
galatasaray,M2,SISHANE,11,3.45
galatasaray,M2,SISHANE,12,55.24
galatasaray,M2,SISLI,-12,447.83
galatasaray,M2,SISLI,-11,350.36
galatasaray,M2,SISLI,-10,212.07
galatasaray,M2,SISLI,-9,202.31
galatasaray,M2,SISLI,-8,316.71
galatasaray,M2,SISLI,-7,309.51
galatasaray,M2,SISLI,-6,344.11
galatasaray,M2,SISLI,-5,375.52
galatasaray,M2,SISLI,-4,541.22
galatasaray,M2,SISLI,-3,917.57
galatasaray,M2,SISLI,-2,1663.97
galatasaray,M2,SISLI,-1,1198.77
galatasaray,M2,SISLI,0,148.21
galatasaray,M2,SISLI,1,-20.18
galatasaray,M2,SISLI,2,2.89
galatasaray,M2,SISLI,3,29.49
galatasaray,M2,SISLI,4,19.12
galatasaray,M2,SISLI,5,0.46
galatasaray,M2,SISLI,6,-1.05
galatasaray,M2,SISLI,7,0.15
galatasaray,M2,SISLI,8,-26.46
galatasaray,M2,SISLI,9,-134.8
galatasaray,M2,SISLI,10,-223.06
galatasaray,M2,SISLI,11,-40.65
galatasaray,M2,SISLI,12,298.59
galatasaray,M2,TAKSIM,-12,47.37
galatasaray,M2,TAKSIM,-11,33.78
galatasaray,M2,TAKSIM,-10,38.4
galatasaray,M2,TAKSIM,-9,62.37
galatasaray,M2,TAKSIM,-8,54.91
galatasaray,M2,TAKSIM,-7,26.89
galatasaray,M2,TAKSIM,-6,63.08
galatasaray,M2,TAKSIM,-5,269.26
galatasaray,M2,TAKSIM,-4,549.7
galatasaray,M2,TAKSIM,-3,1091.19
galatasaray,M2,TAKSIM,-2,1170.36
galatasaray,M2,TAKSIM,-1,371.76
galatasaray,M2,TAKSIM,0,-6.78
galatasaray,M2,TAKSIM,1,-20.88
galatasaray,M2,TAKSIM,2,230.72
galatasaray,M2,TAKSIM,3,90.38
galatasaray,M2,TAKSIM,4,79.5
galatasaray,M2,TAKSIM,5,-84.16
galatasaray,M2,TAKSIM,6,-17.25
galatasaray,M2,TAKSIM,7,-6.39
galatasaray,M2,TAKSIM,8,12.79
galatasaray,M2,TAKSIM,9,-16.35
galatasaray,M2,TAKSIM,10,-14.06
galatasaray,M2,TAKSIM,11,8.75
galatasaray,M2,TAKSIM,12,30.09
galatasaray,M2,VEZNECILER,-12,9.97
galatasaray,M2,VEZNECILER,-11,11.99
galatasaray,M2,VEZNECILER,-10,19.43
galatasaray,M2,VEZNECILER,-9,54.3
galatasaray,M2,VEZNECILER,-8,52.74
galatasaray,M2,VEZNECILER,-7,35.87
galatasaray,M2,VEZNECILER,-6,96.84
galatasaray,M2,VEZNECILER,-5,92.09
galatasaray,M2,VEZNECILER,-4,153.35
galatasaray,M2,VEZNECILER,-3,265.19
galatasaray,M2,VEZNECILER,-2,284.16
galatasaray,M2,VEZNECILER,-1,94.06
galatasaray,M2,VEZNECILER,0,-0.75
galatasaray,M2,VEZNECILER,1,-32.28
galatasaray,M2,VEZNECILER,2,18.42
galatasaray,M2,VEZNECILER,3,-11.9
galatasaray,M2,VEZNECILER,4,-17.03
galatasaray,M2,VEZNECILER,5,-12.3
galatasaray,M2,VEZNECILER,6,-10.3
galatasaray,M2,VEZNECILER,7,-3.66
galatasaray,M2,VEZNECILER,8,-5.04
galatasaray,M2,VEZNECILER,9,-11.47
galatasaray,M2,VEZNECILER,10,-17.23
galatasaray,M2,VEZNECILER,11,-6.35
galatasaray,M2,VEZNECILER,12,5.18
galatasaray,M2,YENIKAPI,-12,558.17
galatasaray,M2,YENIKAPI,-11,487.87
galatasaray,M2,YENIKAPI,-10,295.79
galatasaray,M2,YENIKAPI,-9,278.22
galatasaray,M2,YENIKAPI,-8,279.31
galatasaray,M2,YENIKAPI,-7,422.81
galatasaray,M2,YENIKAPI,-6,404.3
galatasaray,M2,YENIKAPI,-5,425.79
galatasaray,M2,YENIKAPI,-4,605.48
galatasaray,M2,YENIKAPI,-3,1019.62
galatasaray,M2,YENIKAPI,-2,1746.68
galatasaray,M2,YENIKAPI,-1,770.23
galatasaray,M2,YENIKAPI,0,46.01
galatasaray,M2,YENIKAPI,1,-91.65
galatasaray,M2,YENIKAPI,2,19.36
galatasaray,M2,YENIKAPI,3,-5.2
galatasaray,M2,YENIKAPI,4,-91.86
galatasaray,M2,YENIKAPI,5,-80.1
galatasaray,M2,YENIKAPI,6,-36.28
galatasaray,M2,YENIKAPI,7,-10.81
galatasaray,M2,YENIKAPI,8,-41.51
galatasaray,M2,YENIKAPI,9,-183.56
galatasaray,M2,YENIKAPI,10,-292.64
galatasaray,M2,YENIKAPI,11,-60.7
galatasaray,M2,YENIKAPI,12,366.22
galatasaray,M3,BAKIRKOY IDO,-12,0.35
galatasaray,M3,BAKIRKOY IDO,-11,0.61
galatasaray,M3,BAKIRKOY IDO,-10,-3.83
galatasaray,M3,BAKIRKOY IDO,-9,4.18
galatasaray,M3,BAKIRKOY IDO,-8,0.31
galatasaray,M3,BAKIRKOY IDO,-7,2.24
galatasaray,M3,BAKIRKOY IDO,-6,12.84
galatasaray,M3,BAKIRKOY IDO,-5,12.74
galatasaray,M3,BAKIRKOY IDO,-4,5.29
galatasaray,M3,BAKIRKOY IDO,-3,28.99
galatasaray,M3,BAKIRKOY IDO,-2,99.96
galatasaray,M3,BAKIRKOY IDO,-1,63.16
galatasaray,M3,BAKIRKOY IDO,0,8.49
galatasaray,M3,BAKIRKOY IDO,1,-30.15
galatasaray,M3,BAKIRKOY IDO,2,-98.61
galatasaray,M3,BAKIRKOY IDO,3,-130.37
galatasaray,M3,BAKIRKOY IDO,4,-91.44
galatasaray,M3,BAKIRKOY IDO,5,-22.93
galatasaray,M3,BAKIRKOY IDO,7,1.89
galatasaray,M3,BAKIRKOY IDO,8,3.17
galatasaray,M3,BAKIRKOY IDO,9,1.81
galatasaray,M3,BAKIRKOY IDO,10,2.23
galatasaray,M3,BAKIRKOY IDO,11,-0.54
galatasaray,M3,BAKIRKOY IDO,12,3.91
galatasaray,M3,BASAK KONUTLARI,-12,15.87
galatasaray,M3,BASAK KONUTLARI,-11,8.51
galatasaray,M3,BASAK KONUTLARI,-10,-1.31
galatasaray,M3,BASAK KONUTLARI,-9,0.17
galatasaray,M3,BASAK KONUTLARI,-8,-2.46
galatasaray,M3,BASAK KONUTLARI,-7,10.79
galatasaray,M3,BASAK KONUTLARI,-6,-0.43
galatasaray,M3,BASAK KONUTLARI,-5,6.38
galatasaray,M3,BASAK KONUTLARI,-4,31.16
galatasaray,M3,BASAK KONUTLARI,-3,42.21
galatasaray,M3,BASAK KONUTLARI,-2,38.95
galatasaray,M3,BASAK KONUTLARI,-1,18.71
galatasaray,M3,BASAK KONUTLARI,0,0.51
galatasaray,M3,BASAK KONUTLARI,1,-4.22
galatasaray,M3,BASAK KONUTLARI,2,5.51
galatasaray,M3,BASAK KONUTLARI,3,-1.76
galatasaray,M3,BASAK KONUTLARI,4,2.4
galatasaray,M3,BASAK KONUTLARI,5,-3.32
galatasaray,M3,BASAK KONUTLARI,7,-7.98
galatasaray,M3,BASAK KONUTLARI,8,-17.92
galatasaray,M3,BASAK KONUTLARI,9,-13.06
galatasaray,M3,BASAK KONUTLARI,10,-15.43
galatasaray,M3,BASAK KONUTLARI,11,-6.59
galatasaray,M3,BASAK KONUTLARI,12,9.57
galatasaray,M3,HAZNEDAR,-12,6.45
galatasaray,M3,HAZNEDAR,-11,17.8
galatasaray,M3,HAZNEDAR,-10,12.11
galatasaray,M3,HAZNEDAR,-9,13.03
galatasaray,M3,HAZNEDAR,-8,14.92
galatasaray,M3,HAZNEDAR,-7,-6.36
galatasaray,M3,HAZNEDAR,-6,71.23
galatasaray,M3,HAZNEDAR,-5,21.15
galatasaray,M3,HAZNEDAR,-4,60.2
galatasaray,M3,HAZNEDAR,-3,-30.33
galatasaray,M3,HAZNEDAR,-2,34.97
galatasaray,M3,HAZNEDAR,-1,-25.91
galatasaray,M3,HAZNEDAR,0,-3.51
galatasaray,M3,HAZNEDAR,1,0.34
galatasaray,M3,HAZNEDAR,2,15.21
galatasaray,M3,HAZNEDAR,3,15.39
galatasaray,M3,HAZNEDAR,4,-0.16
galatasaray,M3,HAZNEDAR,5,-2.41
galatasaray,M3,HAZNEDAR,7,1.79
galatasaray,M3,HAZNEDAR,8,3.42
galatasaray,M3,HAZNEDAR,9,-8.64
galatasaray,M3,HAZNEDAR,10,-6.53
galatasaray,M3,HAZNEDAR,11,12.25
galatasaray,M3,HAZNEDAR,12,12.86
galatasaray,M3,IKITELLI SANAYI,-12,1.77
galatasaray,M3,IKITELLI SANAYI,-11,-1.25
galatasaray,M3,IKITELLI SANAYI,-10,-0.93
galatasaray,M3,IKITELLI SANAYI,-9,0.05
galatasaray,M3,IKITELLI SANAYI,-8,1.88
galatasaray,M3,IKITELLI SANAYI,-7,8.15
galatasaray,M3,IKITELLI SANAYI,-6,-1.95
galatasaray,M3,IKITELLI SANAYI,-5,-10.07
galatasaray,M3,IKITELLI SANAYI,-4,27.87
galatasaray,M3,IKITELLI SANAYI,-3,89.66
galatasaray,M3,IKITELLI SANAYI,-2,76.8
galatasaray,M3,IKITELLI SANAYI,-1,12.21
galatasaray,M3,IKITELLI SANAYI,0,-16.44
galatasaray,M3,IKITELLI SANAYI,1,-16.68
galatasaray,M3,IKITELLI SANAYI,2,-10.58
galatasaray,M3,IKITELLI SANAYI,3,-5.5
galatasaray,M3,IKITELLI SANAYI,4,-2.61
galatasaray,M3,IKITELLI SANAYI,5,-1.22
galatasaray,M3,IKITELLI SANAYI,7,-1.85
galatasaray,M3,IKITELLI SANAYI,8,5.48
galatasaray,M3,IKITELLI SANAYI,9,-0.8
galatasaray,M3,IKITELLI SANAYI,10,-0.87
galatasaray,M3,IKITELLI SANAYI,11,0.9
galatasaray,M3,IKITELLI SANAYI,12,0.4
galatasaray,M3,ILKYUVA,-12,52.8
galatasaray,M3,ILKYUVA,-11,30.22
galatasaray,M3,ILKYUVA,-10,39.54
galatasaray,M3,ILKYUVA,-9,-16.45
galatasaray,M3,ILKYUVA,-8,50.74
galatasaray,M3,ILKYUVA,-7,98.88
galatasaray,M3,ILKYUVA,-6,130.21
galatasaray,M3,ILKYUVA,-5,132.17
galatasaray,M3,ILKYUVA,-4,79.76
galatasaray,M3,ILKYUVA,-3,55.24
galatasaray,M3,ILKYUVA,-2,34.73
galatasaray,M3,ILKYUVA,-1,-55.08
galatasaray,M3,ILKYUVA,0,-16.35
galatasaray,M3,ILKYUVA,1,-18.77
galatasaray,M3,ILKYUVA,2,12.61
galatasaray,M3,ILKYUVA,3,-2.91
galatasaray,M3,ILKYUVA,4,-0.93
galatasaray,M3,ILKYUVA,5,-5.09
galatasaray,M3,ILKYUVA,7,7.33
galatasaray,M3,ILKYUVA,8,70.67
galatasaray,M3,ILKYUVA,9,-32.54
galatasaray,M3,ILKYUVA,10,-29.45
galatasaray,M3,ILKYUVA,11,45.0
galatasaray,M3,ILKYUVA,12,264.97
galatasaray,M3,INCIRLI,-12,-7.86
galatasaray,M3,INCIRLI,-11,-1.41
galatasaray,M3,INCIRLI,-10,2.7
galatasaray,M3,INCIRLI,-9,20.22
galatasaray,M3,INCIRLI,-8,20.96
galatasaray,M3,INCIRLI,-7,39.75
galatasaray,M3,INCIRLI,-6,83.12
galatasaray,M3,INCIRLI,-5,79.84
galatasaray,M3,INCIRLI,-4,139.66
galatasaray,M3,INCIRLI,-3,-33.2
galatasaray,M3,INCIRLI,-2,176.95
galatasaray,M3,INCIRLI,-1,47.51
galatasaray,M3,INCIRLI,0,20.48
galatasaray,M3,INCIRLI,1,30.06
galatasaray,M3,INCIRLI,2,39.38
galatasaray,M3,INCIRLI,3,45.62
galatasaray,M3,INCIRLI,4,18.0
galatasaray,M3,INCIRLI,5,-9.12
galatasaray,M3,INCIRLI,7,2.58
galatasaray,M3,INCIRLI,8,20.42
galatasaray,M3,INCIRLI,9,8.47
galatasaray,M3,INCIRLI,10,-2.71
galatasaray,M3,INCIRLI,11,-1.12
galatasaray,M3,INCIRLI,12,73.78
galatasaray,M3,ISTOC,-12,2.76
galatasaray,M3,ISTOC,-11,-0.4
galatasaray,M3,ISTOC,-10,-0.19
galatasaray,M3,ISTOC,-9,-1.76
galatasaray,M3,ISTOC,-8,1.75
galatasaray,M3,ISTOC,-7,-0.51
galatasaray,M3,ISTOC,-6,0.93
galatasaray,M3,ISTOC,-5,-1.33
galatasaray,M3,ISTOC,-4,7.96
galatasaray,M3,ISTOC,-3,44.66
galatasaray,M3,ISTOC,-2,32.18
galatasaray,M3,ISTOC,-1,0.98
galatasaray,M3,ISTOC,0,-3.12
galatasaray,M3,ISTOC,1,-2.17
galatasaray,M3,ISTOC,2,-0.0
galatasaray,M3,ISTOC,3,1.04
galatasaray,M3,ISTOC,4,-0.09
galatasaray,M3,ISTOC,5,0.6
galatasaray,M3,ISTOC,7,-0.55
galatasaray,M3,ISTOC,8,-3.56
galatasaray,M3,ISTOC,9,-6.63
galatasaray,M3,ISTOC,10,-2.42
galatasaray,M3,ISTOC,11,0.54
galatasaray,M3,ISTOC,12,1.77
galatasaray,M3,KAYASEHIR MERKEZ,-12,52.59
galatasaray,M3,KAYASEHIR MERKEZ,-11,33.33
galatasaray,M3,KAYASEHIR MERKEZ,-10,-2.23
galatasaray,M3,KAYASEHIR MERKEZ,-9,-5.92
galatasaray,M3,KAYASEHIR MERKEZ,-8,-3.69
galatasaray,M3,KAYASEHIR MERKEZ,-7,-19.1
galatasaray,M3,KAYASEHIR MERKEZ,-6,-13.28
galatasaray,M3,KAYASEHIR MERKEZ,-5,-0.18
galatasaray,M3,KAYASEHIR MERKEZ,-4,32.71
galatasaray,M3,KAYASEHIR MERKEZ,-3,17.41
galatasaray,M3,KAYASEHIR MERKEZ,-2,20.31
galatasaray,M3,KAYASEHIR MERKEZ,-1,4.78
galatasaray,M3,KAYASEHIR MERKEZ,0,5.88
galatasaray,M3,KAYASEHIR MERKEZ,1,-16.61
galatasaray,M3,KAYASEHIR MERKEZ,2,-26.45
galatasaray,M3,KAYASEHIR MERKEZ,3,-39.73
galatasaray,M3,KAYASEHIR MERKEZ,4,-40.42
galatasaray,M3,KAYASEHIR MERKEZ,5,-18.48
galatasaray,M3,KAYASEHIR MERKEZ,7,-4.0
galatasaray,M3,KAYASEHIR MERKEZ,8,-15.22
galatasaray,M3,KAYASEHIR MERKEZ,9,-19.44
galatasaray,M3,KAYASEHIR MERKEZ,10,-27.29
galatasaray,M3,KAYASEHIR MERKEZ,11,-15.76
galatasaray,M3,KAYASEHIR MERKEZ,12,39.67
galatasaray,M3,KIRAZLI,-12,121.34
galatasaray,M3,KIRAZLI,-11,22.62
galatasaray,M3,KIRAZLI,-10,-1.51
galatasaray,M3,KIRAZLI,-9,-12.36
galatasaray,M3,KIRAZLI,-8,-11.13
galatasaray,M3,KIRAZLI,-7,0.34
galatasaray,M3,KIRAZLI,-6,-5.91
galatasaray,M3,KIRAZLI,-5,2.96
galatasaray,M3,KIRAZLI,-4,2.82
galatasaray,M3,KIRAZLI,-3,0.77
galatasaray,M3,KIRAZLI,-2,4.88
galatasaray,M3,KIRAZLI,-1,-4.16
galatasaray,M3,KIRAZLI,0,-9.87
galatasaray,M3,KIRAZLI,1,-14.47
galatasaray,M3,KIRAZLI,2,-7.89
galatasaray,M3,KIRAZLI,3,-5.79
galatasaray,M3,KIRAZLI,4,-5.77
galatasaray,M3,KIRAZLI,5,-4.52
galatasaray,M3,KIRAZLI,6,-2.9
galatasaray,M3,KIRAZLI,7,-8.97
galatasaray,M3,KIRAZLI,8,-41.49
galatasaray,M3,KIRAZLI,9,-43.04
galatasaray,M3,KIRAZLI,10,-20.89
galatasaray,M3,KIRAZLI,11,47.82
galatasaray,M3,KIRAZLI,12,90.18
galatasaray,M3,MAHMUTBEY,-12,120.65
galatasaray,M3,MAHMUTBEY,-11,58.41
galatasaray,M3,MAHMUTBEY,-10,9.53
galatasaray,M3,MAHMUTBEY,-9,-4.48
galatasaray,M3,MAHMUTBEY,-8,8.55
galatasaray,M3,MAHMUTBEY,-7,10.54
galatasaray,M3,MAHMUTBEY,-6,0.0
galatasaray,M3,MAHMUTBEY,-5,17.35
galatasaray,M3,MAHMUTBEY,-4,30.81
galatasaray,M3,MAHMUTBEY,-3,64.82
galatasaray,M3,MAHMUTBEY,-2,56.26
galatasaray,M3,MAHMUTBEY,-1,49.18
galatasaray,M3,MAHMUTBEY,0,15.47
galatasaray,M3,MAHMUTBEY,1,-3.9
galatasaray,M3,MAHMUTBEY,2,4.2
galatasaray,M3,MAHMUTBEY,3,37.94
galatasaray,M3,MAHMUTBEY,4,10.86
galatasaray,M3,MAHMUTBEY,5,-6.8
galatasaray,M3,MAHMUTBEY,6,-4.82
galatasaray,M3,MAHMUTBEY,7,-0.42
galatasaray,M3,MAHMUTBEY,8,-26.22
galatasaray,M3,MAHMUTBEY,9,-48.2
galatasaray,M3,MAHMUTBEY,10,-34.6
galatasaray,M3,MAHMUTBEY,11,20.0
galatasaray,M3,MAHMUTBEY,12,119.15
galatasaray,M3,MAHMUTBEY M7 HOL,-12,9.26
galatasaray,M3,MAHMUTBEY M7 HOL,-11,1.64
galatasaray,M3,MAHMUTBEY M7 HOL,-10,-7.59
galatasaray,M3,MAHMUTBEY M7 HOL,-9,-6.74
galatasaray,M3,MAHMUTBEY M7 HOL,-8,-2.52
galatasaray,M3,MAHMUTBEY M7 HOL,-7,-3.82
galatasaray,M3,MAHMUTBEY M7 HOL,-6,-6.21
galatasaray,M3,MAHMUTBEY M7 HOL,-5,12.59
galatasaray,M3,MAHMUTBEY M7 HOL,-4,4.5
galatasaray,M3,MAHMUTBEY M7 HOL,-3,18.44
galatasaray,M3,MAHMUTBEY M7 HOL,-2,19.23
galatasaray,M3,MAHMUTBEY M7 HOL,-1,28.37
galatasaray,M3,MAHMUTBEY M7 HOL,0,0.22
galatasaray,M3,MAHMUTBEY M7 HOL,1,-11.62
galatasaray,M3,MAHMUTBEY M7 HOL,2,-3.45
galatasaray,M3,MAHMUTBEY M7 HOL,3,22.5
galatasaray,M3,MAHMUTBEY M7 HOL,4,4.61
galatasaray,M3,MAHMUTBEY M7 HOL,5,-3.45
galatasaray,M3,MAHMUTBEY M7 HOL,6,-2.38
galatasaray,M3,MAHMUTBEY M7 HOL,7,-1.71
galatasaray,M3,MAHMUTBEY M7 HOL,8,-9.3
galatasaray,M3,MAHMUTBEY M7 HOL,9,-21.68
galatasaray,M3,MAHMUTBEY M7 HOL,10,-24.38
galatasaray,M3,MAHMUTBEY M7 HOL,11,-0.47
galatasaray,M3,MAHMUTBEY M7 HOL,12,22.02
galatasaray,M3,METROKENT,-12,37.03
galatasaray,M3,METROKENT,-11,19.32
galatasaray,M3,METROKENT,-10,-2.11
galatasaray,M3,METROKENT,-9,-1.14
galatasaray,M3,METROKENT,-8,-6.48
galatasaray,M3,METROKENT,-7,4.65
galatasaray,M3,METROKENT,-6,-8.38
galatasaray,M3,METROKENT,-5,-1.0
galatasaray,M3,METROKENT,-4,29.14
galatasaray,M3,METROKENT,-3,39.45
galatasaray,M3,METROKENT,-2,19.1
galatasaray,M3,METROKENT,-1,34.43
galatasaray,M3,METROKENT,0,14.19
galatasaray,M3,METROKENT,1,-10.38
galatasaray,M3,METROKENT,2,-3.66
galatasaray,M3,METROKENT,3,-9.44
galatasaray,M3,METROKENT,4,-9.22
galatasaray,M3,METROKENT,5,-6.64
galatasaray,M3,METROKENT,7,-0.77
galatasaray,M3,METROKENT,8,-21.51
galatasaray,M3,METROKENT,9,-20.31
galatasaray,M3,METROKENT,10,-25.6
galatasaray,M3,METROKENT,11,-24.97
galatasaray,M3,METROKENT,12,17.37
galatasaray,M3,MOLLA GURANI,-12,29.55
galatasaray,M3,MOLLA GURANI,-11,20.02
galatasaray,M3,MOLLA GURANI,-10,-39.58
galatasaray,M3,MOLLA GURANI,-9,12.88
galatasaray,M3,MOLLA GURANI,-8,7.44
galatasaray,M3,MOLLA GURANI,-7,50.85
galatasaray,M3,MOLLA GURANI,-6,86.61
galatasaray,M3,MOLLA GURANI,-5,105.83
galatasaray,M3,MOLLA GURANI,-4,53.82
galatasaray,M3,MOLLA GURANI,-3,9.44
galatasaray,M3,MOLLA GURANI,-2,-2.67
galatasaray,M3,MOLLA GURANI,-1,-55.82
galatasaray,M3,MOLLA GURANI,0,-20.45
galatasaray,M3,MOLLA GURANI,1,-40.6
galatasaray,M3,MOLLA GURANI,2,-4.93
galatasaray,M3,MOLLA GURANI,3,2.98
galatasaray,M3,MOLLA GURANI,4,-11.53
galatasaray,M3,MOLLA GURANI,5,0.32
galatasaray,M3,MOLLA GURANI,7,-0.12
galatasaray,M3,MOLLA GURANI,8,56.96
galatasaray,M3,MOLLA GURANI,9,-31.6
galatasaray,M3,MOLLA GURANI,10,-21.07
galatasaray,M3,MOLLA GURANI,11,52.78
galatasaray,M3,MOLLA GURANI,12,257.74
galatasaray,M3,ONURKENT,-12,21.24
galatasaray,M3,ONURKENT,-11,7.92
galatasaray,M3,ONURKENT,-10,-1.79
galatasaray,M3,ONURKENT,-9,-1.08
galatasaray,M3,ONURKENT,-8,1.3
galatasaray,M3,ONURKENT,-7,-7.65
galatasaray,M3,ONURKENT,-6,-16.21
galatasaray,M3,ONURKENT,-5,27.83
galatasaray,M3,ONURKENT,-4,27.48
galatasaray,M3,ONURKENT,-3,2.88
galatasaray,M3,ONURKENT,-2,7.55
galatasaray,M3,ONURKENT,-1,-2.76
galatasaray,M3,ONURKENT,0,-2.6
galatasaray,M3,ONURKENT,1,-5.84
galatasaray,M3,ONURKENT,2,-5.97
galatasaray,M3,ONURKENT,3,-7.08
galatasaray,M3,ONURKENT,4,-3.37
galatasaray,M3,ONURKENT,5,-1.59
galatasaray,M3,ONURKENT,7,0.39
galatasaray,M3,ONURKENT,8,-4.91
galatasaray,M3,ONURKENT,9,-7.4
galatasaray,M3,ONURKENT,10,-9.91
galatasaray,M3,ONURKENT,11,-4.26
galatasaray,M3,ONURKENT,12,13.5
galatasaray,M3,OZGURLUK MEYDANI,-12,-1.04
galatasaray,M3,OZGURLUK MEYDANI,-11,6.84
galatasaray,M3,OZGURLUK MEYDANI,-10,-3.02
galatasaray,M3,OZGURLUK MEYDANI,-9,18.46
galatasaray,M3,OZGURLUK MEYDANI,-8,-1.24
galatasaray,M3,OZGURLUK MEYDANI,-7,-6.13
galatasaray,M3,OZGURLUK MEYDANI,-6,114.95
galatasaray,M3,OZGURLUK MEYDANI,-5,147.85
galatasaray,M3,OZGURLUK MEYDANI,-4,241.66
galatasaray,M3,OZGURLUK MEYDANI,-3,430.4
galatasaray,M3,OZGURLUK MEYDANI,-2,459.34
galatasaray,M3,OZGURLUK MEYDANI,-1,246.71
galatasaray,M3,OZGURLUK MEYDANI,0,196.74
galatasaray,M3,OZGURLUK MEYDANI,1,141.13
galatasaray,M3,OZGURLUK MEYDANI,2,93.69
galatasaray,M3,OZGURLUK MEYDANI,3,-76.73
galatasaray,M3,OZGURLUK MEYDANI,4,-98.53
galatasaray,M3,OZGURLUK MEYDANI,5,-44.44
galatasaray,M3,OZGURLUK MEYDANI,7,-1.79
galatasaray,M3,OZGURLUK MEYDANI,8,-1.96
galatasaray,M3,OZGURLUK MEYDANI,9,11.17
galatasaray,M3,OZGURLUK MEYDANI,10,-1.87
galatasaray,M3,OZGURLUK MEYDANI,11,-4.16
galatasaray,M3,OZGURLUK MEYDANI,12,49.36
galatasaray,M3,SEHIR HASTANESI,-12,6.2
galatasaray,M3,SEHIR HASTANESI,-11,1.21
galatasaray,M3,SEHIR HASTANESI,-10,3.72
galatasaray,M3,SEHIR HASTANESI,-9,-5.8
galatasaray,M3,SEHIR HASTANESI,-8,0.7
galatasaray,M3,SEHIR HASTANESI,-7,5.41
galatasaray,M3,SEHIR HASTANESI,-6,-9.63
galatasaray,M3,SEHIR HASTANESI,-5,-12.15
galatasaray,M3,SEHIR HASTANESI,-4,2.64
galatasaray,M3,SEHIR HASTANESI,-3,8.91
galatasaray,M3,SEHIR HASTANESI,-2,3.02
galatasaray,M3,SEHIR HASTANESI,-1,3.4
galatasaray,M3,SEHIR HASTANESI,0,-4.39
galatasaray,M3,SEHIR HASTANESI,1,-8.94
galatasaray,M3,SEHIR HASTANESI,2,-6.15
galatasaray,M3,SEHIR HASTANESI,3,-9.07
galatasaray,M3,SEHIR HASTANESI,4,-5.23
galatasaray,M3,SEHIR HASTANESI,5,-0.87
galatasaray,M3,SEHIR HASTANESI,7,-1.62
galatasaray,M3,SEHIR HASTANESI,8,-0.41
galatasaray,M3,SEHIR HASTANESI,9,-1.22
galatasaray,M3,SEHIR HASTANESI,10,-6.58
galatasaray,M3,SEHIR HASTANESI,11,-8.08
galatasaray,M3,SEHIR HASTANESI,12,-12.63
galatasaray,M3,SITELER,-12,4.26
galatasaray,M3,SITELER,-11,2.83
galatasaray,M3,SITELER,-10,2.03
galatasaray,M3,SITELER,-9,-1.43
galatasaray,M3,SITELER,-8,0.93
galatasaray,M3,SITELER,-7,1.82
galatasaray,M3,SITELER,-6,0.11
galatasaray,M3,SITELER,-5,-0.32
galatasaray,M3,SITELER,-4,9.33
galatasaray,M3,SITELER,-3,41.62
galatasaray,M3,SITELER,-2,35.79
galatasaray,M3,SITELER,-1,10.17
galatasaray,M3,SITELER,0,0.98
galatasaray,M3,SITELER,1,-1.78
galatasaray,M3,SITELER,2,-0.93
galatasaray,M3,SITELER,3,2.29
galatasaray,M3,SITELER,4,0.77
galatasaray,M3,SITELER,5,-0.66
galatasaray,M3,SITELER,7,3.06
galatasaray,M3,SITELER,8,-1.5
galatasaray,M3,SITELER,9,-3.11
galatasaray,M3,SITELER,10,1.22
galatasaray,M3,SITELER,11,0.81
galatasaray,M3,SITELER,12,1.98
galatasaray,M3,TOPLU KONUTLAR,-12,71.96
galatasaray,M3,TOPLU KONUTLAR,-11,39.4
galatasaray,M3,TOPLU KONUTLAR,-10,4.61
galatasaray,M3,TOPLU KONUTLAR,-9,-1.14
galatasaray,M3,TOPLU KONUTLAR,-8,1.64
galatasaray,M3,TOPLU KONUTLAR,-7,-3.51
galatasaray,M3,TOPLU KONUTLAR,-6,-14.11
galatasaray,M3,TOPLU KONUTLAR,-5,9.79
galatasaray,M3,TOPLU KONUTLAR,-4,30.8
galatasaray,M3,TOPLU KONUTLAR,-3,15.73
galatasaray,M3,TOPLU KONUTLAR,-2,-1.98
galatasaray,M3,TOPLU KONUTLAR,-1,-8.89
galatasaray,M3,TOPLU KONUTLAR,0,-6.76
galatasaray,M3,TOPLU KONUTLAR,1,-15.52
galatasaray,M3,TOPLU KONUTLAR,2,-7.88
galatasaray,M3,TOPLU KONUTLAR,3,-9.67
galatasaray,M3,TOPLU KONUTLAR,4,-8.76
galatasaray,M3,TOPLU KONUTLAR,5,-3.98
galatasaray,M3,TOPLU KONUTLAR,7,-1.79
galatasaray,M3,TOPLU KONUTLAR,8,-23.17
galatasaray,M3,TOPLU KONUTLAR,9,-24.71
galatasaray,M3,TOPLU KONUTLAR,10,-20.98
galatasaray,M3,TOPLU KONUTLAR,11,3.17
galatasaray,M3,TOPLU KONUTLAR,12,56.34
galatasaray,M3,TURGUT OZAL,-12,3.18
galatasaray,M3,TURGUT OZAL,-11,-0.38
galatasaray,M3,TURGUT OZAL,-10,-0.12
galatasaray,M3,TURGUT OZAL,-9,-2.44
galatasaray,M3,TURGUT OZAL,-8,-3.44
galatasaray,M3,TURGUT OZAL,-7,1.43
galatasaray,M3,TURGUT OZAL,-6,-16.98
galatasaray,M3,TURGUT OZAL,-5,-17.94
galatasaray,M3,TURGUT OZAL,-4,50.89
galatasaray,M3,TURGUT OZAL,-3,59.64
galatasaray,M3,TURGUT OZAL,-2,43.24
galatasaray,M3,TURGUT OZAL,-1,12.04
galatasaray,M3,TURGUT OZAL,0,-5.48
galatasaray,M3,TURGUT OZAL,1,-7.07
galatasaray,M3,TURGUT OZAL,2,-1.72
galatasaray,M3,TURGUT OZAL,3,0.11
galatasaray,M3,TURGUT OZAL,4,0.03
galatasaray,M3,TURGUT OZAL,5,-0.32
galatasaray,M3,TURGUT OZAL,7,-2.1
galatasaray,M3,TURGUT OZAL,8,-0.29
galatasaray,M3,TURGUT OZAL,9,-0.71
galatasaray,M3,TURGUT OZAL,10,-0.66
galatasaray,M3,TURGUT OZAL,11,0.95
galatasaray,M3,TURGUT OZAL,12,4.49
galatasaray,M3,YENI MAHALLE,-12,50.95
galatasaray,M3,YENI MAHALLE,-11,18.02
galatasaray,M3,YENI MAHALLE,-10,-9.9
galatasaray,M3,YENI MAHALLE,-9,-2.97
galatasaray,M3,YENI MAHALLE,-8,-0.6
galatasaray,M3,YENI MAHALLE,-7,22.31
galatasaray,M3,YENI MAHALLE,-6,4.34
galatasaray,M3,YENI MAHALLE,-5,-7.77
galatasaray,M3,YENI MAHALLE,-4,11.15
galatasaray,M3,YENI MAHALLE,-3,1.51
galatasaray,M3,YENI MAHALLE,-2,16.2
galatasaray,M3,YENI MAHALLE,-1,-15.41
galatasaray,M3,YENI MAHALLE,0,-6.83
galatasaray,M3,YENI MAHALLE,1,-12.68
galatasaray,M3,YENI MAHALLE,2,-2.14
galatasaray,M3,YENI MAHALLE,3,-7.95
galatasaray,M3,YENI MAHALLE,4,-2.66
galatasaray,M3,YENI MAHALLE,5,-2.61
galatasaray,M3,YENI MAHALLE,7,-8.28
galatasaray,M3,YENI MAHALLE,8,-22.63
galatasaray,M3,YENI MAHALLE,9,-33.62
galatasaray,M3,YENI MAHALLE,10,-26.96
galatasaray,M3,YENI MAHALLE,11,6.54
galatasaray,M3,YENI MAHALLE,12,52.44
galatasaray,M4,ACIBADEM,-12,42.85
galatasaray,M4,ACIBADEM,-11,34.5
galatasaray,M4,ACIBADEM,-10,7.76
galatasaray,M4,ACIBADEM,-9,9.23
galatasaray,M4,ACIBADEM,-8,18.55
galatasaray,M4,ACIBADEM,-7,12.04
galatasaray,M4,ACIBADEM,-6,2.22
galatasaray,M4,ACIBADEM,-5,33.42
galatasaray,M4,ACIBADEM,-4,51.97
galatasaray,M4,ACIBADEM,-3,58.7
galatasaray,M4,ACIBADEM,-2,64.48
galatasaray,M4,ACIBADEM,-1,34.47
galatasaray,M4,ACIBADEM,0,13.29
galatasaray,M4,ACIBADEM,1,5.12
galatasaray,M4,ACIBADEM,2,7.35
galatasaray,M4,ACIBADEM,3,7.2
galatasaray,M4,ACIBADEM,4,1.69
galatasaray,M4,ACIBADEM,5,-1.44
galatasaray,M4,ACIBADEM,6,2.11
galatasaray,M4,ACIBADEM,7,-0.34
galatasaray,M4,ACIBADEM,8,-5.41
galatasaray,M4,ACIBADEM,9,-17.17
galatasaray,M4,ACIBADEM,10,-17.9
galatasaray,M4,ACIBADEM,11,6.66
galatasaray,M4,ACIBADEM,12,33.72
galatasaray,M4,AYRILIKCESME,-12,82.25
galatasaray,M4,AYRILIKCESME,-11,101.25
galatasaray,M4,AYRILIKCESME,-10,48.09
galatasaray,M4,AYRILIKCESME,-9,22.81
galatasaray,M4,AYRILIKCESME,-8,31.32
galatasaray,M4,AYRILIKCESME,-7,64.66
galatasaray,M4,AYRILIKCESME,-6,38.53
galatasaray,M4,AYRILIKCESME,-5,91.72
galatasaray,M4,AYRILIKCESME,-4,116.67
galatasaray,M4,AYRILIKCESME,-3,153.99
galatasaray,M4,AYRILIKCESME,-2,210.82
galatasaray,M4,AYRILIKCESME,-1,136.23
galatasaray,M4,AYRILIKCESME,0,16.79
galatasaray,M4,AYRILIKCESME,1,-16.3
galatasaray,M4,AYRILIKCESME,2,46.2
galatasaray,M4,AYRILIKCESME,3,108.84
galatasaray,M4,AYRILIKCESME,4,20.45
galatasaray,M4,AYRILIKCESME,5,-19.43
galatasaray,M4,AYRILIKCESME,6,-21.86
galatasaray,M4,AYRILIKCESME,7,-6.46
galatasaray,M4,AYRILIKCESME,8,-13.16
galatasaray,M4,AYRILIKCESME,9,-47.33
galatasaray,M4,AYRILIKCESME,10,-55.98
galatasaray,M4,AYRILIKCESME,11,2.86
galatasaray,M4,AYRILIKCESME,12,106.86
galatasaray,M4,BOSTANCI,-12,131.16
galatasaray,M4,BOSTANCI,-11,79.8
galatasaray,M4,BOSTANCI,-10,45.87
galatasaray,M4,BOSTANCI,-9,42.62
galatasaray,M4,BOSTANCI,-8,48.57
galatasaray,M4,BOSTANCI,-7,42.27
galatasaray,M4,BOSTANCI,-6,23.19
galatasaray,M4,BOSTANCI,-5,75.5
galatasaray,M4,BOSTANCI,-4,90.03
galatasaray,M4,BOSTANCI,-3,127.34
galatasaray,M4,BOSTANCI,-2,116.12
galatasaray,M4,BOSTANCI,-1,58.13
galatasaray,M4,BOSTANCI,0,13.84
galatasaray,M4,BOSTANCI,1,-11.91
galatasaray,M4,BOSTANCI,2,13.26
galatasaray,M4,BOSTANCI,3,6.39
galatasaray,M4,BOSTANCI,4,0.61
galatasaray,M4,BOSTANCI,5,-8.81
galatasaray,M4,BOSTANCI,6,0.77
galatasaray,M4,BOSTANCI,7,-1.98
galatasaray,M4,BOSTANCI,8,-13.67
galatasaray,M4,BOSTANCI,9,-60.65
galatasaray,M4,BOSTANCI,10,-63.22
galatasaray,M4,BOSTANCI,11,8.51
galatasaray,M4,BOSTANCI,12,115.61
galatasaray,M4,ESENKENT CEVIZLI,-12,43.31
galatasaray,M4,ESENKENT CEVIZLI,-11,17.1
galatasaray,M4,ESENKENT CEVIZLI,-10,5.69
galatasaray,M4,ESENKENT CEVIZLI,-9,3.42
galatasaray,M4,ESENKENT CEVIZLI,-8,6.61
galatasaray,M4,ESENKENT CEVIZLI,-7,8.51
galatasaray,M4,ESENKENT CEVIZLI,-6,-3.42
galatasaray,M4,ESENKENT CEVIZLI,-5,21.67
galatasaray,M4,ESENKENT CEVIZLI,-4,28.26
galatasaray,M4,ESENKENT CEVIZLI,-3,67.4
galatasaray,M4,ESENKENT CEVIZLI,-2,66.76
galatasaray,M4,ESENKENT CEVIZLI,-1,36.04
galatasaray,M4,ESENKENT CEVIZLI,0,-11.52
galatasaray,M4,ESENKENT CEVIZLI,1,-31.68
galatasaray,M4,ESENKENT CEVIZLI,2,-16.47
galatasaray,M4,ESENKENT CEVIZLI,3,-12.45
galatasaray,M4,ESENKENT CEVIZLI,4,-6.13
galatasaray,M4,ESENKENT CEVIZLI,5,-1.25
galatasaray,M4,ESENKENT CEVIZLI,6,-0.73
galatasaray,M4,ESENKENT CEVIZLI,7,-2.77
galatasaray,M4,ESENKENT CEVIZLI,8,-8.42
galatasaray,M4,ESENKENT CEVIZLI,9,-20.64
galatasaray,M4,ESENKENT CEVIZLI,10,-12.8
galatasaray,M4,ESENKENT CEVIZLI,11,14.11
galatasaray,M4,ESENKENT CEVIZLI,12,30.33
galatasaray,M4,FEVZI CAKMAK,-12,110.5
galatasaray,M4,FEVZI CAKMAK,-11,51.64
galatasaray,M4,FEVZI CAKMAK,-10,22.0
galatasaray,M4,FEVZI CAKMAK,-9,18.41
galatasaray,M4,FEVZI CAKMAK,-8,22.3
galatasaray,M4,FEVZI CAKMAK,-7,18.43
galatasaray,M4,FEVZI CAKMAK,-6,16.81
galatasaray,M4,FEVZI CAKMAK,-5,11.13
galatasaray,M4,FEVZI CAKMAK,-4,35.69
galatasaray,M4,FEVZI CAKMAK,-3,31.21
galatasaray,M4,FEVZI CAKMAK,-2,18.67
galatasaray,M4,FEVZI CAKMAK,-1,3.48
galatasaray,M4,FEVZI CAKMAK,0,-4.96
galatasaray,M4,FEVZI CAKMAK,1,-6.67
galatasaray,M4,FEVZI CAKMAK,2,-2.78
galatasaray,M4,FEVZI CAKMAK,3,-1.46
galatasaray,M4,FEVZI CAKMAK,4,-1.36
galatasaray,M4,FEVZI CAKMAK,5,-0.44
galatasaray,M4,FEVZI CAKMAK,6,-0.4
galatasaray,M4,FEVZI CAKMAK,7,-1.94
galatasaray,M4,FEVZI CAKMAK,8,-16.32
galatasaray,M4,FEVZI CAKMAK,9,-28.34
galatasaray,M4,FEVZI CAKMAK,10,-14.41
galatasaray,M4,FEVZI CAKMAK,11,23.14
galatasaray,M4,FEVZI CAKMAK,12,90.52
galatasaray,M4,GOZTEPE,-12,65.99
galatasaray,M4,GOZTEPE,-11,47.89
galatasaray,M4,GOZTEPE,-10,17.37
galatasaray,M4,GOZTEPE,-9,20.73
galatasaray,M4,GOZTEPE,-8,8.75
galatasaray,M4,GOZTEPE,-7,2.8
galatasaray,M4,GOZTEPE,-6,14.31
galatasaray,M4,GOZTEPE,-5,48.02
galatasaray,M4,GOZTEPE,-4,69.54
galatasaray,M4,GOZTEPE,-3,114.01
galatasaray,M4,GOZTEPE,-2,98.75
galatasaray,M4,GOZTEPE,-1,58.06
galatasaray,M4,GOZTEPE,0,7.41
galatasaray,M4,GOZTEPE,1,-5.24
galatasaray,M4,GOZTEPE,2,10.05
galatasaray,M4,GOZTEPE,3,15.08
galatasaray,M4,GOZTEPE,4,2.48
galatasaray,M4,GOZTEPE,5,-0.12
galatasaray,M4,GOZTEPE,6,-1.07
galatasaray,M4,GOZTEPE,7,-2.29
galatasaray,M4,GOZTEPE,8,-12.22
galatasaray,M4,GOZTEPE,9,-40.82
galatasaray,M4,GOZTEPE,10,-41.05
galatasaray,M4,GOZTEPE,11,33.03
galatasaray,M4,GOZTEPE,12,84.45
galatasaray,M4,GULSUYU,-12,46.58
galatasaray,M4,GULSUYU,-11,27.3
galatasaray,M4,GULSUYU,-10,11.62
galatasaray,M4,GULSUYU,-9,7.32
galatasaray,M4,GULSUYU,-8,3.83
galatasaray,M4,GULSUYU,-7,4.18
galatasaray,M4,GULSUYU,-6,4.07
galatasaray,M4,GULSUYU,-5,17.76
galatasaray,M4,GULSUYU,-4,40.09
galatasaray,M4,GULSUYU,-3,53.89
galatasaray,M4,GULSUYU,-2,36.86
galatasaray,M4,GULSUYU,-1,18.22
galatasaray,M4,GULSUYU,0,4.22
galatasaray,M4,GULSUYU,1,0.6
galatasaray,M4,GULSUYU,2,7.24
galatasaray,M4,GULSUYU,3,3.17
galatasaray,M4,GULSUYU,4,-2.1
galatasaray,M4,GULSUYU,5,0.96
galatasaray,M4,GULSUYU,6,-0.54
galatasaray,M4,GULSUYU,7,-0.88
galatasaray,M4,GULSUYU,8,-6.73
galatasaray,M4,GULSUYU,9,-18.38
galatasaray,M4,GULSUYU,10,-19.21
galatasaray,M4,GULSUYU,11,6.72
galatasaray,M4,GULSUYU,12,42.05
galatasaray,M4,HASTANE,-12,10.74
galatasaray,M4,HASTANE,-11,5.5
galatasaray,M4,HASTANE,-10,7.41
galatasaray,M4,HASTANE,-9,29.96
galatasaray,M4,HASTANE,-8,35.76
galatasaray,M4,HASTANE,-7,37.36
galatasaray,M4,HASTANE,-6,30.95
galatasaray,M4,HASTANE,-5,46.35
galatasaray,M4,HASTANE,-4,70.89
galatasaray,M4,HASTANE,-3,90.77
galatasaray,M4,HASTANE,-2,29.54
galatasaray,M4,HASTANE,-1,26.97
galatasaray,M4,HASTANE,0,8.33
galatasaray,M4,HASTANE,1,-8.66
galatasaray,M4,HASTANE,2,-3.56
galatasaray,M4,HASTANE,3,-3.98
galatasaray,M4,HASTANE,4,-3.19
galatasaray,M4,HASTANE,5,-1.75
galatasaray,M4,HASTANE,6,0.43
galatasaray,M4,HASTANE,7,-1.46
galatasaray,M4,HASTANE,8,-3.61
galatasaray,M4,HASTANE,9,-9.38
galatasaray,M4,HASTANE,10,-13.1
galatasaray,M4,HASTANE,11,-7.61
galatasaray,M4,HASTANE,12,-1.82
galatasaray,M4,HUZUREVI,-12,89.48
galatasaray,M4,HUZUREVI,-11,57.1
galatasaray,M4,HUZUREVI,-10,22.95
galatasaray,M4,HUZUREVI,-9,11.37
galatasaray,M4,HUZUREVI,-8,24.32
galatasaray,M4,HUZUREVI,-7,22.86
galatasaray,M4,HUZUREVI,-6,8.29
galatasaray,M4,HUZUREVI,-5,13.71
galatasaray,M4,HUZUREVI,-4,22.48
galatasaray,M4,HUZUREVI,-3,28.21
galatasaray,M4,HUZUREVI,-2,39.29
galatasaray,M4,HUZUREVI,-1,13.83
galatasaray,M4,HUZUREVI,0,-7.89
galatasaray,M4,HUZUREVI,1,-11.47
galatasaray,M4,HUZUREVI,2,-0.0
galatasaray,M4,HUZUREVI,3,1.69
galatasaray,M4,HUZUREVI,4,1.12
galatasaray,M4,HUZUREVI,5,1.9
galatasaray,M4,HUZUREVI,6,0.37
galatasaray,M4,HUZUREVI,7,-1.25
galatasaray,M4,HUZUREVI,8,-14.09
galatasaray,M4,HUZUREVI,9,-38.27
galatasaray,M4,HUZUREVI,10,-32.92
galatasaray,M4,HUZUREVI,11,15.66
galatasaray,M4,HUZUREVI,12,91.76
galatasaray,M4,KADIKOY,-12,30.95
galatasaray,M4,KADIKOY,-11,23.98
galatasaray,M4,KADIKOY,-10,17.17
galatasaray,M4,KADIKOY,-9,16.26
galatasaray,M4,KADIKOY,-8,15.34
galatasaray,M4,KADIKOY,-7,23.68
galatasaray,M4,KADIKOY,-6,-7.36
galatasaray,M4,KADIKOY,-5,56.21
galatasaray,M4,KADIKOY,-4,72.24
galatasaray,M4,KADIKOY,-3,113.04
galatasaray,M4,KADIKOY,-2,191.68
galatasaray,M4,KADIKOY,-1,218.18
galatasaray,M4,KADIKOY,0,50.86
galatasaray,M4,KADIKOY,1,-90.27
galatasaray,M4,KADIKOY,2,-10.71
galatasaray,M4,KADIKOY,3,-76.19
galatasaray,M4,KADIKOY,4,-8.28
galatasaray,M4,KADIKOY,5,-70.55
galatasaray,M4,KADIKOY,6,-45.71
galatasaray,M4,KADIKOY,7,-6.06
galatasaray,M4,KADIKOY,8,-1.61
galatasaray,M4,KADIKOY,9,-9.71
galatasaray,M4,KADIKOY,10,-22.35
galatasaray,M4,KADIKOY,11,2.19
galatasaray,M4,KADIKOY,12,28.58
galatasaray,M4,KARTAL,-12,89.12
galatasaray,M4,KARTAL,-11,58.75
galatasaray,M4,KARTAL,-10,30.79
galatasaray,M4,KARTAL,-9,23.18
galatasaray,M4,KARTAL,-8,36.34
galatasaray,M4,KARTAL,-7,27.93
galatasaray,M4,KARTAL,-6,20.21
galatasaray,M4,KARTAL,-5,9.3
galatasaray,M4,KARTAL,-4,37.13
galatasaray,M4,KARTAL,-3,58.87
galatasaray,M4,KARTAL,-2,51.93
galatasaray,M4,KARTAL,-1,27.83
galatasaray,M4,KARTAL,0,2.57
galatasaray,M4,KARTAL,1,-10.93
galatasaray,M4,KARTAL,2,4.06
galatasaray,M4,KARTAL,3,-2.58
galatasaray,M4,KARTAL,4,0.88
galatasaray,M4,KARTAL,5,-1.25
galatasaray,M4,KARTAL,6,-0.74
galatasaray,M4,KARTAL,7,-1.4
galatasaray,M4,KARTAL,8,-14.27
galatasaray,M4,KARTAL,9,-44.86
galatasaray,M4,KARTAL,10,-26.39
galatasaray,M4,KARTAL,11,33.38
galatasaray,M4,KARTAL,12,64.27
galatasaray,M4,KOZYATAGI,-12,178.98
galatasaray,M4,KOZYATAGI,-11,101.81
galatasaray,M4,KOZYATAGI,-10,59.33
galatasaray,M4,KOZYATAGI,-9,45.1
galatasaray,M4,KOZYATAGI,-8,68.01
galatasaray,M4,KOZYATAGI,-7,65.35
galatasaray,M4,KOZYATAGI,-6,83.59
galatasaray,M4,KOZYATAGI,-5,119.15
galatasaray,M4,KOZYATAGI,-4,143.17
galatasaray,M4,KOZYATAGI,-3,252.14
galatasaray,M4,KOZYATAGI,-2,284.53
galatasaray,M4,KOZYATAGI,-1,138.24
galatasaray,M4,KOZYATAGI,0,35.31
galatasaray,M4,KOZYATAGI,1,8.86
galatasaray,M4,KOZYATAGI,2,19.82
galatasaray,M4,KOZYATAGI,3,30.91
galatasaray,M4,KOZYATAGI,4,8.0
galatasaray,M4,KOZYATAGI,5,-0.88
galatasaray,M4,KOZYATAGI,6,-0.41
galatasaray,M4,KOZYATAGI,7,-2.65
galatasaray,M4,KOZYATAGI,8,-12.43
galatasaray,M4,KOZYATAGI,9,-63.27
galatasaray,M4,KOZYATAGI,10,-84.85
galatasaray,M4,KOZYATAGI,11,18.54
galatasaray,M4,KOZYATAGI,12,178.41
galatasaray,M4,KUCUKYALI,-12,99.51
galatasaray,M4,KUCUKYALI,-11,48.79
galatasaray,M4,KUCUKYALI,-10,12.36
galatasaray,M4,KUCUKYALI,-9,20.24
galatasaray,M4,KUCUKYALI,-8,59.23
galatasaray,M4,KUCUKYALI,-7,33.1
galatasaray,M4,KUCUKYALI,-6,2.78
galatasaray,M4,KUCUKYALI,-5,106.2
galatasaray,M4,KUCUKYALI,-4,135.47
galatasaray,M4,KUCUKYALI,-3,126.83
galatasaray,M4,KUCUKYALI,-2,81.89
galatasaray,M4,KUCUKYALI,-1,55.3
galatasaray,M4,KUCUKYALI,0,6.9
galatasaray,M4,KUCUKYALI,1,-9.26
galatasaray,M4,KUCUKYALI,2,5.55
galatasaray,M4,KUCUKYALI,3,-2.17
galatasaray,M4,KUCUKYALI,4,-4.12
galatasaray,M4,KUCUKYALI,5,-1.38
galatasaray,M4,KUCUKYALI,6,1.98
galatasaray,M4,KUCUKYALI,7,-2.26
galatasaray,M4,KUCUKYALI,8,-10.09
galatasaray,M4,KUCUKYALI,9,-40.89
galatasaray,M4,KUCUKYALI,10,-43.11
galatasaray,M4,KUCUKYALI,11,15.56
galatasaray,M4,KUCUKYALI,12,81.86
galatasaray,M4,KURTKOY,-12,-25.89
galatasaray,M4,KURTKOY,-11,-8.13
galatasaray,M4,KURTKOY,-10,9.51
galatasaray,M4,KURTKOY,-9,25.78
galatasaray,M4,KURTKOY,-8,130.24
galatasaray,M4,KURTKOY,-7,95.28
galatasaray,M4,KURTKOY,-6,67.19
galatasaray,M4,KURTKOY,-5,98.37
galatasaray,M4,KURTKOY,-4,18.41
galatasaray,M4,KURTKOY,-3,16.98
galatasaray,M4,KURTKOY,-2,51.3
galatasaray,M4,KURTKOY,-1,24.81
galatasaray,M4,KURTKOY,0,-31.85
galatasaray,M4,KURTKOY,1,-30.8
galatasaray,M4,KURTKOY,2,13.38
galatasaray,M4,KURTKOY,3,6.09
galatasaray,M4,KURTKOY,4,-27.45
galatasaray,M4,KURTKOY,5,-3.58
galatasaray,M4,KURTKOY,7,-9.71
galatasaray,M4,KURTKOY,8,-66.47
galatasaray,M4,KURTKOY,9,-253.65
galatasaray,M4,KURTKOY,10,-39.44
galatasaray,M4,KURTKOY,11,60.55
galatasaray,M4,KURTKOY,12,276.87
galatasaray,M4,M4 KURTKOY,-12,88.45
galatasaray,M4,M4 KURTKOY,-11,59.5
galatasaray,M4,M4 KURTKOY,-10,13.13
galatasaray,M4,M4 KURTKOY,-9,16.73
galatasaray,M4,M4 KURTKOY,-8,20.13
galatasaray,M4,M4 KURTKOY,-7,17.02
galatasaray,M4,M4 KURTKOY,-6,-14.42
galatasaray,M4,M4 KURTKOY,-5,44.56
galatasaray,M4,M4 KURTKOY,-4,82.71
galatasaray,M4,M4 KURTKOY,-3,70.75
galatasaray,M4,M4 KURTKOY,-2,45.35
galatasaray,M4,M4 KURTKOY,-1,21.38
galatasaray,M4,M4 KURTKOY,0,6.13
galatasaray,M4,M4 KURTKOY,1,-5.42
galatasaray,M4,M4 KURTKOY,2,0.71
galatasaray,M4,M4 KURTKOY,3,0.19
galatasaray,M4,M4 KURTKOY,4,-2.83
galatasaray,M4,M4 KURTKOY,5,-2.37
galatasaray,M4,M4 KURTKOY,6,-0.11
galatasaray,M4,M4 KURTKOY,7,-1.75
galatasaray,M4,M4 KURTKOY,8,-16.02
galatasaray,M4,M4 KURTKOY,9,-31.17
galatasaray,M4,M4 KURTKOY,10,-13.0
galatasaray,M4,M4 KURTKOY,11,42.73
galatasaray,M4,M4 KURTKOY,12,75.98
galatasaray,M4,MALTEPE,-12,118.6
galatasaray,M4,MALTEPE,-11,93.75
galatasaray,M4,MALTEPE,-10,21.63
galatasaray,M4,MALTEPE,-9,34.73
galatasaray,M4,MALTEPE,-8,50.78
galatasaray,M4,MALTEPE,-7,51.0
galatasaray,M4,MALTEPE,-6,21.35
galatasaray,M4,MALTEPE,-5,53.86
galatasaray,M4,MALTEPE,-4,70.42
galatasaray,M4,MALTEPE,-3,93.55
galatasaray,M4,MALTEPE,-2,121.2
galatasaray,M4,MALTEPE,-1,38.46
galatasaray,M4,MALTEPE,0,19.06
galatasaray,M4,MALTEPE,1,-12.73
galatasaray,M4,MALTEPE,2,-7.39
galatasaray,M4,MALTEPE,3,-0.95
galatasaray,M4,MALTEPE,4,-5.7
galatasaray,M4,MALTEPE,5,1.8
galatasaray,M4,MALTEPE,6,-1.74
galatasaray,M4,MALTEPE,7,-0.6
galatasaray,M4,MALTEPE,8,-19.65
galatasaray,M4,MALTEPE,9,-60.09
galatasaray,M4,MALTEPE,10,-51.24
galatasaray,M4,MALTEPE,11,18.79
galatasaray,M4,MALTEPE,12,115.16
galatasaray,M4,PENDIK,-12,72.84
galatasaray,M4,PENDIK,-11,36.49
galatasaray,M4,PENDIK,-10,7.83
galatasaray,M4,PENDIK,-9,12.18
galatasaray,M4,PENDIK,-8,22.25
galatasaray,M4,PENDIK,-7,14.58
galatasaray,M4,PENDIK,-6,11.1
galatasaray,M4,PENDIK,-5,0.31
galatasaray,M4,PENDIK,-4,48.43
galatasaray,M4,PENDIK,-3,49.96
galatasaray,M4,PENDIK,-2,42.37
galatasaray,M4,PENDIK,-1,20.45
galatasaray,M4,PENDIK,0,9.61
galatasaray,M4,PENDIK,1,-9.09
galatasaray,M4,PENDIK,2,-4.43
galatasaray,M4,PENDIK,3,-7.99
galatasaray,M4,PENDIK,4,-1.65
galatasaray,M4,PENDIK,5,-0.78
galatasaray,M4,PENDIK,6,-2.83
galatasaray,M4,PENDIK,7,-0.5
galatasaray,M4,PENDIK,8,-20.65
galatasaray,M4,PENDIK,9,-38.65
galatasaray,M4,PENDIK,10,-25.61
galatasaray,M4,PENDIK,11,5.63
galatasaray,M4,PENDIK,12,68.03
galatasaray,M4,SABIHA GOKCEN,-12,50.61
galatasaray,M4,SABIHA GOKCEN,-11,87.73
galatasaray,M4,SABIHA GOKCEN,-10,47.76
galatasaray,M4,SABIHA GOKCEN,-9,48.02
galatasaray,M4,SABIHA GOKCEN,-8,32.36
galatasaray,M4,SABIHA GOKCEN,-7,58.15
galatasaray,M4,SABIHA GOKCEN,-6,49.48
galatasaray,M4,SABIHA GOKCEN,-5,44.45
galatasaray,M4,SABIHA GOKCEN,-4,25.04
galatasaray,M4,SABIHA GOKCEN,-3,67.06
galatasaray,M4,SABIHA GOKCEN,-2,64.95
galatasaray,M4,SABIHA GOKCEN,-1,12.82
galatasaray,M4,SABIHA GOKCEN,0,26.82
galatasaray,M4,SABIHA GOKCEN,1,24.67
galatasaray,M4,SABIHA GOKCEN,2,34.67
galatasaray,M4,SABIHA GOKCEN,3,9.73
galatasaray,M4,SABIHA GOKCEN,4,24.97
galatasaray,M4,SABIHA GOKCEN,5,21.6
galatasaray,M4,SABIHA GOKCEN,6,32.72
galatasaray,M4,SABIHA GOKCEN,7,-0.15
galatasaray,M4,SABIHA GOKCEN,8,2.59
galatasaray,M4,SABIHA GOKCEN,9,2.47
galatasaray,M4,SABIHA GOKCEN,10,3.53
galatasaray,M4,SABIHA GOKCEN,11,20.02
galatasaray,M4,SABIHA GOKCEN,12,33.46
galatasaray,M4,SABIHA GOKCEN HAVALIMANI,-12,57.32
galatasaray,M4,SABIHA GOKCEN HAVALIMANI,-11,-134.94
galatasaray,M4,SABIHA GOKCEN HAVALIMANI,-10,20.84
galatasaray,M4,SABIHA GOKCEN HAVALIMANI,-9,-1.93
galatasaray,M4,SABIHA GOKCEN HAVALIMANI,-8,3.07
galatasaray,M4,SABIHA GOKCEN HAVALIMANI,-7,-9.71
galatasaray,M4,SABIHA GOKCEN HAVALIMANI,-6,-40.43
galatasaray,M4,SABIHA GOKCEN HAVALIMANI,-5,-88.18
galatasaray,M4,SABIHA GOKCEN HAVALIMANI,-4,61.39
galatasaray,M4,SABIHA GOKCEN HAVALIMANI,-3,2.09
galatasaray,M4,SABIHA GOKCEN HAVALIMANI,-2,65.41
galatasaray,M4,SABIHA GOKCEN HAVALIMANI,-1,78.4
galatasaray,M4,SABIHA GOKCEN HAVALIMANI,0,49.29
galatasaray,M4,SABIHA GOKCEN HAVALIMANI,1,-10.33
galatasaray,M4,SABIHA GOKCEN HAVALIMANI,2,53.34
galatasaray,M4,SABIHA GOKCEN HAVALIMANI,3,-95.0
galatasaray,M4,SABIHA GOKCEN HAVALIMANI,4,-192.6
galatasaray,M4,SABIHA GOKCEN HAVALIMANI,5,-75.9
galatasaray,M4,SABIHA GOKCEN HAVALIMANI,7,-28.41
galatasaray,M4,SABIHA GOKCEN HAVALIMANI,8,-100.12
galatasaray,M4,SABIHA GOKCEN HAVALIMANI,9,-93.47
galatasaray,M4,SABIHA GOKCEN HAVALIMANI,10,-15.13
galatasaray,M4,SABIHA GOKCEN HAVALIMANI,11,14.9
galatasaray,M4,SABIHA GOKCEN HAVALIMANI,12,122.95
galatasaray,M4,SOGANLIK,-12,88.66
galatasaray,M4,SOGANLIK,-11,54.46
galatasaray,M4,SOGANLIK,-10,25.0
galatasaray,M4,SOGANLIK,-9,26.14
galatasaray,M4,SOGANLIK,-8,24.91
galatasaray,M4,SOGANLIK,-7,17.45
galatasaray,M4,SOGANLIK,-6,-9.46
galatasaray,M4,SOGANLIK,-5,54.62
galatasaray,M4,SOGANLIK,-4,62.56
galatasaray,M4,SOGANLIK,-3,58.74
galatasaray,M4,SOGANLIK,-2,50.99
galatasaray,M4,SOGANLIK,-1,8.06
galatasaray,M4,SOGANLIK,0,-4.79
galatasaray,M4,SOGANLIK,1,-8.71
galatasaray,M4,SOGANLIK,2,1.91
galatasaray,M4,SOGANLIK,3,-0.01
galatasaray,M4,SOGANLIK,4,-1.34
galatasaray,M4,SOGANLIK,5,-1.39
galatasaray,M4,SOGANLIK,6,-1.24
galatasaray,M4,SOGANLIK,7,-0.71
galatasaray,M4,SOGANLIK,8,-13.89
galatasaray,M4,SOGANLIK,9,-31.11
galatasaray,M4,SOGANLIK,10,-13.59
galatasaray,M4,SOGANLIK,11,29.15
galatasaray,M4,SOGANLIK,12,83.84
galatasaray,M4,TAVSANTEPE,-12,115.67
galatasaray,M4,TAVSANTEPE,-11,63.91
galatasaray,M4,TAVSANTEPE,-10,26.33
galatasaray,M4,TAVSANTEPE,-9,24.62
galatasaray,M4,TAVSANTEPE,-8,17.49
galatasaray,M4,TAVSANTEPE,-7,31.98
galatasaray,M4,TAVSANTEPE,-6,46.2
galatasaray,M4,TAVSANTEPE,-5,9.33
galatasaray,M4,TAVSANTEPE,-4,27.11
galatasaray,M4,TAVSANTEPE,-3,32.56
galatasaray,M4,TAVSANTEPE,-2,31.94
galatasaray,M4,TAVSANTEPE,-1,16.35
galatasaray,M4,TAVSANTEPE,0,1.52
galatasaray,M4,TAVSANTEPE,1,-2.41
galatasaray,M4,TAVSANTEPE,2,-7.2
galatasaray,M4,TAVSANTEPE,3,-4.05
galatasaray,M4,TAVSANTEPE,4,-0.85
galatasaray,M4,TAVSANTEPE,5,-1.69
galatasaray,M4,TAVSANTEPE,6,0.28
galatasaray,M4,TAVSANTEPE,7,-3.73
galatasaray,M4,TAVSANTEPE,8,-32.17
galatasaray,M4,TAVSANTEPE,9,-57.32
galatasaray,M4,TAVSANTEPE,10,-25.86
galatasaray,M4,TAVSANTEPE,11,13.29
galatasaray,M4,TAVSANTEPE,12,104.17
galatasaray,M4,UNALAN,-12,92.27
galatasaray,M4,UNALAN,-11,78.93
galatasaray,M4,UNALAN,-10,36.67
galatasaray,M4,UNALAN,-9,16.91
galatasaray,M4,UNALAN,-8,34.83
galatasaray,M4,UNALAN,-7,49.84
galatasaray,M4,UNALAN,-6,56.4
galatasaray,M4,UNALAN,-5,45.58
galatasaray,M4,UNALAN,-4,87.48
galatasaray,M4,UNALAN,-3,218.2
galatasaray,M4,UNALAN,-2,193.88
galatasaray,M4,UNALAN,-1,161.31
galatasaray,M4,UNALAN,0,43.93
galatasaray,M4,UNALAN,1,12.41
galatasaray,M4,UNALAN,2,94.07
galatasaray,M4,UNALAN,3,277.2
galatasaray,M4,UNALAN,4,62.76
galatasaray,M4,UNALAN,5,14.19
galatasaray,M4,UNALAN,6,11.9
galatasaray,M4,UNALAN,7,-0.73
galatasaray,M4,UNALAN,8,-7.97
galatasaray,M4,UNALAN,9,-36.99
galatasaray,M4,UNALAN,10,-58.02
galatasaray,M4,UNALAN,11,-3.44
galatasaray,M4,UNALAN,12,91.82
galatasaray,M4,YAKACIK,-12,78.65
galatasaray,M4,YAKACIK,-11,30.19
galatasaray,M4,YAKACIK,-10,13.7
galatasaray,M4,YAKACIK,-9,9.57
galatasaray,M4,YAKACIK,-8,6.84
galatasaray,M4,YAKACIK,-7,14.07
galatasaray,M4,YAKACIK,-6,16.68
galatasaray,M4,YAKACIK,-5,14.24
galatasaray,M4,YAKACIK,-4,16.9
galatasaray,M4,YAKACIK,-3,26.8
galatasaray,M4,YAKACIK,-2,27.8
galatasaray,M4,YAKACIK,-1,5.52
galatasaray,M4,YAKACIK,0,-7.27
galatasaray,M4,YAKACIK,1,-7.78
galatasaray,M4,YAKACIK,2,1.27
galatasaray,M4,YAKACIK,3,-0.69
galatasaray,M4,YAKACIK,4,0.89
galatasaray,M4,YAKACIK,5,-0.69
galatasaray,M4,YAKACIK,6,-0.89
galatasaray,M4,YAKACIK,7,-1.33
galatasaray,M4,YAKACIK,8,-15.03
galatasaray,M4,YAKACIK,9,-31.96
galatasaray,M4,YAKACIK,10,-25.09
galatasaray,M4,YAKACIK,11,1.31
galatasaray,M4,YAKACIK,12,63.86
galatasaray,M4,YAYALAR,-12,71.64
galatasaray,M4,YAYALAR,-11,36.56
galatasaray,M4,YAYALAR,-10,6.82
galatasaray,M4,YAYALAR,-9,15.44
galatasaray,M4,YAYALAR,-8,26.43
galatasaray,M4,YAYALAR,-7,10.32
galatasaray,M4,YAYALAR,-6,5.38
galatasaray,M4,YAYALAR,-5,6.73
galatasaray,M4,YAYALAR,-4,46.92
galatasaray,M4,YAYALAR,-3,31.27
galatasaray,M4,YAYALAR,-2,24.03
galatasaray,M4,YAYALAR,-1,6.81
galatasaray,M4,YAYALAR,0,-1.25
galatasaray,M4,YAYALAR,1,-3.5
galatasaray,M4,YAYALAR,2,-0.4
galatasaray,M4,YAYALAR,3,1.0
galatasaray,M4,YAYALAR,4,-1.75
galatasaray,M4,YAYALAR,5,-1.01
galatasaray,M4,YAYALAR,6,-0.3
galatasaray,M4,YAYALAR,7,-0.32
galatasaray,M4,YAYALAR,8,-13.09
galatasaray,M4,YAYALAR,9,-23.62
galatasaray,M4,YAYALAR,10,-15.51
galatasaray,M4,YAYALAR,11,20.09
galatasaray,M4,YAYALAR,12,75.5
galatasaray,M4,YENISAHRA,-12,63.92
galatasaray,M4,YENISAHRA,-11,41.97
galatasaray,M4,YENISAHRA,-10,11.46
galatasaray,M4,YENISAHRA,-9,7.91
galatasaray,M4,YENISAHRA,-8,7.35
galatasaray,M4,YENISAHRA,-7,11.29
galatasaray,M4,YENISAHRA,-6,1.0
galatasaray,M4,YENISAHRA,-5,67.53
galatasaray,M4,YENISAHRA,-4,62.07
galatasaray,M4,YENISAHRA,-3,86.86
galatasaray,M4,YENISAHRA,-2,110.04
galatasaray,M4,YENISAHRA,-1,58.66
galatasaray,M4,YENISAHRA,0,18.52
galatasaray,M4,YENISAHRA,1,0.74
galatasaray,M4,YENISAHRA,2,1.15
galatasaray,M4,YENISAHRA,3,11.45
galatasaray,M4,YENISAHRA,4,-3.82
galatasaray,M4,YENISAHRA,5,-0.77
galatasaray,M4,YENISAHRA,6,1.91
galatasaray,M4,YENISAHRA,7,-1.7
galatasaray,M4,YENISAHRA,8,-6.88
galatasaray,M4,YENISAHRA,9,-22.75
galatasaray,M4,YENISAHRA,10,-29.7
galatasaray,M4,YENISAHRA,11,15.49
galatasaray,M4,YENISAHRA,12,69.36
galatasaray,M5,ALTINSEHIR,-12,75.19
galatasaray,M5,ALTINSEHIR,-11,42.42
galatasaray,M5,ALTINSEHIR,-10,-3.88
galatasaray,M5,ALTINSEHIR,-9,-5.99
galatasaray,M5,ALTINSEHIR,-8,15.71
galatasaray,M5,ALTINSEHIR,-7,14.01
galatasaray,M5,ALTINSEHIR,-6,10.02
galatasaray,M5,ALTINSEHIR,-5,-0.85
galatasaray,M5,ALTINSEHIR,-4,10.26
galatasaray,M5,ALTINSEHIR,-3,38.33
galatasaray,M5,ALTINSEHIR,-2,29.95
galatasaray,M5,ALTINSEHIR,-1,-0.01
galatasaray,M5,ALTINSEHIR,0,-7.93
galatasaray,M5,ALTINSEHIR,1,-22.45
galatasaray,M5,ALTINSEHIR,2,1.2
galatasaray,M5,ALTINSEHIR,3,3.79
galatasaray,M5,ALTINSEHIR,4,-2.33
galatasaray,M5,ALTINSEHIR,5,-2.79
galatasaray,M5,ALTINSEHIR,6,-0.19
galatasaray,M5,ALTINSEHIR,7,-3.28
galatasaray,M5,ALTINSEHIR,8,-18.62
galatasaray,M5,ALTINSEHIR,9,-45.8
galatasaray,M5,ALTINSEHIR,10,-44.97
galatasaray,M5,ALTINSEHIR,11,31.52
galatasaray,M5,ALTINSEHIR,12,102.12
galatasaray,M5,ALTUNIZADE,-12,58.85
galatasaray,M5,ALTUNIZADE,-11,45.96
galatasaray,M5,ALTUNIZADE,-10,16.39
galatasaray,M5,ALTUNIZADE,-9,6.07
galatasaray,M5,ALTUNIZADE,-8,32.78
galatasaray,M5,ALTUNIZADE,-7,13.17
galatasaray,M5,ALTUNIZADE,-6,21.8
galatasaray,M5,ALTUNIZADE,-5,104.1
galatasaray,M5,ALTUNIZADE,-4,147.18
galatasaray,M5,ALTUNIZADE,-3,263.13
galatasaray,M5,ALTUNIZADE,-2,268.47
galatasaray,M5,ALTUNIZADE,-1,201.56
galatasaray,M5,ALTUNIZADE,0,82.99
galatasaray,M5,ALTUNIZADE,1,-3.99
galatasaray,M5,ALTUNIZADE,2,152.05
galatasaray,M5,ALTUNIZADE,3,356.61
galatasaray,M5,ALTUNIZADE,4,94.76
galatasaray,M5,ALTUNIZADE,5,-27.91
galatasaray,M5,ALTUNIZADE,6,15.12
galatasaray,M5,ALTUNIZADE,7,-1.47
galatasaray,M5,ALTUNIZADE,8,-3.36
galatasaray,M5,ALTUNIZADE,9,-26.46
galatasaray,M5,ALTUNIZADE,10,-35.46
galatasaray,M5,ALTUNIZADE,11,0.68
galatasaray,M5,ALTUNIZADE,12,67.33
galatasaray,M5,BAGLARBASI,-12,35.01
galatasaray,M5,BAGLARBASI,-11,18.66
galatasaray,M5,BAGLARBASI,-10,6.43
galatasaray,M5,BAGLARBASI,-9,1.92
galatasaray,M5,BAGLARBASI,-8,37.0
galatasaray,M5,BAGLARBASI,-7,4.36
galatasaray,M5,BAGLARBASI,-6,-18.22
galatasaray,M5,BAGLARBASI,-5,94.09
galatasaray,M5,BAGLARBASI,-4,152.63
galatasaray,M5,BAGLARBASI,-3,158.87
galatasaray,M5,BAGLARBASI,-2,136.23
galatasaray,M5,BAGLARBASI,-1,81.9
galatasaray,M5,BAGLARBASI,0,17.65
galatasaray,M5,BAGLARBASI,1,32.78
galatasaray,M5,BAGLARBASI,2,9.66
galatasaray,M5,BAGLARBASI,3,3.79
galatasaray,M5,BAGLARBASI,4,-2.54
galatasaray,M5,BAGLARBASI,5,-8.48
galatasaray,M5,BAGLARBASI,6,1.35
galatasaray,M5,BAGLARBASI,7,-0.82
galatasaray,M5,BAGLARBASI,8,-5.12
galatasaray,M5,BAGLARBASI,9,-11.81
galatasaray,M5,BAGLARBASI,10,-17.22
galatasaray,M5,BAGLARBASI,11,4.43
galatasaray,M5,BAGLARBASI,12,38.87
galatasaray,M5,BULGURLU,-12,200.38
galatasaray,M5,BULGURLU,-11,102.23
galatasaray,M5,BULGURLU,-10,31.77
galatasaray,M5,BULGURLU,-9,13.62
galatasaray,M5,BULGURLU,-8,33.55
galatasaray,M5,BULGURLU,-7,55.95
galatasaray,M5,BULGURLU,-6,5.25
galatasaray,M5,BULGURLU,-5,71.53
galatasaray,M5,BULGURLU,-4,99.85
galatasaray,M5,BULGURLU,-3,123.7
galatasaray,M5,BULGURLU,-2,125.19
galatasaray,M5,BULGURLU,-1,55.56
galatasaray,M5,BULGURLU,0,5.73
galatasaray,M5,BULGURLU,1,-27.21
galatasaray,M5,BULGURLU,2,-4.75
galatasaray,M5,BULGURLU,3,-1.54
galatasaray,M5,BULGURLU,4,-8.54
galatasaray,M5,BULGURLU,5,-7.38
galatasaray,M5,BULGURLU,6,1.43
galatasaray,M5,BULGURLU,7,-2.06
galatasaray,M5,BULGURLU,8,-20.16
galatasaray,M5,BULGURLU,9,-82.64
galatasaray,M5,BULGURLU,10,-98.17
galatasaray,M5,BULGURLU,11,4.86
galatasaray,M5,BULGURLU,12,205.91
galatasaray,M5,CAKMAK,-12,110.04
galatasaray,M5,CAKMAK,-11,54.68
galatasaray,M5,CAKMAK,-10,9.35
galatasaray,M5,CAKMAK,-9,16.42
galatasaray,M5,CAKMAK,-8,26.13
galatasaray,M5,CAKMAK,-7,36.63
galatasaray,M5,CAKMAK,-6,20.19
galatasaray,M5,CAKMAK,-5,11.34
galatasaray,M5,CAKMAK,-4,70.53
galatasaray,M5,CAKMAK,-3,108.58
galatasaray,M5,CAKMAK,-2,128.29
galatasaray,M5,CAKMAK,-1,86.04
galatasaray,M5,CAKMAK,0,0.3
galatasaray,M5,CAKMAK,1,-32.54
galatasaray,M5,CAKMAK,2,-16.48
galatasaray,M5,CAKMAK,3,-12.8
galatasaray,M5,CAKMAK,4,-4.66
galatasaray,M5,CAKMAK,5,-8.16
galatasaray,M5,CAKMAK,6,-1.29
galatasaray,M5,CAKMAK,7,-0.69
galatasaray,M5,CAKMAK,8,-19.83
galatasaray,M5,CAKMAK,9,-59.96
galatasaray,M5,CAKMAK,10,-54.72
galatasaray,M5,CAKMAK,11,42.49
galatasaray,M5,CAKMAK,12,126.87
galatasaray,M5,CARSI,-12,163.33
galatasaray,M5,CARSI,-11,52.84
galatasaray,M5,CARSI,-10,11.51
galatasaray,M5,CARSI,-9,-1.63
galatasaray,M5,CARSI,-8,38.1
galatasaray,M5,CARSI,-7,-3.08
galatasaray,M5,CARSI,-6,-0.42
galatasaray,M5,CARSI,-5,56.75
galatasaray,M5,CARSI,-4,59.05
galatasaray,M5,CARSI,-3,74.96
galatasaray,M5,CARSI,-2,113.53
galatasaray,M5,CARSI,-1,72.77
galatasaray,M5,CARSI,0,-1.48
galatasaray,M5,CARSI,1,-53.68
galatasaray,M5,CARSI,2,-8.51
galatasaray,M5,CARSI,3,-12.29
galatasaray,M5,CARSI,4,-12.64
galatasaray,M5,CARSI,5,-14.87
galatasaray,M5,CARSI,6,-4.26
galatasaray,M5,CARSI,7,-3.67
galatasaray,M5,CARSI,8,-16.53
galatasaray,M5,CARSI,9,-69.52
galatasaray,M5,CARSI,10,-70.7
galatasaray,M5,CARSI,11,39.28
galatasaray,M5,CARSI,12,169.83
galatasaray,M5,CEKMEKOY,-12,488.59
galatasaray,M5,CEKMEKOY,-11,280.06
galatasaray,M5,CEKMEKOY,-10,161.92
galatasaray,M5,CEKMEKOY,-9,119.26
galatasaray,M5,CEKMEKOY,-8,108.71
galatasaray,M5,CEKMEKOY,-7,112.02
galatasaray,M5,CEKMEKOY,-6,113.79
galatasaray,M5,CEKMEKOY,-5,83.68
galatasaray,M5,CEKMEKOY,-4,137.76
galatasaray,M5,CEKMEKOY,-3,144.02
galatasaray,M5,CEKMEKOY,-2,158.43
galatasaray,M5,CEKMEKOY,-1,86.26
galatasaray,M5,CEKMEKOY,0,12.58
galatasaray,M5,CEKMEKOY,1,-26.84
galatasaray,M5,CEKMEKOY,2,-8.48
galatasaray,M5,CEKMEKOY,3,-10.25
galatasaray,M5,CEKMEKOY,4,-7.46
galatasaray,M5,CEKMEKOY,5,-3.77
galatasaray,M5,CEKMEKOY,6,-0.33
galatasaray,M5,CEKMEKOY,7,-7.33
galatasaray,M5,CEKMEKOY,8,-86.56
galatasaray,M5,CEKMEKOY,9,-151.04
galatasaray,M5,CEKMEKOY,10,-58.31
galatasaray,M5,CEKMEKOY,11,237.4
galatasaray,M5,CEKMEKOY,12,355.25
galatasaray,M5,DUDULLU,-12,115.49
galatasaray,M5,DUDULLU,-11,87.96
galatasaray,M5,DUDULLU,-10,43.34
galatasaray,M5,DUDULLU,-9,14.11
galatasaray,M5,DUDULLU,-8,41.16
galatasaray,M5,DUDULLU,-7,22.33
galatasaray,M5,DUDULLU,-6,22.54
galatasaray,M5,DUDULLU,-5,48.44
galatasaray,M5,DUDULLU,-4,72.1
galatasaray,M5,DUDULLU,-3,130.99
galatasaray,M5,DUDULLU,-2,182.73
galatasaray,M5,DUDULLU,-1,85.49
galatasaray,M5,DUDULLU,0,20.37
galatasaray,M5,DUDULLU,1,-19.0
galatasaray,M5,DUDULLU,2,-19.11
galatasaray,M5,DUDULLU,3,-19.59
galatasaray,M5,DUDULLU,4,-14.5
galatasaray,M5,DUDULLU,5,-4.68
galatasaray,M5,DUDULLU,6,-1.59
galatasaray,M5,DUDULLU,7,-1.72
galatasaray,M5,DUDULLU,8,-17.94
galatasaray,M5,DUDULLU,9,-52.85
galatasaray,M5,DUDULLU,10,-47.58
galatasaray,M5,DUDULLU,11,40.93
galatasaray,M5,DUDULLU,12,149.73
galatasaray,M5,FISTIKAGACI,-12,28.0
galatasaray,M5,FISTIKAGACI,-11,19.13
galatasaray,M5,FISTIKAGACI,-10,3.75
galatasaray,M5,FISTIKAGACI,-9,0.16
galatasaray,M5,FISTIKAGACI,-8,-5.48
galatasaray,M5,FISTIKAGACI,-7,-7.45
galatasaray,M5,FISTIKAGACI,-6,-32.06
galatasaray,M5,FISTIKAGACI,-5,98.07
galatasaray,M5,FISTIKAGACI,-4,47.34
galatasaray,M5,FISTIKAGACI,-3,12.88
galatasaray,M5,FISTIKAGACI,-2,22.58
galatasaray,M5,FISTIKAGACI,-1,1.85
galatasaray,M5,FISTIKAGACI,0,-7.87
galatasaray,M5,FISTIKAGACI,1,-14.41
galatasaray,M5,FISTIKAGACI,2,-2.62
galatasaray,M5,FISTIKAGACI,3,-3.31
galatasaray,M5,FISTIKAGACI,4,-1.09
galatasaray,M5,FISTIKAGACI,5,-1.67
galatasaray,M5,FISTIKAGACI,6,-0.43
galatasaray,M5,FISTIKAGACI,7,-0.39
galatasaray,M5,FISTIKAGACI,8,-3.62
galatasaray,M5,FISTIKAGACI,9,-11.8
galatasaray,M5,FISTIKAGACI,10,-11.93
galatasaray,M5,FISTIKAGACI,11,5.21
galatasaray,M5,FISTIKAGACI,12,31.4
galatasaray,M5,IHLAMUR KUYU,-12,98.74
galatasaray,M5,IHLAMUR KUYU,-11,42.79
galatasaray,M5,IHLAMUR KUYU,-10,13.36
galatasaray,M5,IHLAMUR KUYU,-9,-7.71
galatasaray,M5,IHLAMUR KUYU,-8,18.37
galatasaray,M5,IHLAMUR KUYU,-7,12.58
galatasaray,M5,IHLAMUR KUYU,-6,11.92
galatasaray,M5,IHLAMUR KUYU,-5,13.45
galatasaray,M5,IHLAMUR KUYU,-4,31.34
galatasaray,M5,IHLAMUR KUYU,-3,66.56
galatasaray,M5,IHLAMUR KUYU,-2,48.47
galatasaray,M5,IHLAMUR KUYU,-1,21.74
galatasaray,M5,IHLAMUR KUYU,0,11.59
galatasaray,M5,IHLAMUR KUYU,1,-6.86
galatasaray,M5,IHLAMUR KUYU,2,-2.83
galatasaray,M5,IHLAMUR KUYU,3,2.94
galatasaray,M5,IHLAMUR KUYU,4,2.17
galatasaray,M5,IHLAMUR KUYU,5,-2.92
galatasaray,M5,IHLAMUR KUYU,6,-1.84
galatasaray,M5,IHLAMUR KUYU,7,-2.14
galatasaray,M5,IHLAMUR KUYU,8,-12.55
galatasaray,M5,IHLAMUR KUYU,9,-37.85
galatasaray,M5,IHLAMUR KUYU,10,-52.27
galatasaray,M5,IHLAMUR KUYU,11,19.23
galatasaray,M5,IHLAMUR KUYU,12,82.14
galatasaray,M5,IHLAMURKUYU,-12,-30.96
galatasaray,M5,IHLAMURKUYU,-11,-0.13
galatasaray,M5,IHLAMURKUYU,-10,-18.14
galatasaray,M5,IHLAMURKUYU,-9,36.04
galatasaray,M5,IHLAMURKUYU,-8,68.74
galatasaray,M5,IHLAMURKUYU,-7,91.25
galatasaray,M5,IHLAMURKUYU,-6,146.92
galatasaray,M5,IHLAMURKUYU,-5,84.9
galatasaray,M5,IHLAMURKUYU,-4,66.88
galatasaray,M5,IHLAMURKUYU,-3,114.71
galatasaray,M5,IHLAMURKUYU,-2,83.35
galatasaray,M5,IHLAMURKUYU,-1,100.64
galatasaray,M5,IHLAMURKUYU,0,-14.89
galatasaray,M5,IHLAMURKUYU,1,-32.52
galatasaray,M5,IHLAMURKUYU,2,28.89
galatasaray,M5,IHLAMURKUYU,3,1.96
galatasaray,M5,IHLAMURKUYU,4,-20.7
galatasaray,M5,IHLAMURKUYU,5,-1.13
galatasaray,M5,IHLAMURKUYU,7,1.71
galatasaray,M5,IHLAMURKUYU,8,-63.12
galatasaray,M5,IHLAMURKUYU,9,-277.76
galatasaray,M5,IHLAMURKUYU,10,-57.9
galatasaray,M5,IHLAMURKUYU,11,40.68
galatasaray,M5,IHLAMURKUYU,12,379.68
galatasaray,M5,IMAM HATIP LISESI,-12,72.29
galatasaray,M5,IMAM HATIP LISESI,-11,29.89
galatasaray,M5,IMAM HATIP LISESI,-10,1.69
galatasaray,M5,IMAM HATIP LISESI,-9,3.35
galatasaray,M5,IMAM HATIP LISESI,-8,9.08
galatasaray,M5,IMAM HATIP LISESI,-7,10.67
galatasaray,M5,IMAM HATIP LISESI,-6,4.99
galatasaray,M5,IMAM HATIP LISESI,-5,-7.49
galatasaray,M5,IMAM HATIP LISESI,-4,9.28
galatasaray,M5,IMAM HATIP LISESI,-3,19.2
galatasaray,M5,IMAM HATIP LISESI,-2,34.69
galatasaray,M5,IMAM HATIP LISESI,-1,-4.7
galatasaray,M5,IMAM HATIP LISESI,0,-8.26
galatasaray,M5,IMAM HATIP LISESI,1,-18.54
galatasaray,M5,IMAM HATIP LISESI,2,-3.32
galatasaray,M5,IMAM HATIP LISESI,3,0.23
galatasaray,M5,IMAM HATIP LISESI,4,0.75
galatasaray,M5,IMAM HATIP LISESI,5,-2.06
galatasaray,M5,IMAM HATIP LISESI,6,-0.34
galatasaray,M5,IMAM HATIP LISESI,7,-2.32
galatasaray,M5,IMAM HATIP LISESI,8,-13.04
galatasaray,M5,IMAM HATIP LISESI,9,-42.59
galatasaray,M5,IMAM HATIP LISESI,10,-39.98
galatasaray,M5,IMAM HATIP LISESI,11,12.84
galatasaray,M5,IMAM HATIP LISESI,12,95.96
galatasaray,M5,KISIKLI,-12,25.13
galatasaray,M5,KISIKLI,-11,11.23
galatasaray,M5,KISIKLI,-10,4.63
galatasaray,M5,KISIKLI,-9,3.71
galatasaray,M5,KISIKLI,-8,2.76
galatasaray,M5,KISIKLI,-7,-13.0
galatasaray,M5,KISIKLI,-6,-8.45
galatasaray,M5,KISIKLI,-5,27.24
galatasaray,M5,KISIKLI,-4,26.52
galatasaray,M5,KISIKLI,-3,47.59
galatasaray,M5,KISIKLI,-2,33.33
galatasaray,M5,KISIKLI,-1,9.67
galatasaray,M5,KISIKLI,0,-6.23
galatasaray,M5,KISIKLI,1,-11.31
galatasaray,M5,KISIKLI,2,-10.27
galatasaray,M5,KISIKLI,3,-8.3
galatasaray,M5,KISIKLI,4,-8.5
galatasaray,M5,KISIKLI,5,-3.53
galatasaray,M5,KISIKLI,6,0.52
galatasaray,M5,KISIKLI,7,0.03
galatasaray,M5,KISIKLI,8,-4.43
galatasaray,M5,KISIKLI,9,-9.47
galatasaray,M5,KISIKLI,10,-9.37
galatasaray,M5,KISIKLI,11,2.44
galatasaray,M5,KISIKLI,12,24.87
galatasaray,M5,MECLIS,-12,14.92
galatasaray,M5,MECLIS,-11,16.21
galatasaray,M5,MECLIS,-10,21.58
galatasaray,M5,MECLIS,-9,3.81
galatasaray,M5,MECLIS,-8,24.93
galatasaray,M5,MECLIS,-7,60.64
galatasaray,M5,MECLIS,-6,26.74
galatasaray,M5,MECLIS,-5,52.28
galatasaray,M5,MECLIS,-4,43.1
galatasaray,M5,MECLIS,-3,21.23
galatasaray,M5,MECLIS,-2,7.91
galatasaray,M5,MECLIS,-1,-35.65
galatasaray,M5,MECLIS,0,-24.25
galatasaray,M5,MECLIS,1,-22.9
galatasaray,M5,MECLIS,2,-9.9
galatasaray,M5,MECLIS,3,-1.09
galatasaray,M5,MECLIS,4,1.64
galatasaray,M5,MECLIS,5,-4.05
galatasaray,M5,MECLIS,7,-3.61
galatasaray,M5,MECLIS,8,-19.96
galatasaray,M5,MECLIS,9,-29.55
galatasaray,M5,MECLIS,10,-12.58
galatasaray,M5,MECLIS,11,-68.17
galatasaray,M5,MECLIS,12,110.88
galatasaray,M5,NECIP FAZIL,-12,60.75
galatasaray,M5,NECIP FAZIL,-11,46.72
galatasaray,M5,NECIP FAZIL,-10,8.59
galatasaray,M5,NECIP FAZIL,-9,-0.33
galatasaray,M5,NECIP FAZIL,-8,23.95
galatasaray,M5,NECIP FAZIL,-7,34.85
galatasaray,M5,NECIP FAZIL,-6,16.37
galatasaray,M5,NECIP FAZIL,-5,2.12
galatasaray,M5,NECIP FAZIL,-4,22.07
galatasaray,M5,NECIP FAZIL,-3,75.78
galatasaray,M5,NECIP FAZIL,-2,69.5
galatasaray,M5,NECIP FAZIL,-1,14.51
galatasaray,M5,NECIP FAZIL,0,-19.29
galatasaray,M5,NECIP FAZIL,1,-30.96
galatasaray,M5,NECIP FAZIL,2,-7.65
galatasaray,M5,NECIP FAZIL,3,-10.13
galatasaray,M5,NECIP FAZIL,4,-5.49
galatasaray,M5,NECIP FAZIL,5,-3.86
galatasaray,M5,NECIP FAZIL,6,-2.07
galatasaray,M5,NECIP FAZIL,7,-1.37
galatasaray,M5,NECIP FAZIL,8,-21.57
galatasaray,M5,NECIP FAZIL,9,-45.87
galatasaray,M5,NECIP FAZIL,10,-30.84
galatasaray,M5,NECIP FAZIL,11,31.41
galatasaray,M5,NECIP FAZIL,12,69.2
galatasaray,M5,SAMANDIRA MERKEZ,-12,73.61
galatasaray,M5,SAMANDIRA MERKEZ,-11,67.02
galatasaray,M5,SAMANDIRA MERKEZ,-10,83.8
galatasaray,M5,SAMANDIRA MERKEZ,-9,61.33
galatasaray,M5,SAMANDIRA MERKEZ,-8,80.96
galatasaray,M5,SAMANDIRA MERKEZ,-7,168.08
galatasaray,M5,SAMANDIRA MERKEZ,-6,161.37
galatasaray,M5,SAMANDIRA MERKEZ,-5,131.08
galatasaray,M5,SAMANDIRA MERKEZ,-4,97.79
galatasaray,M5,SAMANDIRA MERKEZ,-3,128.78
galatasaray,M5,SAMANDIRA MERKEZ,-2,74.21
galatasaray,M5,SAMANDIRA MERKEZ,-1,11.34
galatasaray,M5,SAMANDIRA MERKEZ,0,35.0
galatasaray,M5,SAMANDIRA MERKEZ,1,-5.95
galatasaray,M5,SAMANDIRA MERKEZ,2,-10.13
galatasaray,M5,SAMANDIRA MERKEZ,3,-27.14
galatasaray,M5,SAMANDIRA MERKEZ,4,-17.97
galatasaray,M5,SAMANDIRA MERKEZ,5,-10.0
galatasaray,M5,SAMANDIRA MERKEZ,7,1.04
galatasaray,M5,SAMANDIRA MERKEZ,8,-91.0
galatasaray,M5,SAMANDIRA MERKEZ,9,-84.99
galatasaray,M5,SAMANDIRA MERKEZ,10,-41.57
galatasaray,M5,SAMANDIRA MERKEZ,11,114.32
galatasaray,M5,SAMANDIRA MERKEZ,12,331.19
galatasaray,M5,SANCAKTEPE,-12,29.09
galatasaray,M5,SANCAKTEPE,-11,7.28
galatasaray,M5,SANCAKTEPE,-10,11.17
galatasaray,M5,SANCAKTEPE,-9,8.78
galatasaray,M5,SANCAKTEPE,-8,48.07
galatasaray,M5,SANCAKTEPE,-7,74.05
galatasaray,M5,SANCAKTEPE,-6,64.96
galatasaray,M5,SANCAKTEPE,-5,76.83
galatasaray,M5,SANCAKTEPE,-4,62.86
galatasaray,M5,SANCAKTEPE,-3,67.68
galatasaray,M5,SANCAKTEPE,-2,37.13
galatasaray,M5,SANCAKTEPE,-1,-9.66
galatasaray,M5,SANCAKTEPE,0,14.19
galatasaray,M5,SANCAKTEPE,1,-12.89
galatasaray,M5,SANCAKTEPE,2,-8.03
galatasaray,M5,SANCAKTEPE,3,-9.8
galatasaray,M5,SANCAKTEPE,4,4.62
galatasaray,M5,SANCAKTEPE,5,-5.07
galatasaray,M5,SANCAKTEPE,7,1.39
galatasaray,M5,SANCAKTEPE,8,-13.65
galatasaray,M5,SANCAKTEPE,9,-35.59
galatasaray,M5,SANCAKTEPE,10,-16.71
galatasaray,M5,SANCAKTEPE,11,23.84
galatasaray,M5,SANCAKTEPE,12,121.66
galatasaray,M5,SARIGAZI,-12,77.48
galatasaray,M5,SARIGAZI,-11,36.43
galatasaray,M5,SARIGAZI,-10,56.14
galatasaray,M5,SARIGAZI,-9,54.63
galatasaray,M5,SARIGAZI,-8,67.0
galatasaray,M5,SARIGAZI,-7,168.26
galatasaray,M5,SARIGAZI,-6,182.77
galatasaray,M5,SARIGAZI,-5,36.26
galatasaray,M5,SARIGAZI,-4,110.59
galatasaray,M5,SARIGAZI,-3,51.0
galatasaray,M5,SARIGAZI,-2,-3.17
galatasaray,M5,SARIGAZI,-1,-24.52
galatasaray,M5,SARIGAZI,0,-20.75
galatasaray,M5,SARIGAZI,1,-23.08
galatasaray,M5,SARIGAZI,2,12.53
galatasaray,M5,SARIGAZI,3,-14.95
galatasaray,M5,SARIGAZI,4,-6.58
galatasaray,M5,SARIGAZI,5,-7.74
galatasaray,M5,SARIGAZI,7,-10.96
galatasaray,M5,SARIGAZI,8,-109.39
galatasaray,M5,SARIGAZI,9,-101.35
galatasaray,M5,SARIGAZI,10,1.65
galatasaray,M5,SARIGAZI,11,176.05
galatasaray,M5,SARIGAZI,12,415.3
galatasaray,M5,UMRANIYE,-12,196.03
galatasaray,M5,UMRANIYE,-11,110.15
galatasaray,M5,UMRANIYE,-10,22.79
galatasaray,M5,UMRANIYE,-9,8.71
galatasaray,M5,UMRANIYE,-8,22.18
galatasaray,M5,UMRANIYE,-7,35.53
galatasaray,M5,UMRANIYE,-6,25.59
galatasaray,M5,UMRANIYE,-5,39.35
galatasaray,M5,UMRANIYE,-4,82.01
galatasaray,M5,UMRANIYE,-3,92.69
galatasaray,M5,UMRANIYE,-2,113.6
galatasaray,M5,UMRANIYE,-1,49.32
galatasaray,M5,UMRANIYE,0,-9.44
galatasaray,M5,UMRANIYE,1,-41.59
galatasaray,M5,UMRANIYE,2,5.84
galatasaray,M5,UMRANIYE,3,-11.95
galatasaray,M5,UMRANIYE,4,-6.31
galatasaray,M5,UMRANIYE,5,-9.46
galatasaray,M5,UMRANIYE,6,-3.34
galatasaray,M5,UMRANIYE,7,-2.15
galatasaray,M5,UMRANIYE,8,-14.5
galatasaray,M5,UMRANIYE,9,-80.22
galatasaray,M5,UMRANIYE,10,-91.37
galatasaray,M5,UMRANIYE,11,27.72
galatasaray,M5,UMRANIYE,12,223.88
galatasaray,M5,USKUDAR,-12,105.49
galatasaray,M5,USKUDAR,-11,60.62
galatasaray,M5,USKUDAR,-10,31.33
galatasaray,M5,USKUDAR,-9,18.83
galatasaray,M5,USKUDAR,-8,0.38
galatasaray,M5,USKUDAR,-7,62.57
galatasaray,M5,USKUDAR,-6,-24.1
galatasaray,M5,USKUDAR,-5,34.73
galatasaray,M5,USKUDAR,-4,90.91
galatasaray,M5,USKUDAR,-3,233.42
galatasaray,M5,USKUDAR,-2,365.4
galatasaray,M5,USKUDAR,-1,197.69
galatasaray,M5,USKUDAR,0,2.16
galatasaray,M5,USKUDAR,1,-160.8
galatasaray,M5,USKUDAR,2,-121.48
galatasaray,M5,USKUDAR,3,-190.95
galatasaray,M5,USKUDAR,4,-114.6
galatasaray,M5,USKUDAR,5,-169.47
galatasaray,M5,USKUDAR,6,-63.29
galatasaray,M5,USKUDAR,7,-27.24
galatasaray,M5,USKUDAR,8,-15.99
galatasaray,M5,USKUDAR,9,-43.5
galatasaray,M5,USKUDAR,10,-66.98
galatasaray,M5,USKUDAR,11,-3.13
galatasaray,M5,USKUDAR,12,107.3
galatasaray,M5,YAMANEVLER,-12,84.8
galatasaray,M5,YAMANEVLER,-11,37.03
galatasaray,M5,YAMANEVLER,-10,1.78
galatasaray,M5,YAMANEVLER,-9,15.39
galatasaray,M5,YAMANEVLER,-8,32.1
galatasaray,M5,YAMANEVLER,-7,4.07
galatasaray,M5,YAMANEVLER,-6,14.5
galatasaray,M5,YAMANEVLER,-5,21.21
galatasaray,M5,YAMANEVLER,-4,43.7
galatasaray,M5,YAMANEVLER,-3,37.95
galatasaray,M5,YAMANEVLER,-2,54.45
galatasaray,M5,YAMANEVLER,-1,32.27
galatasaray,M5,YAMANEVLER,0,10.41
galatasaray,M5,YAMANEVLER,1,-22.19
galatasaray,M5,YAMANEVLER,2,0.22
galatasaray,M5,YAMANEVLER,3,-11.77
galatasaray,M5,YAMANEVLER,4,-0.53
galatasaray,M5,YAMANEVLER,5,-3.94
galatasaray,M5,YAMANEVLER,6,0.38
galatasaray,M5,YAMANEVLER,7,-0.47
galatasaray,M5,YAMANEVLER,8,-11.97
galatasaray,M5,YAMANEVLER,9,-35.96
galatasaray,M5,YAMANEVLER,10,-35.22
galatasaray,M5,YAMANEVLER,11,18.8
galatasaray,M5,YAMANEVLER,12,91.58
galatasaray,M6,BOGAZICI,-12,6.31
galatasaray,M6,BOGAZICI,-11,9.29
galatasaray,M6,BOGAZICI,-10,3.88
galatasaray,M6,BOGAZICI,-9,0.05
galatasaray,M6,BOGAZICI,-8,6.66
galatasaray,M6,BOGAZICI,-7,3.23
galatasaray,M6,BOGAZICI,-6,3.21
galatasaray,M6,BOGAZICI,-5,8.51
galatasaray,M6,BOGAZICI,-4,16.49
galatasaray,M6,BOGAZICI,-3,51.78
galatasaray,M6,BOGAZICI,-2,59.53
galatasaray,M6,BOGAZICI,-1,39.77
galatasaray,M6,BOGAZICI,0,6.08
galatasaray,M6,BOGAZICI,1,-18.9
galatasaray,M6,BOGAZICI,2,-13.57
galatasaray,M6,BOGAZICI,3,5.39
galatasaray,M6,BOGAZICI,4,11.25
galatasaray,M6,BOGAZICI,5,-9.13
galatasaray,M6,BOGAZICI,6,-2.32
galatasaray,M6,BOGAZICI,7,-1.05
galatasaray,M6,BOGAZICI,8,-1.85
galatasaray,M6,BOGAZICI,9,-3.1
galatasaray,M6,BOGAZICI,10,-6.43
galatasaray,M6,BOGAZICI,11,-3.64
galatasaray,M6,BOGAZICI,12,-0.08
galatasaray,M6,ETILER,-12,5.23
galatasaray,M6,ETILER,-11,2.35
galatasaray,M6,ETILER,-10,-2.94
galatasaray,M6,ETILER,-9,0.13
galatasaray,M6,ETILER,-8,-0.77
galatasaray,M6,ETILER,-7,-14.13
galatasaray,M6,ETILER,-6,-10.83
galatasaray,M6,ETILER,-5,45.77
galatasaray,M6,ETILER,-4,28.5
galatasaray,M6,ETILER,-3,16.92
galatasaray,M6,ETILER,-2,36.7
galatasaray,M6,ETILER,-1,21.69
galatasaray,M6,ETILER,0,4.94
galatasaray,M6,ETILER,1,0.68
galatasaray,M6,ETILER,2,0.92
galatasaray,M6,ETILER,3,1.92
galatasaray,M6,ETILER,4,2.47
galatasaray,M6,ETILER,5,-1.56
galatasaray,M6,ETILER,6,-1.03
galatasaray,M6,ETILER,7,-1.6
galatasaray,M6,ETILER,8,-0.04
galatasaray,M6,ETILER,9,-1.82
galatasaray,M6,ETILER,10,-2.58
galatasaray,M6,ETILER,11,-0.54
galatasaray,M6,ETILER,12,0.83
galatasaray,M6,LEVENT,-12,88.48
galatasaray,M6,LEVENT,-11,64.59
galatasaray,M6,LEVENT,-10,34.06
galatasaray,M6,LEVENT,-9,15.25
galatasaray,M6,LEVENT,-8,13.81
galatasaray,M6,LEVENT,-7,20.94
galatasaray,M6,LEVENT,-6,25.84
galatasaray,M6,LEVENT,-5,26.86
galatasaray,M6,LEVENT,-4,39.73
galatasaray,M6,LEVENT,-3,33.65
galatasaray,M6,LEVENT,-2,29.77
galatasaray,M6,LEVENT,-1,38.69
galatasaray,M6,LEVENT,0,-2.92
galatasaray,M6,LEVENT,1,-14.16
galatasaray,M6,LEVENT,2,55.25
galatasaray,M6,LEVENT,3,40.51
galatasaray,M6,LEVENT,4,8.61
galatasaray,M6,LEVENT,5,-1.33
galatasaray,M6,LEVENT,6,2.59
galatasaray,M6,LEVENT,7,0.2
galatasaray,M6,LEVENT,8,-3.46
galatasaray,M6,LEVENT,9,-25.12
galatasaray,M6,LEVENT,10,-49.64
galatasaray,M6,LEVENT,11,-36.96
galatasaray,M6,LEVENT,12,53.52
galatasaray,M6,NISPETIYE,-12,2.25
galatasaray,M6,NISPETIYE,-11,1.92
galatasaray,M6,NISPETIYE,-10,-0.07
galatasaray,M6,NISPETIYE,-9,3.28
galatasaray,M6,NISPETIYE,-8,1.11
galatasaray,M6,NISPETIYE,-7,-6.64
galatasaray,M6,NISPETIYE,-6,-14.19
galatasaray,M6,NISPETIYE,-5,38.27
galatasaray,M6,NISPETIYE,-4,33.31
galatasaray,M6,NISPETIYE,-3,34.95
galatasaray,M6,NISPETIYE,-2,42.2
galatasaray,M6,NISPETIYE,-1,21.64
galatasaray,M6,NISPETIYE,0,-0.2
galatasaray,M6,NISPETIYE,1,-0.1
galatasaray,M6,NISPETIYE,2,3.14
galatasaray,M6,NISPETIYE,3,-3.6
galatasaray,M6,NISPETIYE,4,0.47
galatasaray,M6,NISPETIYE,5,0.31
galatasaray,M6,NISPETIYE,6,-1.15
galatasaray,M6,NISPETIYE,7,-1.9
galatasaray,M6,NISPETIYE,8,-0.86
galatasaray,M6,NISPETIYE,9,-1.69
galatasaray,M6,NISPETIYE,10,-1.82
galatasaray,M6,NISPETIYE,11,-2.3
galatasaray,M6,NISPETIYE,12,1.24
galatasaray,M7,ALIBEYKOY,-12,100.51
galatasaray,M7,ALIBEYKOY,-11,63.59
galatasaray,M7,ALIBEYKOY,-10,13.77
galatasaray,M7,ALIBEYKOY,-9,30.36
galatasaray,M7,ALIBEYKOY,-8,34.71
galatasaray,M7,ALIBEYKOY,-7,52.57
galatasaray,M7,ALIBEYKOY,-6,21.73
galatasaray,M7,ALIBEYKOY,-5,97.04
galatasaray,M7,ALIBEYKOY,-4,122.08
galatasaray,M7,ALIBEYKOY,-3,124.22
galatasaray,M7,ALIBEYKOY,-2,125.34
galatasaray,M7,ALIBEYKOY,-1,124.55
galatasaray,M7,ALIBEYKOY,0,37.42
galatasaray,M7,ALIBEYKOY,1,-10.03
galatasaray,M7,ALIBEYKOY,2,-25.76
galatasaray,M7,ALIBEYKOY,3,-5.31
galatasaray,M7,ALIBEYKOY,4,-19.24
galatasaray,M7,ALIBEYKOY,5,-5.89
galatasaray,M7,ALIBEYKOY,6,6.74
galatasaray,M7,ALIBEYKOY,7,-0.44
galatasaray,M7,ALIBEYKOY,8,-7.87
galatasaray,M7,ALIBEYKOY,9,-29.87
galatasaray,M7,ALIBEYKOY,10,-42.57
galatasaray,M7,ALIBEYKOY,11,0.13
galatasaray,M7,ALIBEYKOY,12,94.54
galatasaray,M7,CAGLAYAN,-12,56.3
galatasaray,M7,CAGLAYAN,-11,27.0
galatasaray,M7,CAGLAYAN,-10,4.63
galatasaray,M7,CAGLAYAN,-9,16.14
galatasaray,M7,CAGLAYAN,-8,32.22
galatasaray,M7,CAGLAYAN,-7,12.07
galatasaray,M7,CAGLAYAN,-6,18.35
galatasaray,M7,CAGLAYAN,-5,21.92
galatasaray,M7,CAGLAYAN,-4,46.88
galatasaray,M7,CAGLAYAN,-3,80.18
galatasaray,M7,CAGLAYAN,-2,114.93
galatasaray,M7,CAGLAYAN,-1,62.74
galatasaray,M7,CAGLAYAN,0,9.7
galatasaray,M7,CAGLAYAN,1,-14.42
galatasaray,M7,CAGLAYAN,2,5.49
galatasaray,M7,CAGLAYAN,3,8.23
galatasaray,M7,CAGLAYAN,4,3.11
galatasaray,M7,CAGLAYAN,5,-3.25
galatasaray,M7,CAGLAYAN,6,-0.21
galatasaray,M7,CAGLAYAN,7,-0.18
galatasaray,M7,CAGLAYAN,8,-3.58
galatasaray,M7,CAGLAYAN,9,-13.05
galatasaray,M7,CAGLAYAN,10,-15.96
galatasaray,M7,CAGLAYAN,11,7.8
galatasaray,M7,CAGLAYAN,12,50.62
galatasaray,M7,CIRCIR,-12,80.39
galatasaray,M7,CIRCIR,-11,43.39
galatasaray,M7,CIRCIR,-10,23.83
galatasaray,M7,CIRCIR,-9,16.79
galatasaray,M7,CIRCIR,-8,20.92
galatasaray,M7,CIRCIR,-7,16.83
galatasaray,M7,CIRCIR,-6,12.24
galatasaray,M7,CIRCIR,-5,13.81
galatasaray,M7,CIRCIR,-4,22.25
galatasaray,M7,CIRCIR,-3,16.84
galatasaray,M7,CIRCIR,-2,16.31
galatasaray,M7,CIRCIR,-1,10.34
galatasaray,M7,CIRCIR,0,1.33
galatasaray,M7,CIRCIR,1,-3.84
galatasaray,M7,CIRCIR,2,0.39
galatasaray,M7,CIRCIR,3,3.26
galatasaray,M7,CIRCIR,4,-0.19
galatasaray,M7,CIRCIR,5,-2.19
galatasaray,M7,CIRCIR,6,0.09
galatasaray,M7,CIRCIR,7,-0.16
galatasaray,M7,CIRCIR,8,-15.43
galatasaray,M7,CIRCIR,9,-35.39
galatasaray,M7,CIRCIR,10,-25.53
galatasaray,M7,CIRCIR,11,30.92
galatasaray,M7,CIRCIR,12,87.29
galatasaray,M7,GOZTEPE,-12,107.33
galatasaray,M7,GOZTEPE,-11,45.68
galatasaray,M7,GOZTEPE,-10,12.75
galatasaray,M7,GOZTEPE,-9,6.36
galatasaray,M7,GOZTEPE,-8,20.26
galatasaray,M7,GOZTEPE,-7,10.7
galatasaray,M7,GOZTEPE,-6,-3.24
galatasaray,M7,GOZTEPE,-5,24.93
galatasaray,M7,GOZTEPE,-4,29.83
galatasaray,M7,GOZTEPE,-3,37.77
galatasaray,M7,GOZTEPE,-2,34.83
galatasaray,M7,GOZTEPE,-1,27.73
galatasaray,M7,GOZTEPE,0,4.14
galatasaray,M7,GOZTEPE,1,-11.87
galatasaray,M7,GOZTEPE,2,4.25
galatasaray,M7,GOZTEPE,3,-2.53
galatasaray,M7,GOZTEPE,4,-2.48
galatasaray,M7,GOZTEPE,5,-3.95
galatasaray,M7,GOZTEPE,6,-1.4
galatasaray,M7,GOZTEPE,7,-0.67
galatasaray,M7,GOZTEPE,8,-22.34
galatasaray,M7,GOZTEPE,9,-32.95
galatasaray,M7,GOZTEPE,10,-32.18
galatasaray,M7,GOZTEPE,11,19.31
galatasaray,M7,GOZTEPE,12,97.17
galatasaray,M7,KAGITHANE,-12,125.61
galatasaray,M7,KAGITHANE,-11,73.57
galatasaray,M7,KAGITHANE,-10,39.6
galatasaray,M7,KAGITHANE,-9,30.71
galatasaray,M7,KAGITHANE,-8,63.39
galatasaray,M7,KAGITHANE,-7,99.3
galatasaray,M7,KAGITHANE,-6,76.6
galatasaray,M7,KAGITHANE,-5,90.06
galatasaray,M7,KAGITHANE,-4,194.94
galatasaray,M7,KAGITHANE,-3,216.93
galatasaray,M7,KAGITHANE,-2,212.71
galatasaray,M7,KAGITHANE,-1,192.86
galatasaray,M7,KAGITHANE,0,77.04
galatasaray,M7,KAGITHANE,1,22.74
galatasaray,M7,KAGITHANE,2,32.31
galatasaray,M7,KAGITHANE,3,53.38
galatasaray,M7,KAGITHANE,4,-2.08
galatasaray,M7,KAGITHANE,5,-3.01
galatasaray,M7,KAGITHANE,6,-4.48
galatasaray,M7,KAGITHANE,7,-1.25
galatasaray,M7,KAGITHANE,8,-2.99
galatasaray,M7,KAGITHANE,9,-25.47
galatasaray,M7,KAGITHANE,10,-41.56
galatasaray,M7,KAGITHANE,11,15.04
galatasaray,M7,KAGITHANE,12,109.16
galatasaray,M7,KARADENIZ MAH.,-12,202.48
galatasaray,M7,KARADENIZ MAH.,-11,101.01
galatasaray,M7,KARADENIZ MAH.,-10,32.65
galatasaray,M7,KARADENIZ MAH.,-9,35.07
galatasaray,M7,KARADENIZ MAH.,-8,29.49
galatasaray,M7,KARADENIZ MAH.,-7,42.35
galatasaray,M7,KARADENIZ MAH.,-6,34.09
galatasaray,M7,KARADENIZ MAH.,-5,43.64
galatasaray,M7,KARADENIZ MAH.,-4,52.58
galatasaray,M7,KARADENIZ MAH.,-3,82.69
galatasaray,M7,KARADENIZ MAH.,-2,133.24
galatasaray,M7,KARADENIZ MAH.,-1,77.8
galatasaray,M7,KARADENIZ MAH.,0,21.6
galatasaray,M7,KARADENIZ MAH.,1,-33.27
galatasaray,M7,KARADENIZ MAH.,2,-30.03
galatasaray,M7,KARADENIZ MAH.,3,-4.0
galatasaray,M7,KARADENIZ MAH.,4,-17.69
galatasaray,M7,KARADENIZ MAH.,5,-4.92
galatasaray,M7,KARADENIZ MAH.,6,-1.44
galatasaray,M7,KARADENIZ MAH.,7,-1.72
galatasaray,M7,KARADENIZ MAH.,8,-18.19
galatasaray,M7,KARADENIZ MAH.,9,-50.53
galatasaray,M7,KARADENIZ MAH.,10,-56.96
galatasaray,M7,KARADENIZ MAH.,11,35.59
galatasaray,M7,KARADENIZ MAH.,12,161.08
galatasaray,M7,KAZIMKARABEKIR,-12,163.45
galatasaray,M7,KAZIMKARABEKIR,-11,84.13
galatasaray,M7,KAZIMKARABEKIR,-10,23.26
galatasaray,M7,KAZIMKARABEKIR,-9,19.19
galatasaray,M7,KAZIMKARABEKIR,-8,28.18
galatasaray,M7,KAZIMKARABEKIR,-7,15.13
galatasaray,M7,KAZIMKARABEKIR,-6,15.56
galatasaray,M7,KAZIMKARABEKIR,-5,38.26
galatasaray,M7,KAZIMKARABEKIR,-4,56.25
galatasaray,M7,KAZIMKARABEKIR,-3,50.99
galatasaray,M7,KAZIMKARABEKIR,-2,69.15
galatasaray,M7,KAZIMKARABEKIR,-1,30.42
galatasaray,M7,KAZIMKARABEKIR,0,5.14
galatasaray,M7,KAZIMKARABEKIR,1,-14.76
galatasaray,M7,KAZIMKARABEKIR,2,3.6
galatasaray,M7,KAZIMKARABEKIR,3,9.25
galatasaray,M7,KAZIMKARABEKIR,4,2.68
galatasaray,M7,KAZIMKARABEKIR,5,-0.76
galatasaray,M7,KAZIMKARABEKIR,6,-1.7
galatasaray,M7,KAZIMKARABEKIR,7,-2.67
galatasaray,M7,KAZIMKARABEKIR,8,-6.24
galatasaray,M7,KAZIMKARABEKIR,9,-54.96
galatasaray,M7,KAZIMKARABEKIR,10,-64.27
galatasaray,M7,KAZIMKARABEKIR,11,31.13
galatasaray,M7,KAZIMKARABEKIR,12,161.07
galatasaray,M7,M7 FULYA,-12,7.25
galatasaray,M7,M7 FULYA,-11,5.21
galatasaray,M7,M7 FULYA,-10,2.53
galatasaray,M7,M7 FULYA,-9,2.53
galatasaray,M7,M7 FULYA,-8,4.65
galatasaray,M7,M7 FULYA,-7,0.21
galatasaray,M7,M7 FULYA,-6,7.3
galatasaray,M7,M7 FULYA,-5,17.01
galatasaray,M7,M7 FULYA,-4,15.98
galatasaray,M7,M7 FULYA,-3,23.83
galatasaray,M7,M7 FULYA,-2,27.22
galatasaray,M7,M7 FULYA,-1,16.8
galatasaray,M7,M7 FULYA,0,7.65
galatasaray,M7,M7 FULYA,1,0.16
galatasaray,M7,M7 FULYA,2,2.27
galatasaray,M7,M7 FULYA,3,2.32
galatasaray,M7,M7 FULYA,4,0.21
galatasaray,M7,M7 FULYA,5,-0.66
galatasaray,M7,M7 FULYA,6,0.44
galatasaray,M7,M7 FULYA,7,-0.27
galatasaray,M7,M7 FULYA,8,-1.04
galatasaray,M7,M7 FULYA,9,-2.46
galatasaray,M7,M7 FULYA,10,-3.47
galatasaray,M7,M7 FULYA,11,1.19
galatasaray,M7,M7 FULYA,12,8.17
galatasaray,M7,MAHMUTBEY,-12,205.98
galatasaray,M7,MAHMUTBEY,-11,101.51
galatasaray,M7,MAHMUTBEY,-10,40.63
galatasaray,M7,MAHMUTBEY,-9,37.74
galatasaray,M7,MAHMUTBEY,-8,61.04
galatasaray,M7,MAHMUTBEY,-7,76.41
galatasaray,M7,MAHMUTBEY,-6,6.77
galatasaray,M7,MAHMUTBEY,-5,10.48
galatasaray,M7,MAHMUTBEY,-4,103.15
galatasaray,M7,MAHMUTBEY,-3,161.94
galatasaray,M7,MAHMUTBEY,-2,190.19
galatasaray,M7,MAHMUTBEY,-1,103.8
galatasaray,M7,MAHMUTBEY,0,17.59
galatasaray,M7,MAHMUTBEY,1,-31.65
galatasaray,M7,MAHMUTBEY,2,-25.91
galatasaray,M7,MAHMUTBEY,3,-17.52
galatasaray,M7,MAHMUTBEY,4,-20.72
galatasaray,M7,MAHMUTBEY,5,-17.28
galatasaray,M7,MAHMUTBEY,6,-2.89
galatasaray,M7,MAHMUTBEY,7,-1.29
galatasaray,M7,MAHMUTBEY,8,-23.74
galatasaray,M7,MAHMUTBEY,9,-71.61
galatasaray,M7,MAHMUTBEY,10,-65.43
galatasaray,M7,MAHMUTBEY,11,33.96
galatasaray,M7,MAHMUTBEY,12,166.84
galatasaray,M7,MECIDIYEKOY,-12,179.74
galatasaray,M7,MECIDIYEKOY,-11,130.07
galatasaray,M7,MECIDIYEKOY,-10,77.12
galatasaray,M7,MECIDIYEKOY,-9,59.89
galatasaray,M7,MECIDIYEKOY,-8,87.3
galatasaray,M7,MECIDIYEKOY,-7,101.42
galatasaray,M7,MECIDIYEKOY,-6,107.42
galatasaray,M7,MECIDIYEKOY,-5,141.16
galatasaray,M7,MECIDIYEKOY,-4,272.7
galatasaray,M7,MECIDIYEKOY,-3,451.58
galatasaray,M7,MECIDIYEKOY,-2,568.41
galatasaray,M7,MECIDIYEKOY,-1,593.72
galatasaray,M7,MECIDIYEKOY,0,286.6
galatasaray,M7,MECIDIYEKOY,1,67.88
galatasaray,M7,MECIDIYEKOY,2,581.28
galatasaray,M7,MECIDIYEKOY,3,485.77
galatasaray,M7,MECIDIYEKOY,4,68.47
galatasaray,M7,MECIDIYEKOY,5,-28.0
galatasaray,M7,MECIDIYEKOY,6,-5.08
galatasaray,M7,MECIDIYEKOY,7,-8.79
galatasaray,M7,MECIDIYEKOY,8,-12.87
galatasaray,M7,MECIDIYEKOY,9,-18.97
galatasaray,M7,MECIDIYEKOY,10,-29.02
galatasaray,M7,MECIDIYEKOY,11,-0.92
galatasaray,M7,MECIDIYEKOY,12,105.93
galatasaray,M7,NURTEPE,-12,74.57
galatasaray,M7,NURTEPE,-11,42.24
galatasaray,M7,NURTEPE,-10,12.43
galatasaray,M7,NURTEPE,-9,9.73
galatasaray,M7,NURTEPE,-8,21.99
galatasaray,M7,NURTEPE,-7,26.84
galatasaray,M7,NURTEPE,-6,11.53
galatasaray,M7,NURTEPE,-5,8.45
galatasaray,M7,NURTEPE,-4,13.11
galatasaray,M7,NURTEPE,-3,25.3
galatasaray,M7,NURTEPE,-2,39.12
galatasaray,M7,NURTEPE,-1,13.78
galatasaray,M7,NURTEPE,0,-2.04
galatasaray,M7,NURTEPE,1,-11.51
galatasaray,M7,NURTEPE,2,7.27
galatasaray,M7,NURTEPE,3,6.28
galatasaray,M7,NURTEPE,4,-2.92
galatasaray,M7,NURTEPE,5,-0.17
galatasaray,M7,NURTEPE,6,-2.68
galatasaray,M7,NURTEPE,7,-2.83
galatasaray,M7,NURTEPE,8,-12.66
galatasaray,M7,NURTEPE,9,-36.13
galatasaray,M7,NURTEPE,10,-30.37
galatasaray,M7,NURTEPE,11,15.18
galatasaray,M7,NURTEPE,12,82.22
galatasaray,M7,ORUCREIS,-12,80.42
galatasaray,M7,ORUCREIS,-11,30.98
galatasaray,M7,ORUCREIS,-10,6.81
galatasaray,M7,ORUCREIS,-9,-3.2
galatasaray,M7,ORUCREIS,-8,2.54
galatasaray,M7,ORUCREIS,-7,16.29
galatasaray,M7,ORUCREIS,-6,-0.82
galatasaray,M7,ORUCREIS,-5,18.69
galatasaray,M7,ORUCREIS,-4,19.35
galatasaray,M7,ORUCREIS,-3,9.2
galatasaray,M7,ORUCREIS,-2,27.37
galatasaray,M7,ORUCREIS,-1,-10.65
galatasaray,M7,ORUCREIS,0,-1.62
galatasaray,M7,ORUCREIS,1,-18.64
galatasaray,M7,ORUCREIS,2,1.08
galatasaray,M7,ORUCREIS,3,-3.53
galatasaray,M7,ORUCREIS,4,-2.2
galatasaray,M7,ORUCREIS,5,-3.08
galatasaray,M7,ORUCREIS,6,0.04
galatasaray,M7,ORUCREIS,7,-3.04
galatasaray,M7,ORUCREIS,8,-22.02
galatasaray,M7,ORUCREIS,9,-31.2
galatasaray,M7,ORUCREIS,10,-21.03
galatasaray,M7,ORUCREIS,11,27.11
galatasaray,M7,ORUCREIS,12,84.36
galatasaray,M7,TEKSTILKENT,-12,13.25
galatasaray,M7,TEKSTILKENT,-11,10.41
galatasaray,M7,TEKSTILKENT,-10,3.45
galatasaray,M7,TEKSTILKENT,-9,6.86
galatasaray,M7,TEKSTILKENT,-8,0.22
galatasaray,M7,TEKSTILKENT,-7,6.75
galatasaray,M7,TEKSTILKENT,-6,5.93
galatasaray,M7,TEKSTILKENT,-5,6.69
galatasaray,M7,TEKSTILKENT,-4,13.04
galatasaray,M7,TEKSTILKENT,-3,39.49
galatasaray,M7,TEKSTILKENT,-2,54.41
galatasaray,M7,TEKSTILKENT,-1,15.71
galatasaray,M7,TEKSTILKENT,0,1.29
galatasaray,M7,TEKSTILKENT,1,-0.53
galatasaray,M7,TEKSTILKENT,2,0.98
galatasaray,M7,TEKSTILKENT,3,-1.43
galatasaray,M7,TEKSTILKENT,4,0.24
galatasaray,M7,TEKSTILKENT,5,0.23
galatasaray,M7,TEKSTILKENT,7,0.09
galatasaray,M7,TEKSTILKENT,8,-7.08
galatasaray,M7,TEKSTILKENT,9,-10.44
galatasaray,M7,TEKSTILKENT,10,-9.73
galatasaray,M7,TEKSTILKENT,11,1.48
galatasaray,M7,TEKSTILKENT,12,11.69
galatasaray,M7,VEYSELKARANI,-12,93.21
galatasaray,M7,VEYSELKARANI,-11,47.28
galatasaray,M7,VEYSELKARANI,-10,7.63
galatasaray,M7,VEYSELKARANI,-9,17.83
galatasaray,M7,VEYSELKARANI,-8,13.46
galatasaray,M7,VEYSELKARANI,-7,19.11
galatasaray,M7,VEYSELKARANI,-6,7.78
galatasaray,M7,VEYSELKARANI,-5,25.51
galatasaray,M7,VEYSELKARANI,-4,19.03
galatasaray,M7,VEYSELKARANI,-3,22.37
galatasaray,M7,VEYSELKARANI,-2,52.13
galatasaray,M7,VEYSELKARANI,-1,33.03
galatasaray,M7,VEYSELKARANI,0,0.86
galatasaray,M7,VEYSELKARANI,1,-15.54
galatasaray,M7,VEYSELKARANI,2,0.69
galatasaray,M7,VEYSELKARANI,3,-0.15
galatasaray,M7,VEYSELKARANI,4,-4.18
galatasaray,M7,VEYSELKARANI,5,-1.01
galatasaray,M7,VEYSELKARANI,6,1.5
galatasaray,M7,VEYSELKARANI,7,-1.93
galatasaray,M7,VEYSELKARANI,8,-22.6
galatasaray,M7,VEYSELKARANI,9,-46.37
galatasaray,M7,VEYSELKARANI,10,-41.74
galatasaray,M7,VEYSELKARANI,11,36.06
galatasaray,M7,VEYSELKARANI,12,104.69
galatasaray,M7,YENIMAHALLE,-12,83.39
galatasaray,M7,YENIMAHALLE,-11,42.68
galatasaray,M7,YENIMAHALLE,-10,13.79
galatasaray,M7,YENIMAHALLE,-9,18.06
galatasaray,M7,YENIMAHALLE,-8,13.55
galatasaray,M7,YENIMAHALLE,-7,3.29
galatasaray,M7,YENIMAHALLE,-6,-6.05
galatasaray,M7,YENIMAHALLE,-5,23.66
galatasaray,M7,YENIMAHALLE,-4,54.14
galatasaray,M7,YENIMAHALLE,-3,50.46
galatasaray,M7,YENIMAHALLE,-2,60.46
galatasaray,M7,YENIMAHALLE,-1,10.0
galatasaray,M7,YENIMAHALLE,0,-6.95
galatasaray,M7,YENIMAHALLE,1,-14.07
galatasaray,M7,YENIMAHALLE,2,0.59
galatasaray,M7,YENIMAHALLE,3,-1.83
galatasaray,M7,YENIMAHALLE,4,-2.88
galatasaray,M7,YENIMAHALLE,5,-2.92
galatasaray,M7,YENIMAHALLE,6,-1.12
galatasaray,M7,YENIMAHALLE,7,-1.45
galatasaray,M7,YENIMAHALLE,8,-9.72
galatasaray,M7,YENIMAHALLE,9,-33.28
galatasaray,M7,YENIMAHALLE,10,-25.77
galatasaray,M7,YENIMAHALLE,11,38.35
galatasaray,M7,YENIMAHALLE,12,96.56
galatasaray,M7,YESILPINAR,-12,110.24
galatasaray,M7,YESILPINAR,-11,45.35
galatasaray,M7,YESILPINAR,-10,24.04
galatasaray,M7,YESILPINAR,-9,13.03
galatasaray,M7,YESILPINAR,-8,4.45
galatasaray,M7,YESILPINAR,-7,17.53
galatasaray,M7,YESILPINAR,-6,21.98
galatasaray,M7,YESILPINAR,-5,20.75
galatasaray,M7,YESILPINAR,-4,13.88
galatasaray,M7,YESILPINAR,-3,15.94
galatasaray,M7,YESILPINAR,-2,21.64
galatasaray,M7,YESILPINAR,-1,18.4
galatasaray,M7,YESILPINAR,0,2.85
galatasaray,M7,YESILPINAR,1,-11.36
galatasaray,M7,YESILPINAR,2,3.14
galatasaray,M7,YESILPINAR,3,-0.35
galatasaray,M7,YESILPINAR,4,-4.37
galatasaray,M7,YESILPINAR,5,-1.92
galatasaray,M7,YESILPINAR,6,-0.27
galatasaray,M7,YESILPINAR,7,2.73
galatasaray,M7,YESILPINAR,8,-18.67
galatasaray,M7,YESILPINAR,9,-45.32
galatasaray,M7,YESILPINAR,10,-40.28
galatasaray,M7,YESILPINAR,11,46.12
galatasaray,M7,YESILPINAR,12,114.5
galatasaray,M7,YILDIZ,-12,15.79
galatasaray,M7,YILDIZ,-11,10.77
galatasaray,M7,YILDIZ,-10,3.74
galatasaray,M7,YILDIZ,-9,8.77
galatasaray,M7,YILDIZ,-8,9.79
galatasaray,M7,YILDIZ,-7,-4.27
galatasaray,M7,YILDIZ,-6,4.38
galatasaray,M7,YILDIZ,-5,59.19
galatasaray,M7,YILDIZ,-4,69.28
galatasaray,M7,YILDIZ,-3,70.46
galatasaray,M7,YILDIZ,-2,98.98
galatasaray,M7,YILDIZ,-1,72.21
galatasaray,M7,YILDIZ,0,36.38
galatasaray,M7,YILDIZ,1,-15.83
galatasaray,M7,YILDIZ,2,-21.15
galatasaray,M7,YILDIZ,3,-12.16
galatasaray,M7,YILDIZ,4,7.31
galatasaray,M7,YILDIZ,5,-29.03
galatasaray,M7,YILDIZ,6,-15.42
galatasaray,M7,YILDIZ,7,-0.58
galatasaray,M7,YILDIZ,8,0.84
galatasaray,M7,YILDIZ,9,-1.43
galatasaray,M7,YILDIZ,10,-4.41
galatasaray,M7,YILDIZ,11,0.78
galatasaray,M7,YILDIZ,12,11.25
galatasaray,M8,AYSE KADIN,-12,-8.38
galatasaray,M8,AYSE KADIN,-11,-3.78
galatasaray,M8,AYSE KADIN,-10,2.31
galatasaray,M8,AYSE KADIN,-9,-0.44
galatasaray,M8,AYSE KADIN,-8,0.36
galatasaray,M8,AYSE KADIN,-7,20.04
galatasaray,M8,AYSE KADIN,-6,48.11
galatasaray,M8,AYSE KADIN,-5,19.03
galatasaray,M8,AYSE KADIN,-4,53.97
galatasaray,M8,AYSE KADIN,-3,40.71
galatasaray,M8,AYSE KADIN,-2,64.58
galatasaray,M8,AYSE KADIN,-1,51.12
galatasaray,M8,AYSE KADIN,0,14.26
galatasaray,M8,AYSE KADIN,1,20.4
galatasaray,M8,AYSE KADIN,2,42.67
galatasaray,M8,AYSE KADIN,3,-4.0
galatasaray,M8,AYSE KADIN,4,-4.08
galatasaray,M8,AYSE KADIN,7,-2.72
galatasaray,M8,AYSE KADIN,8,-6.78
galatasaray,M8,AYSE KADIN,9,-23.17
galatasaray,M8,AYSE KADIN,10,-14.76
galatasaray,M8,AYSE KADIN,11,-0.45
galatasaray,M8,AYSE KADIN,12,36.64
galatasaray,M8,AYSEKADIN,-12,26.71
galatasaray,M8,AYSEKADIN,-11,15.16
galatasaray,M8,AYSEKADIN,-10,4.61
galatasaray,M8,AYSEKADIN,-9,4.8
galatasaray,M8,AYSEKADIN,-8,4.85
galatasaray,M8,AYSEKADIN,-7,6.09
galatasaray,M8,AYSEKADIN,-6,0.43
galatasaray,M8,AYSEKADIN,-5,15.81
galatasaray,M8,AYSEKADIN,-4,19.71
galatasaray,M8,AYSEKADIN,-3,24.23
galatasaray,M8,AYSEKADIN,-2,25.56
galatasaray,M8,AYSEKADIN,-1,24.64
galatasaray,M8,AYSEKADIN,0,8.26
galatasaray,M8,AYSEKADIN,1,4.5
galatasaray,M8,AYSEKADIN,2,5.83
galatasaray,M8,AYSEKADIN,3,-0.82
galatasaray,M8,AYSEKADIN,4,-1.67
galatasaray,M8,AYSEKADIN,8,-5.84
galatasaray,M8,AYSEKADIN,9,-6.79
galatasaray,M8,AYSEKADIN,10,-7.44
galatasaray,M8,AYSEKADIN,11,1.32
galatasaray,M8,AYSEKADIN,12,18.02
galatasaray,M8,BOSTANCI,-12,27.85
galatasaray,M8,BOSTANCI,-11,19.92
galatasaray,M8,BOSTANCI,-10,3.72
galatasaray,M8,BOSTANCI,-9,-3.38
galatasaray,M8,BOSTANCI,-8,0.38
galatasaray,M8,BOSTANCI,-7,-10.39
galatasaray,M8,BOSTANCI,-6,-17.22
galatasaray,M8,BOSTANCI,-5,10.48
galatasaray,M8,BOSTANCI,-4,-2.81
galatasaray,M8,BOSTANCI,-3,13.0
galatasaray,M8,BOSTANCI,-2,25.43
galatasaray,M8,BOSTANCI,-1,-6.69
galatasaray,M8,BOSTANCI,0,-39.98
galatasaray,M8,BOSTANCI,1,-95.87
galatasaray,M8,BOSTANCI,2,-159.3
galatasaray,M8,BOSTANCI,3,-136.17
galatasaray,M8,BOSTANCI,4,-19.44
galatasaray,M8,BOSTANCI,7,1.14
galatasaray,M8,BOSTANCI,8,-0.98
galatasaray,M8,BOSTANCI,9,-11.72
galatasaray,M8,BOSTANCI,10,-21.46
galatasaray,M8,BOSTANCI,11,-8.07
galatasaray,M8,BOSTANCI,12,30.2
galatasaray,M8,DUDULLU,-12,125.44
galatasaray,M8,DUDULLU,-11,27.68
galatasaray,M8,DUDULLU,-10,-5.2
galatasaray,M8,DUDULLU,-9,-16.69
galatasaray,M8,DUDULLU,-8,-5.23
galatasaray,M8,DUDULLU,-7,-0.1
galatasaray,M8,DUDULLU,-6,-11.25
galatasaray,M8,DUDULLU,-5,-8.73
galatasaray,M8,DUDULLU,-4,34.35
galatasaray,M8,DUDULLU,-3,74.27
galatasaray,M8,DUDULLU,-2,43.86
galatasaray,M8,DUDULLU,-1,53.77
galatasaray,M8,DUDULLU,0,4.45
galatasaray,M8,DUDULLU,1,-17.87
galatasaray,M8,DUDULLU,2,-16.5
galatasaray,M8,DUDULLU,3,-4.4
galatasaray,M8,DUDULLU,4,-1.75
galatasaray,M8,DUDULLU,7,-1.25
galatasaray,M8,DUDULLU,8,-23.34
galatasaray,M8,DUDULLU,9,-74.09
galatasaray,M8,DUDULLU,10,-109.28
galatasaray,M8,DUDULLU,11,-12.87
galatasaray,M8,DUDULLU,12,165.61
galatasaray,M8,EMIN ALI PASA,-12,10.56
galatasaray,M8,EMIN ALI PASA,-11,6.64
galatasaray,M8,EMIN ALI PASA,-10,2.18
galatasaray,M8,EMIN ALI PASA,-9,0.17
galatasaray,M8,EMIN ALI PASA,-8,2.07
galatasaray,M8,EMIN ALI PASA,-7,2.17
galatasaray,M8,EMIN ALI PASA,-6,-4.39
galatasaray,M8,EMIN ALI PASA,-5,25.34
galatasaray,M8,EMIN ALI PASA,-4,13.06
galatasaray,M8,EMIN ALI PASA,-3,8.75
galatasaray,M8,EMIN ALI PASA,-2,6.42
galatasaray,M8,EMIN ALI PASA,-1,8.25
galatasaray,M8,EMIN ALI PASA,0,-1.36
galatasaray,M8,EMIN ALI PASA,1,-1.65
galatasaray,M8,EMIN ALI PASA,2,0.42
galatasaray,M8,EMIN ALI PASA,3,-1.3
galatasaray,M8,EMIN ALI PASA,4,-0.96
galatasaray,M8,EMIN ALI PASA,7,-2.43
galatasaray,M8,EMIN ALI PASA,8,-4.41
galatasaray,M8,EMIN ALI PASA,9,-6.57
galatasaray,M8,EMIN ALI PASA,10,-7.48
galatasaray,M8,EMIN ALI PASA,11,4.0
galatasaray,M8,EMIN ALI PASA,12,10.72
galatasaray,M8,HUZUR,-12,39.38
galatasaray,M8,HUZUR,-11,16.18
galatasaray,M8,HUZUR,-10,2.5
galatasaray,M8,HUZUR,-9,0.58
galatasaray,M8,HUZUR,-8,0.57
galatasaray,M8,HUZUR,-7,-0.44
galatasaray,M8,HUZUR,-6,6.72
galatasaray,M8,HUZUR,-5,1.41
galatasaray,M8,HUZUR,-4,3.68
galatasaray,M8,HUZUR,-3,2.24
galatasaray,M8,HUZUR,-2,-1.7
galatasaray,M8,HUZUR,-1,-7.43
galatasaray,M8,HUZUR,0,-5.22
galatasaray,M8,HUZUR,1,-6.44
galatasaray,M8,HUZUR,2,-1.03
galatasaray,M8,HUZUR,3,-0.42
galatasaray,M8,HUZUR,4,0.49
galatasaray,M8,HUZUR,7,-2.91
galatasaray,M8,HUZUR,8,-15.33
galatasaray,M8,HUZUR,9,-19.16
galatasaray,M8,HUZUR,10,-17.14
galatasaray,M8,HUZUR,11,27.21
galatasaray,M8,HUZUR,12,52.98
galatasaray,M8,ICERENKOY,-12,41.33
galatasaray,M8,ICERENKOY,-11,16.64
galatasaray,M8,ICERENKOY,-10,1.86
galatasaray,M8,ICERENKOY,-9,0.59
galatasaray,M8,ICERENKOY,-8,5.37
galatasaray,M8,ICERENKOY,-7,-5.97
galatasaray,M8,ICERENKOY,-6,-12.03
galatasaray,M8,ICERENKOY,-5,50.66
galatasaray,M8,ICERENKOY,-4,54.45
galatasaray,M8,ICERENKOY,-3,41.1
galatasaray,M8,ICERENKOY,-2,36.17
galatasaray,M8,ICERENKOY,-1,10.97
galatasaray,M8,ICERENKOY,0,-0.54
galatasaray,M8,ICERENKOY,1,-10.83
galatasaray,M8,ICERENKOY,2,-2.65
galatasaray,M8,ICERENKOY,3,3.16
galatasaray,M8,ICERENKOY,4,-1.84
galatasaray,M8,ICERENKOY,7,-2.19
galatasaray,M8,ICERENKOY,8,-9.77
galatasaray,M8,ICERENKOY,9,-18.47
galatasaray,M8,ICERENKOY,10,-26.79
galatasaray,M8,ICERENKOY,11,3.54
galatasaray,M8,ICERENKOY,12,42.67
galatasaray,M8,IMES,-12,31.67
galatasaray,M8,IMES,-11,22.03
galatasaray,M8,IMES,-10,8.36
galatasaray,M8,IMES,-9,7.27
galatasaray,M8,IMES,-8,7.78
galatasaray,M8,IMES,-7,10.31
galatasaray,M8,IMES,-6,8.87
galatasaray,M8,IMES,-5,0.21
galatasaray,M8,IMES,-4,14.34
galatasaray,M8,IMES,-3,50.09
galatasaray,M8,IMES,-2,68.47
galatasaray,M8,IMES,-1,13.59
galatasaray,M8,IMES,0,1.46
galatasaray,M8,IMES,1,-2.0
galatasaray,M8,IMES,2,1.89
galatasaray,M8,IMES,3,-2.81
galatasaray,M8,IMES,4,-1.0
galatasaray,M8,IMES,7,-1.02
galatasaray,M8,IMES,8,-3.56
galatasaray,M8,IMES,9,-10.74
galatasaray,M8,IMES,10,-10.91
galatasaray,M8,IMES,11,11.67
galatasaray,M8,IMES,12,30.13
galatasaray,M8,KAYISDAGI,-12,9.14
galatasaray,M8,KAYISDAGI,-11,-0.71
galatasaray,M8,KAYISDAGI,-10,0.82
galatasaray,M8,KAYISDAGI,-9,-0.9
galatasaray,M8,KAYISDAGI,-8,-1.94
galatasaray,M8,KAYISDAGI,-7,-2.99
galatasaray,M8,KAYISDAGI,-6,-10.82
galatasaray,M8,KAYISDAGI,-5,22.57
galatasaray,M8,KAYISDAGI,-4,27.69
galatasaray,M8,KAYISDAGI,-3,23.89
galatasaray,M8,KAYISDAGI,-2,19.69
galatasaray,M8,KAYISDAGI,-1,4.65
galatasaray,M8,KAYISDAGI,0,0.41
galatasaray,M8,KAYISDAGI,1,-3.62
galatasaray,M8,KAYISDAGI,2,-1.12
galatasaray,M8,KAYISDAGI,3,0.71
galatasaray,M8,KAYISDAGI,4,-0.79
galatasaray,M8,KAYISDAGI,7,-0.98
galatasaray,M8,KAYISDAGI,8,-4.94
galatasaray,M8,KAYISDAGI,9,-9.62
galatasaray,M8,KAYISDAGI,10,-14.9
galatasaray,M8,KAYISDAGI,11,-3.78
galatasaray,M8,KAYISDAGI,12,16.37
galatasaray,M8,KOZYATAGI,-12,58.55
galatasaray,M8,KOZYATAGI,-11,25.77
galatasaray,M8,KOZYATAGI,-10,8.38
galatasaray,M8,KOZYATAGI,-9,2.58
galatasaray,M8,KOZYATAGI,-8,-3.16
galatasaray,M8,KOZYATAGI,-7,6.08
galatasaray,M8,KOZYATAGI,-6,-9.38
galatasaray,M8,KOZYATAGI,-5,12.44
galatasaray,M8,KOZYATAGI,-4,47.94
galatasaray,M8,KOZYATAGI,-3,79.89
galatasaray,M8,KOZYATAGI,-2,90.5
galatasaray,M8,KOZYATAGI,-1,70.02
galatasaray,M8,KOZYATAGI,0,18.94
galatasaray,M8,KOZYATAGI,1,-19.89
galatasaray,M8,KOZYATAGI,2,-11.13
galatasaray,M8,KOZYATAGI,3,-0.07
galatasaray,M8,KOZYATAGI,4,-3.62
galatasaray,M8,KOZYATAGI,7,-1.32
galatasaray,M8,KOZYATAGI,8,-6.01
galatasaray,M8,KOZYATAGI,9,-19.64
galatasaray,M8,KOZYATAGI,10,-29.55
galatasaray,M8,KOZYATAGI,11,-6.99
galatasaray,M8,KOZYATAGI,12,59.44
galatasaray,M8,KUCUKBAKKALKOY,-12,24.29
galatasaray,M8,KUCUKBAKKALKOY,-11,6.43
galatasaray,M8,KUCUKBAKKALKOY,-10,0.23
galatasaray,M8,KUCUKBAKKALKOY,-9,2.67
galatasaray,M8,KUCUKBAKKALKOY,-8,16.81
galatasaray,M8,KUCUKBAKKALKOY,-7,8.64
galatasaray,M8,KUCUKBAKKALKOY,-6,3.16
galatasaray,M8,KUCUKBAKKALKOY,-5,21.91
galatasaray,M8,KUCUKBAKKALKOY,-4,30.23
galatasaray,M8,KUCUKBAKKALKOY,-3,30.06
galatasaray,M8,KUCUKBAKKALKOY,-2,33.28
galatasaray,M8,KUCUKBAKKALKOY,-1,11.15
galatasaray,M8,KUCUKBAKKALKOY,0,1.84
galatasaray,M8,KUCUKBAKKALKOY,1,-4.22
galatasaray,M8,KUCUKBAKKALKOY,2,3.37
galatasaray,M8,KUCUKBAKKALKOY,3,0.92
galatasaray,M8,KUCUKBAKKALKOY,4,-0.08
galatasaray,M8,KUCUKBAKKALKOY,7,-1.04
galatasaray,M8,KUCUKBAKKALKOY,8,-1.77
galatasaray,M8,KUCUKBAKKALKOY,9,-10.09
galatasaray,M8,KUCUKBAKKALKOY,10,-13.55
galatasaray,M8,KUCUKBAKKALKOY,11,1.3
galatasaray,M8,KUCUKBAKKALKOY,12,22.03
galatasaray,M8,MEVLANA,-12,69.74
galatasaray,M8,MEVLANA,-11,29.24
galatasaray,M8,MEVLANA,-10,2.74
galatasaray,M8,MEVLANA,-9,3.91
galatasaray,M8,MEVLANA,-8,-2.9
galatasaray,M8,MEVLANA,-7,-6.97
galatasaray,M8,MEVLANA,-6,-10.3
galatasaray,M8,MEVLANA,-5,4.53
galatasaray,M8,MEVLANA,-4,13.96
galatasaray,M8,MEVLANA,-3,21.03
galatasaray,M8,MEVLANA,-2,22.94
galatasaray,M8,MEVLANA,-1,-0.67
galatasaray,M8,MEVLANA,0,-10.78
galatasaray,M8,MEVLANA,1,-6.82
galatasaray,M8,MEVLANA,2,-4.95
galatasaray,M8,MEVLANA,3,0.66
galatasaray,M8,MEVLANA,4,-1.46
galatasaray,M8,MEVLANA,7,-0.72
galatasaray,M8,MEVLANA,8,-11.86
galatasaray,M8,MEVLANA,9,-27.1
galatasaray,M8,MEVLANA,10,-33.7
galatasaray,M8,MEVLANA,11,7.28
galatasaray,M8,MEVLANA,12,58.87
galatasaray,M8,MODOKO,-12,24.78
galatasaray,M8,MODOKO,-11,10.87
galatasaray,M8,MODOKO,-10,4.14
galatasaray,M8,MODOKO,-9,5.02
galatasaray,M8,MODOKO,-8,8.32
galatasaray,M8,MODOKO,-7,6.16
galatasaray,M8,MODOKO,-6,13.04
galatasaray,M8,MODOKO,-5,7.87
galatasaray,M8,MODOKO,-4,7.17
galatasaray,M8,MODOKO,-3,25.9
galatasaray,M8,MODOKO,-2,45.11
galatasaray,M8,MODOKO,-1,20.2
galatasaray,M8,MODOKO,0,3.79
galatasaray,M8,MODOKO,1,0.65
galatasaray,M8,MODOKO,2,0.19
galatasaray,M8,MODOKO,3,-0.89
galatasaray,M8,MODOKO,4,0.28
galatasaray,M8,MODOKO,5,0.0
galatasaray,M8,MODOKO,7,-1.76
galatasaray,M8,MODOKO,8,-3.13
galatasaray,M8,MODOKO,9,-6.93
galatasaray,M8,MODOKO,10,-3.54
galatasaray,M8,MODOKO,11,8.78
galatasaray,M8,MODOKO,12,27.48
galatasaray,M8,MODOKO KEYAP,-12,2.96
galatasaray,M8,MODOKO KEYAP,-11,1.55
galatasaray,M8,MODOKO KEYAP,-10,-6.62
galatasaray,M8,MODOKO KEYAP,-9,-4.5
galatasaray,M8,MODOKO KEYAP,-8,-1.8
galatasaray,M8,MODOKO KEYAP,-7,15.61
galatasaray,M8,MODOKO KEYAP,-6,1.32
galatasaray,M8,MODOKO KEYAP,-5,7.85
galatasaray,M8,MODOKO KEYAP,-4,8.29
galatasaray,M8,MODOKO KEYAP,-3,8.29
galatasaray,M8,MODOKO KEYAP,-2,-1.08
galatasaray,M8,MODOKO KEYAP,-1,0.15
galatasaray,M8,MODOKO KEYAP,0,0.36
galatasaray,M8,MODOKO KEYAP,1,-9.7
galatasaray,M8,MODOKO KEYAP,2,4.33
galatasaray,M8,MODOKO KEYAP,3,1.58
galatasaray,M8,MODOKO KEYAP,4,-1.0
galatasaray,M8,MODOKO KEYAP,7,-1.69
galatasaray,M8,MODOKO KEYAP,8,-5.56
galatasaray,M8,MODOKO KEYAP,9,-13.11
galatasaray,M8,MODOKO KEYAP,10,-6.51
galatasaray,M8,MODOKO KEYAP,11,11.34
galatasaray,M8,MODOKO KEYAP,12,45.48
galatasaray,M8,PARSELLER,-12,23.56
galatasaray,M8,PARSELLER,-11,10.25
galatasaray,M8,PARSELLER,-10,3.58
galatasaray,M8,PARSELLER,-9,4.91
galatasaray,M8,PARSELLER,-8,6.32
galatasaray,M8,PARSELLER,-7,1.27
galatasaray,M8,PARSELLER,-6,2.16
galatasaray,M8,PARSELLER,-5,1.97
galatasaray,M8,PARSELLER,-4,7.89
galatasaray,M8,PARSELLER,-3,4.79
galatasaray,M8,PARSELLER,-2,2.4
galatasaray,M8,PARSELLER,-1,-1.92
galatasaray,M8,PARSELLER,0,-2.46
galatasaray,M8,PARSELLER,1,-6.09
galatasaray,M8,PARSELLER,2,-1.25
galatasaray,M8,PARSELLER,3,1.67
galatasaray,M8,PARSELLER,4,-0.74
galatasaray,M8,PARSELLER,7,-0.37
galatasaray,M8,PARSELLER,8,-15.02
galatasaray,M8,PARSELLER,9,-12.49
galatasaray,M8,PARSELLER,10,-14.62
galatasaray,M8,PARSELLER,11,15.07
galatasaray,M8,PARSELLER,12,31.61
galatasaray,M9,15 TEMMUZ,-12,8.98
galatasaray,M9,15 TEMMUZ,-11,4.24
galatasaray,M9,15 TEMMUZ,-10,0.85
galatasaray,M9,15 TEMMUZ,-9,-0.9
galatasaray,M9,15 TEMMUZ,-8,8.06
galatasaray,M9,15 TEMMUZ,-7,18.22
galatasaray,M9,15 TEMMUZ,-6,4.47
galatasaray,M9,15 TEMMUZ,-5,8.9
galatasaray,M9,15 TEMMUZ,-4,-2.15
galatasaray,M9,15 TEMMUZ,-3,29.26
galatasaray,M9,15 TEMMUZ,-2,-19.55
galatasaray,M9,15 TEMMUZ,-1,-36.45
galatasaray,M9,15 TEMMUZ,0,2.45
galatasaray,M9,15 TEMMUZ,1,-3.1
galatasaray,M9,15 TEMMUZ,2,5.62
galatasaray,M9,15 TEMMUZ,3,-0.41
galatasaray,M9,15 TEMMUZ,4,2.35
galatasaray,M9,15 TEMMUZ,5,-0.9
galatasaray,M9,15 TEMMUZ,7,-2.09
galatasaray,M9,15 TEMMUZ,8,-3.3
galatasaray,M9,15 TEMMUZ,9,-0.26
galatasaray,M9,15 TEMMUZ,10,-8.25
galatasaray,M9,15 TEMMUZ,11,7.27
galatasaray,M9,15 TEMMUZ,12,38.57
galatasaray,M9,29 EKIM CUMHURIYET,-12,-20.91
galatasaray,M9,29 EKIM CUMHURIYET,-11,4.73
galatasaray,M9,29 EKIM CUMHURIYET,-10,-6.0
galatasaray,M9,29 EKIM CUMHURIYET,-9,10.0
galatasaray,M9,29 EKIM CUMHURIYET,-8,-11.27
galatasaray,M9,29 EKIM CUMHURIYET,-7,-13.64
galatasaray,M9,29 EKIM CUMHURIYET,-6,20.55
galatasaray,M9,29 EKIM CUMHURIYET,-5,-12.36
galatasaray,M9,29 EKIM CUMHURIYET,-4,34.73
galatasaray,M9,29 EKIM CUMHURIYET,-3,-29.27
galatasaray,M9,29 EKIM CUMHURIYET,-2,9.36
galatasaray,M9,29 EKIM CUMHURIYET,-1,15.0
galatasaray,M9,29 EKIM CUMHURIYET,0,-13.64
galatasaray,M9,29 EKIM CUMHURIYET,1,-13.18
galatasaray,M9,29 EKIM CUMHURIYET,2,-0.55
galatasaray,M9,29 EKIM CUMHURIYET,3,0.0
galatasaray,M9,29 EKIM CUMHURIYET,7,-1.79
galatasaray,M9,29 EKIM CUMHURIYET,8,-5.67
galatasaray,M9,29 EKIM CUMHURIYET,9,-22.07
galatasaray,M9,29 EKIM CUMHURIYET,10,-18.47
galatasaray,M9,29 EKIM CUMHURIYET,11,-30.87
galatasaray,M9,29 EKIM CUMHURIYET,12,-10.2
galatasaray,M9,ATAKOY,-12,-10.23
galatasaray,M9,ATAKOY,-11,-30.0
galatasaray,M9,ATAKOY,-10,-7.38
galatasaray,M9,ATAKOY,-9,-5.64
galatasaray,M9,ATAKOY,-8,-28.06
galatasaray,M9,ATAKOY,-7,-32.33
galatasaray,M9,ATAKOY,-6,-13.86
galatasaray,M9,ATAKOY,-5,-5.65
galatasaray,M9,ATAKOY,-4,-10.25
galatasaray,M9,ATAKOY,-3,74.4
galatasaray,M9,ATAKOY,-2,114.68
galatasaray,M9,ATAKOY,-1,72.67
galatasaray,M9,ATAKOY,0,46.34
galatasaray,M9,ATAKOY,1,12.05
galatasaray,M9,ATAKOY,2,32.54
galatasaray,M9,ATAKOY,3,17.56
galatasaray,M9,ATAKOY,4,12.09
galatasaray,M9,ATAKOY,5,-13.59
galatasaray,M9,ATAKOY,7,0.68
galatasaray,M9,ATAKOY,8,-3.13
galatasaray,M9,ATAKOY,9,18.15
galatasaray,M9,ATAKOY,10,5.02
galatasaray,M9,ATAKOY,11,-6.56
galatasaray,M9,ATAKOY,12,34.66
galatasaray,M9,ATATURK MAHALLESI,-12,4.1
galatasaray,M9,ATATURK MAHALLESI,-11,3.74
galatasaray,M9,ATATURK MAHALLESI,-10,1.28
galatasaray,M9,ATATURK MAHALLESI,-9,-7.05
galatasaray,M9,ATATURK MAHALLESI,-8,8.81
galatasaray,M9,ATATURK MAHALLESI,-7,14.18
galatasaray,M9,ATATURK MAHALLESI,-6,22.68
galatasaray,M9,ATATURK MAHALLESI,-5,31.88
galatasaray,M9,ATATURK MAHALLESI,-4,-0.56
galatasaray,M9,ATATURK MAHALLESI,-3,-6.06
galatasaray,M9,ATATURK MAHALLESI,-2,-0.47
galatasaray,M9,ATATURK MAHALLESI,-1,-34.94
galatasaray,M9,ATATURK MAHALLESI,0,-9.92
galatasaray,M9,ATATURK MAHALLESI,1,-14.25
galatasaray,M9,ATATURK MAHALLESI,2,1.58
galatasaray,M9,ATATURK MAHALLESI,3,-5.4
galatasaray,M9,ATATURK MAHALLESI,4,-0.45
galatasaray,M9,ATATURK MAHALLESI,5,0.8
galatasaray,M9,ATATURK MAHALLESI,7,5.83
galatasaray,M9,ATATURK MAHALLESI,8,-1.61
galatasaray,M9,ATATURK MAHALLESI,9,15.83
galatasaray,M9,ATATURK MAHALLESI,10,-1.24
galatasaray,M9,ATATURK MAHALLESI,11,8.21
galatasaray,M9,ATATURK MAHALLESI,12,99.48
galatasaray,M9,BAHARIYE,-12,60.89
galatasaray,M9,BAHARIYE,-11,20.35
galatasaray,M9,BAHARIYE,-10,-4.22
galatasaray,M9,BAHARIYE,-9,-1.9
galatasaray,M9,BAHARIYE,-8,-1.4
galatasaray,M9,BAHARIYE,-7,-0.65
galatasaray,M9,BAHARIYE,-6,0.01
galatasaray,M9,BAHARIYE,-5,3.21
galatasaray,M9,BAHARIYE,-4,-2.28
galatasaray,M9,BAHARIYE,-3,5.38
galatasaray,M9,BAHARIYE,-2,17.64
galatasaray,M9,BAHARIYE,-1,0.45
galatasaray,M9,BAHARIYE,0,-3.75
galatasaray,M9,BAHARIYE,1,-4.15
galatasaray,M9,BAHARIYE,2,2.82
galatasaray,M9,BAHARIYE,3,0.16
galatasaray,M9,BAHARIYE,4,-6.69
galatasaray,M9,BAHARIYE,5,-4.34
galatasaray,M9,BAHARIYE,6,0.0
galatasaray,M9,BAHARIYE,7,-0.24
galatasaray,M9,BAHARIYE,8,-11.04
galatasaray,M9,BAHARIYE,9,-22.31
galatasaray,M9,BAHARIYE,10,-9.91
galatasaray,M9,BAHARIYE,11,32.64
galatasaray,M9,BAHARIYE,12,58.17
galatasaray,M9,COBANCESME,-12,4.02
galatasaray,M9,COBANCESME,-11,-3.08
galatasaray,M9,COBANCESME,-10,0.04
galatasaray,M9,COBANCESME,-9,-4.68
galatasaray,M9,COBANCESME,-8,-7.16
galatasaray,M9,COBANCESME,-7,5.33
galatasaray,M9,COBANCESME,-6,6.37
galatasaray,M9,COBANCESME,-5,15.21
galatasaray,M9,COBANCESME,-4,25.17
galatasaray,M9,COBANCESME,-3,42.05
galatasaray,M9,COBANCESME,-2,-0.6
galatasaray,M9,COBANCESME,-1,-11.67
galatasaray,M9,COBANCESME,0,-3.52
galatasaray,M9,COBANCESME,1,-5.7
galatasaray,M9,COBANCESME,2,0.57
galatasaray,M9,COBANCESME,3,-0.36
galatasaray,M9,COBANCESME,4,0.63
galatasaray,M9,COBANCESME,5,-0.5
galatasaray,M9,COBANCESME,7,-0.14
galatasaray,M9,COBANCESME,8,2.91
galatasaray,M9,COBANCESME,9,-9.2
galatasaray,M9,COBANCESME,10,-6.94
galatasaray,M9,COBANCESME,11,1.26
galatasaray,M9,COBANCESME,12,32.02
galatasaray,M9,DOGU SANAYI,-12,5.31
galatasaray,M9,DOGU SANAYI,-11,11.34
galatasaray,M9,DOGU SANAYI,-10,0.15
galatasaray,M9,DOGU SANAYI,-9,-0.92
galatasaray,M9,DOGU SANAYI,-8,6.57
galatasaray,M9,DOGU SANAYI,-7,3.02
galatasaray,M9,DOGU SANAYI,-6,21.27
galatasaray,M9,DOGU SANAYI,-5,20.9
galatasaray,M9,DOGU SANAYI,-4,46.47
galatasaray,M9,DOGU SANAYI,-3,94.62
galatasaray,M9,DOGU SANAYI,-2,-20.09
galatasaray,M9,DOGU SANAYI,-1,-12.14
galatasaray,M9,DOGU SANAYI,0,2.67
galatasaray,M9,DOGU SANAYI,1,-4.05
galatasaray,M9,DOGU SANAYI,2,0.24
galatasaray,M9,DOGU SANAYI,3,-17.59
galatasaray,M9,DOGU SANAYI,4,-6.99
galatasaray,M9,DOGU SANAYI,5,-2.36
galatasaray,M9,DOGU SANAYI,7,2.0
galatasaray,M9,DOGU SANAYI,8,4.74
galatasaray,M9,DOGU SANAYI,9,-3.64
galatasaray,M9,DOGU SANAYI,10,-7.41
galatasaray,M9,DOGU SANAYI,11,-1.41
galatasaray,M9,DOGU SANAYI,12,39.79
galatasaray,M9,HALKALI,-12,14.85
galatasaray,M9,HALKALI,-11,-1.5
galatasaray,M9,HALKALI,-10,2.73
galatasaray,M9,HALKALI,-9,5.61
galatasaray,M9,HALKALI,-8,9.51
galatasaray,M9,HALKALI,-7,1.06
galatasaray,M9,HALKALI,-6,16.2
galatasaray,M9,HALKALI,-5,8.76
galatasaray,M9,HALKALI,-4,-1.82
galatasaray,M9,HALKALI,-3,14.87
galatasaray,M9,HALKALI,-2,5.57
galatasaray,M9,HALKALI,-1,-8.36
galatasaray,M9,HALKALI,0,-15.54
galatasaray,M9,HALKALI,1,4.72
galatasaray,M9,HALKALI,2,6.66
galatasaray,M9,HALKALI,3,-12.95
galatasaray,M9,HALKALI,4,-1.18
galatasaray,M9,HALKALI,5,-1.68
galatasaray,M9,HALKALI,7,2.35
galatasaray,M9,HALKALI,8,7.87
galatasaray,M9,HALKALI,9,6.7
galatasaray,M9,HALKALI,10,-8.57
galatasaray,M9,HALKALI,11,-7.01
galatasaray,M9,HALKALI,12,50.68
galatasaray,M9,IHLAS YUVA,-12,14.11
galatasaray,M9,IHLAS YUVA,-11,10.32
galatasaray,M9,IHLAS YUVA,-10,8.23
galatasaray,M9,IHLAS YUVA,-9,12.61
galatasaray,M9,IHLAS YUVA,-8,-2.63
galatasaray,M9,IHLAS YUVA,-7,8.35
galatasaray,M9,IHLAS YUVA,-6,18.49
galatasaray,M9,IHLAS YUVA,-5,10.35
galatasaray,M9,IHLAS YUVA,-4,33.28
galatasaray,M9,IHLAS YUVA,-3,268.06
galatasaray,M9,IHLAS YUVA,-2,-0.65
galatasaray,M9,IHLAS YUVA,-1,-119.34
galatasaray,M9,IHLAS YUVA,0,-5.11
galatasaray,M9,IHLAS YUVA,1,-1.69
galatasaray,M9,IHLAS YUVA,2,0.11
galatasaray,M9,IHLAS YUVA,3,0.41
galatasaray,M9,IHLAS YUVA,4,0.21
galatasaray,M9,IHLAS YUVA,9,0.4
galatasaray,M9,IHLAS YUVA,10,2.67
galatasaray,M9,IHLAS YUVA,11,3.32
galatasaray,M9,IHLAS YUVA,12,17.81
galatasaray,M9,M9 IKITELLI,-12,-2.15
galatasaray,M9,M9 IKITELLI,-11,0.48
galatasaray,M9,M9 IKITELLI,-10,6.4
galatasaray,M9,M9 IKITELLI,-9,-0.53
galatasaray,M9,M9 IKITELLI,-8,-1.94
galatasaray,M9,M9 IKITELLI,-7,-0.32
galatasaray,M9,M9 IKITELLI,-6,9.06
galatasaray,M9,M9 IKITELLI,-5,14.16
galatasaray,M9,M9 IKITELLI,-4,-11.19
galatasaray,M9,M9 IKITELLI,-3,7.39
galatasaray,M9,M9 IKITELLI,-2,16.58
galatasaray,M9,M9 IKITELLI,-1,1.94
galatasaray,M9,M9 IKITELLI,0,2.66
galatasaray,M9,M9 IKITELLI,1,2.24
galatasaray,M9,M9 IKITELLI,2,7.29
galatasaray,M9,M9 IKITELLI,3,1.16
galatasaray,M9,M9 IKITELLI,4,-2.25
galatasaray,M9,M9 IKITELLI,9,-1.28
galatasaray,M9,M9 IKITELLI,10,2.13
galatasaray,M9,M9 IKITELLI,11,2.83
galatasaray,M9,M9 IKITELLI,12,0.66
galatasaray,M9,M9 IKITELLI SANAYI,-12,-10.69
galatasaray,M9,M9 IKITELLI SANAYI,-11,-2.83
galatasaray,M9,M9 IKITELLI SANAYI,-10,-4.28
galatasaray,M9,M9 IKITELLI SANAYI,-9,-4.93
galatasaray,M9,M9 IKITELLI SANAYI,-8,-7.95
galatasaray,M9,M9 IKITELLI SANAYI,-7,-8.62
galatasaray,M9,M9 IKITELLI SANAYI,-6,-10.73
galatasaray,M9,M9 IKITELLI SANAYI,-5,-7.65
galatasaray,M9,M9 IKITELLI SANAYI,-4,1.41
galatasaray,M9,M9 IKITELLI SANAYI,-3,-9.66
galatasaray,M9,M9 IKITELLI SANAYI,-2,-79.05
galatasaray,M9,M9 IKITELLI SANAYI,-1,-51.22
galatasaray,M9,M9 IKITELLI SANAYI,0,-12.9
galatasaray,M9,M9 IKITELLI SANAYI,1,-10.01
galatasaray,M9,M9 IKITELLI SANAYI,2,-3.24
galatasaray,M9,M9 IKITELLI SANAYI,3,-1.79
galatasaray,M9,M9 IKITELLI SANAYI,4,0.62
galatasaray,M9,M9 IKITELLI SANAYI,5,-0.5
galatasaray,M9,M9 IKITELLI SANAYI,7,4.0
galatasaray,M9,M9 IKITELLI SANAYI,8,1.75
galatasaray,M9,M9 IKITELLI SANAYI,9,0.19
galatasaray,M9,M9 IKITELLI SANAYI,10,-0.41
galatasaray,M9,M9 IKITELLI SANAYI,11,-6.91
galatasaray,M9,M9 IKITELLI SANAYI,12,-6.52
galatasaray,M9,M9 YENIBOSNA,-12,9.16
galatasaray,M9,M9 YENIBOSNA,-11,1.11
galatasaray,M9,M9 YENIBOSNA,-10,-4.4
galatasaray,M9,M9 YENIBOSNA,-9,1.3
galatasaray,M9,M9 YENIBOSNA,-8,-7.81
galatasaray,M9,M9 YENIBOSNA,-7,9.92
galatasaray,M9,M9 YENIBOSNA,-6,7.11
galatasaray,M9,M9 YENIBOSNA,-5,27.55
galatasaray,M9,M9 YENIBOSNA,-4,57.67
galatasaray,M9,M9 YENIBOSNA,-3,97.2
galatasaray,M9,M9 YENIBOSNA,-2,82.15
galatasaray,M9,M9 YENIBOSNA,-1,2.32
galatasaray,M9,M9 YENIBOSNA,0,-30.45
galatasaray,M9,M9 YENIBOSNA,1,-10.38
galatasaray,M9,M9 YENIBOSNA,2,9.45
galatasaray,M9,M9 YENIBOSNA,3,8.8
galatasaray,M9,M9 YENIBOSNA,4,7.07
galatasaray,M9,M9 YENIBOSNA,5,-9.43
galatasaray,M9,M9 YENIBOSNA,7,-0.78
galatasaray,M9,M9 YENIBOSNA,8,17.74
galatasaray,M9,M9 YENIBOSNA,9,55.13
galatasaray,M9,M9 YENIBOSNA,10,-9.26
galatasaray,M9,M9 YENIBOSNA,11,-9.18
galatasaray,M9,M9 YENIBOSNA,12,61.32
galatasaray,M9,MASKO,-12,-0.02
galatasaray,M9,MASKO,-11,-1.81
galatasaray,M9,MASKO,-10,-1.75
galatasaray,M9,MASKO,-9,1.61
galatasaray,M9,MASKO,-8,-1.71
galatasaray,M9,MASKO,-7,-3.05
galatasaray,M9,MASKO,-6,-7.44
galatasaray,M9,MASKO,-5,-0.12
galatasaray,M9,MASKO,-4,-13.68
galatasaray,M9,MASKO,-3,-7.38
galatasaray,M9,MASKO,-2,-8.22
galatasaray,M9,MASKO,-1,-10.87
galatasaray,M9,MASKO,0,-24.77
galatasaray,M9,MASKO,1,-38.36
galatasaray,M9,MASKO,2,-36.52
galatasaray,M9,MASKO,3,-21.24
galatasaray,M9,MASKO,4,-17.9
galatasaray,M9,MASKO,5,-1.85
galatasaray,M9,MASKO,7,-0.12
galatasaray,M9,MASKO,8,-0.75
galatasaray,M9,MASKO,9,-1.42
galatasaray,M9,MASKO,10,-1.1
galatasaray,M9,MASKO,11,-1.8
galatasaray,M9,MASKO,12,2.23
galatasaray,M9,MIMAR SINAN,-8,-58.0
galatasaray,M9,MIMAR SINAN,11,-48.0
galatasaray,M9,OLIMPIYAT,-12,2.56
galatasaray,M9,OLIMPIYAT,-11,0.2
galatasaray,M9,OLIMPIYAT,-10,0.1
galatasaray,M9,OLIMPIYAT,-9,-25.85
galatasaray,M9,OLIMPIYAT,-8,-21.48
galatasaray,M9,OLIMPIYAT,-7,-12.31
galatasaray,M9,OLIMPIYAT,-6,-21.13
galatasaray,M9,OLIMPIYAT,-5,-32.33
galatasaray,M9,OLIMPIYAT,-4,-30.66
galatasaray,M9,OLIMPIYAT,-3,-28.01
galatasaray,M9,OLIMPIYAT,-2,16.78
galatasaray,M9,OLIMPIYAT,-1,160.77
galatasaray,M9,OLIMPIYAT,0,-12.75
galatasaray,M9,OLIMPIYAT,1,-23.19
galatasaray,M9,OLIMPIYAT,2,-25.43
galatasaray,M9,OLIMPIYAT,3,-18.89
galatasaray,M9,OLIMPIYAT,4,-5.97
galatasaray,M9,OLIMPIYAT,5,-5.03
galatasaray,M9,OLIMPIYAT,7,-2.64
galatasaray,M9,OLIMPIYAT,8,-72.55
galatasaray,M9,OLIMPIYAT,9,-38.29
galatasaray,M9,OLIMPIYAT,10,-43.98
galatasaray,M9,OLIMPIYAT,11,-33.94
galatasaray,M9,OLIMPIYAT,12,8.09
galatasaray,M9,ZIYA GOKALP MAH,-12,11.71
galatasaray,M9,ZIYA GOKALP MAH,-11,-11.27
galatasaray,M9,ZIYA GOKALP MAH,-10,-2.31
galatasaray,M9,ZIYA GOKALP MAH,-9,-4.61
galatasaray,M9,ZIYA GOKALP MAH,-8,-0.29
galatasaray,M9,ZIYA GOKALP MAH,-7,-2.57
galatasaray,M9,ZIYA GOKALP MAH,-6,-9.42
galatasaray,M9,ZIYA GOKALP MAH,-5,27.02
galatasaray,M9,ZIYA GOKALP MAH,-4,49.07
galatasaray,M9,ZIYA GOKALP MAH,-3,22.59
galatasaray,M9,ZIYA GOKALP MAH,-2,20.42
galatasaray,M9,ZIYA GOKALP MAH,-1,-19.59
galatasaray,M9,ZIYA GOKALP MAH,0,-13.19
galatasaray,M9,ZIYA GOKALP MAH,1,-8.89
galatasaray,M9,ZIYA GOKALP MAH,2,-6.0
galatasaray,M9,ZIYA GOKALP MAH,3,-8.7
galatasaray,M9,ZIYA GOKALP MAH,4,-2.49
galatasaray,M9,ZIYA GOKALP MAH,5,-3.0
galatasaray,M9,ZIYA GOKALP MAH,7,4.07
galatasaray,M9,ZIYA GOKALP MAH,8,-4.96
galatasaray,M9,ZIYA GOKALP MAH,9,-9.77
galatasaray,M9,ZIYA GOKALP MAH,10,-6.55
galatasaray,M9,ZIYA GOKALP MAH,11,9.76
galatasaray,M9,ZIYA GOKALP MAH,12,17.66
galatasaray,M9,ZIYA GOKALP MAH.,-12,25.91
galatasaray,M9,ZIYA GOKALP MAH.,-11,8.39
galatasaray,M9,ZIYA GOKALP MAH.,-10,1.53
galatasaray,M9,ZIYA GOKALP MAH.,-9,5.64
galatasaray,M9,ZIYA GOKALP MAH.,-8,5.9
galatasaray,M9,ZIYA GOKALP MAH.,-7,12.86
galatasaray,M9,ZIYA GOKALP MAH.,-6,-4.88
galatasaray,M9,ZIYA GOKALP MAH.,-5,-20.67
galatasaray,M9,ZIYA GOKALP MAH.,-4,12.05
galatasaray,M9,ZIYA GOKALP MAH.,-3,18.48
galatasaray,M9,ZIYA GOKALP MAH.,-2,18.24
galatasaray,M9,ZIYA GOKALP MAH.,-1,-5.04
galatasaray,M9,ZIYA GOKALP MAH.,0,-9.11
galatasaray,M9,ZIYA GOKALP MAH.,1,-4.55
galatasaray,M9,ZIYA GOKALP MAH.,2,-2.9
galatasaray,M9,ZIYA GOKALP MAH.,3,-3.51
galatasaray,M9,ZIYA GOKALP MAH.,4,-0.8
galatasaray,M9,ZIYA GOKALP MAH.,5,-2.0
galatasaray,M9,ZIYA GOKALP MAH.,7,-1.81
galatasaray,M9,ZIYA GOKALP MAH.,8,-9.64
galatasaray,M9,ZIYA GOKALP MAH.,9,-15.64
galatasaray,M9,ZIYA GOKALP MAH.,10,-12.62
galatasaray,M9,ZIYA GOKALP MAH.,11,-7.12
galatasaray,M9,ZIYA GOKALP MAH.,12,16.39
galatasaray,MARMARAY,ATAKOY,-12,-0.95
galatasaray,MARMARAY,ATAKOY,-11,-7.4
galatasaray,MARMARAY,ATAKOY,-10,-5.82
galatasaray,MARMARAY,ATAKOY,-9,-5.85
galatasaray,MARMARAY,ATAKOY,-8,-9.42
galatasaray,MARMARAY,ATAKOY,-7,-15.01
galatasaray,MARMARAY,ATAKOY,-6,-9.51
galatasaray,MARMARAY,ATAKOY,-5,26.37
galatasaray,MARMARAY,ATAKOY,-4,25.1
galatasaray,MARMARAY,ATAKOY,-3,15.31
galatasaray,MARMARAY,ATAKOY,-2,-3.91
galatasaray,MARMARAY,ATAKOY,-1,-31.06
galatasaray,MARMARAY,ATAKOY,0,-26.54
galatasaray,MARMARAY,ATAKOY,1,2.63
galatasaray,MARMARAY,ATAKOY,2,-8.29
galatasaray,MARMARAY,ATAKOY,3,-21.51
galatasaray,MARMARAY,ATAKOY,4,-6.6
galatasaray,MARMARAY,ATAKOY,5,-4.62
galatasaray,MARMARAY,ATAKOY,6,-0.88
galatasaray,MARMARAY,ATAKOY,7,-1.29
galatasaray,MARMARAY,ATAKOY,8,-9.37
galatasaray,MARMARAY,ATAKOY,9,-26.8
galatasaray,MARMARAY,ATAKOY,10,-35.54
galatasaray,MARMARAY,ATAKOY,11,-30.16
galatasaray,MARMARAY,ATAKOY,12,1.8
galatasaray,MARMARAY,ATALAR,-12,63.73
galatasaray,MARMARAY,ATALAR,-11,34.36
galatasaray,MARMARAY,ATALAR,-10,8.06
galatasaray,MARMARAY,ATALAR,-9,16.48
galatasaray,MARMARAY,ATALAR,-8,13.56
galatasaray,MARMARAY,ATALAR,-7,24.07
galatasaray,MARMARAY,ATALAR,-6,17.41
galatasaray,MARMARAY,ATALAR,-5,24.81
galatasaray,MARMARAY,ATALAR,-4,31.87
galatasaray,MARMARAY,ATALAR,-3,48.75
galatasaray,MARMARAY,ATALAR,-2,26.05
galatasaray,MARMARAY,ATALAR,-1,8.1
galatasaray,MARMARAY,ATALAR,0,1.98
galatasaray,MARMARAY,ATALAR,1,-10.05
galatasaray,MARMARAY,ATALAR,2,-2.25
galatasaray,MARMARAY,ATALAR,3,-2.31
galatasaray,MARMARAY,ATALAR,4,-2.62
galatasaray,MARMARAY,ATALAR,5,0.57
galatasaray,MARMARAY,ATALAR,6,-1.13
galatasaray,MARMARAY,ATALAR,7,-3.92
galatasaray,MARMARAY,ATALAR,8,-54.81
galatasaray,MARMARAY,ATALAR,9,-30.79
galatasaray,MARMARAY,ATALAR,10,-19.37
galatasaray,MARMARAY,ATALAR,11,8.84
galatasaray,MARMARAY,ATALAR,12,57.92
galatasaray,MARMARAY,AYDINTEPE,-12,28.03
galatasaray,MARMARAY,AYDINTEPE,-11,18.4
galatasaray,MARMARAY,AYDINTEPE,-10,5.61
galatasaray,MARMARAY,AYDINTEPE,-9,4.26
galatasaray,MARMARAY,AYDINTEPE,-8,11.6
galatasaray,MARMARAY,AYDINTEPE,-7,6.63
galatasaray,MARMARAY,AYDINTEPE,-6,-0.02
galatasaray,MARMARAY,AYDINTEPE,-5,5.86
galatasaray,MARMARAY,AYDINTEPE,-4,26.67
galatasaray,MARMARAY,AYDINTEPE,-3,49.63
galatasaray,MARMARAY,AYDINTEPE,-2,27.3
galatasaray,MARMARAY,AYDINTEPE,-1,7.08
galatasaray,MARMARAY,AYDINTEPE,0,-4.9
galatasaray,MARMARAY,AYDINTEPE,1,-4.63
galatasaray,MARMARAY,AYDINTEPE,2,-2.11
galatasaray,MARMARAY,AYDINTEPE,3,-1.25
galatasaray,MARMARAY,AYDINTEPE,4,0.02
galatasaray,MARMARAY,AYDINTEPE,5,-0.64
galatasaray,MARMARAY,AYDINTEPE,6,0.38
galatasaray,MARMARAY,AYDINTEPE,7,-0.44
galatasaray,MARMARAY,AYDINTEPE,8,-26.07
galatasaray,MARMARAY,AYDINTEPE,9,-11.6
galatasaray,MARMARAY,AYDINTEPE,10,-5.35
galatasaray,MARMARAY,AYDINTEPE,11,9.09
galatasaray,MARMARAY,AYDINTEPE,12,28.06
galatasaray,MARMARAY,AYRILIKCESMESI,-12,144.7
galatasaray,MARMARAY,AYRILIKCESMESI,-11,120.72
galatasaray,MARMARAY,AYRILIKCESMESI,-10,79.47
galatasaray,MARMARAY,AYRILIKCESMESI,-9,61.95
galatasaray,MARMARAY,AYRILIKCESMESI,-8,81.56
galatasaray,MARMARAY,AYRILIKCESMESI,-7,79.22
galatasaray,MARMARAY,AYRILIKCESMESI,-6,69.92
galatasaray,MARMARAY,AYRILIKCESMESI,-5,118.43
galatasaray,MARMARAY,AYRILIKCESMESI,-4,187.0
galatasaray,MARMARAY,AYRILIKCESMESI,-3,267.26
galatasaray,MARMARAY,AYRILIKCESMESI,-2,282.3
galatasaray,MARMARAY,AYRILIKCESMESI,-1,157.78
galatasaray,MARMARAY,AYRILIKCESMESI,0,27.2
galatasaray,MARMARAY,AYRILIKCESMESI,1,-34.32
galatasaray,MARMARAY,AYRILIKCESMESI,2,21.36
galatasaray,MARMARAY,AYRILIKCESMESI,3,-16.72
galatasaray,MARMARAY,AYRILIKCESMESI,4,-26.5
galatasaray,MARMARAY,AYRILIKCESMESI,5,-10.39
galatasaray,MARMARAY,AYRILIKCESMESI,6,-28.95
galatasaray,MARMARAY,AYRILIKCESMESI,7,-14.1
galatasaray,MARMARAY,AYRILIKCESMESI,8,-51.09
galatasaray,MARMARAY,AYRILIKCESMESI,9,-79.04
galatasaray,MARMARAY,AYRILIKCESMESI,10,-72.78
galatasaray,MARMARAY,AYRILIKCESMESI,11,-21.19
galatasaray,MARMARAY,AYRILIKCESMESI,12,111.37
galatasaray,MARMARAY,BAKIRKOY,-12,2.28
galatasaray,MARMARAY,BAKIRKOY,-11,-6.17
galatasaray,MARMARAY,BAKIRKOY,-10,-10.98
galatasaray,MARMARAY,BAKIRKOY,-9,-23.76
galatasaray,MARMARAY,BAKIRKOY,-8,-13.05
galatasaray,MARMARAY,BAKIRKOY,-7,-10.38
galatasaray,MARMARAY,BAKIRKOY,-6,3.09
galatasaray,MARMARAY,BAKIRKOY,-5,34.32
galatasaray,MARMARAY,BAKIRKOY,-4,77.06
galatasaray,MARMARAY,BAKIRKOY,-3,82.22
galatasaray,MARMARAY,BAKIRKOY,-2,108.96
galatasaray,MARMARAY,BAKIRKOY,-1,96.74
galatasaray,MARMARAY,BAKIRKOY,0,26.35
galatasaray,MARMARAY,BAKIRKOY,1,-62.4
galatasaray,MARMARAY,BAKIRKOY,2,-1.01
galatasaray,MARMARAY,BAKIRKOY,3,-15.83
galatasaray,MARMARAY,BAKIRKOY,4,-19.63
galatasaray,MARMARAY,BAKIRKOY,5,-16.11
galatasaray,MARMARAY,BAKIRKOY,6,-7.67
galatasaray,MARMARAY,BAKIRKOY,7,-2.15
galatasaray,MARMARAY,BAKIRKOY,8,-38.75
galatasaray,MARMARAY,BAKIRKOY,9,-39.89
galatasaray,MARMARAY,BAKIRKOY,10,-41.71
galatasaray,MARMARAY,BAKIRKOY,11,-17.17
galatasaray,MARMARAY,BAKIRKOY,12,30.05
galatasaray,MARMARAY,BASAK,-12,21.9
galatasaray,MARMARAY,BASAK,-11,20.42
galatasaray,MARMARAY,BASAK,-10,2.98
galatasaray,MARMARAY,BASAK,-9,15.02
galatasaray,MARMARAY,BASAK,-8,22.26
galatasaray,MARMARAY,BASAK,-7,23.0
galatasaray,MARMARAY,BASAK,-6,19.71
galatasaray,MARMARAY,BASAK,-5,12.88
galatasaray,MARMARAY,BASAK,-4,12.15
galatasaray,MARMARAY,BASAK,-3,16.64
galatasaray,MARMARAY,BASAK,-2,25.69
galatasaray,MARMARAY,BASAK,-1,10.83
galatasaray,MARMARAY,BASAK,0,-5.34
galatasaray,MARMARAY,BASAK,1,-5.22
galatasaray,MARMARAY,BASAK,2,-1.08
galatasaray,MARMARAY,BASAK,3,-5.3
galatasaray,MARMARAY,BASAK,4,-1.08
galatasaray,MARMARAY,BASAK,5,1.47
galatasaray,MARMARAY,BASAK,6,8.18
galatasaray,MARMARAY,BASAK,7,-4.11
galatasaray,MARMARAY,BASAK,8,-22.04
galatasaray,MARMARAY,BASAK,9,-19.26
galatasaray,MARMARAY,BASAK,10,-7.82
galatasaray,MARMARAY,BASAK,11,10.67
galatasaray,MARMARAY,BASAK,12,19.44
galatasaray,MARMARAY,BOSTANCI,-12,72.44
galatasaray,MARMARAY,BOSTANCI,-11,43.25
galatasaray,MARMARAY,BOSTANCI,-10,16.75
galatasaray,MARMARAY,BOSTANCI,-9,11.45
galatasaray,MARMARAY,BOSTANCI,-8,28.69
galatasaray,MARMARAY,BOSTANCI,-7,23.79
galatasaray,MARMARAY,BOSTANCI,-6,18.41
galatasaray,MARMARAY,BOSTANCI,-5,41.87
galatasaray,MARMARAY,BOSTANCI,-4,87.84
galatasaray,MARMARAY,BOSTANCI,-3,105.52
galatasaray,MARMARAY,BOSTANCI,-2,84.35
galatasaray,MARMARAY,BOSTANCI,-1,1.12
galatasaray,MARMARAY,BOSTANCI,0,-60.16
galatasaray,MARMARAY,BOSTANCI,1,-75.35
galatasaray,MARMARAY,BOSTANCI,2,-46.3
galatasaray,MARMARAY,BOSTANCI,3,-63.35
galatasaray,MARMARAY,BOSTANCI,4,-80.01
galatasaray,MARMARAY,BOSTANCI,5,-18.77
galatasaray,MARMARAY,BOSTANCI,6,-17.63
galatasaray,MARMARAY,BOSTANCI,7,-23.97
galatasaray,MARMARAY,BOSTANCI,8,-40.94
galatasaray,MARMARAY,BOSTANCI,9,-39.83
galatasaray,MARMARAY,BOSTANCI,10,-38.73
galatasaray,MARMARAY,BOSTANCI,11,-2.2
galatasaray,MARMARAY,BOSTANCI,12,72.23
galatasaray,MARMARAY,CAYIROVA,-12,11.38
galatasaray,MARMARAY,CAYIROVA,-11,5.1
galatasaray,MARMARAY,CAYIROVA,-10,10.43
galatasaray,MARMARAY,CAYIROVA,-9,14.11
galatasaray,MARMARAY,CAYIROVA,-8,11.47
galatasaray,MARMARAY,CAYIROVA,-7,15.17
galatasaray,MARMARAY,CAYIROVA,-6,8.63
galatasaray,MARMARAY,CAYIROVA,-5,6.64
galatasaray,MARMARAY,CAYIROVA,-4,19.55
galatasaray,MARMARAY,CAYIROVA,-3,28.46
galatasaray,MARMARAY,CAYIROVA,-2,5.52
galatasaray,MARMARAY,CAYIROVA,-1,17.63
galatasaray,MARMARAY,CAYIROVA,0,9.07
galatasaray,MARMARAY,CAYIROVA,1,3.95
galatasaray,MARMARAY,CAYIROVA,2,-1.84
galatasaray,MARMARAY,CAYIROVA,3,0.5
galatasaray,MARMARAY,CAYIROVA,4,0.15
galatasaray,MARMARAY,CAYIROVA,5,-0.27
galatasaray,MARMARAY,CAYIROVA,6,-1.61
galatasaray,MARMARAY,CAYIROVA,8,-1.47
galatasaray,MARMARAY,CAYIROVA,9,-0.98
galatasaray,MARMARAY,CAYIROVA,10,0.93
galatasaray,MARMARAY,CAYIROVA,11,5.98
galatasaray,MARMARAY,CAYIROVA,12,10.96
galatasaray,MARMARAY,CEVIZLI,-12,54.57
galatasaray,MARMARAY,CEVIZLI,-11,38.38
galatasaray,MARMARAY,CEVIZLI,-10,12.76
galatasaray,MARMARAY,CEVIZLI,-9,10.81
galatasaray,MARMARAY,CEVIZLI,-8,23.49
galatasaray,MARMARAY,CEVIZLI,-7,21.16
galatasaray,MARMARAY,CEVIZLI,-6,14.73
galatasaray,MARMARAY,CEVIZLI,-5,31.7
galatasaray,MARMARAY,CEVIZLI,-4,47.37
galatasaray,MARMARAY,CEVIZLI,-3,57.99
galatasaray,MARMARAY,CEVIZLI,-2,40.95
galatasaray,MARMARAY,CEVIZLI,-1,3.6
galatasaray,MARMARAY,CEVIZLI,0,-10.08
galatasaray,MARMARAY,CEVIZLI,1,-24.9
galatasaray,MARMARAY,CEVIZLI,2,-5.9
galatasaray,MARMARAY,CEVIZLI,3,-4.69
galatasaray,MARMARAY,CEVIZLI,4,-3.03
galatasaray,MARMARAY,CEVIZLI,5,-3.32
galatasaray,MARMARAY,CEVIZLI,6,1.35
galatasaray,MARMARAY,CEVIZLI,7,0.05
galatasaray,MARMARAY,CEVIZLI,8,-33.8
galatasaray,MARMARAY,CEVIZLI,9,-32.08
galatasaray,MARMARAY,CEVIZLI,10,-25.87
galatasaray,MARMARAY,CEVIZLI,11,8.38
galatasaray,MARMARAY,CEVIZLI,12,46.71
galatasaray,MARMARAY,DARICA,-12,19.91
galatasaray,MARMARAY,DARICA,-11,4.03
galatasaray,MARMARAY,DARICA,-10,1.18
galatasaray,MARMARAY,DARICA,-9,2.95
galatasaray,MARMARAY,DARICA,-8,5.95
galatasaray,MARMARAY,DARICA,-7,3.79
galatasaray,MARMARAY,DARICA,-6,-3.38
galatasaray,MARMARAY,DARICA,-5,0.79
galatasaray,MARMARAY,DARICA,-4,13.66
galatasaray,MARMARAY,DARICA,-3,11.8
galatasaray,MARMARAY,DARICA,-2,10.31
galatasaray,MARMARAY,DARICA,-1,-0.31
galatasaray,MARMARAY,DARICA,0,-1.46
galatasaray,MARMARAY,DARICA,1,-0.91
galatasaray,MARMARAY,DARICA,2,1.98
galatasaray,MARMARAY,DARICA,3,-1.57
galatasaray,MARMARAY,DARICA,4,-0.61
galatasaray,MARMARAY,DARICA,5,-1.03
galatasaray,MARMARAY,DARICA,6,-0.35
galatasaray,MARMARAY,DARICA,7,-2.36
galatasaray,MARMARAY,DARICA,8,-15.89
galatasaray,MARMARAY,DARICA,9,-8.4
galatasaray,MARMARAY,DARICA,10,-1.36
galatasaray,MARMARAY,DARICA,11,13.03
galatasaray,MARMARAY,DARICA,12,19.94
galatasaray,MARMARAY,ERENKOY,-12,50.85
galatasaray,MARMARAY,ERENKOY,-11,48.28
galatasaray,MARMARAY,ERENKOY,-10,16.77
galatasaray,MARMARAY,ERENKOY,-9,11.84
galatasaray,MARMARAY,ERENKOY,-8,24.04
galatasaray,MARMARAY,ERENKOY,-7,28.19
galatasaray,MARMARAY,ERENKOY,-6,25.76
galatasaray,MARMARAY,ERENKOY,-5,35.66
galatasaray,MARMARAY,ERENKOY,-4,61.12
galatasaray,MARMARAY,ERENKOY,-3,76.82
galatasaray,MARMARAY,ERENKOY,-2,103.59
galatasaray,MARMARAY,ERENKOY,-1,51.17
galatasaray,MARMARAY,ERENKOY,0,10.45
galatasaray,MARMARAY,ERENKOY,1,-26.97
galatasaray,MARMARAY,ERENKOY,2,-18.83
galatasaray,MARMARAY,ERENKOY,3,-29.04
galatasaray,MARMARAY,ERENKOY,4,-17.99
galatasaray,MARMARAY,ERENKOY,5,-4.58
galatasaray,MARMARAY,ERENKOY,6,-10.26
galatasaray,MARMARAY,ERENKOY,7,-8.26
galatasaray,MARMARAY,ERENKOY,8,-43.53
galatasaray,MARMARAY,ERENKOY,9,-42.18
galatasaray,MARMARAY,ERENKOY,10,-37.4
galatasaray,MARMARAY,ERENKOY,11,4.98
galatasaray,MARMARAY,ERENKOY,12,56.24
galatasaray,MARMARAY,FATIH,-12,23.31
galatasaray,MARMARAY,FATIH,-11,5.06
galatasaray,MARMARAY,FATIH,-10,6.85
galatasaray,MARMARAY,FATIH,-9,12.48
galatasaray,MARMARAY,FATIH,-8,34.99
galatasaray,MARMARAY,FATIH,-7,19.32
galatasaray,MARMARAY,FATIH,-6,12.98
galatasaray,MARMARAY,FATIH,-5,6.52
galatasaray,MARMARAY,FATIH,-4,41.27
galatasaray,MARMARAY,FATIH,-3,42.93
galatasaray,MARMARAY,FATIH,-2,46.03
galatasaray,MARMARAY,FATIH,-1,10.76
galatasaray,MARMARAY,FATIH,0,-5.79
galatasaray,MARMARAY,FATIH,1,-11.04
galatasaray,MARMARAY,FATIH,2,-2.03
galatasaray,MARMARAY,FATIH,3,-0.97
galatasaray,MARMARAY,FATIH,4,-2.7
galatasaray,MARMARAY,FATIH,5,-1.49
galatasaray,MARMARAY,FATIH,6,-0.8
galatasaray,MARMARAY,FATIH,7,-1.35
galatasaray,MARMARAY,FATIH,8,-26.98
galatasaray,MARMARAY,FATIH,9,-5.64
galatasaray,MARMARAY,FATIH,10,9.9
galatasaray,MARMARAY,FATIH,11,11.9
galatasaray,MARMARAY,FATIH,12,22.92
galatasaray,MARMARAY,FENERYOLU,-12,27.19
galatasaray,MARMARAY,FENERYOLU,-11,15.66
galatasaray,MARMARAY,FENERYOLU,-10,7.87
galatasaray,MARMARAY,FENERYOLU,-9,10.53
galatasaray,MARMARAY,FENERYOLU,-8,27.97
galatasaray,MARMARAY,FENERYOLU,-7,11.4
galatasaray,MARMARAY,FENERYOLU,-6,25.51
galatasaray,MARMARAY,FENERYOLU,-5,55.22
galatasaray,MARMARAY,FENERYOLU,-4,82.44
galatasaray,MARMARAY,FENERYOLU,-3,100.88
galatasaray,MARMARAY,FENERYOLU,-2,119.47
galatasaray,MARMARAY,FENERYOLU,-1,48.87
galatasaray,MARMARAY,FENERYOLU,0,15.34
galatasaray,MARMARAY,FENERYOLU,1,16.78
galatasaray,MARMARAY,FENERYOLU,2,31.79
galatasaray,MARMARAY,FENERYOLU,3,-5.25
galatasaray,MARMARAY,FENERYOLU,4,-33.8
galatasaray,MARMARAY,FENERYOLU,5,-34.57
galatasaray,MARMARAY,FENERYOLU,6,-6.12
galatasaray,MARMARAY,FENERYOLU,7,-0.41
galatasaray,MARMARAY,FENERYOLU,8,-27.36
galatasaray,MARMARAY,FENERYOLU,9,-27.5
galatasaray,MARMARAY,FENERYOLU,10,-15.1
galatasaray,MARMARAY,FENERYOLU,11,0.91
galatasaray,MARMARAY,FENERYOLU,12,25.28
galatasaray,MARMARAY,FLORYA,-12,9.23
galatasaray,MARMARAY,FLORYA,-11,4.0
galatasaray,MARMARAY,FLORYA,-10,0.95
galatasaray,MARMARAY,FLORYA,-9,-7.28
galatasaray,MARMARAY,FLORYA,-8,-12.6
galatasaray,MARMARAY,FLORYA,-7,-14.28
galatasaray,MARMARAY,FLORYA,-6,-36.74
galatasaray,MARMARAY,FLORYA,-5,-30.22
galatasaray,MARMARAY,FLORYA,-4,-9.98
galatasaray,MARMARAY,FLORYA,-3,-17.4
galatasaray,MARMARAY,FLORYA,-2,-36.37
galatasaray,MARMARAY,FLORYA,-1,-40.58
galatasaray,MARMARAY,FLORYA,0,-27.34
galatasaray,MARMARAY,FLORYA,1,-27.12
galatasaray,MARMARAY,FLORYA,2,-10.73
galatasaray,MARMARAY,FLORYA,3,-13.49
galatasaray,MARMARAY,FLORYA,4,-4.78
galatasaray,MARMARAY,FLORYA,5,-3.56
galatasaray,MARMARAY,FLORYA,6,-4.53
galatasaray,MARMARAY,FLORYA,7,-0.4
galatasaray,MARMARAY,FLORYA,8,-1.71
galatasaray,MARMARAY,FLORYA,9,-6.52
galatasaray,MARMARAY,FLORYA,10,-3.63
galatasaray,MARMARAY,FLORYA,11,-0.23
galatasaray,MARMARAY,FLORYA,12,4.48
galatasaray,MARMARAY,FLORYA AQUA,-12,12.37
galatasaray,MARMARAY,FLORYA AQUA,-11,12.41
galatasaray,MARMARAY,FLORYA AQUA,-10,4.54
galatasaray,MARMARAY,FLORYA AQUA,-9,2.82
galatasaray,MARMARAY,FLORYA AQUA,-8,12.05
galatasaray,MARMARAY,FLORYA AQUA,-7,5.75
galatasaray,MARMARAY,FLORYA AQUA,-6,1.38
galatasaray,MARMARAY,FLORYA AQUA,-5,7.03
galatasaray,MARMARAY,FLORYA AQUA,-4,2.88
galatasaray,MARMARAY,FLORYA AQUA,-3,7.42
galatasaray,MARMARAY,FLORYA AQUA,-2,28.79
galatasaray,MARMARAY,FLORYA AQUA,-1,10.83
galatasaray,MARMARAY,FLORYA AQUA,0,-22.7
galatasaray,MARMARAY,FLORYA AQUA,1,-29.61
galatasaray,MARMARAY,FLORYA AQUA,2,-107.92
galatasaray,MARMARAY,FLORYA AQUA,3,-122.8
galatasaray,MARMARAY,FLORYA AQUA,4,-40.08
galatasaray,MARMARAY,FLORYA AQUA,5,-1.88
galatasaray,MARMARAY,FLORYA AQUA,6,-11.97
galatasaray,MARMARAY,FLORYA AQUA,7,-1.23
galatasaray,MARMARAY,FLORYA AQUA,8,-7.4
galatasaray,MARMARAY,FLORYA AQUA,9,-7.8
galatasaray,MARMARAY,FLORYA AQUA,10,-7.3
galatasaray,MARMARAY,FLORYA AQUA,11,-2.87
galatasaray,MARMARAY,FLORYA AQUA,12,12.47
galatasaray,MARMARAY,GEBZE,-12,71.29
galatasaray,MARMARAY,GEBZE,-11,36.63
galatasaray,MARMARAY,GEBZE,-10,24.08
galatasaray,MARMARAY,GEBZE,-9,50.87
galatasaray,MARMARAY,GEBZE,-8,10.2
galatasaray,MARMARAY,GEBZE,-7,24.74
galatasaray,MARMARAY,GEBZE,-6,22.67
galatasaray,MARMARAY,GEBZE,-5,5.68
galatasaray,MARMARAY,GEBZE,-4,22.65
galatasaray,MARMARAY,GEBZE,-3,46.76
galatasaray,MARMARAY,GEBZE,-2,22.92
galatasaray,MARMARAY,GEBZE,-1,-15.72
galatasaray,MARMARAY,GEBZE,0,-7.23
galatasaray,MARMARAY,GEBZE,1,-23.7
galatasaray,MARMARAY,GEBZE,2,-16.93
galatasaray,MARMARAY,GEBZE,3,-0.8
galatasaray,MARMARAY,GEBZE,4,0.27
galatasaray,MARMARAY,GEBZE,5,0.86
galatasaray,MARMARAY,GEBZE,6,0.31
galatasaray,MARMARAY,GEBZE,7,-32.78
galatasaray,MARMARAY,GEBZE,8,-84.41
galatasaray,MARMARAY,GEBZE,9,-25.74
galatasaray,MARMARAY,GEBZE,10,5.34
galatasaray,MARMARAY,GEBZE,11,41.04
galatasaray,MARMARAY,GEBZE,12,73.67
galatasaray,MARMARAY,GOZTEPE,-12,45.67
galatasaray,MARMARAY,GOZTEPE,-11,32.37
galatasaray,MARMARAY,GOZTEPE,-10,21.47
galatasaray,MARMARAY,GOZTEPE,-9,11.43
galatasaray,MARMARAY,GOZTEPE,-8,11.96
galatasaray,MARMARAY,GOZTEPE,-7,14.8
galatasaray,MARMARAY,GOZTEPE,-6,1.01
galatasaray,MARMARAY,GOZTEPE,-5,103.45
galatasaray,MARMARAY,GOZTEPE,-4,82.86
galatasaray,MARMARAY,GOZTEPE,-3,66.82
galatasaray,MARMARAY,GOZTEPE,-2,75.43
galatasaray,MARMARAY,GOZTEPE,-1,40.28
galatasaray,MARMARAY,GOZTEPE,0,-2.52
galatasaray,MARMARAY,GOZTEPE,1,-15.2
galatasaray,MARMARAY,GOZTEPE,2,-3.19
galatasaray,MARMARAY,GOZTEPE,3,-13.86
galatasaray,MARMARAY,GOZTEPE,4,-3.83
galatasaray,MARMARAY,GOZTEPE,5,-4.66
galatasaray,MARMARAY,GOZTEPE,6,-2.55
galatasaray,MARMARAY,GOZTEPE,7,-2.24
galatasaray,MARMARAY,GOZTEPE,8,-37.06
galatasaray,MARMARAY,GOZTEPE,9,-35.81
galatasaray,MARMARAY,GOZTEPE,10,-30.2
galatasaray,MARMARAY,GOZTEPE,11,-2.16
galatasaray,MARMARAY,GOZTEPE,12,38.58
galatasaray,MARMARAY,GUZELYALI,-12,23.77
galatasaray,MARMARAY,GUZELYALI,-11,13.38
galatasaray,MARMARAY,GUZELYALI,-10,2.63
galatasaray,MARMARAY,GUZELYALI,-9,-0.62
galatasaray,MARMARAY,GUZELYALI,-8,18.69
galatasaray,MARMARAY,GUZELYALI,-7,13.64
galatasaray,MARMARAY,GUZELYALI,-6,-6.37
galatasaray,MARMARAY,GUZELYALI,-5,3.17
galatasaray,MARMARAY,GUZELYALI,-4,8.79
galatasaray,MARMARAY,GUZELYALI,-3,9.03
galatasaray,MARMARAY,GUZELYALI,-2,14.24
galatasaray,MARMARAY,GUZELYALI,-1,-0.9
galatasaray,MARMARAY,GUZELYALI,0,-6.18
galatasaray,MARMARAY,GUZELYALI,1,-7.18
galatasaray,MARMARAY,GUZELYALI,2,0.74
galatasaray,MARMARAY,GUZELYALI,3,-0.95
galatasaray,MARMARAY,GUZELYALI,4,-0.38
galatasaray,MARMARAY,GUZELYALI,5,0.34
galatasaray,MARMARAY,GUZELYALI,6,-0.46
galatasaray,MARMARAY,GUZELYALI,7,-2.68
galatasaray,MARMARAY,GUZELYALI,8,-18.5
galatasaray,MARMARAY,GUZELYALI,9,-8.25
galatasaray,MARMARAY,GUZELYALI,10,-3.83
galatasaray,MARMARAY,GUZELYALI,11,0.01
galatasaray,MARMARAY,GUZELYALI,12,22.48
galatasaray,MARMARAY,HALKALI,-12,100.26
galatasaray,MARMARAY,HALKALI,-11,75.5
galatasaray,MARMARAY,HALKALI,-10,25.58
galatasaray,MARMARAY,HALKALI,-9,38.2
galatasaray,MARMARAY,HALKALI,-8,41.61
galatasaray,MARMARAY,HALKALI,-7,10.52
galatasaray,MARMARAY,HALKALI,-6,40.67
galatasaray,MARMARAY,HALKALI,-5,9.95
galatasaray,MARMARAY,HALKALI,-4,33.32
galatasaray,MARMARAY,HALKALI,-3,52.86
galatasaray,MARMARAY,HALKALI,-2,29.35
galatasaray,MARMARAY,HALKALI,-1,-0.67
galatasaray,MARMARAY,HALKALI,0,12.02
galatasaray,MARMARAY,HALKALI,1,-23.53
galatasaray,MARMARAY,HALKALI,2,-18.58
galatasaray,MARMARAY,HALKALI,3,-2.02
galatasaray,MARMARAY,HALKALI,4,-3.81
galatasaray,MARMARAY,HALKALI,5,-2.2
galatasaray,MARMARAY,HALKALI,6,-1.19
galatasaray,MARMARAY,HALKALI,7,-10.12
galatasaray,MARMARAY,HALKALI,8,-76.01
galatasaray,MARMARAY,HALKALI,9,-62.12
galatasaray,MARMARAY,HALKALI,10,-23.26
galatasaray,MARMARAY,HALKALI,11,36.99
galatasaray,MARMARAY,HALKALI,12,87.38
galatasaray,MARMARAY,ICMELER,-12,18.38
galatasaray,MARMARAY,ICMELER,-11,19.23
galatasaray,MARMARAY,ICMELER,-10,8.53
galatasaray,MARMARAY,ICMELER,-9,12.72
galatasaray,MARMARAY,ICMELER,-8,3.12
galatasaray,MARMARAY,ICMELER,-7,21.05
galatasaray,MARMARAY,ICMELER,-6,12.65
galatasaray,MARMARAY,ICMELER,-5,18.39
galatasaray,MARMARAY,ICMELER,-4,49.24
galatasaray,MARMARAY,ICMELER,-3,67.41
galatasaray,MARMARAY,ICMELER,-2,35.58
galatasaray,MARMARAY,ICMELER,-1,14.36
galatasaray,MARMARAY,ICMELER,0,-5.59
galatasaray,MARMARAY,ICMELER,1,-11.36
galatasaray,MARMARAY,ICMELER,2,-4.88
galatasaray,MARMARAY,ICMELER,3,-0.62
galatasaray,MARMARAY,ICMELER,4,2.05
galatasaray,MARMARAY,ICMELER,5,1.03
galatasaray,MARMARAY,ICMELER,6,0.77
galatasaray,MARMARAY,ICMELER,7,-1.84
galatasaray,MARMARAY,ICMELER,8,-32.17
galatasaray,MARMARAY,ICMELER,9,-13.38
galatasaray,MARMARAY,ICMELER,10,-8.21
galatasaray,MARMARAY,ICMELER,11,-1.11
galatasaray,MARMARAY,ICMELER,12,13.86
galatasaray,MARMARAY,IDEALTEPE,-12,37.09
galatasaray,MARMARAY,IDEALTEPE,-11,26.24
galatasaray,MARMARAY,IDEALTEPE,-10,13.47
galatasaray,MARMARAY,IDEALTEPE,-9,13.67
galatasaray,MARMARAY,IDEALTEPE,-8,14.44
galatasaray,MARMARAY,IDEALTEPE,-7,16.91
galatasaray,MARMARAY,IDEALTEPE,-6,11.15
galatasaray,MARMARAY,IDEALTEPE,-5,26.69
galatasaray,MARMARAY,IDEALTEPE,-4,33.89
galatasaray,MARMARAY,IDEALTEPE,-3,29.73
galatasaray,MARMARAY,IDEALTEPE,-2,29.26
galatasaray,MARMARAY,IDEALTEPE,-1,5.97
galatasaray,MARMARAY,IDEALTEPE,0,-10.6
galatasaray,MARMARAY,IDEALTEPE,1,-18.95
galatasaray,MARMARAY,IDEALTEPE,2,-10.05
galatasaray,MARMARAY,IDEALTEPE,3,-8.81
galatasaray,MARMARAY,IDEALTEPE,4,-7.83
galatasaray,MARMARAY,IDEALTEPE,5,2.96
galatasaray,MARMARAY,IDEALTEPE,6,0.25
galatasaray,MARMARAY,IDEALTEPE,7,-3.48
galatasaray,MARMARAY,IDEALTEPE,8,-25.12
galatasaray,MARMARAY,IDEALTEPE,9,-28.47
galatasaray,MARMARAY,IDEALTEPE,10,-16.47
galatasaray,MARMARAY,IDEALTEPE,11,6.06
galatasaray,MARMARAY,IDEALTEPE,12,43.74
galatasaray,MARMARAY,KARTAL,-12,63.15
galatasaray,MARMARAY,KARTAL,-11,61.48
galatasaray,MARMARAY,KARTAL,-10,19.22
galatasaray,MARMARAY,KARTAL,-9,21.04
galatasaray,MARMARAY,KARTAL,-8,25.76
galatasaray,MARMARAY,KARTAL,-7,20.66
galatasaray,MARMARAY,KARTAL,-6,29.59
galatasaray,MARMARAY,KARTAL,-5,12.0
galatasaray,MARMARAY,KARTAL,-4,20.57
galatasaray,MARMARAY,KARTAL,-3,46.55
galatasaray,MARMARAY,KARTAL,-2,23.4
galatasaray,MARMARAY,KARTAL,-1,0.29
galatasaray,MARMARAY,KARTAL,0,-21.94
galatasaray,MARMARAY,KARTAL,1,-25.84
galatasaray,MARMARAY,KARTAL,2,-7.52
galatasaray,MARMARAY,KARTAL,3,-16.44
galatasaray,MARMARAY,KARTAL,4,-7.94
galatasaray,MARMARAY,KARTAL,5,-1.8
galatasaray,MARMARAY,KARTAL,6,-2.53
galatasaray,MARMARAY,KARTAL,7,-4.26
galatasaray,MARMARAY,KARTAL,8,-71.7
galatasaray,MARMARAY,KARTAL,9,-43.63
galatasaray,MARMARAY,KARTAL,10,-19.83
galatasaray,MARMARAY,KARTAL,11,35.17
galatasaray,MARMARAY,KARTAL,12,74.47
galatasaray,MARMARAY,KAYNARCA,-12,38.19
galatasaray,MARMARAY,KAYNARCA,-11,23.16
galatasaray,MARMARAY,KAYNARCA,-10,3.21
galatasaray,MARMARAY,KAYNARCA,-9,10.39
galatasaray,MARMARAY,KAYNARCA,-8,1.51
galatasaray,MARMARAY,KAYNARCA,-7,5.34
galatasaray,MARMARAY,KAYNARCA,-6,8.21
galatasaray,MARMARAY,KAYNARCA,-5,5.59
galatasaray,MARMARAY,KAYNARCA,-4,21.31
galatasaray,MARMARAY,KAYNARCA,-3,22.73
galatasaray,MARMARAY,KAYNARCA,-2,19.33
galatasaray,MARMARAY,KAYNARCA,-1,-0.46
galatasaray,MARMARAY,KAYNARCA,0,-10.26
galatasaray,MARMARAY,KAYNARCA,1,-9.1
galatasaray,MARMARAY,KAYNARCA,2,-1.81
galatasaray,MARMARAY,KAYNARCA,3,-4.38
galatasaray,MARMARAY,KAYNARCA,4,-2.83
galatasaray,MARMARAY,KAYNARCA,5,-1.02
galatasaray,MARMARAY,KAYNARCA,6,-0.07
galatasaray,MARMARAY,KAYNARCA,7,-1.85
galatasaray,MARMARAY,KAYNARCA,8,-29.22
galatasaray,MARMARAY,KAYNARCA,9,-18.63
galatasaray,MARMARAY,KAYNARCA,10,-8.62
galatasaray,MARMARAY,KAYNARCA,11,15.64
galatasaray,MARMARAY,KAYNARCA,12,40.05
galatasaray,MARMARAY,KAZLICESME,-12,53.51
galatasaray,MARMARAY,KAZLICESME,-11,37.22
galatasaray,MARMARAY,KAZLICESME,-10,5.28
galatasaray,MARMARAY,KAZLICESME,-9,-7.21
galatasaray,MARMARAY,KAZLICESME,-8,-1.84
galatasaray,MARMARAY,KAZLICESME,-7,-7.47
galatasaray,MARMARAY,KAZLICESME,-6,-1.83
galatasaray,MARMARAY,KAZLICESME,-5,33.73
galatasaray,MARMARAY,KAZLICESME,-4,29.16
galatasaray,MARMARAY,KAZLICESME,-3,67.66
galatasaray,MARMARAY,KAZLICESME,-2,59.3
galatasaray,MARMARAY,KAZLICESME,-1,4.39
galatasaray,MARMARAY,KAZLICESME,0,-22.06
galatasaray,MARMARAY,KAZLICESME,1,-37.37
galatasaray,MARMARAY,KAZLICESME,2,-19.15
galatasaray,MARMARAY,KAZLICESME,3,-13.57
galatasaray,MARMARAY,KAZLICESME,4,-9.06
galatasaray,MARMARAY,KAZLICESME,5,-2.01
galatasaray,MARMARAY,KAZLICESME,6,-1.73
galatasaray,MARMARAY,KAZLICESME,7,-2.56
galatasaray,MARMARAY,KAZLICESME,8,-19.12
galatasaray,MARMARAY,KAZLICESME,9,-25.46
galatasaray,MARMARAY,KAZLICESME,10,-21.49
galatasaray,MARMARAY,KAZLICESME,11,0.36
galatasaray,MARMARAY,KAZLICESME,12,49.1
galatasaray,MARMARAY,KUCUKCEKMECE,-12,71.87
galatasaray,MARMARAY,KUCUKCEKMECE,-11,65.08
galatasaray,MARMARAY,KUCUKCEKMECE,-10,12.85
galatasaray,MARMARAY,KUCUKCEKMECE,-9,5.26
galatasaray,MARMARAY,KUCUKCEKMECE,-8,-1.13
galatasaray,MARMARAY,KUCUKCEKMECE,-7,-1.36
galatasaray,MARMARAY,KUCUKCEKMECE,-6,4.0
galatasaray,MARMARAY,KUCUKCEKMECE,-5,4.36
galatasaray,MARMARAY,KUCUKCEKMECE,-4,19.16
galatasaray,MARMARAY,KUCUKCEKMECE,-3,35.26
galatasaray,MARMARAY,KUCUKCEKMECE,-2,23.13
galatasaray,MARMARAY,KUCUKCEKMECE,-1,-14.2
galatasaray,MARMARAY,KUCUKCEKMECE,0,-31.27
galatasaray,MARMARAY,KUCUKCEKMECE,1,-40.49
galatasaray,MARMARAY,KUCUKCEKMECE,2,-24.75
galatasaray,MARMARAY,KUCUKCEKMECE,3,-3.44
galatasaray,MARMARAY,KUCUKCEKMECE,4,-4.03
galatasaray,MARMARAY,KUCUKCEKMECE,5,-3.52
galatasaray,MARMARAY,KUCUKCEKMECE,6,-1.72
galatasaray,MARMARAY,KUCUKCEKMECE,7,-4.39
galatasaray,MARMARAY,KUCUKCEKMECE,8,-28.76
galatasaray,MARMARAY,KUCUKCEKMECE,9,-20.91
galatasaray,MARMARAY,KUCUKCEKMECE,10,-20.42
galatasaray,MARMARAY,KUCUKCEKMECE,11,-0.67
galatasaray,MARMARAY,KUCUKCEKMECE,12,54.35
galatasaray,MARMARAY,KUCUKYALI,-12,69.23
galatasaray,MARMARAY,KUCUKYALI,-11,49.83
galatasaray,MARMARAY,KUCUKYALI,-10,12.75
galatasaray,MARMARAY,KUCUKYALI,-9,11.4
galatasaray,MARMARAY,KUCUKYALI,-8,13.96
galatasaray,MARMARAY,KUCUKYALI,-7,16.39
galatasaray,MARMARAY,KUCUKYALI,-6,23.08
galatasaray,MARMARAY,KUCUKYALI,-5,24.58
galatasaray,MARMARAY,KUCUKYALI,-4,39.08
galatasaray,MARMARAY,KUCUKYALI,-3,42.14
galatasaray,MARMARAY,KUCUKYALI,-2,37.97
galatasaray,MARMARAY,KUCUKYALI,-1,9.96
galatasaray,MARMARAY,KUCUKYALI,0,-12.07
galatasaray,MARMARAY,KUCUKYALI,1,-17.68
galatasaray,MARMARAY,KUCUKYALI,2,-3.53
galatasaray,MARMARAY,KUCUKYALI,3,-3.56
galatasaray,MARMARAY,KUCUKYALI,4,-6.43
galatasaray,MARMARAY,KUCUKYALI,5,-3.66
galatasaray,MARMARAY,KUCUKYALI,6,-0.29
galatasaray,MARMARAY,KUCUKYALI,7,-3.27
galatasaray,MARMARAY,KUCUKYALI,8,-46.62
galatasaray,MARMARAY,KUCUKYALI,9,-37.71
galatasaray,MARMARAY,KUCUKYALI,10,-33.41
galatasaray,MARMARAY,KUCUKYALI,11,11.59
galatasaray,MARMARAY,KUCUKYALI,12,60.14
galatasaray,MARMARAY,M.KEMAL,-12,44.52
galatasaray,MARMARAY,M.KEMAL,-11,24.12
galatasaray,MARMARAY,M.KEMAL,-10,5.09
galatasaray,MARMARAY,M.KEMAL,-9,-4.5
galatasaray,MARMARAY,M.KEMAL,-8,-7.0
galatasaray,MARMARAY,M.KEMAL,-7,-0.89
galatasaray,MARMARAY,M.KEMAL,-6,-13.58
galatasaray,MARMARAY,M.KEMAL,-5,-10.9
galatasaray,MARMARAY,M.KEMAL,-4,-0.82
galatasaray,MARMARAY,M.KEMAL,-3,12.24
galatasaray,MARMARAY,M.KEMAL,-2,22.08
galatasaray,MARMARAY,M.KEMAL,-1,-10.91
galatasaray,MARMARAY,M.KEMAL,0,-15.11
galatasaray,MARMARAY,M.KEMAL,1,-18.8
galatasaray,MARMARAY,M.KEMAL,2,-4.94
galatasaray,MARMARAY,M.KEMAL,3,9.33
galatasaray,MARMARAY,M.KEMAL,4,-2.91
galatasaray,MARMARAY,M.KEMAL,5,-1.08
galatasaray,MARMARAY,M.KEMAL,6,0.24
galatasaray,MARMARAY,M.KEMAL,7,5.21
galatasaray,MARMARAY,M.KEMAL,8,-16.73
galatasaray,MARMARAY,M.KEMAL,9,-10.6
galatasaray,MARMARAY,M.KEMAL,10,-6.95
galatasaray,MARMARAY,M.KEMAL,11,5.98
galatasaray,MARMARAY,M.KEMAL,12,41.97
galatasaray,MARMARAY,MALTEPE,-12,75.76
galatasaray,MARMARAY,MALTEPE,-11,46.31
galatasaray,MARMARAY,MALTEPE,-10,17.38
galatasaray,MARMARAY,MALTEPE,-9,18.15
galatasaray,MARMARAY,MALTEPE,-8,31.22
galatasaray,MARMARAY,MALTEPE,-7,19.32
galatasaray,MARMARAY,MALTEPE,-6,21.43
galatasaray,MARMARAY,MALTEPE,-5,16.37
galatasaray,MARMARAY,MALTEPE,-4,33.32
galatasaray,MARMARAY,MALTEPE,-3,42.82
galatasaray,MARMARAY,MALTEPE,-2,55.03
galatasaray,MARMARAY,MALTEPE,-1,6.78
galatasaray,MARMARAY,MALTEPE,0,-18.8
galatasaray,MARMARAY,MALTEPE,1,-35.47
galatasaray,MARMARAY,MALTEPE,2,-23.06
galatasaray,MARMARAY,MALTEPE,3,-27.3
galatasaray,MARMARAY,MALTEPE,4,-4.72
galatasaray,MARMARAY,MALTEPE,5,-5.19
galatasaray,MARMARAY,MALTEPE,6,-3.09
galatasaray,MARMARAY,MALTEPE,7,-3.99
galatasaray,MARMARAY,MALTEPE,8,-53.38
galatasaray,MARMARAY,MALTEPE,9,-42.4
galatasaray,MARMARAY,MALTEPE,10,-29.18
galatasaray,MARMARAY,MALTEPE,11,21.79
galatasaray,MARMARAY,MALTEPE,12,79.3
galatasaray,MARMARAY,OSMANGAZI,-12,18.82
galatasaray,MARMARAY,OSMANGAZI,-11,11.94
galatasaray,MARMARAY,OSMANGAZI,-10,2.98
galatasaray,MARMARAY,OSMANGAZI,-9,-3.0
galatasaray,MARMARAY,OSMANGAZI,-8,-0.8
galatasaray,MARMARAY,OSMANGAZI,-7,6.41
galatasaray,MARMARAY,OSMANGAZI,-6,2.23
galatasaray,MARMARAY,OSMANGAZI,-5,4.26
galatasaray,MARMARAY,OSMANGAZI,-4,3.36
galatasaray,MARMARAY,OSMANGAZI,-3,8.57
galatasaray,MARMARAY,OSMANGAZI,-2,-2.97
galatasaray,MARMARAY,OSMANGAZI,-1,-4.45
galatasaray,MARMARAY,OSMANGAZI,0,-7.73
galatasaray,MARMARAY,OSMANGAZI,1,-8.51
galatasaray,MARMARAY,OSMANGAZI,2,-0.47
galatasaray,MARMARAY,OSMANGAZI,3,0.26
galatasaray,MARMARAY,OSMANGAZI,4,-0.94
galatasaray,MARMARAY,OSMANGAZI,5,-1.42
galatasaray,MARMARAY,OSMANGAZI,6,-0.76
galatasaray,MARMARAY,OSMANGAZI,7,-8.98
galatasaray,MARMARAY,OSMANGAZI,8,-28.63
galatasaray,MARMARAY,OSMANGAZI,9,-8.76
galatasaray,MARMARAY,OSMANGAZI,10,1.07
galatasaray,MARMARAY,OSMANGAZI,11,12.93
galatasaray,MARMARAY,OSMANGAZI,12,20.29
galatasaray,MARMARAY,PENDIK,-12,82.03
galatasaray,MARMARAY,PENDIK,-11,44.31
galatasaray,MARMARAY,PENDIK,-10,32.59
galatasaray,MARMARAY,PENDIK,-9,15.06
galatasaray,MARMARAY,PENDIK,-8,21.87
galatasaray,MARMARAY,PENDIK,-7,25.12
galatasaray,MARMARAY,PENDIK,-6,27.36
galatasaray,MARMARAY,PENDIK,-5,10.67
galatasaray,MARMARAY,PENDIK,-4,67.87
galatasaray,MARMARAY,PENDIK,-3,73.91
galatasaray,MARMARAY,PENDIK,-2,85.78
galatasaray,MARMARAY,PENDIK,-1,52.03
galatasaray,MARMARAY,PENDIK,0,4.5
galatasaray,MARMARAY,PENDIK,1,-47.98
galatasaray,MARMARAY,PENDIK,2,-22.76
galatasaray,MARMARAY,PENDIK,3,-18.3
galatasaray,MARMARAY,PENDIK,4,-15.5
galatasaray,MARMARAY,PENDIK,5,-5.87
galatasaray,MARMARAY,PENDIK,6,-2.55
galatasaray,MARMARAY,PENDIK,7,-8.71
galatasaray,MARMARAY,PENDIK,8,-78.84
galatasaray,MARMARAY,PENDIK,9,-52.17
galatasaray,MARMARAY,PENDIK,10,-21.6
galatasaray,MARMARAY,PENDIK,11,51.75
galatasaray,MARMARAY,PENDIK,12,103.73
galatasaray,MARMARAY,SIRKECI,-12,13.16
galatasaray,MARMARAY,SIRKECI,-11,11.4
galatasaray,MARMARAY,SIRKECI,-10,2.51
galatasaray,MARMARAY,SIRKECI,-9,14.43
galatasaray,MARMARAY,SIRKECI,-8,-7.94
galatasaray,MARMARAY,SIRKECI,-7,15.19
galatasaray,MARMARAY,SIRKECI,-6,42.68
galatasaray,MARMARAY,SIRKECI,-5,139.94
galatasaray,MARMARAY,SIRKECI,-4,213.62
galatasaray,MARMARAY,SIRKECI,-3,402.32
galatasaray,MARMARAY,SIRKECI,-2,363.67
galatasaray,MARMARAY,SIRKECI,-1,89.17
galatasaray,MARMARAY,SIRKECI,0,-59.97
galatasaray,MARMARAY,SIRKECI,1,-119.79
galatasaray,MARMARAY,SIRKECI,2,-56.78
galatasaray,MARMARAY,SIRKECI,3,-96.25
galatasaray,MARMARAY,SIRKECI,4,-48.88
galatasaray,MARMARAY,SIRKECI,5,-24.96
galatasaray,MARMARAY,SIRKECI,6,-21.48
galatasaray,MARMARAY,SIRKECI,7,-22.84
galatasaray,MARMARAY,SIRKECI,8,-2.97
galatasaray,MARMARAY,SIRKECI,9,-5.05
galatasaray,MARMARAY,SIRKECI,10,-6.04
galatasaray,MARMARAY,SIRKECI,11,3.66
galatasaray,MARMARAY,SIRKECI,12,7.0
galatasaray,MARMARAY,SOGUTLUCESME,-12,47.72
galatasaray,MARMARAY,SOGUTLUCESME,-11,37.89
galatasaray,MARMARAY,SOGUTLUCESME,-10,10.82
galatasaray,MARMARAY,SOGUTLUCESME,-9,17.97
galatasaray,MARMARAY,SOGUTLUCESME,-8,40.95
galatasaray,MARMARAY,SOGUTLUCESME,-7,30.76
galatasaray,MARMARAY,SOGUTLUCESME,-6,17.51
galatasaray,MARMARAY,SOGUTLUCESME,-5,67.0
galatasaray,MARMARAY,SOGUTLUCESME,-4,122.2
galatasaray,MARMARAY,SOGUTLUCESME,-3,161.11
galatasaray,MARMARAY,SOGUTLUCESME,-2,192.87
galatasaray,MARMARAY,SOGUTLUCESME,-1,118.5
galatasaray,MARMARAY,SOGUTLUCESME,0,13.83
galatasaray,MARMARAY,SOGUTLUCESME,1,-47.58
galatasaray,MARMARAY,SOGUTLUCESME,2,7.01
galatasaray,MARMARAY,SOGUTLUCESME,3,59.85
galatasaray,MARMARAY,SOGUTLUCESME,4,6.7
galatasaray,MARMARAY,SOGUTLUCESME,5,-4.28
galatasaray,MARMARAY,SOGUTLUCESME,6,7.69
galatasaray,MARMARAY,SOGUTLUCESME,7,-5.53
galatasaray,MARMARAY,SOGUTLUCESME,8,-8.06
galatasaray,MARMARAY,SOGUTLUCESME,9,-23.92
galatasaray,MARMARAY,SOGUTLUCESME,10,-27.63
galatasaray,MARMARAY,SOGUTLUCESME,11,-4.99
galatasaray,MARMARAY,SOGUTLUCESME,12,38.61
galatasaray,MARMARAY,SUADIYE,-12,28.47
galatasaray,MARMARAY,SUADIYE,-11,27.2
galatasaray,MARMARAY,SUADIYE,-10,10.08
galatasaray,MARMARAY,SUADIYE,-9,8.79
galatasaray,MARMARAY,SUADIYE,-8,6.33
galatasaray,MARMARAY,SUADIYE,-7,9.94
galatasaray,MARMARAY,SUADIYE,-6,15.67
galatasaray,MARMARAY,SUADIYE,-5,31.58
galatasaray,MARMARAY,SUADIYE,-4,55.92
galatasaray,MARMARAY,SUADIYE,-3,81.31
galatasaray,MARMARAY,SUADIYE,-2,133.08
galatasaray,MARMARAY,SUADIYE,-1,111.67
galatasaray,MARMARAY,SUADIYE,0,43.7
galatasaray,MARMARAY,SUADIYE,1,-23.73
galatasaray,MARMARAY,SUADIYE,2,-23.65
galatasaray,MARMARAY,SUADIYE,3,-39.13
galatasaray,MARMARAY,SUADIYE,4,-49.05
galatasaray,MARMARAY,SUADIYE,5,-16.52
galatasaray,MARMARAY,SUADIYE,6,-12.39
galatasaray,MARMARAY,SUADIYE,7,-11.16
galatasaray,MARMARAY,SUADIYE,8,-33.5
galatasaray,MARMARAY,SUADIYE,9,-31.36
galatasaray,MARMARAY,SUADIYE,10,-22.13
galatasaray,MARMARAY,SUADIYE,11,-4.71
galatasaray,MARMARAY,SUADIYE,12,22.86
galatasaray,MARMARAY,SUREYYA PLAJI,-12,50.49
galatasaray,MARMARAY,SUREYYA PLAJI,-11,27.45
galatasaray,MARMARAY,SUREYYA PLAJI,-10,10.85
galatasaray,MARMARAY,SUREYYA PLAJI,-9,11.3
galatasaray,MARMARAY,SUREYYA PLAJI,-8,10.25
galatasaray,MARMARAY,SUREYYA PLAJI,-7,15.92
galatasaray,MARMARAY,SUREYYA PLAJI,-6,2.83
galatasaray,MARMARAY,SUREYYA PLAJI,-5,18.38
galatasaray,MARMARAY,SUREYYA PLAJI,-4,24.75
galatasaray,MARMARAY,SUREYYA PLAJI,-3,50.35
galatasaray,MARMARAY,SUREYYA PLAJI,-2,63.72
galatasaray,MARMARAY,SUREYYA PLAJI,-1,36.65
galatasaray,MARMARAY,SUREYYA PLAJI,0,-17.24
galatasaray,MARMARAY,SUREYYA PLAJI,1,-46.9
galatasaray,MARMARAY,SUREYYA PLAJI,2,-12.64
galatasaray,MARMARAY,SUREYYA PLAJI,3,-26.86
galatasaray,MARMARAY,SUREYYA PLAJI,4,25.73
galatasaray,MARMARAY,SUREYYA PLAJI,5,-25.5
galatasaray,MARMARAY,SUREYYA PLAJI,6,-18.58
galatasaray,MARMARAY,SUREYYA PLAJI,7,-3.0
galatasaray,MARMARAY,SUREYYA PLAJI,8,-24.24
galatasaray,MARMARAY,SUREYYA PLAJI,9,-30.18
galatasaray,MARMARAY,SUREYYA PLAJI,10,-20.99
galatasaray,MARMARAY,SUREYYA PLAJI,11,7.43
galatasaray,MARMARAY,SUREYYA PLAJI,12,40.02
galatasaray,MARMARAY,TERSANE,-12,35.66
galatasaray,MARMARAY,TERSANE,-11,21.14
galatasaray,MARMARAY,TERSANE,-10,7.11
galatasaray,MARMARAY,TERSANE,-9,4.59
galatasaray,MARMARAY,TERSANE,-8,3.23
galatasaray,MARMARAY,TERSANE,-7,6.0
galatasaray,MARMARAY,TERSANE,-6,10.93
galatasaray,MARMARAY,TERSANE,-5,1.7
galatasaray,MARMARAY,TERSANE,-4,18.06
galatasaray,MARMARAY,TERSANE,-3,37.07
galatasaray,MARMARAY,TERSANE,-2,18.61
galatasaray,MARMARAY,TERSANE,-1,-1.0
galatasaray,MARMARAY,TERSANE,0,-5.9
galatasaray,MARMARAY,TERSANE,1,-8.27
galatasaray,MARMARAY,TERSANE,2,-0.73
galatasaray,MARMARAY,TERSANE,3,-1.33
galatasaray,MARMARAY,TERSANE,4,-3.43
galatasaray,MARMARAY,TERSANE,5,-1.4
galatasaray,MARMARAY,TERSANE,6,-1.62
galatasaray,MARMARAY,TERSANE,7,-3.69
galatasaray,MARMARAY,TERSANE,8,-22.04
galatasaray,MARMARAY,TERSANE,9,-12.05
galatasaray,MARMARAY,TERSANE,10,-7.3
galatasaray,MARMARAY,TERSANE,11,4.92
galatasaray,MARMARAY,TERSANE,12,29.95
galatasaray,MARMARAY,TUZLA,-12,49.65
galatasaray,MARMARAY,TUZLA,-11,32.79
galatasaray,MARMARAY,TUZLA,-10,9.85
galatasaray,MARMARAY,TUZLA,-9,25.51
galatasaray,MARMARAY,TUZLA,-8,32.14
galatasaray,MARMARAY,TUZLA,-7,47.47
galatasaray,MARMARAY,TUZLA,-6,32.89
galatasaray,MARMARAY,TUZLA,-5,24.7
galatasaray,MARMARAY,TUZLA,-4,44.86
galatasaray,MARMARAY,TUZLA,-3,63.5
galatasaray,MARMARAY,TUZLA,-2,51.7
galatasaray,MARMARAY,TUZLA,-1,15.46
galatasaray,MARMARAY,TUZLA,0,1.84
galatasaray,MARMARAY,TUZLA,1,-2.72
galatasaray,MARMARAY,TUZLA,2,-2.29
galatasaray,MARMARAY,TUZLA,3,-3.42
galatasaray,MARMARAY,TUZLA,4,4.8
galatasaray,MARMARAY,TUZLA,5,-0.62
galatasaray,MARMARAY,TUZLA,6,-0.25
galatasaray,MARMARAY,TUZLA,7,-4.88
galatasaray,MARMARAY,TUZLA,8,-38.14
galatasaray,MARMARAY,TUZLA,9,-20.27
galatasaray,MARMARAY,TUZLA,10,-8.93
galatasaray,MARMARAY,TUZLA,11,13.45
galatasaray,MARMARAY,TUZLA,12,48.71
galatasaray,MARMARAY,USKUDAR,-12,352.74
galatasaray,MARMARAY,USKUDAR,-11,229.93
galatasaray,MARMARAY,USKUDAR,-10,113.35
galatasaray,MARMARAY,USKUDAR,-9,51.6
galatasaray,MARMARAY,USKUDAR,-8,56.9
galatasaray,MARMARAY,USKUDAR,-7,72.41
galatasaray,MARMARAY,USKUDAR,-6,65.6
galatasaray,MARMARAY,USKUDAR,-5,100.82
galatasaray,MARMARAY,USKUDAR,-4,201.34
galatasaray,MARMARAY,USKUDAR,-3,309.13
galatasaray,MARMARAY,USKUDAR,-2,489.35
galatasaray,MARMARAY,USKUDAR,-1,241.32
galatasaray,MARMARAY,USKUDAR,0,71.61
galatasaray,MARMARAY,USKUDAR,1,-103.33
galatasaray,MARMARAY,USKUDAR,2,-116.69
galatasaray,MARMARAY,USKUDAR,3,-154.57
galatasaray,MARMARAY,USKUDAR,4,-137.54
galatasaray,MARMARAY,USKUDAR,5,-92.34
galatasaray,MARMARAY,USKUDAR,6,-59.97
galatasaray,MARMARAY,USKUDAR,7,-18.7
galatasaray,MARMARAY,USKUDAR,8,-100.77
galatasaray,MARMARAY,USKUDAR,9,-134.94
galatasaray,MARMARAY,USKUDAR,10,-130.5
galatasaray,MARMARAY,USKUDAR,11,21.48
galatasaray,MARMARAY,USKUDAR,12,184.4
galatasaray,MARMARAY,YENIKAPI,-12,227.13
galatasaray,MARMARAY,YENIKAPI,-11,208.9
galatasaray,MARMARAY,YENIKAPI,-10,111.87
galatasaray,MARMARAY,YENIKAPI,-9,63.83
galatasaray,MARMARAY,YENIKAPI,-8,72.95
galatasaray,MARMARAY,YENIKAPI,-7,117.89
galatasaray,MARMARAY,YENIKAPI,-6,74.79
galatasaray,MARMARAY,YENIKAPI,-5,104.22
galatasaray,MARMARAY,YENIKAPI,-4,255.51
galatasaray,MARMARAY,YENIKAPI,-3,487.08
galatasaray,MARMARAY,YENIKAPI,-2,486.66
galatasaray,MARMARAY,YENIKAPI,-1,222.43
galatasaray,MARMARAY,YENIKAPI,0,65.21
galatasaray,MARMARAY,YENIKAPI,1,-12.88
galatasaray,MARMARAY,YENIKAPI,2,890.27
galatasaray,MARMARAY,YENIKAPI,3,1131.64
galatasaray,MARMARAY,YENIKAPI,4,56.9
galatasaray,MARMARAY,YENIKAPI,5,-37.25
galatasaray,MARMARAY,YENIKAPI,6,-24.1
galatasaray,MARMARAY,YENIKAPI,7,-20.93
galatasaray,MARMARAY,YENIKAPI,8,-66.31
galatasaray,MARMARAY,YENIKAPI,9,-81.67
galatasaray,MARMARAY,YENIKAPI,10,-63.63
galatasaray,MARMARAY,YENIKAPI,11,28.55
galatasaray,MARMARAY,YENIKAPI,12,222.45
galatasaray,MARMARAY,YENIMAHALLE,-12,42.38
galatasaray,MARMARAY,YENIMAHALLE,-11,40.74
galatasaray,MARMARAY,YENIMAHALLE,-10,20.21
galatasaray,MARMARAY,YENIMAHALLE,-9,5.09
galatasaray,MARMARAY,YENIMAHALLE,-8,8.36
galatasaray,MARMARAY,YENIMAHALLE,-7,9.48
galatasaray,MARMARAY,YENIMAHALLE,-6,34.66
galatasaray,MARMARAY,YENIMAHALLE,-5,26.07
galatasaray,MARMARAY,YENIMAHALLE,-4,17.05
galatasaray,MARMARAY,YENIMAHALLE,-3,39.0
galatasaray,MARMARAY,YENIMAHALLE,-2,44.26
galatasaray,MARMARAY,YENIMAHALLE,-1,10.05
galatasaray,MARMARAY,YENIMAHALLE,0,-5.72
galatasaray,MARMARAY,YENIMAHALLE,1,-21.19
galatasaray,MARMARAY,YENIMAHALLE,2,8.54
galatasaray,MARMARAY,YENIMAHALLE,3,5.23
galatasaray,MARMARAY,YENIMAHALLE,4,2.92
galatasaray,MARMARAY,YENIMAHALLE,5,-0.72
galatasaray,MARMARAY,YENIMAHALLE,6,-0.36
galatasaray,MARMARAY,YENIMAHALLE,7,-2.1
galatasaray,MARMARAY,YENIMAHALLE,8,-16.81
galatasaray,MARMARAY,YENIMAHALLE,9,-25.58
galatasaray,MARMARAY,YENIMAHALLE,10,-19.36
galatasaray,MARMARAY,YENIMAHALLE,11,1.75
galatasaray,MARMARAY,YENIMAHALLE,12,41.37
galatasaray,MARMARAY,YESILKOY,-12,14.14
galatasaray,MARMARAY,YESILKOY,-11,9.22
galatasaray,MARMARAY,YESILKOY,-10,7.81
galatasaray,MARMARAY,YESILKOY,-9,12.52
galatasaray,MARMARAY,YESILKOY,-8,6.66
galatasaray,MARMARAY,YESILKOY,-7,-16.67
galatasaray,MARMARAY,YESILKOY,-6,-32.2
galatasaray,MARMARAY,YESILKOY,-5,53.61
galatasaray,MARMARAY,YESILKOY,-4,22.45
galatasaray,MARMARAY,YESILKOY,-3,4.13
galatasaray,MARMARAY,YESILKOY,-2,-6.36
galatasaray,MARMARAY,YESILKOY,-1,-18.82
galatasaray,MARMARAY,YESILKOY,0,-37.9
galatasaray,MARMARAY,YESILKOY,1,-43.89
galatasaray,MARMARAY,YESILKOY,2,-28.76
galatasaray,MARMARAY,YESILKOY,3,-33.46
galatasaray,MARMARAY,YESILKOY,4,-22.65
galatasaray,MARMARAY,YESILKOY,5,-10.22
galatasaray,MARMARAY,YESILKOY,6,-2.13
galatasaray,MARMARAY,YESILKOY,7,-2.84
galatasaray,MARMARAY,YESILKOY,8,-15.2
galatasaray,MARMARAY,YESILKOY,9,-11.21
galatasaray,MARMARAY,YESILKOY,10,-6.58
galatasaray,MARMARAY,YESILKOY,11,-5.39
galatasaray,MARMARAY,YESILKOY,12,7.87
galatasaray,MARMARAY,YESILYURT,-12,16.9
galatasaray,MARMARAY,YESILYURT,-11,22.54
galatasaray,MARMARAY,YESILYURT,-10,12.45
galatasaray,MARMARAY,YESILYURT,-9,3.06
galatasaray,MARMARAY,YESILYURT,-8,10.57
galatasaray,MARMARAY,YESILYURT,-7,22.71
galatasaray,MARMARAY,YESILYURT,-6,24.7
galatasaray,MARMARAY,YESILYURT,-5,2.09
galatasaray,MARMARAY,YESILYURT,-4,34.77
galatasaray,MARMARAY,YESILYURT,-3,73.6
galatasaray,MARMARAY,YESILYURT,-2,0.71
galatasaray,MARMARAY,YESILYURT,-1,-4.96
galatasaray,MARMARAY,YESILYURT,0,-14.53
galatasaray,MARMARAY,YESILYURT,1,-13.39
galatasaray,MARMARAY,YESILYURT,2,-5.37
galatasaray,MARMARAY,YESILYURT,3,-8.96
galatasaray,MARMARAY,YESILYURT,4,-4.55
galatasaray,MARMARAY,YESILYURT,5,-2.98
galatasaray,MARMARAY,YESILYURT,6,-0.89
galatasaray,MARMARAY,YESILYURT,7,-1.52
galatasaray,MARMARAY,YESILYURT,8,-10.61
galatasaray,MARMARAY,YESILYURT,9,-11.53
galatasaray,MARMARAY,YESILYURT,10,-10.01
galatasaray,MARMARAY,YESILYURT,11,1.73
galatasaray,MARMARAY,YESILYURT,12,21.8
galatasaray,MARMARAY,YUNUS,-12,22.02
galatasaray,MARMARAY,YUNUS,-11,14.03
galatasaray,MARMARAY,YUNUS,-10,6.17
galatasaray,MARMARAY,YUNUS,-9,4.64
galatasaray,MARMARAY,YUNUS,-8,8.59
galatasaray,MARMARAY,YUNUS,-7,10.77
galatasaray,MARMARAY,YUNUS,-6,8.98
galatasaray,MARMARAY,YUNUS,-5,-7.15
galatasaray,MARMARAY,YUNUS,-4,18.67
galatasaray,MARMARAY,YUNUS,-3,19.82
galatasaray,MARMARAY,YUNUS,-2,5.57
galatasaray,MARMARAY,YUNUS,-1,6.46
galatasaray,MARMARAY,YUNUS,0,1.25
galatasaray,MARMARAY,YUNUS,1,-6.26
galatasaray,MARMARAY,YUNUS,2,-5.12
galatasaray,MARMARAY,YUNUS,3,-3.1
galatasaray,MARMARAY,YUNUS,4,-1.36
galatasaray,MARMARAY,YUNUS,5,1.07
galatasaray,MARMARAY,YUNUS,6,3.76
galatasaray,MARMARAY,YUNUS,7,-2.16
galatasaray,MARMARAY,YUNUS,8,-11.2
galatasaray,MARMARAY,YUNUS,9,-12.79
galatasaray,MARMARAY,YUNUS,10,-4.82
galatasaray,MARMARAY,YUNUS,11,7.27
galatasaray,MARMARAY,YUNUS,12,22.52
galatasaray,MARMARAY,ZEYTINBURNU,-12,86.84
galatasaray,MARMARAY,ZEYTINBURNU,-11,50.57
galatasaray,MARMARAY,ZEYTINBURNU,-10,8.54
galatasaray,MARMARAY,ZEYTINBURNU,-9,-2.03
galatasaray,MARMARAY,ZEYTINBURNU,-8,2.01
galatasaray,MARMARAY,ZEYTINBURNU,-7,-4.92
galatasaray,MARMARAY,ZEYTINBURNU,-6,-1.84
galatasaray,MARMARAY,ZEYTINBURNU,-5,-6.98
galatasaray,MARMARAY,ZEYTINBURNU,-4,10.81
galatasaray,MARMARAY,ZEYTINBURNU,-3,49.1
galatasaray,MARMARAY,ZEYTINBURNU,-2,95.7
galatasaray,MARMARAY,ZEYTINBURNU,-1,5.46
galatasaray,MARMARAY,ZEYTINBURNU,0,-14.43
galatasaray,MARMARAY,ZEYTINBURNU,1,-46.57
galatasaray,MARMARAY,ZEYTINBURNU,2,-14.62
galatasaray,MARMARAY,ZEYTINBURNU,3,-13.08
galatasaray,MARMARAY,ZEYTINBURNU,4,-3.75
galatasaray,MARMARAY,ZEYTINBURNU,5,-6.1
galatasaray,MARMARAY,ZEYTINBURNU,6,-4.91
galatasaray,MARMARAY,ZEYTINBURNU,7,-4.43
galatasaray,MARMARAY,ZEYTINBURNU,8,-28.88
galatasaray,MARMARAY,ZEYTINBURNU,9,-34.77
galatasaray,MARMARAY,ZEYTINBURNU,10,-45.22
galatasaray,MARMARAY,ZEYTINBURNU,11,-0.24
galatasaray,MARMARAY,ZEYTINBURNU,12,76.14
galatasaray,T1,AKINCILAR,-12,7.99
galatasaray,T1,AKINCILAR,-11,16.24
galatasaray,T1,AKINCILAR,-10,-0.54
galatasaray,T1,AKINCILAR,-9,-6.93
galatasaray,T1,AKINCILAR,-8,-3.25
galatasaray,T1,AKINCILAR,-7,7.64
galatasaray,T1,AKINCILAR,-6,3.3
galatasaray,T1,AKINCILAR,-5,3.74
galatasaray,T1,AKINCILAR,-4,3.64
galatasaray,T1,AKINCILAR,-3,9.04
galatasaray,T1,AKINCILAR,-2,-0.43
galatasaray,T1,AKINCILAR,-1,-3.76
galatasaray,T1,AKINCILAR,0,-3.36
galatasaray,T1,AKINCILAR,1,-17.31
galatasaray,T1,AKINCILAR,2,-0.07
galatasaray,T1,AKINCILAR,3,-1.69
galatasaray,T1,AKINCILAR,4,-0.88
galatasaray,T1,AKINCILAR,5,-2.19
galatasaray,T1,AKINCILAR,7,-3.45
galatasaray,T1,AKINCILAR,8,-17.65
galatasaray,T1,AKINCILAR,9,-10.46
galatasaray,T1,AKINCILAR,10,-2.52
galatasaray,T1,AKINCILAR,11,6.82
galatasaray,T1,AKINCILAR,12,14.21
galatasaray,T1,AKSARAY,-12,-19.2
galatasaray,T1,AKSARAY,-11,-9.47
galatasaray,T1,AKSARAY,-10,-16.49
galatasaray,T1,AKSARAY,-9,-35.67
galatasaray,T1,AKSARAY,-8,-36.2
galatasaray,T1,AKSARAY,-7,-17.03
galatasaray,T1,AKSARAY,-6,-47.66
galatasaray,T1,AKSARAY,-5,-28.87
galatasaray,T1,AKSARAY,-4,-27.27
galatasaray,T1,AKSARAY,-3,-35.61
galatasaray,T1,AKSARAY,-2,-22.56
galatasaray,T1,AKSARAY,-1,-32.24
galatasaray,T1,AKSARAY,0,-62.48
galatasaray,T1,AKSARAY,1,-68.64
galatasaray,T1,AKSARAY,2,-39.55
galatasaray,T1,AKSARAY,3,-10.18
galatasaray,T1,AKSARAY,4,-15.72
galatasaray,T1,AKSARAY,5,-9.85
galatasaray,T1,AKSARAY,7,-0.32
galatasaray,T1,AKSARAY,8,-11.74
galatasaray,T1,AKSARAY,9,-0.86
galatasaray,T1,AKSARAY,10,2.88
galatasaray,T1,AKSARAY,11,10.88
galatasaray,T1,AKSARAY,12,0.98
galatasaray,T1,AKSEMSETTIN,-12,43.86
galatasaray,T1,AKSEMSETTIN,-11,31.11
galatasaray,T1,AKSEMSETTIN,-10,4.05
galatasaray,T1,AKSEMSETTIN,-9,5.43
galatasaray,T1,AKSEMSETTIN,-8,-3.65
galatasaray,T1,AKSEMSETTIN,-7,-5.88
galatasaray,T1,AKSEMSETTIN,-6,5.2
galatasaray,T1,AKSEMSETTIN,-5,-10.41
galatasaray,T1,AKSEMSETTIN,-4,10.23
galatasaray,T1,AKSEMSETTIN,-3,16.24
galatasaray,T1,AKSEMSETTIN,-2,21.83
galatasaray,T1,AKSEMSETTIN,-1,-21.63
galatasaray,T1,AKSEMSETTIN,0,-12.66
galatasaray,T1,AKSEMSETTIN,1,-20.8
galatasaray,T1,AKSEMSETTIN,2,-17.55
galatasaray,T1,AKSEMSETTIN,3,-8.35
galatasaray,T1,AKSEMSETTIN,4,-6.26
galatasaray,T1,AKSEMSETTIN,5,-4.69
galatasaray,T1,AKSEMSETTIN,7,-6.02
galatasaray,T1,AKSEMSETTIN,8,-18.52
galatasaray,T1,AKSEMSETTIN,9,-22.63
galatasaray,T1,AKSEMSETTIN,10,-21.05
galatasaray,T1,AKSEMSETTIN,11,-4.26
galatasaray,T1,AKSEMSETTIN,12,23.5
galatasaray,T1,ATATURK OGRENCI YURDU,-12,41.07
galatasaray,T1,ATATURK OGRENCI YURDU,-11,100.12
galatasaray,T1,ATATURK OGRENCI YURDU,-10,65.8
galatasaray,T1,ATATURK OGRENCI YURDU,-9,27.68
galatasaray,T1,ATATURK OGRENCI YURDU,-8,21.1
galatasaray,T1,ATATURK OGRENCI YURDU,-7,56.43
galatasaray,T1,ATATURK OGRENCI YURDU,-6,34.42
galatasaray,T1,ATATURK OGRENCI YURDU,-5,56.43
galatasaray,T1,ATATURK OGRENCI YURDU,-4,51.81
galatasaray,T1,ATATURK OGRENCI YURDU,-3,81.71
galatasaray,T1,ATATURK OGRENCI YURDU,-2,45.62
galatasaray,T1,ATATURK OGRENCI YURDU,-1,10.82
galatasaray,T1,ATATURK OGRENCI YURDU,0,6.17
galatasaray,T1,ATATURK OGRENCI YURDU,1,-19.71
galatasaray,T1,ATATURK OGRENCI YURDU,2,-5.71
galatasaray,T1,ATATURK OGRENCI YURDU,3,5.89
galatasaray,T1,ATATURK OGRENCI YURDU,4,-6.7
galatasaray,T1,ATATURK OGRENCI YURDU,5,-9.83
galatasaray,T1,ATATURK OGRENCI YURDU,7,-3.95
galatasaray,T1,ATATURK OGRENCI YURDU,8,-31.42
galatasaray,T1,ATATURK OGRENCI YURDU,9,-25.48
galatasaray,T1,ATATURK OGRENCI YURDU,10,-32.43
galatasaray,T1,ATATURK OGRENCI YURDU,11,-32.14
galatasaray,T1,ATATURK OGRENCI YURDU,12,-2.93
galatasaray,T1,BAGCILAR,-12,4.71
galatasaray,T1,BAGCILAR,-11,28.44
galatasaray,T1,BAGCILAR,-10,7.86
galatasaray,T1,BAGCILAR,-9,-5.6
galatasaray,T1,BAGCILAR,-8,-4.59
galatasaray,T1,BAGCILAR,-7,-1.2
galatasaray,T1,BAGCILAR,-6,-4.35
galatasaray,T1,BAGCILAR,-5,-3.36
galatasaray,T1,BAGCILAR,-4,-0.19
galatasaray,T1,BAGCILAR,-3,18.18
galatasaray,T1,BAGCILAR,-2,14.75
galatasaray,T1,BAGCILAR,-1,7.92
galatasaray,T1,BAGCILAR,0,2.36
galatasaray,T1,BAGCILAR,1,-23.85
galatasaray,T1,BAGCILAR,2,-0.24
galatasaray,T1,BAGCILAR,3,-5.66
galatasaray,T1,BAGCILAR,4,-10.21
galatasaray,T1,BAGCILAR,5,-10.88
galatasaray,T1,BAGCILAR,6,0.0
galatasaray,T1,BAGCILAR,7,-13.44
galatasaray,T1,BAGCILAR,8,-25.72
galatasaray,T1,BAGCILAR,9,-30.0
galatasaray,T1,BAGCILAR,10,-15.31
galatasaray,T1,BAGCILAR,11,5.66
galatasaray,T1,BAGCILAR,12,23.88
galatasaray,T1,BEYAZIT,-12,-9.19
galatasaray,T1,BEYAZIT,-11,-9.66
galatasaray,T1,BEYAZIT,-10,-23.36
galatasaray,T1,BEYAZIT,-9,23.33
galatasaray,T1,BEYAZIT,-8,11.86
galatasaray,T1,BEYAZIT,-7,12.28
galatasaray,T1,BEYAZIT,-6,19.31
galatasaray,T1,BEYAZIT,-5,26.64
galatasaray,T1,BEYAZIT,-4,69.81
galatasaray,T1,BEYAZIT,-3,77.34
galatasaray,T1,BEYAZIT,-2,96.91
galatasaray,T1,BEYAZIT,-1,-48.44
galatasaray,T1,BEYAZIT,0,-70.19
galatasaray,T1,BEYAZIT,1,-49.96
galatasaray,T1,BEYAZIT,2,0.75
galatasaray,T1,BEYAZIT,3,-21.12
galatasaray,T1,BEYAZIT,4,-11.89
galatasaray,T1,BEYAZIT,5,-5.5
galatasaray,T1,BEYAZIT,7,-2.03
galatasaray,T1,BEYAZIT,8,-6.57
galatasaray,T1,BEYAZIT,9,-4.35
galatasaray,T1,BEYAZIT,10,-8.85
galatasaray,T1,BEYAZIT,11,-5.57
galatasaray,T1,BEYAZIT,12,-10.87
galatasaray,T1,CAMI,-12,19.15
galatasaray,T1,CAMI,-11,17.74
galatasaray,T1,CAMI,-10,-5.32
galatasaray,T1,CAMI,-9,2.7
galatasaray,T1,CAMI,-8,-2.67
galatasaray,T1,CAMI,-7,5.6
galatasaray,T1,CAMI,-6,-1.15
galatasaray,T1,CAMI,-5,-3.72
galatasaray,T1,CAMI,-4,0.8
galatasaray,T1,CAMI,-3,-0.96
galatasaray,T1,CAMI,-2,5.52
galatasaray,T1,CAMI,-1,-14.3
galatasaray,T1,CAMI,0,-12.53
galatasaray,T1,CAMI,1,-13.03
galatasaray,T1,CAMI,2,-3.41
galatasaray,T1,CAMI,3,-0.63
galatasaray,T1,CAMI,4,-3.72
galatasaray,T1,CAMI,5,-3.23
galatasaray,T1,CAMI,7,-2.87
galatasaray,T1,CAMI,8,-21.19
galatasaray,T1,CAMI,9,-26.98
galatasaray,T1,CAMI,10,-11.47
galatasaray,T1,CAMI,11,20.19
galatasaray,T1,CAMI,12,31.14
galatasaray,T1,CAPA,-12,25.38
galatasaray,T1,CAPA,-11,27.32
galatasaray,T1,CAPA,-10,13.08
galatasaray,T1,CAPA,-9,9.51
galatasaray,T1,CAPA,-8,32.09
galatasaray,T1,CAPA,-7,14.9
galatasaray,T1,CAPA,-6,24.09
galatasaray,T1,CAPA,-5,16.29
galatasaray,T1,CAPA,-4,14.43
galatasaray,T1,CAPA,-3,26.55
galatasaray,T1,CAPA,-2,29.84
galatasaray,T1,CAPA,-1,1.4
galatasaray,T1,CAPA,0,-14.11
galatasaray,T1,CAPA,1,-25.96
galatasaray,T1,CAPA,2,-1.75
galatasaray,T1,CAPA,3,-5.65
galatasaray,T1,CAPA,4,-4.1
galatasaray,T1,CAPA,5,-5.54
galatasaray,T1,CAPA,7,-7.87
galatasaray,T1,CAPA,8,8.83
galatasaray,T1,CAPA,9,0.7
galatasaray,T1,CAPA,10,-1.9
galatasaray,T1,CAPA,11,12.18
galatasaray,T1,CAPA,12,18.67
galatasaray,T1,CEMBERLITAS,-12,9.65
galatasaray,T1,CEMBERLITAS,-11,5.52
galatasaray,T1,CEMBERLITAS,-10,1.99
galatasaray,T1,CEMBERLITAS,-9,3.86
galatasaray,T1,CEMBERLITAS,-8,19.13
galatasaray,T1,CEMBERLITAS,-7,13.73
galatasaray,T1,CEMBERLITAS,-6,32.54
galatasaray,T1,CEMBERLITAS,-5,43.29
galatasaray,T1,CEMBERLITAS,-4,65.74
galatasaray,T1,CEMBERLITAS,-3,75.57
galatasaray,T1,CEMBERLITAS,-2,54.69
galatasaray,T1,CEMBERLITAS,-1,2.7
galatasaray,T1,CEMBERLITAS,0,-17.71
galatasaray,T1,CEMBERLITAS,1,-21.07
galatasaray,T1,CEMBERLITAS,2,9.47
galatasaray,T1,CEMBERLITAS,3,-13.38
galatasaray,T1,CEMBERLITAS,4,-9.66
galatasaray,T1,CEMBERLITAS,5,-8.11
galatasaray,T1,CEMBERLITAS,7,-1.29
galatasaray,T1,CEMBERLITAS,8,-4.74
galatasaray,T1,CEMBERLITAS,9,-7.87
galatasaray,T1,CEMBERLITAS,10,-8.07
galatasaray,T1,CEMBERLITAS,11,-4.11
galatasaray,T1,CEMBERLITAS,12,4.23
galatasaray,T1,EMINONU,-12,42.67
galatasaray,T1,EMINONU,-11,17.76
galatasaray,T1,EMINONU,-10,-0.74
galatasaray,T1,EMINONU,-9,-2.43
galatasaray,T1,EMINONU,-8,3.68
galatasaray,T1,EMINONU,-7,22.56
galatasaray,T1,EMINONU,-6,-32.24
galatasaray,T1,EMINONU,-5,-58.44
galatasaray,T1,EMINONU,-4,-45.95
galatasaray,T1,EMINONU,-3,-41.88
galatasaray,T1,EMINONU,-2,40.47
galatasaray,T1,EMINONU,-1,-27.85
galatasaray,T1,EMINONU,0,-21.82
galatasaray,T1,EMINONU,1,-123.03
galatasaray,T1,EMINONU,2,-142.63
galatasaray,T1,EMINONU,3,-120.37
galatasaray,T1,EMINONU,4,-55.62
galatasaray,T1,EMINONU,5,-45.2
galatasaray,T1,EMINONU,7,0.33
galatasaray,T1,EMINONU,8,9.39
galatasaray,T1,EMINONU,9,20.84
galatasaray,T1,EMINONU,10,16.72
galatasaray,T1,EMINONU,11,26.41
galatasaray,T1,EMINONU,12,47.85
galatasaray,T1,FINDIKLI,-12,-0.23
galatasaray,T1,FINDIKLI,-11,-1.12
galatasaray,T1,FINDIKLI,-10,6.58
galatasaray,T1,FINDIKLI,-9,4.53
galatasaray,T1,FINDIKLI,-8,7.77
galatasaray,T1,FINDIKLI,-7,11.93
galatasaray,T1,FINDIKLI,-6,3.95
galatasaray,T1,FINDIKLI,-5,6.8
galatasaray,T1,FINDIKLI,-4,17.83
galatasaray,T1,FINDIKLI,-3,16.95
galatasaray,T1,FINDIKLI,-2,8.67
galatasaray,T1,FINDIKLI,-1,-2.84
galatasaray,T1,FINDIKLI,0,-6.31
galatasaray,T1,FINDIKLI,1,8.01
galatasaray,T1,FINDIKLI,2,-11.8
galatasaray,T1,FINDIKLI,3,-10.29
galatasaray,T1,FINDIKLI,4,-8.75
galatasaray,T1,FINDIKLI,5,-12.95
galatasaray,T1,FINDIKLI,7,0.14
galatasaray,T1,FINDIKLI,8,-0.17
galatasaray,T1,FINDIKLI,9,-0.71
galatasaray,T1,FINDIKLI,10,-2.47
galatasaray,T1,FINDIKLI,11,-1.48
galatasaray,T1,FINDIKLI,12,-4.48
galatasaray,T1,FINDIKZADE,-12,17.8
galatasaray,T1,FINDIKZADE,-11,15.49
galatasaray,T1,FINDIKZADE,-10,-9.22
galatasaray,T1,FINDIKZADE,-9,10.55
galatasaray,T1,FINDIKZADE,-8,-4.36
galatasaray,T1,FINDIKZADE,-7,-5.16
galatasaray,T1,FINDIKZADE,-6,-18.68
galatasaray,T1,FINDIKZADE,-5,-5.95
galatasaray,T1,FINDIKZADE,-4,-6.13
galatasaray,T1,FINDIKZADE,-3,5.28
galatasaray,T1,FINDIKZADE,-2,-0.29
galatasaray,T1,FINDIKZADE,-1,-30.17
galatasaray,T1,FINDIKZADE,0,-19.21
galatasaray,T1,FINDIKZADE,1,-24.79
galatasaray,T1,FINDIKZADE,2,-11.39
galatasaray,T1,FINDIKZADE,3,-10.16
galatasaray,T1,FINDIKZADE,4,-7.08
galatasaray,T1,FINDIKZADE,5,-6.23
galatasaray,T1,FINDIKZADE,7,-3.03
galatasaray,T1,FINDIKZADE,8,33.6
galatasaray,T1,FINDIKZADE,9,4.27
galatasaray,T1,FINDIKZADE,10,-0.72
galatasaray,T1,FINDIKZADE,11,13.12
galatasaray,T1,FINDIKZADE,12,23.25
galatasaray,T1,GULHANE,-12,10.33
galatasaray,T1,GULHANE,-11,19.84
galatasaray,T1,GULHANE,-10,15.12
galatasaray,T1,GULHANE,-9,21.17
galatasaray,T1,GULHANE,-8,14.46
galatasaray,T1,GULHANE,-7,3.41
galatasaray,T1,GULHANE,-6,-22.06
galatasaray,T1,GULHANE,-5,-33.01
galatasaray,T1,GULHANE,-4,-21.15
galatasaray,T1,GULHANE,-3,-23.42
galatasaray,T1,GULHANE,-2,6.05
galatasaray,T1,GULHANE,-1,-27.02
galatasaray,T1,GULHANE,0,-32.83
galatasaray,T1,GULHANE,1,-37.55
galatasaray,T1,GULHANE,2,-22.57
galatasaray,T1,GULHANE,3,-25.48
galatasaray,T1,GULHANE,4,-11.14
galatasaray,T1,GULHANE,5,-4.25
galatasaray,T1,GULHANE,7,2.9
galatasaray,T1,GULHANE,8,13.93
galatasaray,T1,GULHANE,9,6.83
galatasaray,T1,GULHANE,10,7.43
galatasaray,T1,GULHANE,11,9.86
galatasaray,T1,GULHANE,12,4.99
galatasaray,T1,GUNESTEPE,-12,12.55
galatasaray,T1,GUNESTEPE,-11,6.01
galatasaray,T1,GUNESTEPE,-10,-2.33
galatasaray,T1,GUNESTEPE,-9,-3.38
galatasaray,T1,GUNESTEPE,-8,1.82
galatasaray,T1,GUNESTEPE,-7,1.49
galatasaray,T1,GUNESTEPE,-6,1.96
galatasaray,T1,GUNESTEPE,-5,0.9
galatasaray,T1,GUNESTEPE,-4,3.18
galatasaray,T1,GUNESTEPE,-3,6.74
galatasaray,T1,GUNESTEPE,-2,3.66
galatasaray,T1,GUNESTEPE,-1,-7.64
galatasaray,T1,GUNESTEPE,0,-2.91
galatasaray,T1,GUNESTEPE,1,-9.78
galatasaray,T1,GUNESTEPE,2,-3.96
galatasaray,T1,GUNESTEPE,3,-4.34
galatasaray,T1,GUNESTEPE,4,-2.93
galatasaray,T1,GUNESTEPE,7,-3.34
galatasaray,T1,GUNESTEPE,8,-13.82
galatasaray,T1,GUNESTEPE,9,-16.73
galatasaray,T1,GUNESTEPE,10,-9.24
galatasaray,T1,GUNESTEPE,11,10.73
galatasaray,T1,GUNESTEPE,12,7.98
galatasaray,T1,GUNGOREN,-12,6.32
galatasaray,T1,GUNGOREN,-11,20.88
galatasaray,T1,GUNGOREN,-10,-14.2
galatasaray,T1,GUNGOREN,-9,10.34
galatasaray,T1,GUNGOREN,-8,17.89
galatasaray,T1,GUNGOREN,-7,26.25
galatasaray,T1,GUNGOREN,-6,33.99
galatasaray,T1,GUNGOREN,-5,32.12
galatasaray,T1,GUNGOREN,-4,14.21
galatasaray,T1,GUNGOREN,-3,28.31
galatasaray,T1,GUNGOREN,-2,41.63
galatasaray,T1,GUNGOREN,-1,-8.68
galatasaray,T1,GUNGOREN,0,-0.28
galatasaray,T1,GUNGOREN,1,-22.71
galatasaray,T1,GUNGOREN,2,-7.76
galatasaray,T1,GUNGOREN,3,-7.06
galatasaray,T1,GUNGOREN,4,4.51
galatasaray,T1,GUNGOREN,5,-2.03
galatasaray,T1,GUNGOREN,7,-1.86
galatasaray,T1,GUNGOREN,8,-18.91
galatasaray,T1,GUNGOREN,9,-30.81
galatasaray,T1,GUNGOREN,10,-36.62
galatasaray,T1,GUNGOREN,11,-8.38
galatasaray,T1,GUNGOREN,12,21.19
galatasaray,T1,HASEKI,-12,4.28
galatasaray,T1,HASEKI,-11,1.44
galatasaray,T1,HASEKI,-10,-5.24
galatasaray,T1,HASEKI,-9,-3.07
galatasaray,T1,HASEKI,-8,-4.91
galatasaray,T1,HASEKI,-7,0.61
galatasaray,T1,HASEKI,-6,1.09
galatasaray,T1,HASEKI,-5,-13.4
galatasaray,T1,HASEKI,-4,-11.13
galatasaray,T1,HASEKI,-3,0.37
galatasaray,T1,HASEKI,-2,1.63
galatasaray,T1,HASEKI,-1,-13.68
galatasaray,T1,HASEKI,0,-9.85
galatasaray,T1,HASEKI,1,-14.27
galatasaray,T1,HASEKI,2,-9.21
galatasaray,T1,HASEKI,3,-8.81
galatasaray,T1,HASEKI,4,-3.68
galatasaray,T1,HASEKI,5,-3.8
galatasaray,T1,HASEKI,7,-2.02
galatasaray,T1,HASEKI,8,-2.15
galatasaray,T1,HASEKI,9,-4.66
galatasaray,T1,HASEKI,10,-5.96
galatasaray,T1,HASEKI,11,-0.68
galatasaray,T1,HASEKI,12,-0.02
galatasaray,T1,KABATAS,-12,8.05
galatasaray,T1,KABATAS,-11,0.29
galatasaray,T1,KABATAS,-10,27.09
galatasaray,T1,KABATAS,-9,32.51
galatasaray,T1,KABATAS,-8,29.76
galatasaray,T1,KABATAS,-7,16.35
galatasaray,T1,KABATAS,-6,5.93
galatasaray,T1,KABATAS,-5,-4.77
galatasaray,T1,KABATAS,-4,-13.79
galatasaray,T1,KABATAS,-3,1.95
galatasaray,T1,KABATAS,-2,-26.46
galatasaray,T1,KABATAS,-1,-73.95
galatasaray,T1,KABATAS,0,-72.82
galatasaray,T1,KABATAS,1,-99.64
galatasaray,T1,KABATAS,2,-67.14
galatasaray,T1,KABATAS,3,-70.64
galatasaray,T1,KABATAS,4,-38.15
galatasaray,T1,KABATAS,5,-72.4
galatasaray,T1,KABATAS,7,-3.96
galatasaray,T1,KABATAS,8,1.59
galatasaray,T1,KABATAS,9,-3.74
galatasaray,T1,KABATAS,10,-13.09
galatasaray,T1,KABATAS,11,1.28
galatasaray,T1,KABATAS,12,15.14
galatasaray,T1,KARAKOY,-12,-37.48
galatasaray,T1,KARAKOY,-11,-41.93
galatasaray,T1,KARAKOY,-10,-26.64
galatasaray,T1,KARAKOY,-9,-13.62
galatasaray,T1,KARAKOY,-8,4.67
galatasaray,T1,KARAKOY,-7,4.53
galatasaray,T1,KARAKOY,-6,3.46
galatasaray,T1,KARAKOY,-5,13.03
galatasaray,T1,KARAKOY,-4,13.99
galatasaray,T1,KARAKOY,-3,9.73
galatasaray,T1,KARAKOY,-2,26.24
galatasaray,T1,KARAKOY,-1,19.63
galatasaray,T1,KARAKOY,0,-14.7
galatasaray,T1,KARAKOY,1,-42.11
galatasaray,T1,KARAKOY,2,-41.61
galatasaray,T1,KARAKOY,3,-67.14
galatasaray,T1,KARAKOY,4,-30.19
galatasaray,T1,KARAKOY,5,-30.38
galatasaray,T1,KARAKOY,7,2.21
galatasaray,T1,KARAKOY,8,-50.54
galatasaray,T1,KARAKOY,9,-46.9
galatasaray,T1,KARAKOY,10,-44.13
galatasaray,T1,KARAKOY,11,-47.03
galatasaray,T1,KARAKOY,12,-45.31
galatasaray,T1,KERESTECILER,-12,23.52
galatasaray,T1,KERESTECILER,-11,6.08
galatasaray,T1,KERESTECILER,-10,-2.7
galatasaray,T1,KERESTECILER,-9,-1.01
galatasaray,T1,KERESTECILER,-8,1.34
galatasaray,T1,KERESTECILER,-7,-0.94
galatasaray,T1,KERESTECILER,-6,1.99
galatasaray,T1,KERESTECILER,-5,2.65
galatasaray,T1,KERESTECILER,-4,6.0
galatasaray,T1,KERESTECILER,-3,27.76
galatasaray,T1,KERESTECILER,-2,19.28
galatasaray,T1,KERESTECILER,-1,-1.46
galatasaray,T1,KERESTECILER,0,1.48
galatasaray,T1,KERESTECILER,1,-2.86
galatasaray,T1,KERESTECILER,2,0.82
galatasaray,T1,KERESTECILER,3,7.69
galatasaray,T1,KERESTECILER,4,7.12
galatasaray,T1,KERESTECILER,5,9.97
galatasaray,T1,KERESTECILER,7,-1.93
galatasaray,T1,KERESTECILER,8,-2.04
galatasaray,T1,KERESTECILER,9,-1.91
galatasaray,T1,KERESTECILER,10,-1.42
galatasaray,T1,KERESTECILER,11,-0.03
galatasaray,T1,KERESTECILER,12,0.38
galatasaray,T1,LALELI,-12,32.75
galatasaray,T1,LALELI,-11,35.46
galatasaray,T1,LALELI,-10,17.94
galatasaray,T1,LALELI,-9,49.78
galatasaray,T1,LALELI,-8,40.0
galatasaray,T1,LALELI,-7,46.74
galatasaray,T1,LALELI,-6,70.13
galatasaray,T1,LALELI,-5,72.07
galatasaray,T1,LALELI,-4,63.59
galatasaray,T1,LALELI,-3,66.32
galatasaray,T1,LALELI,-2,52.47
galatasaray,T1,LALELI,-1,22.13
galatasaray,T1,LALELI,0,1.91
galatasaray,T1,LALELI,1,-3.21
galatasaray,T1,LALELI,2,21.49
galatasaray,T1,LALELI,3,57.89
galatasaray,T1,LALELI,4,8.41
galatasaray,T1,LALELI,5,-7.03
galatasaray,T1,LALELI,7,-1.35
galatasaray,T1,LALELI,8,-2.73
galatasaray,T1,LALELI,9,-2.88
galatasaray,T1,LALELI,10,-4.52
galatasaray,T1,LALELI,11,1.75
galatasaray,T1,LALELI,12,21.07
galatasaray,T1,MEHMETAKIF,-12,5.02
galatasaray,T1,MEHMETAKIF,-11,6.26
galatasaray,T1,MEHMETAKIF,-10,-3.53
galatasaray,T1,MEHMETAKIF,-9,4.43
galatasaray,T1,MEHMETAKIF,-8,-2.73
galatasaray,T1,MEHMETAKIF,-7,-21.51
galatasaray,T1,MEHMETAKIF,-6,-11.61
galatasaray,T1,MEHMETAKIF,-5,42.1
galatasaray,T1,MEHMETAKIF,-4,20.58
galatasaray,T1,MEHMETAKIF,-3,23.32
galatasaray,T1,MEHMETAKIF,-2,12.55
galatasaray,T1,MEHMETAKIF,-1,4.38
galatasaray,T1,MEHMETAKIF,0,-3.9
galatasaray,T1,MEHMETAKIF,1,-4.76
galatasaray,T1,MEHMETAKIF,2,3.23
galatasaray,T1,MEHMETAKIF,3,-1.08
galatasaray,T1,MEHMETAKIF,4,-6.34
galatasaray,T1,MEHMETAKIF,5,1.19
galatasaray,T1,MEHMETAKIF,8,-10.08
galatasaray,T1,MEHMETAKIF,9,-7.17
galatasaray,T1,MEHMETAKIF,10,-5.16
galatasaray,T1,MEHMETAKIF,11,1.43
galatasaray,T1,MEHMETAKIF,12,3.52
galatasaray,T1,MERKEZEFENDI,-12,20.19
galatasaray,T1,MERKEZEFENDI,-11,10.73
galatasaray,T1,MERKEZEFENDI,-10,-2.06
galatasaray,T1,MERKEZEFENDI,-9,9.29
galatasaray,T1,MERKEZEFENDI,-8,-0.71
galatasaray,T1,MERKEZEFENDI,-7,-1.9
galatasaray,T1,MERKEZEFENDI,-6,8.57
galatasaray,T1,MERKEZEFENDI,-5,1.27
galatasaray,T1,MERKEZEFENDI,-4,0.59
galatasaray,T1,MERKEZEFENDI,-3,3.33
galatasaray,T1,MERKEZEFENDI,-2,8.5
galatasaray,T1,MERKEZEFENDI,-1,-0.97
galatasaray,T1,MERKEZEFENDI,0,-3.91
galatasaray,T1,MERKEZEFENDI,1,-5.54
galatasaray,T1,MERKEZEFENDI,2,1.79
galatasaray,T1,MERKEZEFENDI,3,-2.09
galatasaray,T1,MERKEZEFENDI,4,-1.75
galatasaray,T1,MERKEZEFENDI,5,-2.44
galatasaray,T1,MERKEZEFENDI,7,2.27
galatasaray,T1,MERKEZEFENDI,8,-8.61
galatasaray,T1,MERKEZEFENDI,9,-8.97
galatasaray,T1,MERKEZEFENDI,10,-9.87
galatasaray,T1,MERKEZEFENDI,11,-4.85
galatasaray,T1,MERKEZEFENDI,12,15.61
galatasaray,T1,MITHATPASA,-12,19.82
galatasaray,T1,MITHATPASA,-11,11.69
galatasaray,T1,MITHATPASA,-10,-0.09
galatasaray,T1,MITHATPASA,-9,-0.86
galatasaray,T1,MITHATPASA,-8,2.53
galatasaray,T1,MITHATPASA,-7,5.9
galatasaray,T1,MITHATPASA,-6,1.1
galatasaray,T1,MITHATPASA,-5,-8.92
galatasaray,T1,MITHATPASA,-4,-0.29
galatasaray,T1,MITHATPASA,-3,7.99
galatasaray,T1,MITHATPASA,-2,4.61
galatasaray,T1,MITHATPASA,-1,-3.03
galatasaray,T1,MITHATPASA,0,-6.4
galatasaray,T1,MITHATPASA,1,-11.59
galatasaray,T1,MITHATPASA,2,-5.98
galatasaray,T1,MITHATPASA,3,-4.83
galatasaray,T1,MITHATPASA,4,-3.99
galatasaray,T1,MITHATPASA,5,-2.44
galatasaray,T1,MITHATPASA,6,-1.43
galatasaray,T1,MITHATPASA,7,-7.34
galatasaray,T1,MITHATPASA,8,-9.81
galatasaray,T1,MITHATPASA,9,-12.03
galatasaray,T1,MITHATPASA,10,-11.76
galatasaray,T1,MITHATPASA,11,8.03
galatasaray,T1,MITHATPASA,12,28.52
galatasaray,T1,PAZARTEKKE,-12,25.91
galatasaray,T1,PAZARTEKKE,-11,27.62
galatasaray,T1,PAZARTEKKE,-10,4.25
galatasaray,T1,PAZARTEKKE,-9,7.79
galatasaray,T1,PAZARTEKKE,-8,16.46
galatasaray,T1,PAZARTEKKE,-7,-4.73
galatasaray,T1,PAZARTEKKE,-6,0.3
galatasaray,T1,PAZARTEKKE,-5,10.96
galatasaray,T1,PAZARTEKKE,-4,7.14
galatasaray,T1,PAZARTEKKE,-3,14.32
galatasaray,T1,PAZARTEKKE,-2,5.18
galatasaray,T1,PAZARTEKKE,-1,-4.9
galatasaray,T1,PAZARTEKKE,0,-4.36
galatasaray,T1,PAZARTEKKE,1,-6.13
galatasaray,T1,PAZARTEKKE,2,-1.06
galatasaray,T1,PAZARTEKKE,3,-7.45
galatasaray,T1,PAZARTEKKE,4,-3.72
galatasaray,T1,PAZARTEKKE,5,-3.39
galatasaray,T1,PAZARTEKKE,7,5.89
galatasaray,T1,PAZARTEKKE,8,-1.78
galatasaray,T1,PAZARTEKKE,9,-3.53
galatasaray,T1,PAZARTEKKE,10,-3.75
galatasaray,T1,PAZARTEKKE,11,6.62
galatasaray,T1,PAZARTEKKE,12,18.66
galatasaray,T1,SIRKECI,-12,70.23
galatasaray,T1,SIRKECI,-11,67.83
galatasaray,T1,SIRKECI,-10,13.32
galatasaray,T1,SIRKECI,-9,40.41
galatasaray,T1,SIRKECI,-8,74.91
galatasaray,T1,SIRKECI,-7,65.12
galatasaray,T1,SIRKECI,-6,13.4
galatasaray,T1,SIRKECI,-5,9.17
galatasaray,T1,SIRKECI,-4,-2.27
galatasaray,T1,SIRKECI,-3,32.24
galatasaray,T1,SIRKECI,-2,13.99
galatasaray,T1,SIRKECI,-1,-16.38
galatasaray,T1,SIRKECI,0,-25.4
galatasaray,T1,SIRKECI,1,-53.26
galatasaray,T1,SIRKECI,2,-45.59
galatasaray,T1,SIRKECI,3,-52.87
galatasaray,T1,SIRKECI,4,-28.05
galatasaray,T1,SIRKECI,5,-25.26
galatasaray,T1,SIRKECI,6,0.0
galatasaray,T1,SIRKECI,7,-1.78
galatasaray,T1,SIRKECI,8,-3.41
galatasaray,T1,SIRKECI,9,-30.9
galatasaray,T1,SIRKECI,10,-39.0
galatasaray,T1,SIRKECI,11,-15.43
galatasaray,T1,SIRKECI,12,51.88
galatasaray,T1,SOGANLI,-12,21.55
galatasaray,T1,SOGANLI,-11,23.64
galatasaray,T1,SOGANLI,-10,2.46
galatasaray,T1,SOGANLI,-9,-9.78
galatasaray,T1,SOGANLI,-8,-4.97
galatasaray,T1,SOGANLI,-7,-0.22
galatasaray,T1,SOGANLI,-6,4.85
galatasaray,T1,SOGANLI,-5,6.38
galatasaray,T1,SOGANLI,-4,9.8
galatasaray,T1,SOGANLI,-3,0.77
galatasaray,T1,SOGANLI,-2,7.78
galatasaray,T1,SOGANLI,-1,-8.15
galatasaray,T1,SOGANLI,0,-12.64
galatasaray,T1,SOGANLI,1,-23.25
galatasaray,T1,SOGANLI,2,-12.22
galatasaray,T1,SOGANLI,3,-5.12
galatasaray,T1,SOGANLI,4,-1.6
galatasaray,T1,SOGANLI,5,-1.3
galatasaray,T1,SOGANLI,7,-4.25
galatasaray,T1,SOGANLI,8,-20.94
galatasaray,T1,SOGANLI,9,-25.1
galatasaray,T1,SOGANLI,10,-15.21
galatasaray,T1,SOGANLI,11,24.93
galatasaray,T1,SOGANLI,12,38.56
galatasaray,T1,SULTANAHMET,-12,-6.31
galatasaray,T1,SULTANAHMET,-11,-9.42
galatasaray,T1,SULTANAHMET,-10,27.7
galatasaray,T1,SULTANAHMET,-9,29.52
galatasaray,T1,SULTANAHMET,-8,12.64
galatasaray,T1,SULTANAHMET,-7,32.57
galatasaray,T1,SULTANAHMET,-6,-32.54
galatasaray,T1,SULTANAHMET,-5,-41.42
galatasaray,T1,SULTANAHMET,-4,17.23
galatasaray,T1,SULTANAHMET,-3,44.58
galatasaray,T1,SULTANAHMET,-2,33.77
galatasaray,T1,SULTANAHMET,-1,-27.52
galatasaray,T1,SULTANAHMET,0,-28.67
galatasaray,T1,SULTANAHMET,1,-83.83
galatasaray,T1,SULTANAHMET,2,-52.47
galatasaray,T1,SULTANAHMET,3,-86.17
galatasaray,T1,SULTANAHMET,4,-47.31
galatasaray,T1,SULTANAHMET,5,-21.41
galatasaray,T1,SULTANAHMET,7,-0.01
galatasaray,T1,SULTANAHMET,8,-2.81
galatasaray,T1,SULTANAHMET,9,-5.55
galatasaray,T1,SULTANAHMET,10,-6.69
galatasaray,T1,SULTANAHMET,11,-8.37
galatasaray,T1,SULTANAHMET,12,-1.21
galatasaray,T1,TOPHANE,-12,-7.78
galatasaray,T1,TOPHANE,-11,-6.18
galatasaray,T1,TOPHANE,-10,4.53
galatasaray,T1,TOPHANE,-9,8.56
galatasaray,T1,TOPHANE,-8,9.96
galatasaray,T1,TOPHANE,-7,15.82
galatasaray,T1,TOPHANE,-6,19.73
galatasaray,T1,TOPHANE,-5,39.0
galatasaray,T1,TOPHANE,-4,38.33
galatasaray,T1,TOPHANE,-3,54.84
galatasaray,T1,TOPHANE,-2,36.95
galatasaray,T1,TOPHANE,-1,33.33
galatasaray,T1,TOPHANE,0,14.43
galatasaray,T1,TOPHANE,1,-9.12
galatasaray,T1,TOPHANE,2,-23.28
galatasaray,T1,TOPHANE,3,-35.85
galatasaray,T1,TOPHANE,4,-16.73
galatasaray,T1,TOPHANE,5,-20.85
galatasaray,T1,TOPHANE,7,-4.1
galatasaray,T1,TOPHANE,8,-4.87
galatasaray,T1,TOPHANE,9,-2.52
galatasaray,T1,TOPHANE,10,-4.95
galatasaray,T1,TOPHANE,11,-3.33
galatasaray,T1,TOPHANE,12,-1.84
galatasaray,T1,TOPKAPI,-12,31.0
galatasaray,T1,TOPKAPI,-11,57.11
galatasaray,T1,TOPKAPI,-10,38.86
galatasaray,T1,TOPKAPI,-9,14.53
galatasaray,T1,TOPKAPI,-8,11.08
galatasaray,T1,TOPKAPI,-7,-2.51
galatasaray,T1,TOPKAPI,-6,3.07
galatasaray,T1,TOPKAPI,-5,-8.0
galatasaray,T1,TOPKAPI,-4,-6.84
galatasaray,T1,TOPKAPI,-3,13.61
galatasaray,T1,TOPKAPI,-2,5.89
galatasaray,T1,TOPKAPI,-1,-0.58
galatasaray,T1,TOPKAPI,0,-0.86
galatasaray,T1,TOPKAPI,1,-16.78
galatasaray,T1,TOPKAPI,2,-19.74
galatasaray,T1,TOPKAPI,3,-10.58
galatasaray,T1,TOPKAPI,4,-10.24
galatasaray,T1,TOPKAPI,5,-3.99
galatasaray,T1,TOPKAPI,7,-0.13
galatasaray,T1,TOPKAPI,8,-5.86
galatasaray,T1,TOPKAPI,9,-19.4
galatasaray,T1,TOPKAPI,10,-25.06
galatasaray,T1,TOPKAPI,11,-1.35
galatasaray,T1,TOPKAPI,12,40.17
galatasaray,T1,YUSUFPASA,-12,20.06
galatasaray,T1,YUSUFPASA,-11,40.7
galatasaray,T1,YUSUFPASA,-10,10.39
galatasaray,T1,YUSUFPASA,-9,-6.33
galatasaray,T1,YUSUFPASA,-8,-16.26
galatasaray,T1,YUSUFPASA,-7,-17.38
galatasaray,T1,YUSUFPASA,-6,-9.42
galatasaray,T1,YUSUFPASA,-5,-21.55
galatasaray,T1,YUSUFPASA,-4,-2.83
galatasaray,T1,YUSUFPASA,-3,-13.53
galatasaray,T1,YUSUFPASA,-2,-19.9
galatasaray,T1,YUSUFPASA,-1,-33.08
galatasaray,T1,YUSUFPASA,0,-41.83
galatasaray,T1,YUSUFPASA,1,-49.21
galatasaray,T1,YUSUFPASA,2,-25.08
galatasaray,T1,YUSUFPASA,3,-19.63
galatasaray,T1,YUSUFPASA,4,-19.37
galatasaray,T1,YUSUFPASA,5,-9.6
galatasaray,T1,YUSUFPASA,7,0.54
galatasaray,T1,YUSUFPASA,8,-6.63
galatasaray,T1,YUSUFPASA,9,-7.14
galatasaray,T1,YUSUFPASA,10,-7.29
galatasaray,T1,YUSUFPASA,11,12.98
galatasaray,T1,YUSUFPASA,12,23.83
galatasaray,T1,ZEYTINBURNU,-12,38.97
galatasaray,T1,ZEYTINBURNU,-11,55.16
galatasaray,T1,ZEYTINBURNU,-10,6.32
galatasaray,T1,ZEYTINBURNU,-9,-23.46
galatasaray,T1,ZEYTINBURNU,-8,-24.46
galatasaray,T1,ZEYTINBURNU,-7,-8.62
galatasaray,T1,ZEYTINBURNU,-6,-33.68
galatasaray,T1,ZEYTINBURNU,-5,17.46
galatasaray,T1,ZEYTINBURNU,-4,33.76
galatasaray,T1,ZEYTINBURNU,-3,56.34
galatasaray,T1,ZEYTINBURNU,-2,58.92
galatasaray,T1,ZEYTINBURNU,-1,62.1
galatasaray,T1,ZEYTINBURNU,0,29.3
galatasaray,T1,ZEYTINBURNU,1,-36.56
galatasaray,T1,ZEYTINBURNU,2,-17.38
galatasaray,T1,ZEYTINBURNU,3,20.11
galatasaray,T1,ZEYTINBURNU,4,-24.09
galatasaray,T1,ZEYTINBURNU,5,-15.4
galatasaray,T1,ZEYTINBURNU,6,-37.89
galatasaray,T1,ZEYTINBURNU,7,-7.0
galatasaray,T1,ZEYTINBURNU,8,-20.49
galatasaray,T1,ZEYTINBURNU,9,-13.01
galatasaray,T1,ZEYTINBURNU,10,-22.6
galatasaray,T1,ZEYTINBURNU,11,-10.28
galatasaray,T1,ZEYTINBURNU,12,32.96
galatasaray,T4,ALI FUAT BASGIL,-12,111.17
galatasaray,T4,ALI FUAT BASGIL,-11,50.13
galatasaray,T4,ALI FUAT BASGIL,-10,9.3
galatasaray,T4,ALI FUAT BASGIL,-9,-2.26
galatasaray,T4,ALI FUAT BASGIL,-8,18.02
galatasaray,T4,ALI FUAT BASGIL,-7,-1.68
galatasaray,T4,ALI FUAT BASGIL,-6,11.35
galatasaray,T4,ALI FUAT BASGIL,-5,33.64
galatasaray,T4,ALI FUAT BASGIL,-4,18.96
galatasaray,T4,ALI FUAT BASGIL,-3,29.76
galatasaray,T4,ALI FUAT BASGIL,-2,52.19
galatasaray,T4,ALI FUAT BASGIL,-1,28.5
galatasaray,T4,ALI FUAT BASGIL,0,-7.08
galatasaray,T4,ALI FUAT BASGIL,1,-40.3
galatasaray,T4,ALI FUAT BASGIL,2,16.75
galatasaray,T4,ALI FUAT BASGIL,3,-7.76
galatasaray,T4,ALI FUAT BASGIL,4,-11.57
galatasaray,T4,ALI FUAT BASGIL,5,-11.04
galatasaray,T4,ALI FUAT BASGIL,6,-4.33
galatasaray,T4,ALI FUAT BASGIL,7,-17.59
galatasaray,T4,ALI FUAT BASGIL,8,-40.07
galatasaray,T4,ALI FUAT BASGIL,9,-57.83
galatasaray,T4,ALI FUAT BASGIL,10,-45.63
galatasaray,T4,ALI FUAT BASGIL,11,13.76
galatasaray,T4,ALI FUAT BASGIL,12,100.83
galatasaray,T4,BASTABYA,-12,34.75
galatasaray,T4,BASTABYA,-11,24.09
galatasaray,T4,BASTABYA,-10,4.91
galatasaray,T4,BASTABYA,-9,1.13
galatasaray,T4,BASTABYA,-8,-8.07
galatasaray,T4,BASTABYA,-7,-10.29
galatasaray,T4,BASTABYA,-6,-9.98
galatasaray,T4,BASTABYA,-5,8.15
galatasaray,T4,BASTABYA,-4,10.92
galatasaray,T4,BASTABYA,-3,-2.1
galatasaray,T4,BASTABYA,-2,3.74
galatasaray,T4,BASTABYA,-1,1.18
galatasaray,T4,BASTABYA,0,-4.43
galatasaray,T4,BASTABYA,1,-8.99
galatasaray,T4,BASTABYA,2,1.85
galatasaray,T4,BASTABYA,3,-1.41
galatasaray,T4,BASTABYA,4,-1.31
galatasaray,T4,BASTABYA,5,-0.72
galatasaray,T4,BASTABYA,7,-1.69
galatasaray,T4,BASTABYA,8,-19.35
galatasaray,T4,BASTABYA,9,-26.37
galatasaray,T4,BASTABYA,10,-17.09
galatasaray,T4,BASTABYA,11,7.48
galatasaray,T4,BASTABYA,12,41.87
galatasaray,T4,BEREC,-12,46.92
galatasaray,T4,BEREC,-11,31.51
galatasaray,T4,BEREC,-10,10.61
galatasaray,T4,BEREC,-9,20.9
galatasaray,T4,BEREC,-8,15.86
galatasaray,T4,BEREC,-7,27.06
galatasaray,T4,BEREC,-6,37.35
galatasaray,T4,BEREC,-5,17.85
galatasaray,T4,BEREC,-4,36.17
galatasaray,T4,BEREC,-3,27.92
galatasaray,T4,BEREC,-2,61.59
galatasaray,T4,BEREC,-1,59.54
galatasaray,T4,BEREC,0,44.71
galatasaray,T4,BEREC,1,-15.22
galatasaray,T4,BEREC,2,5.09
galatasaray,T4,BEREC,3,7.1
galatasaray,T4,BEREC,4,-0.95
galatasaray,T4,BEREC,5,-4.32
galatasaray,T4,BEREC,7,-3.95
galatasaray,T4,BEREC,8,-20.0
galatasaray,T4,BEREC,9,-24.92
galatasaray,T4,BEREC,10,-26.98
galatasaray,T4,BEREC,11,2.39
galatasaray,T4,BEREC,12,49.5
galatasaray,T4,CEBECI,-12,32.73
galatasaray,T4,CEBECI,-11,14.66
galatasaray,T4,CEBECI,-10,-2.49
galatasaray,T4,CEBECI,-9,-5.58
galatasaray,T4,CEBECI,-8,2.68
galatasaray,T4,CEBECI,-7,11.19
galatasaray,T4,CEBECI,-6,12.29
galatasaray,T4,CEBECI,-5,7.5
galatasaray,T4,CEBECI,-4,6.75
galatasaray,T4,CEBECI,-3,7.23
galatasaray,T4,CEBECI,-2,16.08
galatasaray,T4,CEBECI,-1,-1.66
galatasaray,T4,CEBECI,0,-1.95
galatasaray,T4,CEBECI,1,-10.41
galatasaray,T4,CEBECI,2,-0.19
galatasaray,T4,CEBECI,3,-1.77
galatasaray,T4,CEBECI,4,-2.92
galatasaray,T4,CEBECI,5,-1.67
galatasaray,T4,CEBECI,6,-0.67
galatasaray,T4,CEBECI,7,0.77
galatasaray,T4,CEBECI,8,-26.27
galatasaray,T4,CEBECI,9,-19.34
galatasaray,T4,CEBECI,10,-20.2
galatasaray,T4,CEBECI,11,18.88
galatasaray,T4,CEBECI,12,47.41
galatasaray,T4,CUKURCESME,-12,71.3
galatasaray,T4,CUKURCESME,-11,43.33
galatasaray,T4,CUKURCESME,-10,16.84
galatasaray,T4,CUKURCESME,-9,11.1
galatasaray,T4,CUKURCESME,-8,11.24
galatasaray,T4,CUKURCESME,-7,22.28
galatasaray,T4,CUKURCESME,-6,2.69
galatasaray,T4,CUKURCESME,-5,17.69
galatasaray,T4,CUKURCESME,-4,21.96
galatasaray,T4,CUKURCESME,-3,18.91
galatasaray,T4,CUKURCESME,-2,21.87
galatasaray,T4,CUKURCESME,-1,17.77
galatasaray,T4,CUKURCESME,0,-0.41
galatasaray,T4,CUKURCESME,1,-10.7
galatasaray,T4,CUKURCESME,2,5.72
galatasaray,T4,CUKURCESME,3,2.46
galatasaray,T4,CUKURCESME,4,0.23
galatasaray,T4,CUKURCESME,5,-2.39
galatasaray,T4,CUKURCESME,6,-3.6
galatasaray,T4,CUKURCESME,7,-3.9
galatasaray,T4,CUKURCESME,8,-30.47
galatasaray,T4,CUKURCESME,9,-35.7
galatasaray,T4,CUKURCESME,10,-34.92
galatasaray,T4,CUKURCESME,11,10.44
galatasaray,T4,CUKURCESME,12,63.52
galatasaray,T4,CUMHURIYET,-12,5.61
galatasaray,T4,CUMHURIYET,-11,7.53
galatasaray,T4,CUMHURIYET,-10,1.12
galatasaray,T4,CUMHURIYET,-9,-9.24
galatasaray,T4,CUMHURIYET,-8,-0.5
galatasaray,T4,CUMHURIYET,-7,2.42
galatasaray,T4,CUMHURIYET,-6,-2.77
galatasaray,T4,CUMHURIYET,-5,-1.98
galatasaray,T4,CUMHURIYET,-4,-2.59
galatasaray,T4,CUMHURIYET,-3,2.96
galatasaray,T4,CUMHURIYET,-2,-2.82
galatasaray,T4,CUMHURIYET,-1,1.15
galatasaray,T4,CUMHURIYET,0,2.78
galatasaray,T4,CUMHURIYET,1,-6.32
galatasaray,T4,CUMHURIYET,2,-1.78
galatasaray,T4,CUMHURIYET,3,-4.54
galatasaray,T4,CUMHURIYET,4,-2.6
galatasaray,T4,CUMHURIYET,5,-0.81
galatasaray,T4,CUMHURIYET,7,-1.59
galatasaray,T4,CUMHURIYET,8,-12.17
galatasaray,T4,CUMHURIYET,9,-16.77
galatasaray,T4,CUMHURIYET,10,-11.41
galatasaray,T4,CUMHURIYET,11,-4.02
galatasaray,T4,CUMHURIYET,12,15.86
galatasaray,T4,DEMIRKAPI,-12,13.37
galatasaray,T4,DEMIRKAPI,-11,12.98
galatasaray,T4,DEMIRKAPI,-10,10.54
galatasaray,T4,DEMIRKAPI,-9,7.37
galatasaray,T4,DEMIRKAPI,-8,2.62
galatasaray,T4,DEMIRKAPI,-7,1.55
galatasaray,T4,DEMIRKAPI,-6,-3.24
galatasaray,T4,DEMIRKAPI,-5,4.08
galatasaray,T4,DEMIRKAPI,-4,32.28
galatasaray,T4,DEMIRKAPI,-3,43.06
galatasaray,T4,DEMIRKAPI,-2,41.9
galatasaray,T4,DEMIRKAPI,-1,27.2
galatasaray,T4,DEMIRKAPI,0,8.92
galatasaray,T4,DEMIRKAPI,1,-8.97
galatasaray,T4,DEMIRKAPI,2,-1.3
galatasaray,T4,DEMIRKAPI,3,-4.83
galatasaray,T4,DEMIRKAPI,4,-6.15
galatasaray,T4,DEMIRKAPI,5,-1.63
galatasaray,T4,DEMIRKAPI,6,-3.82
galatasaray,T4,DEMIRKAPI,7,0.51
galatasaray,T4,DEMIRKAPI,8,0.58
galatasaray,T4,DEMIRKAPI,9,-2.24
galatasaray,T4,DEMIRKAPI,10,-2.09
galatasaray,T4,DEMIRKAPI,11,0.39
galatasaray,T4,DEMIRKAPI,12,10.94
galatasaray,T4,EDIRNEKAPI,-12,7.87
galatasaray,T4,EDIRNEKAPI,-11,11.1
galatasaray,T4,EDIRNEKAPI,-10,9.84
galatasaray,T4,EDIRNEKAPI,-9,6.74
galatasaray,T4,EDIRNEKAPI,-8,4.44
galatasaray,T4,EDIRNEKAPI,-7,6.93
galatasaray,T4,EDIRNEKAPI,-6,5.48
galatasaray,T4,EDIRNEKAPI,-5,0.37
galatasaray,T4,EDIRNEKAPI,-4,-9.93
galatasaray,T4,EDIRNEKAPI,-3,2.92
galatasaray,T4,EDIRNEKAPI,-2,12.07
galatasaray,T4,EDIRNEKAPI,-1,10.12
galatasaray,T4,EDIRNEKAPI,0,2.14
galatasaray,T4,EDIRNEKAPI,1,-4.93
galatasaray,T4,EDIRNEKAPI,2,-4.16
galatasaray,T4,EDIRNEKAPI,3,3.66
galatasaray,T4,EDIRNEKAPI,4,-6.0
galatasaray,T4,EDIRNEKAPI,5,-4.16
galatasaray,T4,EDIRNEKAPI,7,-0.29
galatasaray,T4,EDIRNEKAPI,8,-3.2
galatasaray,T4,EDIRNEKAPI,9,-3.34
galatasaray,T4,EDIRNEKAPI,10,-3.26
galatasaray,T4,EDIRNEKAPI,11,3.97
galatasaray,T4,EDIRNEKAPI,12,12.11
galatasaray,T4,FETIHKAPI,-12,6.23
galatasaray,T4,FETIHKAPI,-11,6.05
galatasaray,T4,FETIHKAPI,-10,0.0
galatasaray,T4,FETIHKAPI,-9,1.54
galatasaray,T4,FETIHKAPI,-8,-2.51
galatasaray,T4,FETIHKAPI,-7,-1.11
galatasaray,T4,FETIHKAPI,-6,0.36
galatasaray,T4,FETIHKAPI,-5,-4.5
galatasaray,T4,FETIHKAPI,-4,1.32
galatasaray,T4,FETIHKAPI,-3,18.37
galatasaray,T4,FETIHKAPI,-2,29.08
galatasaray,T4,FETIHKAPI,-1,12.99
galatasaray,T4,FETIHKAPI,0,3.5
galatasaray,T4,FETIHKAPI,1,-7.95
galatasaray,T4,FETIHKAPI,2,-0.18
galatasaray,T4,FETIHKAPI,3,-1.0
galatasaray,T4,FETIHKAPI,4,0.18
galatasaray,T4,FETIHKAPI,5,-1.28
galatasaray,T4,FETIHKAPI,7,-3.4
galatasaray,T4,FETIHKAPI,8,-0.57
galatasaray,T4,FETIHKAPI,9,-1.47
galatasaray,T4,FETIHKAPI,10,-4.24
galatasaray,T4,FETIHKAPI,11,3.51
galatasaray,T4,FETIHKAPI,12,9.53
galatasaray,T4,HACI SUKRU,-12,85.22
galatasaray,T4,HACI SUKRU,-11,44.59
galatasaray,T4,HACI SUKRU,-10,45.33
galatasaray,T4,HACI SUKRU,-9,45.87
galatasaray,T4,HACI SUKRU,-8,65.72
galatasaray,T4,HACI SUKRU,-7,74.91
galatasaray,T4,HACI SUKRU,-6,186.3
galatasaray,T4,HACI SUKRU,-5,184.88
galatasaray,T4,HACI SUKRU,-4,140.14
galatasaray,T4,HACI SUKRU,-3,122.42
galatasaray,T4,HACI SUKRU,-2,86.97
galatasaray,T4,HACI SUKRU,-1,-36.79
galatasaray,T4,HACI SUKRU,0,47.19
galatasaray,T4,HACI SUKRU,1,3.83
galatasaray,T4,HACI SUKRU,2,28.05
galatasaray,T4,HACI SUKRU,3,17.93
galatasaray,T4,HACI SUKRU,4,-4.92
galatasaray,T4,HACI SUKRU,5,-6.67
galatasaray,T4,HACI SUKRU,7,-4.23
galatasaray,T4,HACI SUKRU,8,-55.68
galatasaray,T4,HACI SUKRU,9,-76.98
galatasaray,T4,HACI SUKRU,10,-13.84
galatasaray,T4,HACI SUKRU,11,131.31
galatasaray,T4,HACI SUKRU,12,317.91
galatasaray,T4,HACISUKRU,-12,17.84
galatasaray,T4,HACISUKRU,-11,8.35
galatasaray,T4,HACISUKRU,-10,-12.99
galatasaray,T4,HACISUKRU,-9,-17.51
galatasaray,T4,HACISUKRU,-8,-33.13
galatasaray,T4,HACISUKRU,-7,-19.37
galatasaray,T4,HACISUKRU,-6,-26.71
galatasaray,T4,HACISUKRU,-5,-26.19
galatasaray,T4,HACISUKRU,-4,-8.48
galatasaray,T4,HACISUKRU,-3,0.28
galatasaray,T4,HACISUKRU,-2,7.55
galatasaray,T4,HACISUKRU,-1,-6.78
galatasaray,T4,HACISUKRU,0,-20.17
galatasaray,T4,HACISUKRU,1,-23.63
galatasaray,T4,HACISUKRU,2,-5.47
galatasaray,T4,HACISUKRU,3,-6.64
galatasaray,T4,HACISUKRU,4,-2.49
galatasaray,T4,HACISUKRU,5,-3.37
galatasaray,T4,HACISUKRU,7,-3.7
galatasaray,T4,HACISUKRU,8,-28.47
galatasaray,T4,HACISUKRU,9,-37.1
galatasaray,T4,HACISUKRU,10,-49.91
galatasaray,T4,HACISUKRU,11,-11.9
galatasaray,T4,HACISUKRU,12,18.57
galatasaray,T4,KARADENIZ MAHALLESI,-12,49.73
galatasaray,T4,KARADENIZ MAHALLESI,-11,24.51
galatasaray,T4,KARADENIZ MAHALLESI,-10,3.14
galatasaray,T4,KARADENIZ MAHALLESI,-9,-7.18
galatasaray,T4,KARADENIZ MAHALLESI,-8,0.95
galatasaray,T4,KARADENIZ MAHALLESI,-7,1.14
galatasaray,T4,KARADENIZ MAHALLESI,-6,3.4
galatasaray,T4,KARADENIZ MAHALLESI,-5,4.88
galatasaray,T4,KARADENIZ MAHALLESI,-4,-1.81
galatasaray,T4,KARADENIZ MAHALLESI,-3,8.44
galatasaray,T4,KARADENIZ MAHALLESI,-2,17.97
galatasaray,T4,KARADENIZ MAHALLESI,-1,7.16
galatasaray,T4,KARADENIZ MAHALLESI,0,-4.44
galatasaray,T4,KARADENIZ MAHALLESI,1,-11.61
galatasaray,T4,KARADENIZ MAHALLESI,2,0.52
galatasaray,T4,KARADENIZ MAHALLESI,3,-3.42
galatasaray,T4,KARADENIZ MAHALLESI,4,-2.98
galatasaray,T4,KARADENIZ MAHALLESI,5,-3.55
galatasaray,T4,KARADENIZ MAHALLESI,7,-6.25
galatasaray,T4,KARADENIZ MAHALLESI,8,-14.94
galatasaray,T4,KARADENIZ MAHALLESI,9,-25.03
galatasaray,T4,KARADENIZ MAHALLESI,10,-16.48
galatasaray,T4,KARADENIZ MAHALLESI,11,17.22
galatasaray,T4,KARADENIZ MAHALLESI,12,49.87
galatasaray,T4,KIPTAS VENEZIA,-12,-21.13
galatasaray,T4,KIPTAS VENEZIA,-11,8.05
galatasaray,T4,KIPTAS VENEZIA,-10,-6.44
galatasaray,T4,KIPTAS VENEZIA,-9,-4.69
galatasaray,T4,KIPTAS VENEZIA,-8,-8.03
galatasaray,T4,KIPTAS VENEZIA,-7,-2.81
galatasaray,T4,KIPTAS VENEZIA,-6,-23.21
galatasaray,T4,KIPTAS VENEZIA,-5,-22.42
galatasaray,T4,KIPTAS VENEZIA,-4,24.69
galatasaray,T4,KIPTAS VENEZIA,-3,71.18
galatasaray,T4,KIPTAS VENEZIA,-2,31.36
galatasaray,T4,KIPTAS VENEZIA,-1,11.06
galatasaray,T4,KIPTAS VENEZIA,0,-23.47
galatasaray,T4,KIPTAS VENEZIA,1,-56.74
galatasaray,T4,KIPTAS VENEZIA,2,-83.64
galatasaray,T4,KIPTAS VENEZIA,3,-61.19
galatasaray,T4,KIPTAS VENEZIA,4,-39.87
galatasaray,T4,KIPTAS VENEZIA,5,-4.95
galatasaray,T4,KIPTAS VENEZIA,7,-0.53
galatasaray,T4,KIPTAS VENEZIA,8,8.78
galatasaray,T4,KIPTAS VENEZIA,9,22.12
galatasaray,T4,KIPTAS VENEZIA,10,29.24
galatasaray,T4,KIPTAS VENEZIA,11,-19.86
galatasaray,T4,KIPTAS VENEZIA,12,-44.86
galatasaray,T4,MESCIDI SELAM,-12,50.35
galatasaray,T4,MESCIDI SELAM,-11,37.44
galatasaray,T4,MESCIDI SELAM,-10,-1.28
galatasaray,T4,MESCIDI SELAM,-9,-28.59
galatasaray,T4,MESCIDI SELAM,-8,-6.56
galatasaray,T4,MESCIDI SELAM,-7,9.72
galatasaray,T4,MESCIDI SELAM,-6,-25.14
galatasaray,T4,MESCIDI SELAM,-5,-7.75
galatasaray,T4,MESCIDI SELAM,-4,90.96
galatasaray,T4,MESCIDI SELAM,-3,48.19
galatasaray,T4,MESCIDI SELAM,-2,44.13
galatasaray,T4,MESCIDI SELAM,-1,4.0
galatasaray,T4,MESCIDI SELAM,0,10.75
galatasaray,T4,MESCIDI SELAM,1,-14.94
galatasaray,T4,MESCIDI SELAM,2,-14.45
galatasaray,T4,MESCIDI SELAM,3,-10.83
galatasaray,T4,MESCIDI SELAM,4,-6.72
galatasaray,T4,MESCIDI SELAM,5,-11.14
galatasaray,T4,MESCIDI SELAM,7,-6.47
galatasaray,T4,MESCIDI SELAM,8,-45.32
galatasaray,T4,MESCIDI SELAM,9,-18.94
galatasaray,T4,MESCIDI SELAM,10,-24.9
galatasaray,T4,MESCIDI SELAM,11,39.88
galatasaray,T4,MESCIDI SELAM,12,84.64
galatasaray,T4,METRIS,-12,0.12
galatasaray,T4,METRIS,-11,20.4
galatasaray,T4,METRIS,-10,-9.19
galatasaray,T4,METRIS,-9,1.86
galatasaray,T4,METRIS,-8,-27.13
galatasaray,T4,METRIS,-7,-85.36
galatasaray,T4,METRIS,-6,-93.91
galatasaray,T4,METRIS,-5,-109.5
galatasaray,T4,METRIS,-4,-133.71
galatasaray,T4,METRIS,-3,-130.55
galatasaray,T4,METRIS,-2,-175.94
galatasaray,T4,METRIS,-1,-140.01
galatasaray,T4,METRIS,0,-197.56
galatasaray,T4,METRIS,1,-135.12
galatasaray,T4,METRIS,2,-48.12
galatasaray,T4,METRIS,3,18.05
galatasaray,T4,METRIS,4,37.18
galatasaray,T4,METRIS,5,-5.22
galatasaray,T4,METRIS,6,-4.25
galatasaray,T4,METRIS,9,-1.1
galatasaray,T4,METRIS,10,0.29
galatasaray,T4,METRIS,11,3.11
galatasaray,T4,METRIS,12,-11.42
galatasaray,T4,RAMI,-12,27.35
galatasaray,T4,RAMI,-11,18.29
galatasaray,T4,RAMI,-10,11.17
galatasaray,T4,RAMI,-9,2.34
galatasaray,T4,RAMI,-8,1.17
galatasaray,T4,RAMI,-7,-7.13
galatasaray,T4,RAMI,-6,-22.45
galatasaray,T4,RAMI,-5,55.73
galatasaray,T4,RAMI,-4,122.62
galatasaray,T4,RAMI,-3,74.25
galatasaray,T4,RAMI,-2,70.39
galatasaray,T4,RAMI,-1,56.66
galatasaray,T4,RAMI,0,26.87
galatasaray,T4,RAMI,1,0.51
galatasaray,T4,RAMI,2,10.99
galatasaray,T4,RAMI,3,3.02
galatasaray,T4,RAMI,4,-0.1
galatasaray,T4,RAMI,5,-3.29
galatasaray,T4,RAMI,7,0.38
galatasaray,T4,RAMI,8,-8.12
galatasaray,T4,RAMI,9,-9.11
galatasaray,T4,RAMI,10,-5.58
galatasaray,T4,RAMI,11,3.22
galatasaray,T4,RAMI,12,23.76
galatasaray,T4,SAGMALCILAR,-12,58.24
galatasaray,T4,SAGMALCILAR,-11,28.99
galatasaray,T4,SAGMALCILAR,-10,4.56
galatasaray,T4,SAGMALCILAR,-9,8.91
galatasaray,T4,SAGMALCILAR,-8,5.71
galatasaray,T4,SAGMALCILAR,-7,6.75
galatasaray,T4,SAGMALCILAR,-6,-5.07
galatasaray,T4,SAGMALCILAR,-5,44.05
galatasaray,T4,SAGMALCILAR,-4,41.4
galatasaray,T4,SAGMALCILAR,-3,22.86
galatasaray,T4,SAGMALCILAR,-2,26.09
galatasaray,T4,SAGMALCILAR,-1,12.08
galatasaray,T4,SAGMALCILAR,0,2.99
galatasaray,T4,SAGMALCILAR,1,-9.37
galatasaray,T4,SAGMALCILAR,2,-5.37
galatasaray,T4,SAGMALCILAR,3,-1.71
galatasaray,T4,SAGMALCILAR,4,-0.91
galatasaray,T4,SAGMALCILAR,5,-0.66
galatasaray,T4,SAGMALCILAR,7,-0.8
galatasaray,T4,SAGMALCILAR,8,-19.98
galatasaray,T4,SAGMALCILAR,9,-30.08
galatasaray,T4,SAGMALCILAR,10,-22.3
galatasaray,T4,SAGMALCILAR,11,7.08
galatasaray,T4,SAGMALCILAR,12,43.51
galatasaray,T4,SEHITLIK,-12,23.04
galatasaray,T4,SEHITLIK,-11,22.02
galatasaray,T4,SEHITLIK,-10,18.0
galatasaray,T4,SEHITLIK,-9,10.19
galatasaray,T4,SEHITLIK,-8,3.86
galatasaray,T4,SEHITLIK,-7,12.28
galatasaray,T4,SEHITLIK,-6,15.91
galatasaray,T4,SEHITLIK,-5,2.79
galatasaray,T4,SEHITLIK,-4,34.15
galatasaray,T4,SEHITLIK,-3,75.9
galatasaray,T4,SEHITLIK,-2,71.18
galatasaray,T4,SEHITLIK,-1,77.16
galatasaray,T4,SEHITLIK,0,43.91
galatasaray,T4,SEHITLIK,1,-2.48
galatasaray,T4,SEHITLIK,2,7.47
galatasaray,T4,SEHITLIK,3,26.48
galatasaray,T4,SEHITLIK,4,-0.82
galatasaray,T4,SEHITLIK,5,-12.5
galatasaray,T4,SEHITLIK,7,0.07
galatasaray,T4,SEHITLIK,8,-7.94
galatasaray,T4,SEHITLIK,9,-5.93
galatasaray,T4,SEHITLIK,10,-7.62
galatasaray,T4,SEHITLIK,11,-1.9
galatasaray,T4,SEHITLIK,12,11.15
galatasaray,T4,SULTANCIFTLIGI,-12,70.93
galatasaray,T4,SULTANCIFTLIGI,-11,38.03
galatasaray,T4,SULTANCIFTLIGI,-10,-7.57
galatasaray,T4,SULTANCIFTLIGI,-9,-3.68
galatasaray,T4,SULTANCIFTLIGI,-8,8.52
galatasaray,T4,SULTANCIFTLIGI,-7,25.85
galatasaray,T4,SULTANCIFTLIGI,-6,22.25
galatasaray,T4,SULTANCIFTLIGI,-5,11.47
galatasaray,T4,SULTANCIFTLIGI,-4,17.66
galatasaray,T4,SULTANCIFTLIGI,-3,29.28
galatasaray,T4,SULTANCIFTLIGI,-2,45.21
galatasaray,T4,SULTANCIFTLIGI,-1,20.98
galatasaray,T4,SULTANCIFTLIGI,0,8.31
galatasaray,T4,SULTANCIFTLIGI,1,-21.33
galatasaray,T4,SULTANCIFTLIGI,2,0.34
galatasaray,T4,SULTANCIFTLIGI,3,-6.44
galatasaray,T4,SULTANCIFTLIGI,4,-12.43
galatasaray,T4,SULTANCIFTLIGI,5,-6.47
galatasaray,T4,SULTANCIFTLIGI,6,-1.63
galatasaray,T4,SULTANCIFTLIGI,7,-3.97
galatasaray,T4,SULTANCIFTLIGI,8,-27.43
galatasaray,T4,SULTANCIFTLIGI,9,-50.07
galatasaray,T4,SULTANCIFTLIGI,10,-37.77
galatasaray,T4,SULTANCIFTLIGI,11,31.12
galatasaray,T4,SULTANCIFTLIGI,12,89.98
galatasaray,T4,T4 KIPTAS VENEZIA,-12,84.2
galatasaray,T4,T4 KIPTAS VENEZIA,-11,52.48
galatasaray,T4,T4 KIPTAS VENEZIA,-10,11.53
galatasaray,T4,T4 KIPTAS VENEZIA,-9,9.51
galatasaray,T4,T4 KIPTAS VENEZIA,-8,27.04
galatasaray,T4,T4 KIPTAS VENEZIA,-7,19.09
galatasaray,T4,T4 KIPTAS VENEZIA,-6,19.33
galatasaray,T4,T4 KIPTAS VENEZIA,-5,35.02
galatasaray,T4,T4 KIPTAS VENEZIA,-4,59.97
galatasaray,T4,T4 KIPTAS VENEZIA,-3,39.03
galatasaray,T4,T4 KIPTAS VENEZIA,-2,23.85
galatasaray,T4,T4 KIPTAS VENEZIA,-1,115.11
galatasaray,T4,T4 KIPTAS VENEZIA,0,65.4
galatasaray,T4,T4 KIPTAS VENEZIA,1,-20.77
galatasaray,T4,T4 KIPTAS VENEZIA,2,-33.04
galatasaray,T4,T4 KIPTAS VENEZIA,3,47.94
galatasaray,T4,T4 KIPTAS VENEZIA,4,-1.41
galatasaray,T4,T4 KIPTAS VENEZIA,5,-6.97
galatasaray,T4,T4 KIPTAS VENEZIA,8,-23.7
galatasaray,T4,T4 KIPTAS VENEZIA,9,-13.16
galatasaray,T4,T4 KIPTAS VENEZIA,10,-10.6
galatasaray,T4,T4 KIPTAS VENEZIA,11,23.11
galatasaray,T4,T4 KIPTAS VENEZIA,12,91.35
galatasaray,T4,TASKOPRU,-12,87.61
galatasaray,T4,TASKOPRU,-11,35.92
galatasaray,T4,TASKOPRU,-10,8.52
galatasaray,T4,TASKOPRU,-9,8.28
galatasaray,T4,TASKOPRU,-8,-6.16
galatasaray,T4,TASKOPRU,-7,14.76
galatasaray,T4,TASKOPRU,-6,12.88
galatasaray,T4,TASKOPRU,-5,17.77
galatasaray,T4,TASKOPRU,-4,22.33
galatasaray,T4,TASKOPRU,-3,16.22
galatasaray,T4,TASKOPRU,-2,21.19
galatasaray,T4,TASKOPRU,-1,21.55
galatasaray,T4,TASKOPRU,0,-4.18
galatasaray,T4,TASKOPRU,1,-15.19
galatasaray,T4,TASKOPRU,2,4.57
galatasaray,T4,TASKOPRU,3,0.33
galatasaray,T4,TASKOPRU,4,-4.93
galatasaray,T4,TASKOPRU,5,-4.31
galatasaray,T4,TASKOPRU,7,-6.59
galatasaray,T4,TASKOPRU,8,-29.16
galatasaray,T4,TASKOPRU,9,-39.68
galatasaray,T4,TASKOPRU,10,-36.61
galatasaray,T4,TASKOPRU,11,17.21
galatasaray,T4,TASKOPRU,12,80.11
galatasaray,T4,TOPCULAR,-12,6.66
galatasaray,T4,TOPCULAR,-11,13.76
galatasaray,T4,TOPCULAR,-10,12.14
galatasaray,T4,TOPCULAR,-9,7.61
galatasaray,T4,TOPCULAR,-8,2.47
galatasaray,T4,TOPCULAR,-7,4.53
galatasaray,T4,TOPCULAR,-6,3.28
galatasaray,T4,TOPCULAR,-5,2.13
galatasaray,T4,TOPCULAR,-4,11.13
galatasaray,T4,TOPCULAR,-3,35.65
galatasaray,T4,TOPCULAR,-2,39.59
galatasaray,T4,TOPCULAR,-1,27.18
galatasaray,T4,TOPCULAR,0,4.22
galatasaray,T4,TOPCULAR,1,-1.93
galatasaray,T4,TOPCULAR,2,4.22
galatasaray,T4,TOPCULAR,3,1.57
galatasaray,T4,TOPCULAR,4,-0.43
galatasaray,T4,TOPCULAR,5,-1.16
galatasaray,T4,TOPCULAR,7,-1.71
galatasaray,T4,TOPCULAR,8,-1.07
galatasaray,T4,TOPCULAR,9,-3.12
galatasaray,T4,TOPCULAR,10,-4.4
galatasaray,T4,TOPCULAR,11,0.47
galatasaray,T4,TOPCULAR,12,6.66
galatasaray,T4,TOPKAPI,-12,29.73
galatasaray,T4,TOPKAPI,-11,19.13
galatasaray,T4,TOPKAPI,-10,8.01
galatasaray,T4,TOPKAPI,-9,14.33
galatasaray,T4,TOPKAPI,-8,10.43
galatasaray,T4,TOPKAPI,-7,11.34
galatasaray,T4,TOPKAPI,-6,30.63
galatasaray,T4,TOPKAPI,-5,39.03
galatasaray,T4,TOPKAPI,-4,46.41
galatasaray,T4,TOPKAPI,-3,93.51
galatasaray,T4,TOPKAPI,-2,95.0
galatasaray,T4,TOPKAPI,-1,55.68
galatasaray,T4,TOPKAPI,0,-13.04
galatasaray,T4,TOPKAPI,1,-40.96
galatasaray,T4,TOPKAPI,2,-37.67
galatasaray,T4,TOPKAPI,3,-41.29
galatasaray,T4,TOPKAPI,4,-27.88
galatasaray,T4,TOPKAPI,5,-18.47
galatasaray,T4,TOPKAPI,7,-5.21
galatasaray,T4,TOPKAPI,8,-7.07
galatasaray,T4,TOPKAPI,9,-7.25
galatasaray,T4,TOPKAPI,10,-8.07
galatasaray,T4,TOPKAPI,11,0.49
galatasaray,T4,TOPKAPI,12,23.22
galatasaray,T4,VATAN,-12,27.96
galatasaray,T4,VATAN,-11,25.93
galatasaray,T4,VATAN,-10,14.44
galatasaray,T4,VATAN,-9,8.97
galatasaray,T4,VATAN,-8,8.29
galatasaray,T4,VATAN,-7,5.36
galatasaray,T4,VATAN,-6,-3.96
galatasaray,T4,VATAN,-5,3.31
galatasaray,T4,VATAN,-4,25.8
galatasaray,T4,VATAN,-3,49.33
galatasaray,T4,VATAN,-2,65.98
galatasaray,T4,VATAN,-1,57.41
galatasaray,T4,VATAN,0,18.25
galatasaray,T4,VATAN,1,-0.39
galatasaray,T4,VATAN,2,2.0
galatasaray,T4,VATAN,3,-3.55
galatasaray,T4,VATAN,4,-15.59
galatasaray,T4,VATAN,5,-7.32
galatasaray,T4,VATAN,7,-3.31
galatasaray,T4,VATAN,8,-6.33
galatasaray,T4,VATAN,9,-4.68
galatasaray,T4,VATAN,10,-7.31
galatasaray,T4,VATAN,11,1.83
galatasaray,T4,VATAN,12,23.54
galatasaray,T4,YENIMAHALLE,-12,69.98
galatasaray,T4,YENIMAHALLE,-11,41.17
galatasaray,T4,YENIMAHALLE,-10,-2.06
galatasaray,T4,YENIMAHALLE,-9,-7.73
galatasaray,T4,YENIMAHALLE,-8,17.92
galatasaray,T4,YENIMAHALLE,-7,-5.42
galatasaray,T4,YENIMAHALLE,-6,5.41
galatasaray,T4,YENIMAHALLE,-5,37.24
galatasaray,T4,YENIMAHALLE,-4,5.76
galatasaray,T4,YENIMAHALLE,-3,-3.95
galatasaray,T4,YENIMAHALLE,-2,48.65
galatasaray,T4,YENIMAHALLE,-1,-1.18
galatasaray,T4,YENIMAHALLE,0,8.98
galatasaray,T4,YENIMAHALLE,1,-18.78
galatasaray,T4,YENIMAHALLE,2,-6.03
galatasaray,T4,YENIMAHALLE,3,-2.59
galatasaray,T4,YENIMAHALLE,4,-1.64
galatasaray,T4,YENIMAHALLE,5,-4.48
galatasaray,T4,YENIMAHALLE,6,-5.38
galatasaray,T4,YENIMAHALLE,7,-5.23
galatasaray,T4,YENIMAHALLE,8,-39.04
galatasaray,T4,YENIMAHALLE,9,-48.17
galatasaray,T4,YENIMAHALLE,10,-33.25
galatasaray,T4,YENIMAHALLE,11,27.7
galatasaray,T4,YENIMAHALLE,12,78.42
galatasaray,T5,ALIBEYKOY,-12,55.25
galatasaray,T5,ALIBEYKOY,-11,37.13
galatasaray,T5,ALIBEYKOY,-10,32.48
galatasaray,T5,ALIBEYKOY,-9,24.37
galatasaray,T5,ALIBEYKOY,-8,22.43
galatasaray,T5,ALIBEYKOY,-7,35.05
galatasaray,T5,ALIBEYKOY,-6,24.8
galatasaray,T5,ALIBEYKOY,-5,33.55
galatasaray,T5,ALIBEYKOY,-4,22.72
galatasaray,T5,ALIBEYKOY,-3,26.79
galatasaray,T5,ALIBEYKOY,-2,16.12
galatasaray,T5,ALIBEYKOY,-1,10.48
galatasaray,T5,ALIBEYKOY,0,5.36
galatasaray,T5,ALIBEYKOY,1,-0.32
galatasaray,T5,ALIBEYKOY,2,-5.32
galatasaray,T5,ALIBEYKOY,3,-1.43
galatasaray,T5,ALIBEYKOY,4,-1.92
galatasaray,T5,ALIBEYKOY,5,-1.83
galatasaray,T5,ALIBEYKOY,6,-1.62
galatasaray,T5,ALIBEYKOY,7,-8.01
galatasaray,T5,ALIBEYKOY,8,-22.91
galatasaray,T5,ALIBEYKOY,9,-18.79
galatasaray,T5,ALIBEYKOY,10,-4.34
galatasaray,T5,ALIBEYKOY,11,18.74
galatasaray,T5,ALIBEYKOY,12,44.79
galatasaray,T5,ALIBEYKOY METRO,-12,102.66
galatasaray,T5,ALIBEYKOY METRO,-11,53.37
galatasaray,T5,ALIBEYKOY METRO,-10,19.97
galatasaray,T5,ALIBEYKOY METRO,-9,17.31
galatasaray,T5,ALIBEYKOY METRO,-8,22.89
galatasaray,T5,ALIBEYKOY METRO,-7,22.25
galatasaray,T5,ALIBEYKOY METRO,-6,26.27
galatasaray,T5,ALIBEYKOY METRO,-5,20.04
galatasaray,T5,ALIBEYKOY METRO,-4,39.41
galatasaray,T5,ALIBEYKOY METRO,-3,21.73
galatasaray,T5,ALIBEYKOY METRO,-2,12.89
galatasaray,T5,ALIBEYKOY METRO,-1,2.5
galatasaray,T5,ALIBEYKOY METRO,0,-6.37
galatasaray,T5,ALIBEYKOY METRO,1,-8.25
galatasaray,T5,ALIBEYKOY METRO,2,1.2
galatasaray,T5,ALIBEYKOY METRO,3,19.19
galatasaray,T5,ALIBEYKOY METRO,4,3.97
galatasaray,T5,ALIBEYKOY METRO,5,-3.32
galatasaray,T5,ALIBEYKOY METRO,6,-4.91
galatasaray,T5,ALIBEYKOY METRO,7,0.79
galatasaray,T5,ALIBEYKOY METRO,8,-17.49
galatasaray,T5,ALIBEYKOY METRO,9,-40.34
galatasaray,T5,ALIBEYKOY METRO,10,-35.57
galatasaray,T5,ALIBEYKOY METRO,11,2.25
galatasaray,T5,ALIBEYKOY METRO,12,81.74
galatasaray,T5,AYVANSARAY,-12,13.92
galatasaray,T5,AYVANSARAY,-11,10.48
galatasaray,T5,AYVANSARAY,-10,6.77
galatasaray,T5,AYVANSARAY,-9,4.15
galatasaray,T5,AYVANSARAY,-8,20.64
galatasaray,T5,AYVANSARAY,-7,24.98
galatasaray,T5,AYVANSARAY,-6,15.74
galatasaray,T5,AYVANSARAY,-5,7.57
galatasaray,T5,AYVANSARAY,-4,19.82
galatasaray,T5,AYVANSARAY,-3,17.3
galatasaray,T5,AYVANSARAY,-2,11.93
galatasaray,T5,AYVANSARAY,-1,1.55
galatasaray,T5,AYVANSARAY,0,-0.08
galatasaray,T5,AYVANSARAY,1,-12.18
galatasaray,T5,AYVANSARAY,2,-4.56
galatasaray,T5,AYVANSARAY,3,-6.08
galatasaray,T5,AYVANSARAY,4,-2.34
galatasaray,T5,AYVANSARAY,5,-2.21
galatasaray,T5,AYVANSARAY,6,-2.33
galatasaray,T5,AYVANSARAY,7,-1.54
galatasaray,T5,AYVANSARAY,8,4.13
galatasaray,T5,AYVANSARAY,9,-1.91
galatasaray,T5,AYVANSARAY,10,-0.31
galatasaray,T5,AYVANSARAY,11,6.45
galatasaray,T5,AYVANSARAY,12,12.66
galatasaray,T5,BALAT,-12,30.13
galatasaray,T5,BALAT,-11,25.24
galatasaray,T5,BALAT,-10,16.78
galatasaray,T5,BALAT,-9,15.89
galatasaray,T5,BALAT,-8,6.55
galatasaray,T5,BALAT,-7,28.06
galatasaray,T5,BALAT,-6,28.08
galatasaray,T5,BALAT,-5,26.57
galatasaray,T5,BALAT,-4,29.3
galatasaray,T5,BALAT,-3,33.95
galatasaray,T5,BALAT,-2,35.17
galatasaray,T5,BALAT,-1,21.04
galatasaray,T5,BALAT,0,1.63
galatasaray,T5,BALAT,1,-4.31
galatasaray,T5,BALAT,2,-1.7
galatasaray,T5,BALAT,3,-1.2
galatasaray,T5,BALAT,4,-3.78
galatasaray,T5,BALAT,5,-2.8
galatasaray,T5,BALAT,7,-1.83
galatasaray,T5,BALAT,8,7.44
galatasaray,T5,BALAT,9,0.52
galatasaray,T5,BALAT,10,2.3
galatasaray,T5,BALAT,11,15.16
galatasaray,T5,BALAT,12,33.12
galatasaray,T5,CEP OTOGAR,-12,44.15
galatasaray,T5,CEP OTOGAR,-11,24.37
galatasaray,T5,CEP OTOGAR,-10,6.34
galatasaray,T5,CEP OTOGAR,-9,3.62
galatasaray,T5,CEP OTOGAR,-8,-0.6
galatasaray,T5,CEP OTOGAR,-7,-14.55
galatasaray,T5,CEP OTOGAR,-6,-15.71
galatasaray,T5,CEP OTOGAR,-5,90.54
galatasaray,T5,CEP OTOGAR,-4,43.94
galatasaray,T5,CEP OTOGAR,-3,18.87
galatasaray,T5,CEP OTOGAR,-2,13.1
galatasaray,T5,CEP OTOGAR,-1,3.73
galatasaray,T5,CEP OTOGAR,0,-0.77
galatasaray,T5,CEP OTOGAR,1,-0.75
galatasaray,T5,CEP OTOGAR,2,0.46
galatasaray,T5,CEP OTOGAR,3,0.35
galatasaray,T5,CEP OTOGAR,4,-1.63
galatasaray,T5,CEP OTOGAR,5,-6.31
galatasaray,T5,CEP OTOGAR,7,0.08
galatasaray,T5,CEP OTOGAR,8,-9.44
galatasaray,T5,CEP OTOGAR,9,-16.83
galatasaray,T5,CEP OTOGAR,10,-8.03
galatasaray,T5,CEP OTOGAR,11,17.08
galatasaray,T5,CEP OTOGAR,12,41.52
galatasaray,T5,CIBALI,-12,0.76
galatasaray,T5,CIBALI,-11,2.54
galatasaray,T5,CIBALI,-10,-2.26
galatasaray,T5,CIBALI,-9,-3.58
galatasaray,T5,CIBALI,-8,-0.71
galatasaray,T5,CIBALI,-7,4.28
galatasaray,T5,CIBALI,-6,-9.48
galatasaray,T5,CIBALI,-5,-26.77
galatasaray,T5,CIBALI,-4,-21.81
galatasaray,T5,CIBALI,-3,-12.61
galatasaray,T5,CIBALI,-2,-104.07
galatasaray,T5,CIBALI,-1,-97.16
galatasaray,T5,CIBALI,0,-53.37
galatasaray,T5,CIBALI,1,-37.02
galatasaray,T5,CIBALI,2,-9.61
galatasaray,T5,CIBALI,3,-24.9
galatasaray,T5,CIBALI,4,-13.11
galatasaray,T5,CIBALI,5,-10.62
galatasaray,T5,CIBALI,6,-27.2
galatasaray,T5,CIBALI,7,0.59
galatasaray,T5,CIBALI,8,0.05
galatasaray,T5,CIBALI,9,-0.49
galatasaray,T5,CIBALI,10,1.22
galatasaray,T5,CIBALI,11,0.16
galatasaray,T5,CIBALI,12,0.48
galatasaray,T5,EMINONU,-12,-10.3
galatasaray,T5,EMINONU,-11,-25.42
galatasaray,T5,EMINONU,-10,-17.31
galatasaray,T5,EMINONU,-9,-18.37
galatasaray,T5,EMINONU,-8,-24.22
galatasaray,T5,EMINONU,-7,4.86
galatasaray,T5,EMINONU,-6,-60.15
galatasaray,T5,EMINONU,-5,-34.68
galatasaray,T5,EMINONU,-4,-106.36
galatasaray,T5,EMINONU,-3,-38.45
galatasaray,T5,EMINONU,-2,24.43
galatasaray,T5,EMINONU,-1,-77.78
galatasaray,T5,EMINONU,0,-116.75
galatasaray,T5,EMINONU,1,-118.43
galatasaray,T5,EMINONU,2,-96.89
galatasaray,T5,EMINONU,3,-78.9
galatasaray,T5,EMINONU,4,-36.0
galatasaray,T5,EMINONU,5,-24.25
galatasaray,T5,EMINONU,6,0.0
galatasaray,T5,EMINONU,7,3.78
galatasaray,T5,EMINONU,8,2.87
galatasaray,T5,EMINONU,9,-13.44
galatasaray,T5,EMINONU,10,-16.69
galatasaray,T5,EMINONU,11,-17.35
galatasaray,T5,EMINONU,12,-30.52
galatasaray,T5,EYUP DEVLET HASTANESI,-12,26.63
galatasaray,T5,EYUP DEVLET HASTANESI,-11,11.99
galatasaray,T5,EYUP DEVLET HASTANESI,-10,8.37
galatasaray,T5,EYUP DEVLET HASTANESI,-9,5.41
galatasaray,T5,EYUP DEVLET HASTANESI,-8,12.2
galatasaray,T5,EYUP DEVLET HASTANESI,-7,13.41
galatasaray,T5,EYUP DEVLET HASTANESI,-6,9.39
galatasaray,T5,EYUP DEVLET HASTANESI,-5,12.33
galatasaray,T5,EYUP DEVLET HASTANESI,-4,20.6
galatasaray,T5,EYUP DEVLET HASTANESI,-3,7.61
galatasaray,T5,EYUP DEVLET HASTANESI,-2,4.91
galatasaray,T5,EYUP DEVLET HASTANESI,-1,1.63
galatasaray,T5,EYUP DEVLET HASTANESI,0,-8.2
galatasaray,T5,EYUP DEVLET HASTANESI,1,-6.63
galatasaray,T5,EYUP DEVLET HASTANESI,2,-4.5
galatasaray,T5,EYUP DEVLET HASTANESI,3,5.98
galatasaray,T5,EYUP DEVLET HASTANESI,4,-5.41
galatasaray,T5,EYUP DEVLET HASTANESI,5,-3.0
galatasaray,T5,EYUP DEVLET HASTANESI,7,-4.55
galatasaray,T5,EYUP DEVLET HASTANESI,8,-10.79
galatasaray,T5,EYUP DEVLET HASTANESI,9,-11.62
galatasaray,T5,EYUP DEVLET HASTANESI,10,-9.35
galatasaray,T5,EYUP DEVLET HASTANESI,11,8.16
galatasaray,T5,EYUP DEVLET HASTANESI,12,27.92
galatasaray,T5,EYUP TELEFERIK,-12,24.79
galatasaray,T5,EYUP TELEFERIK,-11,7.76
galatasaray,T5,EYUP TELEFERIK,-10,7.91
galatasaray,T5,EYUP TELEFERIK,-9,4.77
galatasaray,T5,EYUP TELEFERIK,-8,0.89
galatasaray,T5,EYUP TELEFERIK,-7,-1.54
galatasaray,T5,EYUP TELEFERIK,-6,5.56
galatasaray,T5,EYUP TELEFERIK,-5,26.02
galatasaray,T5,EYUP TELEFERIK,-4,19.02
galatasaray,T5,EYUP TELEFERIK,-3,22.18
galatasaray,T5,EYUP TELEFERIK,-2,27.14
galatasaray,T5,EYUP TELEFERIK,-1,13.09
galatasaray,T5,EYUP TELEFERIK,0,1.9
galatasaray,T5,EYUP TELEFERIK,1,-10.17
galatasaray,T5,EYUP TELEFERIK,2,-12.94
galatasaray,T5,EYUP TELEFERIK,3,-20.99
galatasaray,T5,EYUP TELEFERIK,4,-9.07
galatasaray,T5,EYUP TELEFERIK,5,-7.81
galatasaray,T5,EYUP TELEFERIK,7,-0.02
galatasaray,T5,EYUP TELEFERIK,8,-0.38
galatasaray,T5,EYUP TELEFERIK,9,-12.58
galatasaray,T5,EYUP TELEFERIK,10,-13.02
galatasaray,T5,EYUP TELEFERIK,11,-1.22
galatasaray,T5,EYUP TELEFERIK,12,18.21
galatasaray,T5,FENER,-12,30.13
galatasaray,T5,FENER,-11,26.19
galatasaray,T5,FENER,-10,18.38
galatasaray,T5,FENER,-9,11.77
galatasaray,T5,FENER,-8,25.26
galatasaray,T5,FENER,-7,25.37
galatasaray,T5,FENER,-6,21.62
galatasaray,T5,FENER,-5,28.67
galatasaray,T5,FENER,-4,33.42
galatasaray,T5,FENER,-3,36.59
galatasaray,T5,FENER,-2,26.43
galatasaray,T5,FENER,-1,14.34
galatasaray,T5,FENER,0,3.69
galatasaray,T5,FENER,1,-7.29
galatasaray,T5,FENER,2,-2.3
galatasaray,T5,FENER,3,-4.83
galatasaray,T5,FENER,4,-4.23
galatasaray,T5,FENER,5,-3.85
galatasaray,T5,FENER,6,
galatasaray,T5,FENER,7,0.87
galatasaray,T5,FENER,8,4.47
galatasaray,T5,FENER,9,-8.2
galatasaray,T5,FENER,10,-2.66
galatasaray,T5,FENER,11,12.46
galatasaray,T5,FENER,12,28.11
galatasaray,T5,FESHANE,-12,14.74
galatasaray,T5,FESHANE,-11,9.49
galatasaray,T5,FESHANE,-10,11.6
galatasaray,T5,FESHANE,-9,0.81
galatasaray,T5,FESHANE,-8,11.25
galatasaray,T5,FESHANE,-7,10.44
galatasaray,T5,FESHANE,-6,20.6
galatasaray,T5,FESHANE,-5,29.15
galatasaray,T5,FESHANE,-4,32.73
galatasaray,T5,FESHANE,-3,48.62
galatasaray,T5,FESHANE,-2,42.87
galatasaray,T5,FESHANE,-1,23.24
galatasaray,T5,FESHANE,0,4.3
galatasaray,T5,FESHANE,1,-16.87
galatasaray,T5,FESHANE,2,-25.49
galatasaray,T5,FESHANE,3,-22.12
galatasaray,T5,FESHANE,4,-13.66
galatasaray,T5,FESHANE,5,-8.89
galatasaray,T5,FESHANE,7,0.21
galatasaray,T5,FESHANE,8,0.11
galatasaray,T5,FESHANE,9,-6.3
galatasaray,T5,FESHANE,10,-6.84
galatasaray,T5,FESHANE,11,-1.87
galatasaray,T5,FESHANE,12,10.5
galatasaray,T5,KUCUKPAZAR,-12,7.34
galatasaray,T5,KUCUKPAZAR,-11,5.73
galatasaray,T5,KUCUKPAZAR,-10,-2.47
galatasaray,T5,KUCUKPAZAR,-9,-2.31
galatasaray,T5,KUCUKPAZAR,-8,-6.14
galatasaray,T5,KUCUKPAZAR,-7,4.19
galatasaray,T5,KUCUKPAZAR,-6,12.15
galatasaray,T5,KUCUKPAZAR,-5,13.58
galatasaray,T5,KUCUKPAZAR,-4,5.84
galatasaray,T5,KUCUKPAZAR,-3,19.37
galatasaray,T5,KUCUKPAZAR,-2,15.41
galatasaray,T5,KUCUKPAZAR,-1,6.93
galatasaray,T5,KUCUKPAZAR,0,-5.07
galatasaray,T5,KUCUKPAZAR,1,-19.01
galatasaray,T5,KUCUKPAZAR,2,7.3
galatasaray,T5,KUCUKPAZAR,3,26.59
galatasaray,T5,KUCUKPAZAR,4,-0.15
galatasaray,T5,KUCUKPAZAR,5,-6.52
galatasaray,T5,KUCUKPAZAR,6,-2.5
galatasaray,T5,KUCUKPAZAR,7,0.56
galatasaray,T5,KUCUKPAZAR,8,-2.0
galatasaray,T5,KUCUKPAZAR,9,-0.68
galatasaray,T5,KUCUKPAZAR,10,-4.89
galatasaray,T5,KUCUKPAZAR,11,-11.95
galatasaray,T5,KUCUKPAZAR,12,-10.24
galatasaray,T5,SILAHTARAGA,-12,49.33
galatasaray,T5,SILAHTARAGA,-11,23.17
galatasaray,T5,SILAHTARAGA,-10,5.26
galatasaray,T5,SILAHTARAGA,-9,1.59
galatasaray,T5,SILAHTARAGA,-8,16.14
galatasaray,T5,SILAHTARAGA,-7,5.61
galatasaray,T5,SILAHTARAGA,-6,8.65
galatasaray,T5,SILAHTARAGA,-5,23.01
galatasaray,T5,SILAHTARAGA,-4,14.5
galatasaray,T5,SILAHTARAGA,-3,13.89
galatasaray,T5,SILAHTARAGA,-2,14.41
galatasaray,T5,SILAHTARAGA,-1,6.0
galatasaray,T5,SILAHTARAGA,0,-2.7
galatasaray,T5,SILAHTARAGA,1,-5.22
galatasaray,T5,SILAHTARAGA,2,-0.73
galatasaray,T5,SILAHTARAGA,3,18.14
galatasaray,T5,SILAHTARAGA,4,0.99
galatasaray,T5,SILAHTARAGA,5,-1.46
galatasaray,T5,SILAHTARAGA,6,
galatasaray,T5,SILAHTARAGA,7,-1.51
galatasaray,T5,SILAHTARAGA,8,-8.68
galatasaray,T5,SILAHTARAGA,9,-19.29
galatasaray,T5,SILAHTARAGA,10,-16.13
galatasaray,T5,SILAHTARAGA,11,3.0
galatasaray,T5,SILAHTARAGA,12,41.93
galatasaray,T5,UNIVERSITE,-12,43.89
galatasaray,T5,UNIVERSITE,-11,22.34
galatasaray,T5,UNIVERSITE,-10,7.97
galatasaray,T5,UNIVERSITE,-9,1.6
galatasaray,T5,UNIVERSITE,-8,10.87
galatasaray,T5,UNIVERSITE,-7,12.13
galatasaray,T5,UNIVERSITE,-6,14.84
galatasaray,T5,UNIVERSITE,-5,22.52
galatasaray,T5,UNIVERSITE,-4,18.61
galatasaray,T5,UNIVERSITE,-3,18.37
galatasaray,T5,UNIVERSITE,-2,30.21
galatasaray,T5,UNIVERSITE,-1,20.6
galatasaray,T5,UNIVERSITE,0,2.47
galatasaray,T5,UNIVERSITE,1,-2.15
galatasaray,T5,UNIVERSITE,2,0.21
galatasaray,T5,UNIVERSITE,3,4.85
galatasaray,T5,UNIVERSITE,4,8.49
galatasaray,T5,UNIVERSITE,5,9.12
galatasaray,T5,UNIVERSITE,7,-0.23
galatasaray,T5,UNIVERSITE,8,-4.33
galatasaray,T5,UNIVERSITE,9,-14.39
galatasaray,T5,UNIVERSITE,10,-20.71
galatasaray,T5,UNIVERSITE,11,-1.16
galatasaray,T5,UNIVERSITE,12,36.46
galatasaray,TCDD-GH,ARNAVUTKOY,-12,2.1
galatasaray,TCDD-GH,ARNAVUTKOY,-11,4.9
galatasaray,TCDD-GH,ARNAVUTKOY,-10,4.99
galatasaray,TCDD-GH,ARNAVUTKOY,-9,-1.09
galatasaray,TCDD-GH,ARNAVUTKOY,-8,18.0
galatasaray,TCDD-GH,ARNAVUTKOY,-7,3.4
galatasaray,TCDD-GH,ARNAVUTKOY,-6,8.38
galatasaray,TCDD-GH,ARNAVUTKOY,-5,-1.33
galatasaray,TCDD-GH,ARNAVUTKOY,-4,11.34
galatasaray,TCDD-GH,ARNAVUTKOY,-3,24.61
galatasaray,TCDD-GH,ARNAVUTKOY,-2,-6.16
galatasaray,TCDD-GH,ARNAVUTKOY,-1,-13.75
galatasaray,TCDD-GH,ARNAVUTKOY,0,-9.62
galatasaray,TCDD-GH,ARNAVUTKOY,1,-4.73
galatasaray,TCDD-GH,ARNAVUTKOY,2,1.31
galatasaray,TCDD-GH,ARNAVUTKOY,3,-9.95
galatasaray,TCDD-GH,ARNAVUTKOY,4,-9.54
galatasaray,TCDD-GH,ARNAVUTKOY,7,11.14
galatasaray,TCDD-GH,ARNAVUTKOY,8,24.39
galatasaray,TCDD-GH,ARNAVUTKOY,9,-13.08
galatasaray,TCDD-GH,ARNAVUTKOY,10,-14.03
galatasaray,TCDD-GH,ARNAVUTKOY,11,-5.83
galatasaray,TCDD-GH,ARNAVUTKOY,12,40.17
galatasaray,TCDD-GH,GAYRETTEPE,-12,-14.09
galatasaray,TCDD-GH,GAYRETTEPE,-11,-8.37
galatasaray,TCDD-GH,GAYRETTEPE,-10,-50.17
galatasaray,TCDD-GH,GAYRETTEPE,-9,-24.92
galatasaray,TCDD-GH,GAYRETTEPE,-8,-22.02
galatasaray,TCDD-GH,GAYRETTEPE,-7,-25.08
galatasaray,TCDD-GH,GAYRETTEPE,-6,-44.54
galatasaray,TCDD-GH,GAYRETTEPE,-5,-27.46
galatasaray,TCDD-GH,GAYRETTEPE,-4,-28.71
galatasaray,TCDD-GH,GAYRETTEPE,-3,-44.69
galatasaray,TCDD-GH,GAYRETTEPE,-2,-66.33
galatasaray,TCDD-GH,GAYRETTEPE,-1,-16.24
galatasaray,TCDD-GH,GAYRETTEPE,0,-34.94
galatasaray,TCDD-GH,GAYRETTEPE,1,-42.49
galatasaray,TCDD-GH,GAYRETTEPE,2,7.12
galatasaray,TCDD-GH,GAYRETTEPE,3,29.47
galatasaray,TCDD-GH,GAYRETTEPE,4,-5.46
galatasaray,TCDD-GH,GAYRETTEPE,5,0.23
galatasaray,TCDD-GH,GAYRETTEPE,7,3.83
galatasaray,TCDD-GH,GAYRETTEPE,8,13.38
galatasaray,TCDD-GH,GAYRETTEPE,9,0.9
galatasaray,TCDD-GH,GAYRETTEPE,10,-26.55
galatasaray,TCDD-GH,GAYRETTEPE,11,-43.64
galatasaray,TCDD-GH,GAYRETTEPE,12,-23.18
galatasaray,TCDD-GH,GOKTURK,-12,7.16
galatasaray,TCDD-GH,GOKTURK,-11,-1.86
galatasaray,TCDD-GH,GOKTURK,-10,-3.16
galatasaray,TCDD-GH,GOKTURK,-9,-7.56
galatasaray,TCDD-GH,GOKTURK,-8,1.88
galatasaray,TCDD-GH,GOKTURK,-7,3.13
galatasaray,TCDD-GH,GOKTURK,-6,0.77
galatasaray,TCDD-GH,GOKTURK,-5,1.69
galatasaray,TCDD-GH,GOKTURK,-4,-3.88
galatasaray,TCDD-GH,GOKTURK,-3,9.95
galatasaray,TCDD-GH,GOKTURK,-2,9.69
galatasaray,TCDD-GH,GOKTURK,-1,3.31
galatasaray,TCDD-GH,GOKTURK,0,-1.36
galatasaray,TCDD-GH,GOKTURK,1,-5.99
galatasaray,TCDD-GH,GOKTURK,2,-1.21
galatasaray,TCDD-GH,GOKTURK,3,-5.4
galatasaray,TCDD-GH,GOKTURK,4,-4.8
galatasaray,TCDD-GH,GOKTURK,5,-3.13
galatasaray,TCDD-GH,GOKTURK,6,-1.12
galatasaray,TCDD-GH,GOKTURK,7,0.14
galatasaray,TCDD-GH,GOKTURK,8,-7.57
galatasaray,TCDD-GH,GOKTURK,9,-6.41
galatasaray,TCDD-GH,GOKTURK,10,-5.01
galatasaray,TCDD-GH,GOKTURK,11,-0.94
galatasaray,TCDD-GH,GOKTURK,12,9.92
galatasaray,TCDD-GH,HASDAL,-12,-0.08
galatasaray,TCDD-GH,HASDAL,-11,5.55
galatasaray,TCDD-GH,HASDAL,-10,8.9
galatasaray,TCDD-GH,HASDAL,-9,4.79
galatasaray,TCDD-GH,HASDAL,-8,5.8
galatasaray,TCDD-GH,HASDAL,-7,4.11
galatasaray,TCDD-GH,HASDAL,-6,-0.15
galatasaray,TCDD-GH,HASDAL,-5,-1.42
galatasaray,TCDD-GH,HASDAL,-4,0.07
galatasaray,TCDD-GH,HASDAL,-3,-0.34
galatasaray,TCDD-GH,HASDAL,-2,0.66
galatasaray,TCDD-GH,HASDAL,-1,-0.05
galatasaray,TCDD-GH,HASDAL,0,0.95
galatasaray,TCDD-GH,HASDAL,1,-0.31
galatasaray,TCDD-GH,HASDAL,2,-0.04
galatasaray,TCDD-GH,HASDAL,3,0.59
galatasaray,TCDD-GH,HASDAL,4,-0.05
galatasaray,TCDD-GH,HASDAL,5,0.22
galatasaray,TCDD-GH,HASDAL,7,-1.11
galatasaray,TCDD-GH,HASDAL,8,0.75
galatasaray,TCDD-GH,HASDAL,9,-0.21
galatasaray,TCDD-GH,HASDAL,10,0.1
galatasaray,TCDD-GH,HASDAL,11,-0.2
galatasaray,TCDD-GH,HASDAL,12,1.07
galatasaray,TCDD-GH,HAVALIMANI,-12,-7.86
galatasaray,TCDD-GH,HAVALIMANI,-11,-4.33
galatasaray,TCDD-GH,HAVALIMANI,-10,-17.28
galatasaray,TCDD-GH,HAVALIMANI,-9,-26.09
galatasaray,TCDD-GH,HAVALIMANI,-8,5.7
galatasaray,TCDD-GH,HAVALIMANI,-7,-9.06
galatasaray,TCDD-GH,HAVALIMANI,-6,-2.3
galatasaray,TCDD-GH,HAVALIMANI,-5,17.91
galatasaray,TCDD-GH,HAVALIMANI,-4,-2.57
galatasaray,TCDD-GH,HAVALIMANI,-3,-9.28
galatasaray,TCDD-GH,HAVALIMANI,-2,-17.37
galatasaray,TCDD-GH,HAVALIMANI,-1,2.58
galatasaray,TCDD-GH,HAVALIMANI,0,1.86
galatasaray,TCDD-GH,HAVALIMANI,1,-12.51
galatasaray,TCDD-GH,HAVALIMANI,2,-15.67
galatasaray,TCDD-GH,HAVALIMANI,3,1.74
galatasaray,TCDD-GH,HAVALIMANI,4,2.71
galatasaray,TCDD-GH,HAVALIMANI,5,-2.14
galatasaray,TCDD-GH,HAVALIMANI,6,-3.01
galatasaray,TCDD-GH,HAVALIMANI,7,11.17
galatasaray,TCDD-GH,HAVALIMANI,8,24.85
galatasaray,TCDD-GH,HAVALIMANI,9,-9.32
galatasaray,TCDD-GH,HAVALIMANI,10,-12.59
galatasaray,TCDD-GH,HAVALIMANI,11,-6.47
galatasaray,TCDD-GH,HAVALIMANI,12,3.55
galatasaray,TCDD-GH,HAVALIMANI   (KARGO TERMINALI),-12,3.19
galatasaray,TCDD-GH,HAVALIMANI   (KARGO TERMINALI),-11,0.87
galatasaray,TCDD-GH,HAVALIMANI   (KARGO TERMINALI),-10,-1.33
galatasaray,TCDD-GH,HAVALIMANI   (KARGO TERMINALI),-9,1.99
galatasaray,TCDD-GH,HAVALIMANI   (KARGO TERMINALI),-8,-0.71
galatasaray,TCDD-GH,HAVALIMANI   (KARGO TERMINALI),-7,-1.1
galatasaray,TCDD-GH,HAVALIMANI   (KARGO TERMINALI),-6,-0.57
galatasaray,TCDD-GH,HAVALIMANI   (KARGO TERMINALI),-5,-0.92
galatasaray,TCDD-GH,HAVALIMANI   (KARGO TERMINALI),-4,11.31
galatasaray,TCDD-GH,HAVALIMANI   (KARGO TERMINALI),-3,7.91
galatasaray,TCDD-GH,HAVALIMANI   (KARGO TERMINALI),-2,4.21
galatasaray,TCDD-GH,HAVALIMANI   (KARGO TERMINALI),-1,0.62
galatasaray,TCDD-GH,HAVALIMANI   (KARGO TERMINALI),0,0.6
galatasaray,TCDD-GH,HAVALIMANI   (KARGO TERMINALI),1,-0.42
galatasaray,TCDD-GH,HAVALIMANI   (KARGO TERMINALI),2,-0.7
galatasaray,TCDD-GH,HAVALIMANI   (KARGO TERMINALI),3,0.08
galatasaray,TCDD-GH,HAVALIMANI   (KARGO TERMINALI),4,-0.62
galatasaray,TCDD-GH,HAVALIMANI   (KARGO TERMINALI),5,-0.04
galatasaray,TCDD-GH,HAVALIMANI   (KARGO TERMINALI),6,0.0
galatasaray,TCDD-GH,HAVALIMANI   (KARGO TERMINALI),7,-0.52
galatasaray,TCDD-GH,HAVALIMANI   (KARGO TERMINALI),8,1.95
galatasaray,TCDD-GH,HAVALIMANI   (KARGO TERMINALI),9,0.72
galatasaray,TCDD-GH,HAVALIMANI   (KARGO TERMINALI),10,0.27
galatasaray,TCDD-GH,HAVALIMANI   (KARGO TERMINALI),11,1.01
galatasaray,TCDD-GH,HAVALIMANI   (KARGO TERMINALI),12,1.84
galatasaray,TCDD-GH,HAVALIMANI (KARGO TERMINALI ),-12,0.18
galatasaray,TCDD-GH,HAVALIMANI (KARGO TERMINALI ),-11,-1.8
galatasaray,TCDD-GH,HAVALIMANI (KARGO TERMINALI ),-10,-3.65
galatasaray,TCDD-GH,HAVALIMANI (KARGO TERMINALI ),-9,0.53
galatasaray,TCDD-GH,HAVALIMANI (KARGO TERMINALI ),-8,-2.83
galatasaray,TCDD-GH,HAVALIMANI (KARGO TERMINALI ),-7,-5.63
galatasaray,TCDD-GH,HAVALIMANI (KARGO TERMINALI ),-6,-1.18
galatasaray,TCDD-GH,HAVALIMANI (KARGO TERMINALI ),-5,-4.49
galatasaray,TCDD-GH,HAVALIMANI (KARGO TERMINALI ),-4,26.89
galatasaray,TCDD-GH,HAVALIMANI (KARGO TERMINALI ),-3,-6.49
galatasaray,TCDD-GH,HAVALIMANI (KARGO TERMINALI ),-2,5.65
galatasaray,TCDD-GH,HAVALIMANI (KARGO TERMINALI ),-1,-3.36
galatasaray,TCDD-GH,HAVALIMANI (KARGO TERMINALI ),0,0.22
galatasaray,TCDD-GH,HAVALIMANI (KARGO TERMINALI ),1,0.13
galatasaray,TCDD-GH,HAVALIMANI (KARGO TERMINALI ),2,-7.5
galatasaray,TCDD-GH,HAVALIMANI (KARGO TERMINALI ),3,2.58
galatasaray,TCDD-GH,HAVALIMANI (KARGO TERMINALI ),4,0.86
galatasaray,TCDD-GH,HAVALIMANI (KARGO TERMINALI ),5,-0.33
galatasaray,TCDD-GH,HAVALIMANI (KARGO TERMINALI ),7,-2.27
galatasaray,TCDD-GH,HAVALIMANI (KARGO TERMINALI ),8,-0.21
galatasaray,TCDD-GH,HAVALIMANI (KARGO TERMINALI ),9,-2.03
galatasaray,TCDD-GH,HAVALIMANI (KARGO TERMINALI ),10,-2.89
galatasaray,TCDD-GH,HAVALIMANI (KARGO TERMINALI ),11,2.1
galatasaray,TCDD-GH,HAVALIMANI (KARGO TERMINALI ),12,-0.51
galatasaray,TCDD-GH,IHSANIYE,-12,4.29
galatasaray,TCDD-GH,IHSANIYE,-11,7.75
galatasaray,TCDD-GH,IHSANIYE,-10,-1.81
galatasaray,TCDD-GH,IHSANIYE,-9,2.37
galatasaray,TCDD-GH,IHSANIYE,-8,-0.53
galatasaray,TCDD-GH,IHSANIYE,-7,-0.95
galatasaray,TCDD-GH,IHSANIYE,-6,-1.92
galatasaray,TCDD-GH,IHSANIYE,-5,-2.48
galatasaray,TCDD-GH,IHSANIYE,-4,2.47
galatasaray,TCDD-GH,IHSANIYE,-3,1.28
galatasaray,TCDD-GH,IHSANIYE,-2,0.85
galatasaray,TCDD-GH,IHSANIYE,-1,-0.63
galatasaray,TCDD-GH,IHSANIYE,0,-3.14
galatasaray,TCDD-GH,IHSANIYE,1,-3.39
galatasaray,TCDD-GH,IHSANIYE,2,0.63
galatasaray,TCDD-GH,IHSANIYE,3,-0.05
galatasaray,TCDD-GH,IHSANIYE,4,-0.47
galatasaray,TCDD-GH,IHSANIYE,5,0.1
galatasaray,TCDD-GH,IHSANIYE,6,-0.6
galatasaray,TCDD-GH,IHSANIYE,7,0.6
galatasaray,TCDD-GH,IHSANIYE,8,-2.56
galatasaray,TCDD-GH,IHSANIYE,9,-2.35
galatasaray,TCDD-GH,IHSANIYE,10,0.22
galatasaray,TCDD-GH,IHSANIYE,11,9.9
galatasaray,TCDD-GH,IHSANIYE,12,4.73
galatasaray,TCDD-GH,KAGITHANE,-12,67.31
galatasaray,TCDD-GH,KAGITHANE,-11,51.38
galatasaray,TCDD-GH,KAGITHANE,-10,17.52
galatasaray,TCDD-GH,KAGITHANE,-9,19.43
galatasaray,TCDD-GH,KAGITHANE,-8,11.93
galatasaray,TCDD-GH,KAGITHANE,-7,10.76
galatasaray,TCDD-GH,KAGITHANE,-6,8.81
galatasaray,TCDD-GH,KAGITHANE,-5,15.31
galatasaray,TCDD-GH,KAGITHANE,-4,26.25
galatasaray,TCDD-GH,KAGITHANE,-3,31.38
galatasaray,TCDD-GH,KAGITHANE,-2,22.99
galatasaray,TCDD-GH,KAGITHANE,-1,25.43
galatasaray,TCDD-GH,KAGITHANE,0,16.92
galatasaray,TCDD-GH,KAGITHANE,1,9.62
galatasaray,TCDD-GH,KAGITHANE,2,7.4
galatasaray,TCDD-GH,KAGITHANE,3,32.33
galatasaray,TCDD-GH,KAGITHANE,4,6.99
galatasaray,TCDD-GH,KAGITHANE,5,-1.73
galatasaray,TCDD-GH,KAGITHANE,6,-5.12
galatasaray,TCDD-GH,KAGITHANE,7,8.95
galatasaray,TCDD-GH,KAGITHANE,8,12.7
galatasaray,TCDD-GH,KAGITHANE,9,7.97
galatasaray,TCDD-GH,KAGITHANE,10,0.11
galatasaray,TCDD-GH,KAGITHANE,11,30.92
galatasaray,TCDD-GH,KAGITHANE,12,45.71
galatasaray,TCDD-GH,KEMERBURGAZ,-12,-1.42
galatasaray,TCDD-GH,KEMERBURGAZ,-11,-0.1
galatasaray,TCDD-GH,KEMERBURGAZ,-10,-2.15
galatasaray,TCDD-GH,KEMERBURGAZ,-9,-3.57
galatasaray,TCDD-GH,KEMERBURGAZ,-8,-7.72
galatasaray,TCDD-GH,KEMERBURGAZ,-7,-2.03
galatasaray,TCDD-GH,KEMERBURGAZ,-6,2.17
galatasaray,TCDD-GH,KEMERBURGAZ,-5,31.26
galatasaray,TCDD-GH,KEMERBURGAZ,-4,23.47
galatasaray,TCDD-GH,KEMERBURGAZ,-3,14.38
galatasaray,TCDD-GH,KEMERBURGAZ,-2,10.89
galatasaray,TCDD-GH,KEMERBURGAZ,-1,5.24
galatasaray,TCDD-GH,KEMERBURGAZ,0,-1.37
galatasaray,TCDD-GH,KEMERBURGAZ,1,-1.51
galatasaray,TCDD-GH,KEMERBURGAZ,2,-0.81
galatasaray,TCDD-GH,KEMERBURGAZ,3,-2.83
galatasaray,TCDD-GH,KEMERBURGAZ,4,-2.25
galatasaray,TCDD-GH,KEMERBURGAZ,5,-1.23
galatasaray,TCDD-GH,KEMERBURGAZ,8,-6.05
galatasaray,TCDD-GH,KEMERBURGAZ,9,-3.57
galatasaray,TCDD-GH,KEMERBURGAZ,10,-3.66
galatasaray,TCDD-GH,KEMERBURGAZ,11,-1.09
galatasaray,TCDD-GH,KEMERBURGAZ,12,5.94
galatasaray,TCDD-GH,TASOLUK,-12,-6.38
galatasaray,TCDD-GH,TASOLUK,-11,3.7
galatasaray,TCDD-GH,TASOLUK,-10,9.49
galatasaray,TCDD-GH,TASOLUK,-9,6.32
galatasaray,TCDD-GH,TASOLUK,-8,12.24
galatasaray,TCDD-GH,TASOLUK,-7,7.6
galatasaray,TCDD-GH,TASOLUK,-6,-1.15
galatasaray,TCDD-GH,TASOLUK,-5,1.39
galatasaray,TCDD-GH,TASOLUK,-4,5.98
galatasaray,TCDD-GH,TASOLUK,-3,1.12
galatasaray,TCDD-GH,TASOLUK,-2,-1.54
galatasaray,TCDD-GH,TASOLUK,-1,-5.7
galatasaray,TCDD-GH,TASOLUK,0,-2.55
galatasaray,TCDD-GH,TASOLUK,1,-4.99
galatasaray,TCDD-GH,TASOLUK,2,2.33
galatasaray,TCDD-GH,TASOLUK,3,-7.37
galatasaray,TCDD-GH,TASOLUK,4,-0.72
galatasaray,TCDD-GH,TASOLUK,5,-0.6
galatasaray,TCDD-GH,TASOLUK,7,-1.48
galatasaray,TCDD-GH,TASOLUK,8,5.7
galatasaray,TCDD-GH,TASOLUK,9,-4.29
galatasaray,TCDD-GH,TASOLUK,10,-1.43
galatasaray,TCDD-GH,TASOLUK,11,-2.6
galatasaray,TCDD-GH,TASOLUK,12,7.73
galatasaray,TCDD-HB,ALTINSEHIR,-7,
galatasaray,TCDD-HB,ALTINSEHIR,-2,
galatasaray,TCDD-HB,ALTINSEHIR,-1,
galatasaray,TCDD-HB,BAHCESEHIR,-12,0.29
galatasaray,TCDD-HB,BAHCESEHIR,-7,1.0
galatasaray,TCDD-HB,BAHCESEHIR,-6,0.0
galatasaray,TCDD-HB,BAHCESEHIR,-4,4.63
galatasaray,TCDD-HB,BAHCESEHIR,-3,3.29
galatasaray,TCDD-HB,BAHCESEHIR,-2,-1.58
galatasaray,TCDD-HB,BAHCESEHIR,-1,0.45
galatasaray,TCDD-HB,BAHCESEHIR,0,2.59
galatasaray,TCDD-HB,BAHCESEHIR,2,-0.33
galatasaray,TCDD-HB,BAHCESEHIR,8,-29.94
galatasaray,TCDD-HB,BAHCESEHIR,9,-13.69
galatasaray,TCDD-HB,BAHCESEHIR,10,0.63
galatasaray,TCDD-HB,BAHCESEHIR,11,3.18
galatasaray,TCDD-HB,BAHCESEHIR,12,8.14
galatasaray,TCDD-HB,HALKALI,-11,-9.0
galatasaray,TCDD-HB,HALKALI,-5,-9.67
galatasaray,TCDD-HB,HALKALI,-4,-12.81
galatasaray,TCDD-HB,HALKALI,-3,-20.71
galatasaray,TCDD-HB,HALKALI,-2,21.28
galatasaray,TCDD-HB,HALKALI,-1,13.2
galatasaray,TCDD-HB,HALKALI,8,0.48
galatasaray,TCDD-HB,HALKALI,9,0.21
galatasaray,TCDD-HB,HALKALI,10,-0.09
galatasaray,TCDD-HB,HALKALI,11,-0.18
galatasaray,TCDD-HB,ISPARTAKULE,-12,0.08
galatasaray,TCDD-HB,ISPARTAKULE,-7,0.0
galatasaray,TCDD-HB,ISPARTAKULE,-3,-0.23
galatasaray,TCDD-HB,ISPARTAKULE,-2,-1.0
galatasaray,TCDD-HB,ISPARTAKULE,-1,-0.06
galatasaray,TCDD-HB,ISPARTAKULE,8,-0.62
galatasaray,TCDD-HB,ISPARTAKULE,9,-0.86
galatasaray,TCDD-HB,ISPARTAKULE,10,-1.62
galatasaray,TCDD-HB,ISPARTAKULE,11,-1.17
galatasaray,TCDD-HB,ISPARTAKULE,12,1.68
galatasaray,TCDD-SK,CANKURTARAN,-12,-4.39
galatasaray,TCDD-SK,CANKURTARAN,-11,-1.95
galatasaray,TCDD-SK,CANKURTARAN,-10,2.68
galatasaray,TCDD-SK,CANKURTARAN,-9,3.82
galatasaray,TCDD-SK,CANKURTARAN,-8,-3.0
galatasaray,TCDD-SK,CANKURTARAN,-7,3.67
galatasaray,TCDD-SK,CANKURTARAN,-6,11.3
galatasaray,TCDD-SK,CANKURTARAN,-5,-18.53
galatasaray,TCDD-SK,CANKURTARAN,-4,0.84
galatasaray,TCDD-SK,CANKURTARAN,-3,-8.84
galatasaray,TCDD-SK,CANKURTARAN,-2,-1.53
galatasaray,TCDD-SK,CANKURTARAN,-1,-4.04
galatasaray,TCDD-SK,CANKURTARAN,0,5.37
galatasaray,TCDD-SK,CANKURTARAN,1,-6.87
galatasaray,TCDD-SK,CANKURTARAN,2,-3.47
galatasaray,TCDD-SK,CANKURTARAN,3,-2.24
galatasaray,TCDD-SK,CANKURTARAN,4,-4.61
galatasaray,TCDD-SK,CANKURTARAN,8,2.96
galatasaray,TCDD-SK,CANKURTARAN,9,-4.52
galatasaray,TCDD-SK,CANKURTARAN,10,-0.75
galatasaray,TCDD-SK,CANKURTARAN,11,-1.28
galatasaray,TCDD-SK,CANKURTARAN,12,-1.15
galatasaray,TCDD-SK,CERRAHPASA,-12,-5.59
galatasaray,TCDD-SK,CERRAHPASA,-11,1.8
galatasaray,TCDD-SK,CERRAHPASA,-10,-2.34
galatasaray,TCDD-SK,CERRAHPASA,-9,4.18
galatasaray,TCDD-SK,CERRAHPASA,-8,4.31
galatasaray,TCDD-SK,CERRAHPASA,-7,1.76
galatasaray,TCDD-SK,CERRAHPASA,-6,11.51
galatasaray,TCDD-SK,CERRAHPASA,-5,27.33
galatasaray,TCDD-SK,CERRAHPASA,-4,23.57
galatasaray,TCDD-SK,CERRAHPASA,-3,18.54
galatasaray,TCDD-SK,CERRAHPASA,-2,18.46
galatasaray,TCDD-SK,CERRAHPASA,-1,9.6
galatasaray,TCDD-SK,CERRAHPASA,0,0.9
galatasaray,TCDD-SK,CERRAHPASA,1,5.82
galatasaray,TCDD-SK,CERRAHPASA,2,4.72
galatasaray,TCDD-SK,CERRAHPASA,3,-4.32
galatasaray,TCDD-SK,CERRAHPASA,4,-1.67
galatasaray,TCDD-SK,CERRAHPASA,7,-1.27
galatasaray,TCDD-SK,CERRAHPASA,8,-4.56
galatasaray,TCDD-SK,CERRAHPASA,9,-0.94
galatasaray,TCDD-SK,CERRAHPASA,10,-3.16
galatasaray,TCDD-SK,CERRAHPASA,11,4.73
galatasaray,TCDD-SK,CERRAHPASA,12,6.38
galatasaray,TCDD-SK,KAZLICESME,-12,2.41
galatasaray,TCDD-SK,KAZLICESME,-11,14.57
galatasaray,TCDD-SK,KAZLICESME,-10,15.51
galatasaray,TCDD-SK,KAZLICESME,-9,4.2
galatasaray,TCDD-SK,KAZLICESME,-8,80.79
galatasaray,TCDD-SK,KAZLICESME,-7,31.34
galatasaray,TCDD-SK,KAZLICESME,-6,18.19
galatasaray,TCDD-SK,KAZLICESME,-5,23.2
galatasaray,TCDD-SK,KAZLICESME,-4,22.69
galatasaray,TCDD-SK,KAZLICESME,-3,17.59
galatasaray,TCDD-SK,KAZLICESME,-2,19.69
galatasaray,TCDD-SK,KAZLICESME,-1,14.32
galatasaray,TCDD-SK,KAZLICESME,0,13.11
galatasaray,TCDD-SK,KAZLICESME,1,8.91
galatasaray,TCDD-SK,KAZLICESME,2,9.04
galatasaray,TCDD-SK,KAZLICESME,3,11.49
galatasaray,TCDD-SK,KAZLICESME,4,0.83
galatasaray,TCDD-SK,KAZLICESME,7,0.68
galatasaray,TCDD-SK,KAZLICESME,8,-4.04
galatasaray,TCDD-SK,KAZLICESME,9,-3.52
galatasaray,TCDD-SK,KAZLICESME,10,-2.83
galatasaray,TCDD-SK,KAZLICESME,11,-7.15
galatasaray,TCDD-SK,KAZLICESME,12,8.75
galatasaray,TCDD-SK,KOCA MUSTAFA PASA,-12,-0.72
galatasaray,TCDD-SK,KOCA MUSTAFA PASA,-11,3.32
galatasaray,TCDD-SK,KOCA MUSTAFA PASA,-10,4.57
galatasaray,TCDD-SK,KOCA MUSTAFA PASA,-9,4.41
galatasaray,TCDD-SK,KOCA MUSTAFA PASA,-8,10.67
galatasaray,TCDD-SK,KOCA MUSTAFA PASA,-7,5.67
galatasaray,TCDD-SK,KOCA MUSTAFA PASA,-6,7.97
galatasaray,TCDD-SK,KOCA MUSTAFA PASA,-5,22.52
galatasaray,TCDD-SK,KOCA MUSTAFA PASA,-4,12.53
galatasaray,TCDD-SK,KOCA MUSTAFA PASA,-3,17.04
galatasaray,TCDD-SK,KOCA MUSTAFA PASA,-2,13.37
galatasaray,TCDD-SK,KOCA MUSTAFA PASA,-1,5.54
galatasaray,TCDD-SK,KOCA MUSTAFA PASA,0,-4.8
galatasaray,TCDD-SK,KOCA MUSTAFA PASA,1,-10.68
galatasaray,TCDD-SK,KOCA MUSTAFA PASA,2,1.96
galatasaray,TCDD-SK,KOCA MUSTAFA PASA,3,0.45
galatasaray,TCDD-SK,KOCA MUSTAFA PASA,4,0.92
galatasaray,TCDD-SK,KOCA MUSTAFA PASA,7,-0.79
galatasaray,TCDD-SK,KOCA MUSTAFA PASA,8,13.0
galatasaray,TCDD-SK,KOCA MUSTAFA PASA,9,-1.26
galatasaray,TCDD-SK,KOCA MUSTAFA PASA,10,-1.06
galatasaray,TCDD-SK,KOCA MUSTAFA PASA,11,10.82
galatasaray,TCDD-SK,KOCA MUSTAFA PASA,12,15.42
galatasaray,TCDD-SK,KUMKAPI,-12,0.25
galatasaray,TCDD-SK,KUMKAPI,-11,0.83
galatasaray,TCDD-SK,KUMKAPI,-10,1.77
galatasaray,TCDD-SK,KUMKAPI,-9,13.08
galatasaray,TCDD-SK,KUMKAPI,-8,0.36
galatasaray,TCDD-SK,KUMKAPI,-7,1.11
galatasaray,TCDD-SK,KUMKAPI,-6,-7.17
galatasaray,TCDD-SK,KUMKAPI,-5,-8.09
galatasaray,TCDD-SK,KUMKAPI,-4,0.94
galatasaray,TCDD-SK,KUMKAPI,-3,15.19
galatasaray,TCDD-SK,KUMKAPI,-2,19.34
galatasaray,TCDD-SK,KUMKAPI,-1,-14.32
galatasaray,TCDD-SK,KUMKAPI,0,-17.76
galatasaray,TCDD-SK,KUMKAPI,1,-4.67
galatasaray,TCDD-SK,KUMKAPI,2,5.4
galatasaray,TCDD-SK,KUMKAPI,3,-5.31
galatasaray,TCDD-SK,KUMKAPI,4,-2.06
galatasaray,TCDD-SK,KUMKAPI,8,2.08
galatasaray,TCDD-SK,KUMKAPI,9,-4.22
galatasaray,TCDD-SK,KUMKAPI,10,-5.28
galatasaray,TCDD-SK,KUMKAPI,11,4.19
galatasaray,TCDD-SK,KUMKAPI,12,7.49
galatasaray,TCDD-SK,SIRKECI,-12,-1.33
galatasaray,TCDD-SK,SIRKECI,-11,0.78
galatasaray,TCDD-SK,SIRKECI,-10,-2.46
galatasaray,TCDD-SK,SIRKECI,-9,2.11
galatasaray,TCDD-SK,SIRKECI,-8,38.98
galatasaray,TCDD-SK,SIRKECI,-7,21.09
galatasaray,TCDD-SK,SIRKECI,-6,-5.65
galatasaray,TCDD-SK,SIRKECI,-5,7.22
galatasaray,TCDD-SK,SIRKECI,-4,3.99
galatasaray,TCDD-SK,SIRKECI,-3,18.36
galatasaray,TCDD-SK,SIRKECI,-2,-3.11
galatasaray,TCDD-SK,SIRKECI,-1,20.59
galatasaray,TCDD-SK,SIRKECI,0,-7.1
galatasaray,TCDD-SK,SIRKECI,1,-4.2
galatasaray,TCDD-SK,SIRKECI,2,-12.3
galatasaray,TCDD-SK,SIRKECI,3,-0.71
galatasaray,TCDD-SK,SIRKECI,4,-1.2
galatasaray,TCDD-SK,SIRKECI,8,-1.72
galatasaray,TCDD-SK,SIRKECI,9,-2.82
galatasaray,TCDD-SK,SIRKECI,10,-2.49
galatasaray,TCDD-SK,SIRKECI,11,-1.37
galatasaray,TCDD-SK,SIRKECI,12,6.87
galatasaray,TCDD-SK,YEDIKULE,-12,6.62
galatasaray,TCDD-SK,YEDIKULE,-11,7.26
galatasaray,TCDD-SK,YEDIKULE,-10,0.48
galatasaray,TCDD-SK,YEDIKULE,-9,1.78
galatasaray,TCDD-SK,YEDIKULE,-8,5.84
galatasaray,TCDD-SK,YEDIKULE,-7,8.2
galatasaray,TCDD-SK,YEDIKULE,-6,12.08
galatasaray,TCDD-SK,YEDIKULE,-5,14.16
galatasaray,TCDD-SK,YEDIKULE,-4,8.58
galatasaray,TCDD-SK,YEDIKULE,-3,5.11
galatasaray,TCDD-SK,YEDIKULE,-2,1.13
galatasaray,TCDD-SK,YEDIKULE,-1,-5.55
galatasaray,TCDD-SK,YEDIKULE,0,-0.43
galatasaray,TCDD-SK,YEDIKULE,1,-0.61
galatasaray,TCDD-SK,YEDIKULE,2,-1.09
galatasaray,TCDD-SK,YEDIKULE,3,5.49
galatasaray,TCDD-SK,YEDIKULE,4,0.25
galatasaray,TCDD-SK,YEDIKULE,7,-0.96
galatasaray,TCDD-SK,YEDIKULE,8,2.36
galatasaray,TCDD-SK,YEDIKULE,9,-2.15
galatasaray,TCDD-SK,YEDIKULE,10,-5.53
galatasaray,TCDD-SK,YEDIKULE,11,-7.99
galatasaray,TCDD-SK,YEDIKULE,12,6.56
galatasaray,TCDD-SK,YENIKAPI,-12,-3.1
galatasaray,TCDD-SK,YENIKAPI,-11,-7.78
galatasaray,TCDD-SK,YENIKAPI,-10,-0.84
galatasaray,TCDD-SK,YENIKAPI,-9,-0.19
galatasaray,TCDD-SK,YENIKAPI,-8,23.28
galatasaray,TCDD-SK,YENIKAPI,-7,4.49
galatasaray,TCDD-SK,YENIKAPI,-6,4.94
galatasaray,TCDD-SK,YENIKAPI,-5,2.17
galatasaray,TCDD-SK,YENIKAPI,-4,2.19
galatasaray,TCDD-SK,YENIKAPI,-3,22.95
galatasaray,TCDD-SK,YENIKAPI,-2,-3.48
galatasaray,TCDD-SK,YENIKAPI,-1,-12.44
galatasaray,TCDD-SK,YENIKAPI,0,-5.03
galatasaray,TCDD-SK,YENIKAPI,1,3.59
galatasaray,TCDD-SK,YENIKAPI,2,4.53
galatasaray,TCDD-SK,YENIKAPI,3,7.07
galatasaray,TCDD-SK,YENIKAPI,4,1.22
galatasaray,TCDD-SK,YENIKAPI,5,0.0
galatasaray,TCDD-SK,YENIKAPI,8,6.58
galatasaray,TCDD-SK,YENIKAPI,9,5.48
galatasaray,TCDD-SK,YENIKAPI,10,-8.24
galatasaray,TCDD-SK,YENIKAPI,11,-7.06
galatasaray,TCDD-SK,YENIKAPI,12,7.38
galatasaray,TF1,MACKA,-12,14.6
galatasaray,TF1,MACKA,-11,-0.02
galatasaray,TF1,MACKA,-10,-2.34
galatasaray,TF1,MACKA,-9,-3.34
galatasaray,TF1,MACKA,-8,7.58
galatasaray,TF1,MACKA,-7,1.29
galatasaray,TF1,MACKA,-6,3.46
galatasaray,TF1,MACKA,-5,0.83
galatasaray,TF1,MACKA,-4,8.08
galatasaray,TF1,MACKA,-3,12.38
galatasaray,TF1,MACKA,-2,14.1
galatasaray,TF1,MACKA,-1,3.68
galatasaray,TF1,MACKA,0,-2.46
galatasaray,TF1,MACKA,1,1.33
galatasaray,TF1,MACKA,10,-25.83
galatasaray,TF1,MACKA,11,-20.51
galatasaray,TF1,MACKA,12,6.21
galatasaray,TF2,EYUP,-12,-12.3
galatasaray,TF2,EYUP,-11,1.59
galatasaray,TF2,EYUP,-10,-13.52
galatasaray,TF2,EYUP,-9,-4.4
galatasaray,TF2,EYUP,-8,-4.56
galatasaray,TF2,EYUP,-7,-9.33
galatasaray,TF2,EYUP,-6,-17.07
galatasaray,TF2,EYUP,-5,-10.31
galatasaray,TF2,EYUP,-4,-8.71
galatasaray,TF2,EYUP,-3,-5.93
galatasaray,TF2,EYUP,-2,-2.21
galatasaray,TF2,EYUP,-1,-4.34
galatasaray,TF2,EYUP,0,-2.58
galatasaray,TF2,EYUP,1,-22.15
galatasaray,TF2,EYUP,2,-27.48
galatasaray,TF2,EYUP,3,-28.53
galatasaray,TF2,EYUP,9,4.05
galatasaray,TF2,EYUP,10,11.85
galatasaray,TF2,EYUP,11,8.63
galatasaray,TF2,EYUP,12,-0.14
galatasaray,TF2,PIERLOTI,-12,-5.95
galatasaray,TF2,PIERLOTI,-11,0.77
galatasaray,TF2,PIERLOTI,-10,-0.84
galatasaray,TF2,PIERLOTI,-9,-11.66
galatasaray,TF2,PIERLOTI,-8,1.03
galatasaray,TF2,PIERLOTI,-7,-9.41
galatasaray,TF2,PIERLOTI,-6,-10.61
galatasaray,TF2,PIERLOTI,-5,-14.13
galatasaray,TF2,PIERLOTI,-4,-4.94
galatasaray,TF2,PIERLOTI,-3,-9.43
galatasaray,TF2,PIERLOTI,-2,-1.29
galatasaray,TF2,PIERLOTI,-1,-6.2
galatasaray,TF2,PIERLOTI,0,-4.18
galatasaray,TF2,PIERLOTI,1,-14.3
galatasaray,TF2,PIERLOTI,2,-11.37
galatasaray,TF2,PIERLOTI,3,-50.92
galatasaray,TF2,PIERLOTI,4,0.33
galatasaray,TF2,PIERLOTI,9,-2.7
galatasaray,TF2,PIERLOTI,10,-8.76
galatasaray,TF2,PIERLOTI,11,4.72
galatasaray,TF2,PIERLOTI,12,3.75
galatasaray,TUNEL,BEYOGLU,-12,3.04
galatasaray,TUNEL,BEYOGLU,-11,2.42
galatasaray,TUNEL,BEYOGLU,-10,4.4
galatasaray,TUNEL,BEYOGLU,-9,7.36
galatasaray,TUNEL,BEYOGLU,-8,13.94
galatasaray,TUNEL,BEYOGLU,-7,9.91
galatasaray,TUNEL,BEYOGLU,-6,-4.24
galatasaray,TUNEL,BEYOGLU,-5,-0.67
galatasaray,TUNEL,BEYOGLU,-4,5.58
galatasaray,TUNEL,BEYOGLU,-3,14.19
galatasaray,TUNEL,BEYOGLU,-2,14.42
galatasaray,TUNEL,BEYOGLU,-1,10.15
galatasaray,TUNEL,BEYOGLU,0,10.52
galatasaray,TUNEL,BEYOGLU,1,-6.75
galatasaray,TUNEL,BEYOGLU,2,12.98
galatasaray,TUNEL,BEYOGLU,3,20.86
galatasaray,TUNEL,BEYOGLU,8,0.65
galatasaray,TUNEL,BEYOGLU,9,-3.39
galatasaray,TUNEL,BEYOGLU,10,-6.05
galatasaray,TUNEL,BEYOGLU,11,2.1
galatasaray,TUNEL,BEYOGLU,12,2.07
galatasaray,TUNEL,KARAKOY,-12,-4.78
galatasaray,TUNEL,KARAKOY,-11,-2.27
galatasaray,TUNEL,KARAKOY,-10,-1.11
galatasaray,TUNEL,KARAKOY,-9,13.12
galatasaray,TUNEL,KARAKOY,-8,19.16
galatasaray,TUNEL,KARAKOY,-7,33.4
galatasaray,TUNEL,KARAKOY,-6,19.7
galatasaray,TUNEL,KARAKOY,-5,86.12
galatasaray,TUNEL,KARAKOY,-4,49.83
galatasaray,TUNEL,KARAKOY,-3,67.0
galatasaray,TUNEL,KARAKOY,-2,67.98
galatasaray,TUNEL,KARAKOY,-1,56.67
galatasaray,TUNEL,KARAKOY,0,13.55
galatasaray,TUNEL,KARAKOY,1,-20.52
galatasaray,TUNEL,KARAKOY,2,-20.05
galatasaray,TUNEL,KARAKOY,3,-4.76
galatasaray,TUNEL,KARAKOY,8,-4.53
galatasaray,TUNEL,KARAKOY,9,-35.83
galatasaray,TUNEL,KARAKOY,10,-16.36
galatasaray,TUNEL,KARAKOY,11,-10.09
galatasaray,TUNEL,KARAKOY,12,-3.74
