hat_adi,durak_adi,saat,weight
F1,KABATAS,0,0.7423
F1,KABATAS,1,0.8993
F1,KABATAS,2,0.8563
F1,KABATAS,3,0.7112
F1,KABATAS,4,0.5905
F1,KABATAS,5,0.2421
F1,KABATAS,6,0.2837
F1,KABATAS,7,0.4927
F1,KABATAS,8,0.5316
F1,KABATAS,9,0.4699
F1,KABATAS,10,0.3672
F1,KABATAS,11,0.3697
F1,KABATAS,12,0.4711
F1,KABATAS,13,0.5
F1,KABATAS,14,0.5498
F1,KABATAS,15,0.5892
F1,KABATAS,16,0.6058
F1,KABATAS,17,0.6173
F1,KABATAS,18,0.6349
F1,KABATAS,19,0.6615
F1,KABATAS,20,0.6908
F1,KABATAS,21,0.6888
F1,KABATAS,22,0.6877
F1,KABATAS,23,0.729
F1,TAKSIM,0,0.2577
F1,TAKSIM,1,0.1007
F1,TAKSIM,2,0.1437
F1,TAKSIM,3,0.2888
F1,TAKSIM,4,0.4095
F1,TAKSIM,5,0.7579
F1,TAKSIM,6,0.7163
F1,TAKSIM,7,0.5073
F1,TAKSIM,8,0.4684
F1,TAKSIM,9,0.5301
F1,TAKSIM,10,0.6328
F1,TAKSIM,11,0.6303
F1,TAKSIM,12,0.5289
F1,TAKSIM,13,0.5
F1,TAKSIM,14,0.4502
F1,TAKSIM,15,0.4108
F1,TAKSIM,16,0.3942
F1,TAKSIM,17,0.3827
F1,TAKSIM,18,0.3651
F1,TAKSIM,19,0.3385
F1,TAKSIM,20,0.3092
F1,TAKSIM,21,0.3112
F1,TAKSIM,22,0.3123
F1,TAKSIM,23,0.271
F4,ASIYAN,0,0.878
F4,ASIYAN,1,0.8557
F4,ASIYAN,2,0.9528
F4,ASIYAN,3,0.7241
F4,ASIYAN,4,0.9583
F4,ASIYAN,5,0.6625
F4,ASIYAN,6,0.2048
F4,ASIYAN,7,0.4945
F4,ASIYAN,8,0.5101
F4,ASIYAN,9,0.5703
F4,ASIYAN,10,0.541
F4,ASIYAN,11,0.5208
F4,ASIYAN,12,0.5213
F4,ASIYAN,13,0.4943
F4,ASIYAN,14,0.5111
F4,ASIYAN,15,0.524
F4,ASIYAN,16,0.5934
F4,ASIYAN,17,0.5893
F4,ASIYAN,18,0.5804
F4,ASIYAN,19,0.5524
F4,ASIYAN,20,0.6476
F4,ASIYAN,21,0.7196
F4,ASIYAN,22,0.8041
F4,ASIYAN,23,0.8754
F4,RUMELI HISARUSTU,0,0.122
F4,RUMELI HISARUSTU,1,0.1443
F4,RUMELI HISARUSTU,2,0.0472
F4,RUMELI HISARUSTU,3,0.2759
F4,RUMELI HISARUSTU,4,0.0417
F4,RUMELI HISARUSTU,5,0.3375
F4,RUMELI HISARUSTU,6,0.7952
F4,RUMELI HISARUSTU,7,0.5055
F4,RUMELI HISARUSTU,8,0.4899
F4,RUMELI HISARUSTU,9,0.4297
F4,RUMELI HISARUSTU,10,0.459
F4,RUMELI HISARUSTU,11,0.4792
F4,RUMELI HISARUSTU,12,0.4787
F4,RUMELI HISARUSTU,13,0.5057
F4,RUMELI HISARUSTU,14,0.4889
F4,RUMELI HISARUSTU,15,0.476
F4,RUMELI HISARUSTU,16,0.4066
F4,RUMELI HISARUSTU,17,0.4107
F4,RUMELI HISARUSTU,18,0.4196
F4,RUMELI HISARUSTU,19,0.4476
F4,RUMELI HISARUSTU,20,0.3524
F4,RUMELI HISARUSTU,21,0.2804
F4,RUMELI HISARUSTU,22,0.1959
F4,RUMELI HISARUSTU,23,0.1246
M1,AKSARAY,0,0.0854
M1,AKSARAY,1,0.1022
M1,AKSARAY,2,0.0977
M1,AKSARAY,3,0.1006
M1,AKSARAY,4,0.0806
M1,AKSARAY,5,0.0301
M1,AKSARAY,6,0.0215
M1,AKSARAY,7,0.0218
M1,AKSARAY,8,0.0236
M1,AKSARAY,9,0.0331
M1,AKSARAY,10,0.0472
M1,AKSARAY,11,0.0526
M1,AKSARAY,12,0.0517
M1,AKSARAY,13,0.0536
M1,AKSARAY,14,0.0639
M1,AKSARAY,15,0.0711
M1,AKSARAY,16,0.076
M1,AKSARAY,17,0.0811
M1,AKSARAY,18,0.0878
M1,AKSARAY,19,0.0925
M1,AKSARAY,20,0.089
M1,AKSARAY,21,0.0757
M1,AKSARAY,22,0.0751
M1,AKSARAY,23,0.0941
M1,ATAKOY,0,0.0467
M1,ATAKOY,1,0.0426
M1,ATAKOY,2,0.042
M1,ATAKOY,3,0.0479
M1,ATAKOY,4,0.0513
M1,ATAKOY,5,0.0742
M1,ATAKOY,6,0.0702
M1,ATAKOY,7,0.0718
M1,ATAKOY,8,0.0829
M1,ATAKOY,9,0.0879
M1,ATAKOY,10,0.0819
M1,ATAKOY,11,0.0797
M1,ATAKOY,12,0.0743
M1,ATAKOY,13,0.0698
M1,ATAKOY,14,0.0667
M1,ATAKOY,15,0.0615
M1,ATAKOY,16,0.0526
M1,ATAKOY,17,0.0479
M1,ATAKOY,18,0.0466
M1,ATAKOY,19,0.0483
M1,ATAKOY,20,0.0476
M1,ATAKOY,21,0.0482
M1,ATAKOY,22,0.0503
M1,ATAKOY,23,0.0505
M1,BAGCILAR MEYDAN,0,0.0365
M1,BAGCILAR MEYDAN,1,0.0232
M1,BAGCILAR MEYDAN,2,0.0166
M1,BAGCILAR MEYDAN,3,0.0185
M1,BAGCILAR MEYDAN,4,0.0233
M1,BAGCILAR MEYDAN,5,0.0742
M1,BAGCILAR MEYDAN,6,0.0898
M1,BAGCILAR MEYDAN,7,0.091
M1,BAGCILAR MEYDAN,8,0.0722
M1,BAGCILAR MEYDAN,9,0.058
M1,BAGCILAR MEYDAN,10,0.0515
M1,BAGCILAR MEYDAN,11,0.0517
M1,BAGCILAR MEYDAN,12,0.056
M1,BAGCILAR MEYDAN,13,0.0564
M1,BAGCILAR MEYDAN,14,0.0538
M1,BAGCILAR MEYDAN,15,0.0446
M1,BAGCILAR MEYDAN,16,0.0424
M1,BAGCILAR MEYDAN,17,0.0394
M1,BAGCILAR MEYDAN,18,0.0372
M1,BAGCILAR MEYDAN,19,0.0424
M1,BAGCILAR MEYDAN,20,0.0432
M1,BAGCILAR MEYDAN,21,0.044
M1,BAGCILAR MEYDAN,22,0.0419
M1,BAGCILAR MEYDAN,23,0.0418
M1,BAHCELIEVLER,0,0.0128
M1,BAHCELIEVLER,1,0.0109
M1,BAHCELIEVLER,2,0.0098
M1,BAHCELIEVLER,3,0.0097
M1,BAHCELIEVLER,4,0.0078
M1,BAHCELIEVLER,5,0.0122
M1,BAHCELIEVLER,6,0.013
M1,BAHCELIEVLER,7,0.0164
M1,BAHCELIEVLER,8,0.0222
M1,BAHCELIEVLER,9,0.0248
M1,BAHCELIEVLER,10,0.0268
M1,BAHCELIEVLER,11,0.027
M1,BAHCELIEVLER,12,0.0233
M1,BAHCELIEVLER,13,0.0217
M1,BAHCELIEVLER,14,0.0241
M1,BAHCELIEVLER,15,0.026
M1,BAHCELIEVLER,16,0.0272
M1,BAHCELIEVLER,17,0.0211
M1,BAHCELIEVLER,18,0.0156
M1,BAHCELIEVLER,19,0.0145
M1,BAHCELIEVLER,20,0.0163
M1,BAHCELIEVLER,21,0.0167
M1,BAHCELIEVLER,22,0.0158
M1,BAHCELIEVLER,23,0.0146
M1,BAKIRKOY,0,0.0154
M1,BAKIRKOY,1,0.0156
M1,BAKIRKOY,2,0.0141
M1,BAKIRKOY,3,0.0124
M1,BAKIRKOY,4,0.0102
M1,BAKIRKOY,5,0.0093
M1,BAKIRKOY,6,0.0077
M1,BAKIRKOY,7,0.01
M1,BAKIRKOY,8,0.0131
M1,BAKIRKOY,9,0.0149
M1,BAKIRKOY,10,0.02
M1,BAKIRKOY,11,0.0246
M1,BAKIRKOY,12,0.0252
M1,BAKIRKOY,13,0.0252
M1,BAKIRKOY,14,0.0256
M1,BAKIRKOY,15,0.0279
M1,BAKIRKOY,16,0.0292
M1,BAKIRKOY,17,0.0296
M1,BAKIRKOY,18,0.0233
M1,BAKIRKOY,19,0.0211
M1,BAKIRKOY,20,0.0196
M1,BAKIRKOY,21,0.0181
M1,BAKIRKOY,22,0.0166
M1,BAKIRKOY,23,0.0163
M1,BAYRAMPASA,0,0.0149
M1,BAYRAMPASA,1,0.0093
M1,BAYRAMPASA,2,0.0063
M1,BAYRAMPASA,3,0.0073
M1,BAYRAMPASA,4,0.0079
M1,BAYRAMPASA,5,0.0145
M1,BAYRAMPASA,6,0.0217
M1,BAYRAMPASA,7,0.0213
M1,BAYRAMPASA,8,0.0253
M1,BAYRAMPASA,9,0.0235
M1,BAYRAMPASA,10,0.0227
M1,BAYRAMPASA,11,0.0239
M1,BAYRAMPASA,12,0.0262
M1,BAYRAMPASA,13,0.0298
M1,BAYRAMPASA,14,0.0295
M1,BAYRAMPASA,15,0.0295
M1,BAYRAMPASA,16,0.0316
M1,BAYRAMPASA,17,0.0346
M1,BAYRAMPASA,18,0.0439
M1,BAYRAMPASA,19,0.0401
M1,BAYRAMPASA,20,0.0323
M1,BAYRAMPASA,21,0.0335
M1,BAYRAMPASA,22,0.0323
M1,BAYRAMPASA,23,0.0206
M1,DAVUTPASA,0,0.02
M1,DAVUTPASA,1,0.0124
M1,DAVUTPASA,2,0.0118
M1,DAVUTPASA,3,0.0182
M1,DAVUTPASA,4,0.0145
M1,DAVUTPASA,5,0.0108
M1,DAVUTPASA,6,0.0142
M1,DAVUTPASA,7,0.0155
M1,DAVUTPASA,8,0.017
M1,DAVUTPASA,9,0.0181
M1,DAVUTPASA,10,0.0225
M1,DAVUTPASA,11,0.0253
M1,DAVUTPASA,12,0.0331
M1,DAVUTPASA,13,0.0317
M1,DAVUTPASA,14,0.0307
M1,DAVUTPASA,15,0.0531
M1,DAVUTPASA,16,0.0358
M1,DAVUTPASA,17,0.0339
M1,DAVUTPASA,18,0.0314
M1,DAVUTPASA,19,0.0278
M1,DAVUTPASA,20,0.0232
M1,DAVUTPASA,21,0.0212
M1,DAVUTPASA,22,0.0191
M1,DAVUTPASA,23,0.0167
M1,EMNIYET,0,0.0394
M1,EMNIYET,1,0.0361
M1,EMNIYET,2,0.0319
M1,EMNIYET,3,0.0299
M1,EMNIYET,4,0.0358
M1,EMNIYET,5,0.0259
M1,EMNIYET,6,0.0248
M1,EMNIYET,7,0.0247
M1,EMNIYET,8,0.0327
M1,EMNIYET,9,0.0461
M1,EMNIYET,10,0.0575
M1,EMNIYET,11,0.0632
M1,EMNIYET,12,0.0568
M1,EMNIYET,13,0.0536
M1,EMNIYET,14,0.0629
M1,EMNIYET,15,0.0655
M1,EMNIYET,16,0.0748
M1,EMNIYET,17,0.0616
M1,EMNIYET,18,0.0456
M1,EMNIYET,19,0.0415
M1,EMNIYET,20,0.0448
M1,EMNIYET,21,0.0451
M1,EMNIYET,22,0.0408
M1,EMNIYET,23,0.0466
M1,ESENLER,0,0.0225
M1,ESENLER,1,0.0171
M1,ESENLER,2,0.015
M1,ESENLER,3,0.014
M1,ESENLER,4,0.0201
M1,ESENLER,5,0.0954
M1,ESENLER,6,0.0668
M1,ESENLER,7,0.0541
M1,ESENLER,8,0.0433
M1,ESENLER,9,0.0446
M1,ESENLER,10,0.0439
M1,ESENLER,11,0.0431
M1,ESENLER,12,0.0455
M1,ESENLER,13,0.0438
M1,ESENLER,14,0.0412
M1,ESENLER,15,0.0345
M1,ESENLER,16,0.0298
M1,ESENLER,17,0.0269
M1,ESENLER,18,0.0252
M1,ESENLER,19,0.0256
M1,ESENLER,20,0.027
M1,ESENLER,21,0.0261
M1,ESENLER,22,0.0231
M1,ESENLER,23,0.0231
M1,HAVAALANI,0,0.0006
M1,HAVAALANI,1,0.0007
M1,HAVAALANI,2,0.0006
M1,HAVAALANI,3,0.0006
M1,HAVAALANI,4,0.0007
M1,HAVAALANI,5,0.0005
M1,HAVAALANI,6,0.001
M1,HAVAALANI,7,0.0011
M1,HAVAALANI,8,0.0016
M1,HAVAALANI,9,0.002
M1,HAVAALANI,10,0.0021
M1,HAVAALANI,11,0.0027
M1,HAVAALANI,12,0.0028
M1,HAVAALANI,13,0.0029
M1,HAVAALANI,14,0.0036
M1,HAVAALANI,15,0.0039
M1,HAVAALANI,16,0.0061
M1,HAVAALANI,17,0.0071
M1,HAVAALANI,18,0.004
M1,HAVAALANI,19,0.0027
M1,HAVAALANI,20,0.0022
M1,HAVAALANI,21,0.0012
M1,HAVAALANI,22,0.0008
M1,HAVAALANI,23,0.0007
M1,IDTM,0,0.0024
M1,IDTM,1,0.0036
M1,IDTM,2,0.0051
M1,IDTM,3,0.0067
M1,IDTM,4,0.0083
M1,IDTM,5,0.0024
M1,IDTM,6,0.0022
M1,IDTM,7,0.003
M1,IDTM,8,0.0021
M1,IDTM,9,0.003
M1,IDTM,10,0.0054
M1,IDTM,11,0.0069
M1,IDTM,12,0.0076
M1,IDTM,13,0.0072
M1,IDTM,14,0.0102
M1,IDTM,15,0.0145
M1,IDTM,16,0.0184
M1,IDTM,17,0.027
M1,IDTM,18,0.0244
M1,IDTM,19,0.0108
M1,IDTM,20,0.0058
M1,IDTM,21,0.0045
M1,IDTM,22,0.0043
M1,IDTM,23,0.0068
M1,KARTALTEPE,0,0.0436
M1,KARTALTEPE,1,0.0249
M1,KARTALTEPE,2,0.0173
M1,KARTALTEPE,3,0.0181
M1,KARTALTEPE,4,0.0241
M1,KARTALTEPE,5,0.0384
M1,KARTALTEPE,6,0.0558
M1,KARTALTEPE,7,0.0658
M1,KARTALTEPE,8,0.0767
M1,KARTALTEPE,9,0.0638
M1,KARTALTEPE,10,0.0582
M1,KARTALTEPE,11,0.0568
M1,KARTALTEPE,12,0.0592
M1,KARTALTEPE,13,0.0635
M1,KARTALTEPE,14,0.068
M1,KARTALTEPE,15,0.0731
M1,KARTALTEPE,16,0.0849
M1,KARTALTEPE,17,0.0872
M1,KARTALTEPE,18,0.0836
M1,KARTALTEPE,19,0.0872
M1,KARTALTEPE,20,0.1153
M1,KARTALTEPE,21,0.1475
M1,KARTALTEPE,22,0.1578
M1,KARTALTEPE,23,0.0709
M1,KIRAZLI,0,0.0187
M1,KIRAZLI,1,0.0156
M1,KIRAZLI,2,0.0134
M1,KIRAZLI,3,0.0152
M1,KIRAZLI,4,0.0196
M1,KIRAZLI,5,0.1197
M1,KIRAZLI,6,0.0926
M1,KIRAZLI,7,0.0855
M1,KIRAZLI,8,0.0706
M1,KIRAZLI,9,0.0624
M1,KIRAZLI,10,0.0569
M1,KIRAZLI,11,0.056
M1,KIRAZLI,12,0.0576
M1,KIRAZLI,13,0.0588
M1,KIRAZLI,14,0.0521
M1,KIRAZLI,15,0.0412
M1,KIRAZLI,16,0.0395
M1,KIRAZLI,17,0.0337
M1,KIRAZLI,18,0.0337
M1,KIRAZLI,19,0.0342
M1,KIRAZLI,20,0.0296
M1,KIRAZLI,21,0.0276
M1,KIRAZLI,22,0.0233
M1,KIRAZLI,23,0.0243
M1,MENDERES,0,0.0197
M1,MENDERES,1,0.0157
M1,MENDERES,2,0.0129
M1,MENDERES,3,0.0142
M1,MENDERES,4,0.0154
M1,MENDERES,5,0.0659
M1,MENDERES,6,0.091
M1,MENDERES,7,0.0897
M1,MENDERES,8,0.0662
M1,MENDERES,9,0.0576
M1,MENDERES,10,0.0497
M1,MENDERES,11,0.0477
M1,MENDERES,12,0.0495
M1,MENDERES,13,0.0509
M1,MENDERES,14,0.0472
M1,MENDERES,15,0.0345
M1,MENDERES,16,0.0287
M1,MENDERES,17,0.0253
M1,MENDERES,18,0.0231
M1,MENDERES,19,0.024
M1,MENDERES,20,0.0253
M1,MENDERES,21,0.0231
M1,MENDERES,22,0.0201
M1,MENDERES,23,0.0211
M1,MERTER,0,0.0549
M1,MERTER,1,0.071
M1,MERTER,2,0.0781
M1,MERTER,3,0.0954
M1,MERTER,4,0.0781
M1,MERTER,5,0.014
M1,MERTER,6,0.0128
M1,MERTER,7,0.015
M1,MERTER,8,0.0173
M1,MERTER,9,0.0211
M1,MERTER,10,0.0221
M1,MERTER,11,0.0225
M1,MERTER,12,0.024
M1,MERTER,13,0.0243
M1,MERTER,14,0.0239
M1,MERTER,15,0.029
M1,MERTER,16,0.027
M1,MERTER,17,0.0323
M1,MERTER,18,0.0367
M1,MERTER,19,0.0365
M1,MERTER,20,0.031
M1,MERTER,21,0.0295
M1,MERTER,22,0.0308
M1,MERTER,23,0.0381
M1,NAN,15,0.0
M1,OTOGAR,0,0.1117
M1,OTOGAR,1,0.099
M1,OTOGAR,2,0.094
M1,OTOGAR,3,0.1131
M1,OTOGAR,4,0.199
M1,OTOGAR,5,0.1821
M1,OTOGAR,6,0.0685
M1,OTOGAR,7,0.038
M1,OTOGAR,8,0.0371
M1,OTOGAR,9,0.0489
M1,OTOGAR,10,0.0568
M1,OTOGAR,11,0.0527
M1,OTOGAR,12,0.0468
M1,OTOGAR,13,0.043
M1,OTOGAR,14,0.0389
M1,OTOGAR,15,0.0354
M1,OTOGAR,16,0.0371
M1,OTOGAR,17,0.0309
M1,OTOGAR,18,0.0277
M1,OTOGAR,19,0.0345
M1,OTOGAR,20,0.0488
M1,OTOGAR,21,0.0522
M1,OTOGAR,22,0.0479
M1,OTOGAR,23,0.0558
M1,SAGMALCILAR,0,0.0252
M1,SAGMALCILAR,1,0.0183
M1,SAGMALCILAR,2,0.0155
M1,SAGMALCILAR,3,0.0134
M1,SAGMALCILAR,4,0.0167
M1,SAGMALCILAR,5,0.0375
M1,SAGMALCILAR,6,0.0563
M1,SAGMALCILAR,7,0.059
M1,SAGMALCILAR,8,0.0613
M1,SAGMALCILAR,9,0.0562
M1,SAGMALCILAR,10,0.052
M1,SAGMALCILAR,11,0.0497
M1,SAGMALCILAR,12,0.0473
M1,SAGMALCILAR,13,0.0494
M1,SAGMALCILAR,14,0.0472
M1,SAGMALCILAR,15,0.0486
M1,SAGMALCILAR,16,0.0387
M1,SAGMALCILAR,17,0.0341
M1,SAGMALCILAR,18,0.0368
M1,SAGMALCILAR,19,0.0354
M1,SAGMALCILAR,20,0.0324
M1,SAGMALCILAR,21,0.0291
M1,SAGMALCILAR,22,0.0251
M1,SAGMALCILAR,23,0.0283
M1,TERAZIDERE,0,0.0171
M1,TERAZIDERE,1,0.0131
M1,TERAZIDERE,2,0.0098
M1,TERAZIDERE,3,0.0107
M1,TERAZIDERE,4,0.014
M1,TERAZIDERE,5,0.045
M1,TERAZIDERE,6,0.0472
M1,TERAZIDERE,7,0.046
M1,TERAZIDERE,8,0.0443
M1,TERAZIDERE,9,0.0361
M1,TERAZIDERE,10,0.0323
M1,TERAZIDERE,11,0.0305
M1,TERAZIDERE,12,0.0358
M1,TERAZIDERE,13,0.035
M1,TERAZIDERE,14,0.0305
M1,TERAZIDERE,15,0.0268
M1,TERAZIDERE,16,0.0219
M1,TERAZIDERE,17,0.0254
M1,TERAZIDERE,18,0.0322
M1,TERAZIDERE,19,0.0313
M1,TERAZIDERE,20,0.0229
M1,TERAZIDERE,21,0.0186
M1,TERAZIDERE,22,0.017
M1,TERAZIDERE,23,0.0178
M1,UCYUZLU,0,0.0134
M1,UCYUZLU,1,0.0089
M1,UCYUZLU,2,0.0068
M1,UCYUZLU,3,0.0079
M1,UCYUZLU,4,0.0107
M1,UCYUZLU,5,0.0801
M1,UCYUZLU,6,0.0914
M1,UCYUZLU,7,0.0908
M1,UCYUZLU,8,0.0661
M1,UCYUZLU,9,0.053
M1,UCYUZLU,10,0.0452
M1,UCYUZLU,11,0.043
M1,UCYUZLU,12,0.0432
M1,UCYUZLU,13,0.0429
M1,UCYUZLU,14,0.0396
M1,UCYUZLU,15,0.0301
M1,UCYUZLU,16,0.0277
M1,UCYUZLU,17,0.0232
M1,UCYUZLU,18,0.0214
M1,UCYUZLU,19,0.0242
M1,UCYUZLU,20,0.0216
M1,UCYUZLU,21,0.0211
M1,UCYUZLU,22,0.0175
M1,UCYUZLU,23,0.017
M1,ULUBATLI,0,0.02
M1,ULUBATLI,1,0.0116
M1,ULUBATLI,2,0.0084
M1,ULUBATLI,3,0.0092
M1,ULUBATLI,4,0.0081
M1,ULUBATLI,5,0.0115
M1,ULUBATLI,6,0.0319
M1,ULUBATLI,7,0.0355
M1,ULUBATLI,8,0.0466
M1,ULUBATLI,9,0.0505
M1,ULUBATLI,10,0.0472
M1,ULUBATLI,11,0.0455
M1,ULUBATLI,12,0.044
M1,ULUBATLI,13,0.0441
M1,ULUBATLI,14,0.0434
M1,ULUBATLI,15,0.0389
M1,ULUBATLI,16,0.0417
M1,ULUBATLI,17,0.0387
M1,ULUBATLI,18,0.0325
M1,ULUBATLI,19,0.0288
M1,ULUBATLI,20,0.0276
M1,ULUBATLI,21,0.0251
M1,ULUBATLI,22,0.023
M1,ULUBATLI,23,0.023
M1,YENIBOSNA,0,0.0066
M1,YENIBOSNA,1,0.0048
M1,YENIBOSNA,2,0.0041
M1,YENIBOSNA,3,0.0062
M1,YENIBOSNA,4,0.0062
M1,YENIBOSNA,5,0.0111
M1,YENIBOSNA,6,0.0146
M1,YENIBOSNA,7,0.0212
M1,YENIBOSNA,8,0.023
M1,YENIBOSNA,9,0.0198
M1,YENIBOSNA,10,0.018
M1,YENIBOSNA,11,0.0177
M1,YENIBOSNA,12,0.0169
M1,YENIBOSNA,13,0.0161
M1,YENIBOSNA,14,0.0157
M1,YENIBOSNA,15,0.0139
M1,YENIBOSNA,16,0.0139
M1,YENIBOSNA,17,0.015
M1,YENIBOSNA,18,0.0167
M1,YENIBOSNA,19,0.0155
M1,YENIBOSNA,20,0.011
M1,YENIBOSNA,21,0.0098
M1,YENIBOSNA,22,0.0102
M1,YENIBOSNA,23,0.0095
M1,YENIKAPI,0,0.3268
M1,YENIKAPI,1,0.4172
M1,YENIKAPI,2,0.468
M1,YENIKAPI,3,0.4033
M1,YENIKAPI,4,0.3266
M1,YENIKAPI,5,0.0269
M1,YENIKAPI,6,0.0677
M1,YENIKAPI,7,0.0817
M1,YENIKAPI,8,0.1042
M1,YENIKAPI,9,0.1308
M1,YENIKAPI,10,0.1401
M1,YENIKAPI,11,0.1374
M1,YENIKAPI,12,0.1326
M1,YENIKAPI,13,0.1327
M1,YENIKAPI,14,0.1373
M1,YENIKAPI,15,0.1541
M1,YENIKAPI,16,0.1751
M1,YENIKAPI,17,0.2026
M1,YENIKAPI,18,0.2217
M1,YENIKAPI,19,0.2268
M1,YENIKAPI,20,0.2387
M1,YENIKAPI,21,0.2413
M1,YENIKAPI,22,0.2586
M1,YENIKAPI,23,0.3239
M1,ZEYTINBURNU,0,0.0458
M1,ZEYTINBURNU,1,0.0261
M1,ZEYTINBURNU,2,0.021
M1,ZEYTINBURNU,3,0.0276
M1,ZEYTINBURNU,4,0.021
M1,ZEYTINBURNU,5,0.0184
M1,ZEYTINBURNU,6,0.0372
M1,ZEYTINBURNU,7,0.0411
M1,ZEYTINBURNU,8,0.0507
M1,ZEYTINBURNU,9,0.044
M1,ZEYTINBURNU,10,0.0402
M1,ZEYTINBURNU,11,0.0397
M1,ZEYTINBURNU,12,0.0408
M1,ZEYTINBURNU,13,0.0435
M1,ZEYTINBURNU,14,0.044
M1,ZEYTINBURNU,15,0.0421
M1,ZEYTINBURNU,16,0.0398
M1,ZEYTINBURNU,17,0.0414
M1,ZEYTINBURNU,18,0.0487
M1,ZEYTINBURNU,19,0.0544
M1,ZEYTINBURNU,20,0.0448
M1,ZEYTINBURNU,21,0.0407
M1,ZEYTINBURNU,22,0.0485
M1,ZEYTINBURNU,23,0.0386
M2,TAKSIM,0,0.2398
M2,TAKSIM,1,0.3251
M2,TAKSIM,2,0.4057
M2,TAKSIM,3,0.5095
M2,TAKSIM,4,0.5714
M2,TAKSIM,5,0.2629
M2,TAKSIM,6,0.0619
M2,TAKSIM,7,0.0351
M2,TAKSIM,8,0.0267
M2,TAKSIM,9,0.0385
M2,TAKSIM,10,0.0613
M2,TAKSIM,11,0.07
M2,TAKSIM,12,0.0671
M2,TAKSIM,13,0.0642
M2,TAKSIM,14,0.0701
M2,TAKSIM,15,0.0895
M2,TAKSIM,16,0.0874
M2,TAKSIM,17,0.0845
M2,TAKSIM,18,0.0813
M2,TAKSIM,19,0.0823
M2,TAKSIM,20,0.1011
M2,TAKSIM,21,0.1206
M2,TAKSIM,22,0.1427
M2,TAKSIM,23,0.1988
M2,4. LEVENT,0,0.031
M2,4. LEVENT,1,0.0269
M2,4. LEVENT,2,0.0232
M2,4. LEVENT,3,0.0215
M2,4. LEVENT,4,0.0227
M2,4. LEVENT,5,0.11
M2,4. LEVENT,6,0.1039
M2,4. LEVENT,7,0.0905
M2,4. LEVENT,8,0.0811
M2,4. LEVENT,9,0.0703
M2,4. LEVENT,10,0.0647
M2,4. LEVENT,11,0.0628
M2,4. LEVENT,12,0.0629
M2,4. LEVENT,13,0.0645
M2,4. LEVENT,14,0.0586
M2,4. LEVENT,15,0.0545
M2,4. LEVENT,16,0.0503
M2,4. LEVENT,17,0.0501
M2,4. LEVENT,18,0.0508
M2,4. LEVENT,19,0.049
M2,4. LEVENT,20,0.0449
M2,4. LEVENT,21,0.04
M2,4. LEVENT,22,0.0341
M2,4. LEVENT,23,0.0319
M2,ATATURK OTO SANAYI,0,0.0095
M2,ATATURK OTO SANAYI,1,0.0173
M2,ATATURK OTO SANAYI,2,0.0251
M2,ATATURK OTO SANAYI,3,0.0328
M2,ATATURK OTO SANAYI,4,0.0392
M2,ATATURK OTO SANAYI,5,0.0203
M2,ATATURK OTO SANAYI,6,0.011
M2,ATATURK OTO SANAYI,7,0.0129
M2,ATATURK OTO SANAYI,8,0.0111
M2,ATATURK OTO SANAYI,9,0.0105
M2,ATATURK OTO SANAYI,10,0.0117
M2,ATATURK OTO SANAYI,11,0.012
M2,ATATURK OTO SANAYI,12,0.013
M2,ATATURK OTO SANAYI,13,0.013
M2,ATATURK OTO SANAYI,14,0.014
M2,ATATURK OTO SANAYI,15,0.0163
M2,ATATURK OTO SANAYI,16,0.0256
M2,ATATURK OTO SANAYI,17,0.0307
M2,ATATURK OTO SANAYI,18,0.029
M2,ATATURK OTO SANAYI,19,0.0198
M2,ATATURK OTO SANAYI,20,0.0142
M2,ATATURK OTO SANAYI,21,0.0108
M2,ATATURK OTO SANAYI,22,0.0089
M2,ATATURK OTO SANAYI,23,0.0075
M2,YENIKAPI,0,0.0903
M2,YENIKAPI,1,0.0878
M2,YENIKAPI,2,0.0777
M2,YENIKAPI,3,0.0334
M2,YENIKAPI,4,0.028
M2,YENIKAPI,5,0.0335
M2,YENIKAPI,6,0.1983
M2,YENIKAPI,7,0.2306
M2,YENIKAPI,8,0.2442
M2,YENIKAPI,9,0.2423
M2,YENIKAPI,10,0.225
M2,YENIKAPI,11,0.2009
M2,YENIKAPI,12,0.1859
M2,YENIKAPI,13,0.1755
M2,YENIKAPI,14,0.1618
M2,YENIKAPI,15,0.1314
M2,YENIKAPI,16,0.1159
M2,YENIKAPI,17,0.1
M2,YENIKAPI,18,0.0959
M2,YENIKAPI,19,0.1182
M2,YENIKAPI,20,0.1259
M2,YENIKAPI,21,0.1194
M2,YENIKAPI,22,0.1095
M2,YENIKAPI,23,0.1194
M2,DARUSSAFAKA,0,0.0117
M2,DARUSSAFAKA,1,0.0022
M2,DARUSSAFAKA,2,0.0014
M2,DARUSSAFAKA,3,0.0009
M2,DARUSSAFAKA,4,0.0009
M2,DARUSSAFAKA,5,0.0117
M2,DARUSSAFAKA,6,0.0119
M2,DARUSSAFAKA,7,0.0128
M2,DARUSSAFAKA,8,0.0126
M2,DARUSSAFAKA,9,0.0097
M2,DARUSSAFAKA,10,0.0108
M2,DARUSSAFAKA,11,0.0105
M2,DARUSSAFAKA,12,0.0107
M2,DARUSSAFAKA,13,0.0111
M2,DARUSSAFAKA,14,0.011
M2,DARUSSAFAKA,15,0.0162
M2,DARUSSAFAKA,16,0.0125
M2,DARUSSAFAKA,17,0.0108
M2,DARUSSAFAKA,18,0.0098
M2,DARUSSAFAKA,19,0.0077
M2,DARUSSAFAKA,20,0.0057
M2,DARUSSAFAKA,21,0.0046
M2,DARUSSAFAKA,22,0.0064
M2,DARUSSAFAKA,23,0.0107
M2,GAYRETTEPE,0,0.0648
M2,GAYRETTEPE,1,0.0559
M2,GAYRETTEPE,2,0.0626
M2,GAYRETTEPE,3,0.0568
M2,GAYRETTEPE,4,0.0402
M2,GAYRETTEPE,5,0.0452
M2,GAYRETTEPE,6,0.0573
M2,GAYRETTEPE,7,0.0748
M2,GAYRETTEPE,8,0.0914
M2,GAYRETTEPE,9,0.094
M2,GAYRETTEPE,10,0.0726
M2,GAYRETTEPE,11,0.0638
M2,GAYRETTEPE,12,0.0651
M2,GAYRETTEPE,13,0.0594
M2,GAYRETTEPE,14,0.0561
M2,GAYRETTEPE,15,0.0557
M2,GAYRETTEPE,16,0.0579
M2,GAYRETTEPE,17,0.0658
M2,GAYRETTEPE,18,0.0714
M2,GAYRETTEPE,19,0.0625
M2,GAYRETTEPE,20,0.0588
M2,GAYRETTEPE,21,0.0533
M2,GAYRETTEPE,22,0.0591
M2,GAYRETTEPE,23,0.0537
M2,HACIOSMAN,0,0.015
M2,HACIOSMAN,1,0.016
M2,HACIOSMAN,2,0.0126
M2,HACIOSMAN,3,0.0064
M2,HACIOSMAN,4,0.0076
M2,HACIOSMAN,5,0.0232
M2,HACIOSMAN,6,0.057
M2,HACIOSMAN,7,0.0634
M2,HACIOSMAN,8,0.0569
M2,HACIOSMAN,9,0.0506
M2,HACIOSMAN,10,0.0467
M2,HACIOSMAN,11,0.044
M2,HACIOSMAN,12,0.0424
M2,HACIOSMAN,13,0.0393
M2,HACIOSMAN,14,0.037
M2,HACIOSMAN,15,0.0371
M2,HACIOSMAN,16,0.0364
M2,HACIOSMAN,17,0.0317
M2,HACIOSMAN,18,0.0251
M2,HACIOSMAN,19,0.0256
M2,HACIOSMAN,20,0.0249
M2,HACIOSMAN,21,0.0218
M2,HACIOSMAN,22,0.0176
M2,HACIOSMAN,23,0.0157
M2,HALIC,0,0.0459
M2,HALIC,1,0.0494
M2,HALIC,2,0.0412
M2,HALIC,3,0.0335
M2,HALIC,4,0.0239
M2,HALIC,5,0.0154
M2,HALIC,6,0.0141
M2,HALIC,7,0.0118
M2,HALIC,8,0.0116
M2,HALIC,9,0.0131
M2,HALIC,10,0.0175
M2,HALIC,11,0.022
M2,HALIC,12,0.0258
M2,HALIC,13,0.0293
M2,HALIC,14,0.0338
M2,HALIC,15,0.0369
M2,HALIC,16,0.0395
M2,HALIC,17,0.0414
M2,HALIC,18,0.0402
M2,HALIC,19,0.0375
M2,HALIC,20,0.0381
M2,HALIC,21,0.0372
M2,HALIC,22,0.0345
M2,HALIC,23,0.0442
M2,ITU,0,0.038
M2,ITU,1,0.0317
M2,ITU,2,0.0275
M2,ITU,3,0.0271
M2,ITU,4,0.0362
M2,ITU,5,0.0261
M2,ITU,6,0.0202
M2,ITU,7,0.0271
M2,ITU,8,0.0231
M2,ITU,9,0.022
M2,ITU,10,0.0295
M2,ITU,11,0.0372
M2,ITU,12,0.047
M2,ITU,13,0.0463
M2,ITU,14,0.0504
M2,ITU,15,0.0577
M2,ITU,16,0.0726
M2,ITU,17,0.0956
M2,ITU,18,0.0941
M2,ITU,19,0.0692
M2,ITU,20,0.0635
M2,ITU,21,0.0514
M2,ITU,22,0.0568
M2,ITU,23,0.0437
M2,LEVENT,0,0.0534
M2,LEVENT,1,0.0386
M2,LEVENT,2,0.0351
M2,LEVENT,3,0.0269
M2,LEVENT,4,0.0234
M2,LEVENT,5,0.089
M2,LEVENT,6,0.0902
M2,LEVENT,7,0.0623
M2,LEVENT,8,0.056
M2,LEVENT,9,0.0556
M2,LEVENT,10,0.0645
M2,LEVENT,11,0.0686
M2,LEVENT,12,0.0709
M2,LEVENT,13,0.0765
M2,LEVENT,14,0.0779
M2,LEVENT,15,0.0826
M2,LEVENT,16,0.0906
M2,LEVENT,17,0.1034
M2,LEVENT,18,0.1083
M2,LEVENT,19,0.105
M2,LEVENT,20,0.1033
M2,LEVENT,21,0.1034
M2,LEVENT,22,0.1015
M2,LEVENT,23,0.0685
M2,OSMANBEY,0,0.1068
M2,OSMANBEY,1,0.078
M2,OSMANBEY,2,0.0598
M2,OSMANBEY,3,0.0486
M2,OSMANBEY,4,0.0491
M2,OSMANBEY,5,0.0877
M2,OSMANBEY,6,0.0654
M2,OSMANBEY,7,0.0721
M2,OSMANBEY,8,0.0739
M2,OSMANBEY,9,0.0771
M2,OSMANBEY,10,0.0888
M2,OSMANBEY,11,0.0953
M2,OSMANBEY,12,0.1011
M2,OSMANBEY,13,0.1024
M2,OSMANBEY,14,0.104
M2,OSMANBEY,15,0.1138
M2,OSMANBEY,16,0.1056
M2,OSMANBEY,17,0.1029
M2,OSMANBEY,18,0.1134
M2,OSMANBEY,19,0.1298
M2,OSMANBEY,20,0.1164
M2,OSMANBEY,21,0.109
M2,OSMANBEY,22,0.1036
M2,OSMANBEY,23,0.1107
M2,SANAYI MAH.,0,0.0095
M2,SANAYI MAH.,1,0.008
M2,SANAYI MAH.,2,0.0074
M2,SANAYI MAH.,3,0.007
M2,SANAYI MAH.,4,0.0078
M2,SANAYI MAH.,5,0.0595
M2,SANAYI MAH.,6,0.0337
M2,SANAYI MAH.,7,0.0331
M2,SANAYI MAH.,8,0.0272
M2,SANAYI MAH.,9,0.0205
M2,SANAYI MAH.,10,0.0179
M2,SANAYI MAH.,11,0.0175
M2,SANAYI MAH.,12,0.0185
M2,SANAYI MAH.,13,0.0195
M2,SANAYI MAH.,14,0.0182
M2,SANAYI MAH.,15,0.0164
M2,SANAYI MAH.,16,0.0194
M2,SANAYI MAH.,17,0.0285
M2,SANAYI MAH.,18,0.034
M2,SANAYI MAH.,19,0.0227
M2,SANAYI MAH.,20,0.018
M2,SANAYI MAH.,21,0.0149
M2,SANAYI MAH.,22,0.0117
M2,SANAYI MAH.,23,0.0101
M2,SEYRANTEPE,0,0.0291
M2,SEYRANTEPE,1,0.0014
M2,SEYRANTEPE,2,0.0001
M2,SEYRANTEPE,3,0.0
M2,SEYRANTEPE,4,0.0001
M2,SEYRANTEPE,5,0.028
M2,SEYRANTEPE,6,0.0197
M2,SEYRANTEPE,7,0.0208
M2,SEYRANTEPE,8,0.0193
M2,SEYRANTEPE,9,0.021
M2,SEYRANTEPE,10,0.0242
M2,SEYRANTEPE,11,0.025
M2,SEYRANTEPE,12,0.0196
M2,SEYRANTEPE,13,0.0216
M2,SEYRANTEPE,14,0.026
M2,SEYRANTEPE,15,0.0229
M2,SEYRANTEPE,16,0.0273
M2,SEYRANTEPE,17,0.0227
M2,SEYRANTEPE,18,0.0217
M2,SEYRANTEPE,19,0.0174
M2,SEYRANTEPE,20,0.0196
M2,SEYRANTEPE,21,0.0374
M2,SEYRANTEPE,22,0.0506
M2,SEYRANTEPE,23,0.0284
M2,SISHANE,0,0.1284
M2,SISHANE,1,0.16
M2,SISHANE,2,0.1358
M2,SISHANE,3,0.1233
M2,SISHANE,4,0.086
M2,SISHANE,5,0.0533
M2,SISHANE,6,0.0358
M2,SISHANE,7,0.034
M2,SISHANE,8,0.0291
M2,SISHANE,9,0.0308
M2,SISHANE,10,0.0373
M2,SISHANE,11,0.0407
M2,SISHANE,12,0.0417
M2,SISHANE,13,0.0431
M2,SISHANE,14,0.0465
M2,SISHANE,15,0.0575
M2,SISHANE,16,0.0568
M2,SISHANE,17,0.055
M2,SISHANE,18,0.0531
M2,SISHANE,19,0.0543
M2,SISHANE,20,0.0656
M2,SISHANE,21,0.0771
M2,SISHANE,22,0.0894
M2,SISHANE,23,0.1162
M2,SISLI,0,0.1088
M2,SISLI,1,0.0873
M2,SISLI,2,0.0752
M2,SISLI,3,0.0654
M2,SISLI,4,0.0581
M2,SISLI,5,0.1145
M2,SISLI,6,0.202
M2,SISLI,7,0.2026
M2,SISLI,8,0.2206
M2,SISLI,9,0.2216
M2,SISLI,10,0.1885
M2,SISLI,11,0.1815
M2,SISLI,12,0.1794
M2,SISLI,13,0.1864
M2,SISLI,14,0.1795
M2,SISLI,15,0.1547
M2,SISLI,16,0.1423
M2,SISLI,17,0.1274
M2,SISLI,18,0.1274
M2,SISLI,19,0.1471
M2,SISLI,20,0.1507
M2,SISLI,21,0.1573
M2,SISLI,22,0.1396
M2,SISLI,23,0.1048
M2,VEZNECILER,0,0.018
M2,VEZNECILER,1,0.0144
M2,VEZNECILER,2,0.0097
M2,VEZNECILER,3,0.0069
M2,VEZNECILER,4,0.0057
M2,VEZNECILER,5,0.0196
M2,VEZNECILER,6,0.0177
M2,VEZNECILER,7,0.0161
M2,VEZNECILER,8,0.0152
M2,VEZNECILER,9,0.0223
M2,VEZNECILER,10,0.0389
M2,VEZNECILER,11,0.048
M2,VEZNECILER,12,0.0489
M2,VEZNECILER,13,0.0478
M2,VEZNECILER,14,0.055
M2,VEZNECILER,15,0.0569
M2,VEZNECILER,16,0.0598
M2,VEZNECILER,17,0.0494
M2,VEZNECILER,18,0.0445
M2,VEZNECILER,19,0.052
M2,VEZNECILER,20,0.0494
M2,VEZNECILER,21,0.0419
M2,VEZNECILER,22,0.0338
M2,VEZNECILER,23,0.0356
M3,KIRAZLI,0,0.0467
M3,KIRAZLI,1,0.0656
M3,KIRAZLI,2,0.1016
M3,KIRAZLI,3,0.1473
M3,KIRAZLI,4,0.0918
M3,KIRAZLI,5,0.2811
M3,KIRAZLI,6,0.225
M3,KIRAZLI,7,0.2138
M3,KIRAZLI,8,0.167
M3,KIRAZLI,9,0.1178
M3,KIRAZLI,10,0.0933
M3,KIRAZLI,11,0.086
M3,KIRAZLI,12,0.0917
M3,KIRAZLI,13,0.0838
M3,KIRAZLI,14,0.0728
M3,KIRAZLI,15,0.0551
M3,KIRAZLI,16,0.0489
M3,KIRAZLI,17,0.0408
M3,KIRAZLI,18,0.0364
M3,KIRAZLI,19,0.05
M3,KIRAZLI,20,0.0536
M3,KIRAZLI,21,0.0545
M3,KIRAZLI,22,0.0503
M3,KIRAZLI,23,0.0509
M3,NAN,10,0.0
M3,NAN,11,0.0
M3,BAKIRKOY IDO,0,0.02
M3,BAKIRKOY IDO,1,0.0025
M3,BAKIRKOY IDO,5,0.0011
M3,BAKIRKOY IDO,6,0.0011
M3,BAKIRKOY IDO,7,0.0006
M3,BAKIRKOY IDO,8,0.0006
M3,BAKIRKOY IDO,9,0.0008
M3,BAKIRKOY IDO,10,0.0014
M3,BAKIRKOY IDO,11,0.002
M3,BAKIRKOY IDO,12,0.0025
M3,BAKIRKOY IDO,13,0.0028
M3,BAKIRKOY IDO,14,0.0043
M3,BAKIRKOY IDO,15,0.0068
M3,BAKIRKOY IDO,16,0.0071
M3,BAKIRKOY IDO,17,0.0071
M3,BAKIRKOY IDO,18,0.0058
M3,BAKIRKOY IDO,19,0.0075
M3,BAKIRKOY IDO,20,0.0139
M3,BAKIRKOY IDO,21,0.0202
M3,BAKIRKOY IDO,22,0.0258
M3,BAKIRKOY IDO,23,0.0345
M3,BASAK KONUTLARI,0,0.0684
M3,BASAK KONUTLARI,1,0.0473
M3,BASAK KONUTLARI,2,0.0176
M3,BASAK KONUTLARI,3,0.0271
M3,BASAK KONUTLARI,4,0.0193
M3,BASAK KONUTLARI,5,0.0894
M3,BASAK KONUTLARI,6,0.0486
M3,BASAK KONUTLARI,7,0.0461
M3,BASAK KONUTLARI,8,0.0533
M3,BASAK KONUTLARI,9,0.0619
M3,BASAK KONUTLARI,10,0.0677
M3,BASAK KONUTLARI,11,0.0704
M3,BASAK KONUTLARI,12,0.0732
M3,BASAK KONUTLARI,13,0.0693
M3,BASAK KONUTLARI,14,0.0723
M3,BASAK KONUTLARI,15,0.0735
M3,BASAK KONUTLARI,16,0.0692
M3,BASAK KONUTLARI,17,0.0847
M3,BASAK KONUTLARI,18,0.0989
M3,BASAK KONUTLARI,19,0.0828
M3,BASAK KONUTLARI,20,0.0738
M3,BASAK KONUTLARI,21,0.0826
M3,BASAK KONUTLARI,22,0.0744
M3,BASAK KONUTLARI,23,0.0756
M3,HAZNEDAR,0,0.0098
M3,HAZNEDAR,1,0.012
M3,HAZNEDAR,2,0.0039
M3,HAZNEDAR,4,0.0048
M3,HAZNEDAR,5,0.0059
M3,HAZNEDAR,6,0.0054
M3,HAZNEDAR,7,0.0054
M3,HAZNEDAR,8,0.0069
M3,HAZNEDAR,9,0.0103
M3,HAZNEDAR,10,0.0108
M3,HAZNEDAR,11,0.0112
M3,HAZNEDAR,12,0.0117
M3,HAZNEDAR,13,0.0117
M3,HAZNEDAR,14,0.0115
M3,HAZNEDAR,15,0.0136
M3,HAZNEDAR,16,0.0095
M3,HAZNEDAR,17,0.0079
M3,HAZNEDAR,18,0.0055
M3,HAZNEDAR,19,0.0063
M3,HAZNEDAR,20,0.0082
M3,HAZNEDAR,21,0.0082
M3,HAZNEDAR,22,0.008
M3,HAZNEDAR,23,0.0087
M3,IKITELLI SANAYI,0,0.0291
M3,IKITELLI SANAYI,1,0.0216
M3,IKITELLI SANAYI,2,0.0449
M3,IKITELLI SANAYI,3,0.0155
M3,IKITELLI SANAYI,5,0.0478
M3,IKITELLI SANAYI,6,0.0188
M3,IKITELLI SANAYI,7,0.0123
M3,IKITELLI SANAYI,8,0.0174
M3,IKITELLI SANAYI,9,0.0192
M3,IKITELLI SANAYI,10,0.0282
M3,IKITELLI SANAYI,11,0.0343
M3,IKITELLI SANAYI,12,0.0445
M3,IKITELLI SANAYI,13,0.0571
M3,IKITELLI SANAYI,14,0.0583
M3,IKITELLI SANAYI,15,0.0672
M3,IKITELLI SANAYI,16,0.0816
M3,IKITELLI SANAYI,17,0.1328
M3,IKITELLI SANAYI,18,0.1673
M3,IKITELLI SANAYI,19,0.1502
M3,IKITELLI SANAYI,20,0.1106
M3,IKITELLI SANAYI,21,0.0813
M3,IKITELLI SANAYI,22,0.0821
M3,IKITELLI SANAYI,23,0.0508
M3,ILKYUVA,0,0.021
M3,ILKYUVA,1,0.0191
M3,ILKYUVA,5,0.0443
M3,ILKYUVA,6,0.0375
M3,ILKYUVA,7,0.0283
M3,ILKYUVA,8,0.027
M3,ILKYUVA,9,0.0337
M3,ILKYUVA,10,0.0304
M3,ILKYUVA,11,0.0286
M3,ILKYUVA,12,0.0292
M3,ILKYUVA,13,0.0277
M3,ILKYUVA,14,0.0259
M3,ILKYUVA,15,0.0194
M3,ILKYUVA,16,0.0145
M3,ILKYUVA,17,0.0114
M3,ILKYUVA,18,0.009
M3,ILKYUVA,19,0.0112
M3,ILKYUVA,20,0.0167
M3,ILKYUVA,21,0.0171
M3,ILKYUVA,22,0.0141
M3,ILKYUVA,23,0.014
M3,INCIRLI,0,0.0638
M3,INCIRLI,1,0.0606
M3,INCIRLI,2,0.002
M3,INCIRLI,5,0.0112
M3,INCIRLI,6,0.0135
M3,INCIRLI,7,0.0124
M3,INCIRLI,8,0.0129
M3,INCIRLI,9,0.0185
M3,INCIRLI,10,0.022
M3,INCIRLI,11,0.0245
M3,INCIRLI,12,0.0269
M3,INCIRLI,13,0.0269
M3,INCIRLI,14,0.0295
M3,INCIRLI,15,0.0317
M3,INCIRLI,16,0.0325
M3,INCIRLI,17,0.0318
M3,INCIRLI,18,0.0263
M3,INCIRLI,19,0.0301
M3,INCIRLI,20,0.0349
M3,INCIRLI,21,0.0366
M3,INCIRLI,22,0.0391
M3,INCIRLI,23,0.0459
M3,ISTOC,0,0.0049
M3,ISTOC,1,0.0037
M3,ISTOC,2,0.002
M3,ISTOC,3,0.0155
M3,ISTOC,5,0.0016
M3,ISTOC,6,0.0063
M3,ISTOC,7,0.0078
M3,ISTOC,8,0.0092
M3,ISTOC,9,0.0153
M3,ISTOC,10,0.0235
M3,ISTOC,11,0.0299
M3,ISTOC,12,0.0346
M3,ISTOC,13,0.0381
M3,ISTOC,14,0.0457
M3,ISTOC,15,0.047
M3,ISTOC,16,0.0486
M3,ISTOC,17,0.0804
M3,ISTOC,18,0.0982
M3,ISTOC,19,0.039
M3,ISTOC,20,0.0185
M3,ISTOC,21,0.0096
M3,ISTOC,22,0.007
M3,ISTOC,23,0.0057
M3,KAYASEHIR MERKEZ,0,0.0565
M3,KAYASEHIR MERKEZ,1,0.0453
M3,KAYASEHIR MERKEZ,2,0.0547
M3,KAYASEHIR MERKEZ,3,0.0155
M3,KAYASEHIR MERKEZ,4,0.029
M3,KAYASEHIR MERKEZ,5,0.0287
M3,KAYASEHIR MERKEZ,6,0.0304
M3,KAYASEHIR MERKEZ,7,0.0311
M3,KAYASEHIR MERKEZ,8,0.0416
M3,KAYASEHIR MERKEZ,9,0.0487
M3,KAYASEHIR MERKEZ,10,0.0487
M3,KAYASEHIR MERKEZ,11,0.0512
M3,KAYASEHIR MERKEZ,12,0.0477
M3,KAYASEHIR MERKEZ,13,0.0428
M3,KAYASEHIR MERKEZ,14,0.0452
M3,KAYASEHIR MERKEZ,15,0.0501
M3,KAYASEHIR MERKEZ,16,0.0462
M3,KAYASEHIR MERKEZ,17,0.0355
M3,KAYASEHIR MERKEZ,18,0.0229
M3,KAYASEHIR MERKEZ,19,0.0316
M3,KAYASEHIR MERKEZ,20,0.0493
M3,KAYASEHIR MERKEZ,21,0.0587
M3,KAYASEHIR MERKEZ,22,0.0658
M3,KAYASEHIR MERKEZ,23,0.0854
M3,MAHMUTBEY,0,0.1853
M3,MAHMUTBEY,1,0.2608
M3,MAHMUTBEY,2,0.3691
M3,MAHMUTBEY,3,0.3876
M3,MAHMUTBEY,4,0.3623
M3,MAHMUTBEY,5,0.0905
M3,MAHMUTBEY,6,0.216
M3,MAHMUTBEY,7,0.2488
M3,MAHMUTBEY,8,0.2431
M3,MAHMUTBEY,9,0.2043
M3,MAHMUTBEY,10,0.1664
M3,MAHMUTBEY,11,0.1491
M3,MAHMUTBEY,12,0.1526
M3,MAHMUTBEY,13,0.1545
M3,MAHMUTBEY,14,0.1428
M3,MAHMUTBEY,15,0.1313
M3,MAHMUTBEY,16,0.1168
M3,MAHMUTBEY,17,0.1174
M3,MAHMUTBEY,18,0.1179
M3,MAHMUTBEY,19,0.1465
M3,MAHMUTBEY,20,0.153
M3,MAHMUTBEY,21,0.1432
M3,MAHMUTBEY,22,0.1366
M3,MAHMUTBEY,23,0.1438
M3,MAHMUTBEY M7 HOL,0,0.1707
M3,MAHMUTBEY M7 HOL,1,0.2409
M3,MAHMUTBEY M7 HOL,2,0.3242
M3,MAHMUTBEY M7 HOL,3,0.2946
M3,MAHMUTBEY M7 HOL,4,0.2899
M3,MAHMUTBEY M7 HOL,5,0.0037
M3,MAHMUTBEY M7 HOL,6,0.0378
M3,MAHMUTBEY M7 HOL,7,0.0546
M3,MAHMUTBEY M7 HOL,8,0.0619
M3,MAHMUTBEY M7 HOL,9,0.0606
M3,MAHMUTBEY M7 HOL,10,0.0582
M3,MAHMUTBEY M7 HOL,11,0.0589
M3,MAHMUTBEY M7 HOL,12,0.0599
M3,MAHMUTBEY M7 HOL,13,0.0627
M3,MAHMUTBEY M7 HOL,14,0.0634
M3,MAHMUTBEY M7 HOL,15,0.0602
M3,MAHMUTBEY M7 HOL,16,0.0592
M3,MAHMUTBEY M7 HOL,17,0.0603
M3,MAHMUTBEY M7 HOL,18,0.0616
M3,MAHMUTBEY M7 HOL,19,0.0757
M3,MAHMUTBEY M7 HOL,20,0.0832
M3,MAHMUTBEY M7 HOL,21,0.0773
M3,MAHMUTBEY M7 HOL,22,0.0848
M3,MAHMUTBEY M7 HOL,23,0.0957
M3,METROKENT,0,0.0833
M3,METROKENT,1,0.088
M3,METROKENT,2,0.0078
M3,METROKENT,3,0.0078
M3,METROKENT,4,0.0338
M3,METROKENT,5,0.0694
M3,METROKENT,6,0.057
M3,METROKENT,7,0.0584
M3,METROKENT,8,0.0711
M3,METROKENT,9,0.0908
M3,METROKENT,10,0.1012
M3,METROKENT,11,0.0997
M3,METROKENT,12,0.0931
M3,METROKENT,13,0.0885
M3,METROKENT,14,0.081
M3,METROKENT,15,0.0778
M3,METROKENT,16,0.0825
M3,METROKENT,17,0.0658
M3,METROKENT,18,0.0426
M3,METROKENT,19,0.0574
M3,METROKENT,20,0.0697
M3,METROKENT,21,0.0869
M3,METROKENT,22,0.081
M3,METROKENT,23,0.0827
M3,MOLLA GURANI,0,0.0121
M3,MOLLA GURANI,1,0.0046
M3,MOLLA GURANI,5,0.0545
M3,MOLLA GURANI,6,0.0443
M3,MOLLA GURANI,7,0.0348
M3,MOLLA GURANI,8,0.0278
M3,MOLLA GURANI,9,0.0304
M3,MOLLA GURANI,10,0.0271
M3,MOLLA GURANI,11,0.025
M3,MOLLA GURANI,12,0.0262
M3,MOLLA GURANI,13,0.0251
M3,MOLLA GURANI,14,0.0227
M3,MOLLA GURANI,15,0.018
M3,MOLLA GURANI,16,0.0118
M3,MOLLA GURANI,17,0.0085
M3,MOLLA GURANI,18,0.0067
M3,MOLLA GURANI,19,0.009
M3,MOLLA GURANI,20,0.0138
M3,MOLLA GURANI,21,0.0142
M3,MOLLA GURANI,22,0.0105
M3,MOLLA GURANI,23,0.0099
M3,ONURKENT,0,0.0131
M3,ONURKENT,1,0.012
M3,ONURKENT,2,0.0059
M3,ONURKENT,3,0.0194
M3,ONURKENT,4,0.0193
M3,ONURKENT,5,0.0134
M3,ONURKENT,6,0.0172
M3,ONURKENT,7,0.0157
M3,ONURKENT,8,0.0206
M3,ONURKENT,9,0.0243
M3,ONURKENT,10,0.0256
M3,ONURKENT,11,0.0255
M3,ONURKENT,12,0.024
M3,ONURKENT,13,0.0223
M3,ONURKENT,14,0.0215
M3,ONURKENT,15,0.0361
M3,ONURKENT,16,0.0191
M3,ONURKENT,17,0.0121
M3,ONURKENT,18,0.0087
M3,ONURKENT,19,0.0111
M3,ONURKENT,20,0.0151
M3,ONURKENT,21,0.0176
M3,ONURKENT,22,0.0193
M3,ONURKENT,23,0.0139
M3,OZGURLUK MEYDANI,0,0.1247
M3,OZGURLUK MEYDANI,1,0.0469
M3,OZGURLUK MEYDANI,2,0.002
M3,OZGURLUK MEYDANI,3,0.0039
M3,OZGURLUK MEYDANI,4,0.0242
M3,OZGURLUK MEYDANI,5,0.0053
M3,OZGURLUK MEYDANI,6,0.0124
M3,OZGURLUK MEYDANI,7,0.0117
M3,OZGURLUK MEYDANI,8,0.0113
M3,OZGURLUK MEYDANI,9,0.0165
M3,OZGURLUK MEYDANI,10,0.0222
M3,OZGURLUK MEYDANI,11,0.0258
M3,OZGURLUK MEYDANI,12,0.0306
M3,OZGURLUK MEYDANI,13,0.0342
M3,OZGURLUK MEYDANI,14,0.0474
M3,OZGURLUK MEYDANI,15,0.0564
M3,OZGURLUK MEYDANI,16,0.0543
M3,OZGURLUK MEYDANI,17,0.0512
M3,OZGURLUK MEYDANI,18,0.0463
M3,OZGURLUK MEYDANI,19,0.0678
M3,OZGURLUK MEYDANI,20,0.1018
M3,OZGURLUK MEYDANI,21,0.1268
M3,OZGURLUK MEYDANI,22,0.1518
M3,OZGURLUK MEYDANI,23,0.1494
M3,SEHIR HASTANESI,0,0.026
M3,SEHIR HASTANESI,1,0.0237
M3,SEHIR HASTANESI,2,0.0117
M3,SEHIR HASTANESI,3,0.0349
M3,SEHIR HASTANESI,4,0.0435
M3,SEHIR HASTANESI,5,0.0195
M3,SEHIR HASTANESI,6,0.0101
M3,SEHIR HASTANESI,7,0.0115
M3,SEHIR HASTANESI,8,0.0278
M3,SEHIR HASTANESI,9,0.0661
M3,SEHIR HASTANESI,10,0.104
M3,SEHIR HASTANESI,11,0.1107
M3,SEHIR HASTANESI,12,0.0668
M3,SEHIR HASTANESI,13,0.0543
M3,SEHIR HASTANESI,14,0.0865
M3,SEHIR HASTANESI,15,0.0881
M3,SEHIR HASTANESI,16,0.1078
M3,SEHIR HASTANESI,17,0.0462
M3,SEHIR HASTANESI,18,0.016
M3,SEHIR HASTANESI,19,0.0209
M3,SEHIR HASTANESI,20,0.0317
M3,SEHIR HASTANESI,21,0.0345
M3,SEHIR HASTANESI,22,0.0376
M3,SEHIR HASTANESI,23,0.0303
M3,SITELER,0,0.008
M3,SITELER,1,0.0029
M3,SITELER,2,0.002
M3,SITELER,4,0.0145
M3,SITELER,5,0.0301
M3,SITELER,6,0.0169
M3,SITELER,7,0.0124
M3,SITELER,8,0.0139
M3,SITELER,9,0.0121
M3,SITELER,10,0.0135
M3,SITELER,11,0.0145
M3,SITELER,12,0.0187
M3,SITELER,13,0.0226
M3,SITELER,14,0.0202
M3,SITELER,15,0.0246
M3,SITELER,16,0.03
M3,SITELER,17,0.062
M3,SITELER,18,0.0798
M3,SITELER,19,0.0509
M3,SITELER,20,0.0314
M3,SITELER,21,0.0245
M3,SITELER,22,0.0244
M3,SITELER,23,0.0206
M3,TOPLU KONUTLAR,0,0.0158
M3,TOPLU KONUTLAR,1,0.0083
M3,TOPLU KONUTLAR,2,0.0059
M3,TOPLU KONUTLAR,3,0.0039
M3,TOPLU KONUTLAR,4,0.0531
M3,TOPLU KONUTLAR,5,0.0563
M3,TOPLU KONUTLAR,6,0.0596
M3,TOPLU KONUTLAR,7,0.0514
M3,TOPLU KONUTLAR,8,0.0544
M3,TOPLU KONUTLAR,9,0.0531
M3,TOPLU KONUTLAR,10,0.0494
M3,TOPLU KONUTLAR,11,0.0472
M3,TOPLU KONUTLAR,12,0.0483
M3,TOPLU KONUTLAR,13,0.0398
M3,TOPLU KONUTLAR,14,0.0402
M3,TOPLU KONUTLAR,15,0.0404
M3,TOPLU KONUTLAR,16,0.035
M3,TOPLU KONUTLAR,17,0.0192
M3,TOPLU KONUTLAR,18,0.0126
M3,TOPLU KONUTLAR,19,0.015
M3,TOPLU KONUTLAR,20,0.0213
M3,TOPLU KONUTLAR,21,0.0218
M3,TOPLU KONUTLAR,22,0.0221
M3,TOPLU KONUTLAR,23,0.0199
M3,TURGUT OZAL,0,0.0086
M3,TURGUT OZAL,1,0.0037
M3,TURGUT OZAL,2,0.0039
M3,TURGUT OZAL,5,0.0287
M3,TURGUT OZAL,6,0.019
M3,TURGUT OZAL,7,0.0116
M3,TURGUT OZAL,8,0.016
M3,TURGUT OZAL,9,0.0121
M3,TURGUT OZAL,10,0.016
M3,TURGUT OZAL,11,0.0184
M3,TURGUT OZAL,12,0.0253
M3,TURGUT OZAL,13,0.0325
M3,TURGUT OZAL,14,0.0295
M3,TURGUT OZAL,15,0.0417
M3,TURGUT OZAL,16,0.0677
M3,TURGUT OZAL,17,0.0822
M3,TURGUT OZAL,18,0.1009
M3,TURGUT OZAL,19,0.0858
M3,TURGUT OZAL,20,0.0513
M3,TURGUT OZAL,21,0.0377
M3,TURGUT OZAL,22,0.0242
M3,TURGUT OZAL,23,0.0238
M3,YENI MAHALLE,0,0.0323
M3,YENI MAHALLE,1,0.0303
M3,YENI MAHALLE,2,0.041
M3,YENI MAHALLE,3,0.0271
M3,YENI MAHALLE,4,0.0145
M3,YENI MAHALLE,5,0.1175
M3,YENI MAHALLE,6,0.123
M3,YENI MAHALLE,7,0.1312
M3,YENI MAHALLE,8,0.116
M3,YENI MAHALLE,9,0.1033
M3,YENI MAHALLE,10,0.0905
M3,YENI MAHALLE,11,0.0872
M3,YENI MAHALLE,12,0.0924
M3,YENI MAHALLE,13,0.1033
M3,YENI MAHALLE,14,0.0791
M3,YENI MAHALLE,15,0.0609
M3,YENI MAHALLE,16,0.0578
M3,YENI MAHALLE,17,0.0427
M3,YENI MAHALLE,18,0.0364
M3,YENI MAHALLE,19,0.0512
M3,YENI MAHALLE,20,0.0482
M3,YENI MAHALLE,21,0.0465
M3,YENI MAHALLE,22,0.0411
M3,YENI MAHALLE,23,0.0389
M4,NAN,14,0.0
M4,ACIBADEM,0,0.0125
M4,ACIBADEM,1,0.0104
M4,ACIBADEM,2,0.0106
M4,ACIBADEM,3,0.0142
M4,ACIBADEM,4,0.016
M4,ACIBADEM,5,0.0184
M4,ACIBADEM,6,0.0146
M4,ACIBADEM,7,0.017
M4,ACIBADEM,8,0.0187
M4,ACIBADEM,9,0.0199
M4,ACIBADEM,10,0.0197
M4,ACIBADEM,11,0.0196
M4,ACIBADEM,12,0.0207
M4,ACIBADEM,13,0.0205
M4,ACIBADEM,14,0.0208
M4,ACIBADEM,15,0.0241
M4,ACIBADEM,16,0.0229
M4,ACIBADEM,17,0.0244
M4,ACIBADEM,18,0.0219
M4,ACIBADEM,19,0.0189
M4,ACIBADEM,20,0.0175
M4,ACIBADEM,21,0.0159
M4,ACIBADEM,22,0.0139
M4,ACIBADEM,23,0.0154
M4,AYRILIKCESME,0,0.0956
M4,AYRILIKCESME,1,0.0831
M4,AYRILIKCESME,2,0.0517
M4,AYRILIKCESME,3,0.0277
M4,AYRILIKCESME,4,0.0252
M4,AYRILIKCESME,5,0.013
M4,AYRILIKCESME,6,0.0516
M4,AYRILIKCESME,7,0.057
M4,AYRILIKCESME,8,0.0695
M4,AYRILIKCESME,9,0.0857
M4,AYRILIKCESME,10,0.0874
M4,AYRILIKCESME,11,0.0861
M4,AYRILIKCESME,12,0.0904
M4,AYRILIKCESME,13,0.0983
M4,AYRILIKCESME,14,0.1055
M4,AYRILIKCESME,15,0.1086
M4,AYRILIKCESME,16,0.111
M4,AYRILIKCESME,17,0.1105
M4,AYRILIKCESME,18,0.1095
M4,AYRILIKCESME,19,0.1294
M4,AYRILIKCESME,20,0.1222
M4,AYRILIKCESME,21,0.115
M4,AYRILIKCESME,22,0.108
M4,AYRILIKCESME,23,0.1152
M4,BOSTANCI,0,0.0336
M4,BOSTANCI,1,0.0172
M4,BOSTANCI,2,0.0212
M4,BOSTANCI,3,0.0266
M4,BOSTANCI,4,0.0364
M4,BOSTANCI,5,0.0365
M4,BOSTANCI,6,0.046
M4,BOSTANCI,7,0.0613
M4,BOSTANCI,8,0.0641
M4,BOSTANCI,9,0.064
M4,BOSTANCI,10,0.0575
M4,BOSTANCI,11,0.0556
M4,BOSTANCI,12,0.0547
M4,BOSTANCI,13,0.0538
M4,BOSTANCI,14,0.051
M4,BOSTANCI,15,0.0507
M4,BOSTANCI,16,0.0448
M4,BOSTANCI,17,0.0483
M4,BOSTANCI,18,0.05
M4,BOSTANCI,19,0.0436
M4,BOSTANCI,20,0.0358
M4,BOSTANCI,21,0.03
M4,BOSTANCI,22,0.0273
M4,BOSTANCI,23,0.0318
M4,ESENKENT CEVIZLI,0,0.0177
M4,ESENKENT CEVIZLI,1,0.0058
M4,ESENKENT CEVIZLI,2,0.0048
M4,ESENKENT CEVIZLI,3,0.0053
M4,ESENKENT CEVIZLI,4,0.0096
M4,ESENKENT CEVIZLI,5,0.0328
M4,ESENKENT CEVIZLI,6,0.03
M4,ESENKENT CEVIZLI,7,0.027
M4,ESENKENT CEVIZLI,8,0.0243
M4,ESENKENT CEVIZLI,9,0.021
M4,ESENKENT CEVIZLI,10,0.022
M4,ESENKENT CEVIZLI,11,0.0232
M4,ESENKENT CEVIZLI,12,0.0265
M4,ESENKENT CEVIZLI,13,0.0304
M4,ESENKENT CEVIZLI,14,0.0323
M4,ESENKENT CEVIZLI,15,0.0358
M4,ESENKENT CEVIZLI,16,0.0375
M4,ESENKENT CEVIZLI,17,0.0407
M4,ESENKENT CEVIZLI,18,0.0394
M4,ESENKENT CEVIZLI,19,0.0451
M4,ESENKENT CEVIZLI,20,0.0572
M4,ESENKENT CEVIZLI,21,0.0693
M4,ESENKENT CEVIZLI,22,0.0788
M4,ESENKENT CEVIZLI,23,0.0262
M4,FEVZI CAKMAK,0,0.0075
M4,FEVZI CAKMAK,1,0.0038
M4,FEVZI CAKMAK,2,0.0039
M4,FEVZI CAKMAK,3,0.0061
M4,FEVZI CAKMAK,4,0.011
M4,FEVZI CAKMAK,5,0.0547
M4,FEVZI CAKMAK,6,0.0497
M4,FEVZI CAKMAK,7,0.0425
M4,FEVZI CAKMAK,8,0.038
M4,FEVZI CAKMAK,9,0.029
M4,FEVZI CAKMAK,10,0.03
M4,FEVZI CAKMAK,11,0.0302
M4,FEVZI CAKMAK,12,0.0274
M4,FEVZI CAKMAK,13,0.0247
M4,FEVZI CAKMAK,14,0.0268
M4,FEVZI CAKMAK,15,0.0211
M4,FEVZI CAKMAK,16,0.0219
M4,FEVZI CAKMAK,17,0.0143
M4,FEVZI CAKMAK,18,0.012
M4,FEVZI CAKMAK,19,0.0108
M4,FEVZI CAKMAK,20,0.0105
M4,FEVZI CAKMAK,21,0.0106
M4,FEVZI CAKMAK,22,0.0095
M4,FEVZI CAKMAK,23,0.0094
M4,GOZTEPE,0,0.0174
M4,GOZTEPE,1,0.014
M4,GOZTEPE,2,0.016
M4,GOZTEPE,3,0.0234
M4,GOZTEPE,4,0.0326
M4,GOZTEPE,5,0.0505
M4,GOZTEPE,6,0.0523
M4,GOZTEPE,7,0.0506
M4,GOZTEPE,8,0.0492
M4,GOZTEPE,9,0.0471
M4,GOZTEPE,10,0.041
M4,GOZTEPE,11,0.0406
M4,GOZTEPE,12,0.0405
M4,GOZTEPE,13,0.0402
M4,GOZTEPE,14,0.0399
M4,GOZTEPE,15,0.0419
M4,GOZTEPE,16,0.0415
M4,GOZTEPE,17,0.0465
M4,GOZTEPE,18,0.0452
M4,GOZTEPE,19,0.0381
M4,GOZTEPE,20,0.0335
M4,GOZTEPE,21,0.0285
M4,GOZTEPE,22,0.0284
M4,GOZTEPE,23,0.0219
M4,GULSUYU,0,0.0087
M4,GULSUYU,1,0.0041
M4,GULSUYU,2,0.005
M4,GULSUYU,3,0.0061
M4,GULSUYU,4,0.0088
M4,GULSUYU,5,0.0249
M4,GULSUYU,6,0.0242
M4,GULSUYU,7,0.0241
M4,GULSUYU,8,0.0246
M4,GULSUYU,9,0.0209
M4,GULSUYU,10,0.0196
M4,GULSUYU,11,0.0186
M4,GULSUYU,12,0.019
M4,GULSUYU,13,0.0191
M4,GULSUYU,14,0.0182
M4,GULSUYU,15,0.0187
M4,GULSUYU,16,0.0199
M4,GULSUYU,17,0.0183
M4,GULSUYU,18,0.0194
M4,GULSUYU,19,0.0144
M4,GULSUYU,20,0.0138
M4,GULSUYU,21,0.0137
M4,GULSUYU,22,0.0124
M4,GULSUYU,23,0.0104
M4,HASTANE,0,0.0123
M4,HASTANE,1,0.0064
M4,HASTANE,2,0.0063
M4,HASTANE,3,0.0068
M4,HASTANE,4,0.0128
M4,HASTANE,5,0.0135
M4,HASTANE,6,0.0138
M4,HASTANE,7,0.0154
M4,HASTANE,8,0.0195
M4,HASTANE,9,0.0403
M4,HASTANE,10,0.0664
M4,HASTANE,11,0.0743
M4,HASTANE,12,0.0512
M4,HASTANE,13,0.0459
M4,HASTANE,14,0.0581
M4,HASTANE,15,0.054
M4,HASTANE,16,0.0575
M4,HASTANE,17,0.042
M4,HASTANE,18,0.0243
M4,HASTANE,19,0.0209
M4,HASTANE,20,0.0222
M4,HASTANE,21,0.0219
M4,HASTANE,22,0.0185
M4,HASTANE,23,0.0105
M4,HUZUREVI,0,0.0124
M4,HUZUREVI,1,0.0065
M4,HUZUREVI,2,0.0081
M4,HUZUREVI,3,0.0107
M4,HUZUREVI,4,0.0187
M4,HUZUREVI,5,0.0662
M4,HUZUREVI,6,0.0623
M4,HUZUREVI,7,0.0572
M4,HUZUREVI,8,0.0533
M4,HUZUREVI,9,0.0454
M4,HUZUREVI,10,0.0387
M4,HUZUREVI,11,0.0366
M4,HUZUREVI,12,0.0363
M4,HUZUREVI,13,0.0348
M4,HUZUREVI,14,0.0307
M4,HUZUREVI,15,0.0248
M4,HUZUREVI,16,0.0208
M4,HUZUREVI,17,0.0239
M4,HUZUREVI,18,0.0202
M4,HUZUREVI,19,0.0184
M4,HUZUREVI,20,0.0164
M4,HUZUREVI,21,0.014
M4,HUZUREVI,22,0.0118
M4,HUZUREVI,23,0.0118
M4,KADIKOY,0,0.3957
M4,KADIKOY,1,0.5514
M4,KADIKOY,2,0.5947
M4,KADIKOY,3,0.538
M4,KADIKOY,4,0.4171
M4,KADIKOY,5,0.0699
M4,KADIKOY,6,0.0238
M4,KADIKOY,7,0.0205
M4,KADIKOY,8,0.0245
M4,KADIKOY,9,0.0331
M4,KADIKOY,10,0.0458
M4,KADIKOY,11,0.0538
M4,KADIKOY,12,0.0651
M4,KADIKOY,13,0.0809
M4,KADIKOY,14,0.0989
M4,KADIKOY,15,0.1225
M4,KADIKOY,16,0.1381
M4,KADIKOY,17,0.1441
M4,KADIKOY,18,0.1507
M4,KADIKOY,19,0.1974
M4,KADIKOY,20,0.2364
M4,KADIKOY,21,0.273
M4,KADIKOY,22,0.2729
M4,KADIKOY,23,0.3501
M4,KARTAL,0,0.0137
M4,KARTAL,1,0.007
M4,KARTAL,2,0.0071
M4,KARTAL,3,0.0096
M4,KARTAL,4,0.0162
M4,KARTAL,5,0.0426
M4,KARTAL,6,0.0562
M4,KARTAL,7,0.055
M4,KARTAL,8,0.0504
M4,KARTAL,9,0.0484
M4,KARTAL,10,0.0432
M4,KARTAL,11,0.0412
M4,KARTAL,12,0.0397
M4,KARTAL,13,0.0378
M4,KARTAL,14,0.0334
M4,KARTAL,15,0.0274
M4,KARTAL,16,0.0263
M4,KARTAL,17,0.0254
M4,KARTAL,18,0.0275
M4,KARTAL,19,0.0227
M4,KARTAL,20,0.0187
M4,KARTAL,21,0.0169
M4,KARTAL,22,0.0151
M4,KARTAL,23,0.0133
M4,KOZYATAGI,0,0.0324
M4,KOZYATAGI,1,0.0195
M4,KOZYATAGI,2,0.0197
M4,KOZYATAGI,3,0.0235
M4,KOZYATAGI,4,0.0292
M4,KOZYATAGI,5,0.0475
M4,KOZYATAGI,6,0.0479
M4,KOZYATAGI,7,0.0664
M4,KOZYATAGI,8,0.0752
M4,KOZYATAGI,9,0.0774
M4,KOZYATAGI,10,0.0712
M4,KOZYATAGI,11,0.0707
M4,KOZYATAGI,12,0.0727
M4,KOZYATAGI,13,0.0742
M4,KOZYATAGI,14,0.0728
M4,KOZYATAGI,15,0.0672
M4,KOZYATAGI,16,0.0729
M4,KOZYATAGI,17,0.0864
M4,KOZYATAGI,18,0.0965
M4,KOZYATAGI,19,0.0758
M4,KOZYATAGI,20,0.0601
M4,KOZYATAGI,21,0.0515
M4,KOZYATAGI,22,0.0534
M4,KOZYATAGI,23,0.0391
M4,KUCUKYALI,0,0.0219
M4,KUCUKYALI,1,0.0119
M4,KUCUKYALI,2,0.0136
M4,KUCUKYALI,3,0.0177
M4,KUCUKYALI,4,0.0253
M4,KUCUKYALI,5,0.0265
M4,KUCUKYALI,6,0.0312
M4,KUCUKYALI,7,0.0394
M4,KUCUKYALI,8,0.0444
M4,KUCUKYALI,9,0.0396
M4,KUCUKYALI,10,0.0369
M4,KUCUKYALI,11,0.0382
M4,KUCUKYALI,12,0.0456
M4,KUCUKYALI,13,0.0421
M4,KUCUKYALI,14,0.0436
M4,KUCUKYALI,15,0.0576
M4,KUCUKYALI,16,0.0507
M4,KUCUKYALI,17,0.0429
M4,KUCUKYALI,18,0.0371
M4,KUCUKYALI,19,0.036
M4,KUCUKYALI,20,0.0399
M4,KUCUKYALI,21,0.0425
M4,KUCUKYALI,22,0.0558
M4,KUCUKYALI,23,0.0285
M4,KURTKOY,0,0.0014
M4,KURTKOY,1,0.0009
M4,KURTKOY,2,0.0009
M4,KURTKOY,3,0.0013
M4,KURTKOY,4,0.0027
M4,KURTKOY,5,0.0072
M4,KURTKOY,6,0.0091
M4,KURTKOY,7,0.0076
M4,KURTKOY,8,0.0063
M4,KURTKOY,9,0.0059
M4,KURTKOY,10,0.0061
M4,KURTKOY,11,0.0057
M4,KURTKOY,12,0.0062
M4,KURTKOY,13,0.006
M4,KURTKOY,14,0.0051
M4,KURTKOY,15,0.0047
M4,KURTKOY,16,0.0044
M4,KURTKOY,17,0.0038
M4,KURTKOY,18,0.0038
M4,KURTKOY,19,0.0031
M4,KURTKOY,20,0.003
M4,KURTKOY,21,0.0029
M4,KURTKOY,22,0.0023
M4,KURTKOY,23,0.0023
M4,M4 KURTKOY,0,0.0061
M4,M4 KURTKOY,1,0.0044
M4,M4 KURTKOY,2,0.0046
M4,M4 KURTKOY,3,0.0053
M4,M4 KURTKOY,4,0.0116
M4,M4 KURTKOY,5,0.0357
M4,M4 KURTKOY,6,0.0432
M4,M4 KURTKOY,7,0.0388
M4,M4 KURTKOY,8,0.0339
M4,M4 KURTKOY,9,0.0311
M4,M4 KURTKOY,10,0.0309
M4,M4 KURTKOY,11,0.0315
M4,M4 KURTKOY,12,0.0331
M4,M4 KURTKOY,13,0.033
M4,M4 KURTKOY,14,0.028
M4,M4 KURTKOY,15,0.0271
M4,M4 KURTKOY,16,0.0261
M4,M4 KURTKOY,17,0.0211
M4,M4 KURTKOY,18,0.0194
M4,M4 KURTKOY,19,0.0156
M4,M4 KURTKOY,20,0.0148
M4,M4 KURTKOY,21,0.013
M4,M4 KURTKOY,22,0.0108
M4,M4 KURTKOY,23,0.0105
M4,MALTEPE,0,0.0218
M4,MALTEPE,1,0.0119
M4,MALTEPE,2,0.0114
M4,MALTEPE,3,0.0144
M4,MALTEPE,4,0.0202
M4,MALTEPE,5,0.0426
M4,MALTEPE,6,0.0702
M4,MALTEPE,7,0.074
M4,MALTEPE,8,0.0725
M4,MALTEPE,9,0.0702
M4,MALTEPE,10,0.0649
M4,MALTEPE,11,0.0643
M4,MALTEPE,12,0.0639
M4,MALTEPE,13,0.0605
M4,MALTEPE,14,0.0573
M4,MALTEPE,15,0.0497
M4,MALTEPE,16,0.0488
M4,MALTEPE,17,0.0418
M4,MALTEPE,18,0.0423
M4,MALTEPE,19,0.0346
M4,MALTEPE,20,0.0319
M4,MALTEPE,21,0.0276
M4,MALTEPE,22,0.0236
M4,MALTEPE,23,0.0233
M4,PENDIK,0,0.0287
M4,PENDIK,1,0.0136
M4,PENDIK,2,0.0116
M4,PENDIK,3,0.012
M4,PENDIK,4,0.0144
M4,PENDIK,5,0.035
M4,PENDIK,6,0.0515
M4,PENDIK,7,0.0458
M4,PENDIK,8,0.0422
M4,PENDIK,9,0.0391
M4,PENDIK,10,0.0377
M4,PENDIK,11,0.035
M4,PENDIK,12,0.0346
M4,PENDIK,13,0.0347
M4,PENDIK,14,0.0314
M4,PENDIK,15,0.0247
M4,PENDIK,16,0.029
M4,PENDIK,17,0.0239
M4,PENDIK,18,0.0259
M4,PENDIK,19,0.0234
M4,PENDIK,20,0.0213
M4,PENDIK,21,0.0205
M4,PENDIK,22,0.0187
M4,PENDIK,23,0.0227
M4,SABIHA GOKCEN,0,0.0872
M4,SABIHA GOKCEN,1,0.0701
M4,SABIHA GOKCEN,2,0.034
M4,SABIHA GOKCEN,3,0.0194
M4,SABIHA GOKCEN,4,0.0276
M4,SABIHA GOKCEN,5,0.0424
M4,SABIHA GOKCEN,6,0.0218
M4,SABIHA GOKCEN,7,0.0189
M4,SABIHA GOKCEN,8,0.0188
M4,SABIHA GOKCEN,9,0.0253
M4,SABIHA GOKCEN,10,0.0363
M4,SABIHA GOKCEN,11,0.041
M4,SABIHA GOKCEN,12,0.0385
M4,SABIHA GOKCEN,13,0.0336
M4,SABIHA GOKCEN,14,0.0257
M4,SABIHA GOKCEN,15,0.0238
M4,SABIHA GOKCEN,16,0.022
M4,SABIHA GOKCEN,17,0.022
M4,SABIHA GOKCEN,18,0.0203
M4,SABIHA GOKCEN,19,0.0277
M4,SABIHA GOKCEN,20,0.0394
M4,SABIHA GOKCEN,21,0.0487
M4,SABIHA GOKCEN,22,0.0551
M4,SABIHA GOKCEN,23,0.0863
M4,SABIHA GOKCEN HAVALIMANI,0,0.0188
M4,SABIHA GOKCEN HAVALIMANI,1,0.0244
M4,SABIHA GOKCEN HAVALIMANI,2,0.0165
M4,SABIHA GOKCEN HAVALIMANI,3,0.012
M4,SABIHA GOKCEN HAVALIMANI,4,0.014
M4,SABIHA GOKCEN HAVALIMANI,5,0.0147
M4,SABIHA GOKCEN HAVALIMANI,6,0.0059
M4,SABIHA GOKCEN HAVALIMANI,7,0.0038
M4,SABIHA GOKCEN HAVALIMANI,8,0.0046
M4,SABIHA GOKCEN HAVALIMANI,9,0.0066
M4,SABIHA GOKCEN HAVALIMANI,10,0.0095
M4,SABIHA GOKCEN HAVALIMANI,11,0.0093
M4,SABIHA GOKCEN HAVALIMANI,12,0.0092
M4,SABIHA GOKCEN HAVALIMANI,13,0.0078
M4,SABIHA GOKCEN HAVALIMANI,14,0.0055
M4,SABIHA GOKCEN HAVALIMANI,15,0.0051
M4,SABIHA GOKCEN HAVALIMANI,16,0.005
M4,SABIHA GOKCEN HAVALIMANI,17,0.0049
M4,SABIHA GOKCEN HAVALIMANI,18,0.004
M4,SABIHA GOKCEN HAVALIMANI,19,0.0061
M4,SABIHA GOKCEN HAVALIMANI,20,0.0091
M4,SABIHA GOKCEN HAVALIMANI,21,0.0106
M4,SABIHA GOKCEN HAVALIMANI,22,0.012
M4,SABIHA GOKCEN HAVALIMANI,23,0.0213
M4,SOGANLIK,0,0.0112
M4,SOGANLIK,1,0.0064
M4,SOGANLIK,2,0.0069
M4,SOGANLIK,3,0.0085
M4,SOGANLIK,4,0.0175
M4,SOGANLIK,5,0.0696
M4,SOGANLIK,6,0.055
M4,SOGANLIK,7,0.0502
M4,SOGANLIK,8,0.0441
M4,SOGANLIK,9,0.0416
M4,SOGANLIK,10,0.0386
M4,SOGANLIK,11,0.0378
M4,SOGANLIK,12,0.0368
M4,SOGANLIK,13,0.0346
M4,SOGANLIK,14,0.0317
M4,SOGANLIK,15,0.0378
M4,SOGANLIK,16,0.0257
M4,SOGANLIK,17,0.0252
M4,SOGANLIK,18,0.028
M4,SOGANLIK,19,0.0212
M4,SOGANLIK,20,0.0172
M4,SOGANLIK,21,0.0145
M4,SOGANLIK,22,0.0118
M4,SOGANLIK,23,0.0119
M4,TAVSANTEPE,0,0.0125
M4,TAVSANTEPE,1,0.0059
M4,TAVSANTEPE,2,0.0048
M4,TAVSANTEPE,3,0.0055
M4,TAVSANTEPE,4,0.0082
M4,TAVSANTEPE,5,0.0777
M4,TAVSANTEPE,6,0.0914
M4,TAVSANTEPE,7,0.0754
M4,TAVSANTEPE,8,0.063
M4,TAVSANTEPE,9,0.0614
M4,TAVSANTEPE,10,0.056
M4,TAVSANTEPE,11,0.0512
M4,TAVSANTEPE,12,0.049
M4,TAVSANTEPE,13,0.0462
M4,TAVSANTEPE,14,0.0418
M4,TAVSANTEPE,15,0.0315
M4,TAVSANTEPE,16,0.0293
M4,TAVSANTEPE,17,0.0262
M4,TAVSANTEPE,18,0.0219
M4,TAVSANTEPE,19,0.0227
M4,TAVSANTEPE,20,0.0188
M4,TAVSANTEPE,21,0.0162
M4,TAVSANTEPE,22,0.0139
M4,TAVSANTEPE,23,0.0137
M4,UNALAN,0,0.1011
M4,UNALAN,1,0.1008
M4,UNALAN,2,0.126
M4,UNALAN,3,0.176
M4,UNALAN,4,0.1811
M4,UNALAN,5,0.0674
M4,UNALAN,6,0.0443
M4,UNALAN,7,0.0492
M4,UNALAN,8,0.0642
M4,UNALAN,9,0.0671
M4,UNALAN,10,0.0625
M4,UNALAN,11,0.0597
M4,UNALAN,12,0.0632
M4,UNALAN,13,0.0671
M4,UNALAN,14,0.0714
M4,UNALAN,15,0.0739
M4,UNALAN,16,0.0815
M4,UNALAN,17,0.0972
M4,UNALAN,18,0.1072
M4,UNALAN,19,0.1195
M4,UNALAN,20,0.111
M4,UNALAN,21,0.1007
M4,UNALAN,22,0.1022
M4,UNALAN,23,0.0866
M4,YAKACIK,0,0.0073
M4,YAKACIK,1,0.0046
M4,YAKACIK,2,0.0041
M4,YAKACIK,3,0.006
M4,YAKACIK,4,0.014
M4,YAKACIK,5,0.0557
M4,YAKACIK,6,0.0445
M4,YAKACIK,7,0.043
M4,YAKACIK,8,0.039
M4,YAKACIK,9,0.0308
M4,YAKACIK,10,0.0296
M4,YAKACIK,11,0.0277
M4,YAKACIK,12,0.0274
M4,YAKACIK,13,0.0268
M4,YAKACIK,14,0.0232
M4,YAKACIK,15,0.0188
M4,YAKACIK,16,0.016
M4,YAKACIK,17,0.0158
M4,YAKACIK,18,0.0189
M4,YAKACIK,19,0.0132
M4,YAKACIK,20,0.0106
M4,YAKACIK,21,0.0095
M4,YAKACIK,22,0.0075
M4,YAKACIK,23,0.0071
M4,YAYALAR,0,0.0032
M4,YAYALAR,1,0.0026
M4,YAYALAR,2,0.0019
M4,YAYALAR,3,0.0038
M4,YAYALAR,4,0.0067
M4,YAYALAR,5,0.0266
M4,YAYALAR,6,0.0362
M4,YAYALAR,7,0.0319
M4,YAYALAR,8,0.026
M4,YAYALAR,9,0.0203
M4,YAYALAR,10,0.0198
M4,YAYALAR,11,0.0203
M4,YAYALAR,12,0.0209
M4,YAYALAR,13,0.019
M4,YAYALAR,14,0.0178
M4,YAYALAR,15,0.0144
M4,YAYALAR,16,0.0161
M4,YAYALAR,17,0.0106
M4,YAYALAR,18,0.0096
M4,YAYALAR,19,0.0075
M4,YAYALAR,20,0.0079
M4,YAYALAR,21,0.0069
M4,YAYALAR,22,0.0051
M4,YAYALAR,23,0.0049
M4,YENISAHRA,0,0.0195
M4,YENISAHRA,1,0.0136
M4,YENISAHRA,2,0.0146
M4,YENISAHRA,3,0.0202
M4,YENISAHRA,4,0.0229
M4,YENISAHRA,5,0.0282
M4,YENISAHRA,6,0.0234
M4,YENISAHRA,7,0.0279
M4,YENISAHRA,8,0.0293
M4,YENISAHRA,9,0.0291
M4,YENISAHRA,10,0.0289
M4,YENISAHRA,11,0.0279
M4,YENISAHRA,12,0.0274
M4,YENISAHRA,13,0.0282
M4,YENISAHRA,14,0.0292
M4,YENISAHRA,15,0.0339
M4,YENISAHRA,16,0.0304
M4,YENISAHRA,17,0.04
M4,YENISAHRA,18,0.0449
M4,YENISAHRA,19,0.0339
M4,YENISAHRA,20,0.0305
M4,YENISAHRA,21,0.0261
M4,YENISAHRA,22,0.0314
M4,YENISAHRA,23,0.026
M5,ALTINSEHIR,0,0.0126
M5,ALTINSEHIR,1,0.0084
M5,ALTINSEHIR,2,0.0087
M5,ALTINSEHIR,3,0.0099
M5,ALTINSEHIR,4,0.0152
M5,ALTINSEHIR,5,0.0639
M5,ALTINSEHIR,6,0.0513
M5,ALTINSEHIR,7,0.049
M5,ALTINSEHIR,8,0.045
M5,ALTINSEHIR,9,0.0426
M5,ALTINSEHIR,10,0.0387
M5,ALTINSEHIR,11,0.0367
M5,ALTINSEHIR,12,0.0396
M5,ALTINSEHIR,13,0.04
M5,ALTINSEHIR,14,0.0333
M5,ALTINSEHIR,15,0.0241
M5,ALTINSEHIR,16,0.022
M5,ALTINSEHIR,17,0.0197
M5,ALTINSEHIR,18,0.0209
M5,ALTINSEHIR,19,0.0237
M5,ALTINSEHIR,20,0.017
M5,ALTINSEHIR,21,0.015
M5,ALTINSEHIR,22,0.0129
M5,ALTINSEHIR,23,0.0134
M5,ALTUNIZADE,0,0.283
M5,ALTUNIZADE,1,0.3566
M5,ALTUNIZADE,2,0.4651
M5,ALTUNIZADE,3,0.5719
M5,ALTUNIZADE,4,0.5433
M5,ALTUNIZADE,5,0.0749
M5,ALTUNIZADE,6,0.0354
M5,ALTUNIZADE,7,0.0424
M5,ALTUNIZADE,8,0.0552
M5,ALTUNIZADE,9,0.0665
M5,ALTUNIZADE,10,0.0749
M5,ALTUNIZADE,11,0.0757
M5,ALTUNIZADE,12,0.0769
M5,ALTUNIZADE,13,0.0803
M5,ALTUNIZADE,14,0.0887
M5,ALTUNIZADE,15,0.1123
M5,ALTUNIZADE,16,0.1211
M5,ALTUNIZADE,17,0.1542
M5,ALTUNIZADE,18,0.1697
M5,ALTUNIZADE,19,0.1734
M5,ALTUNIZADE,20,0.1561
M5,ALTUNIZADE,21,0.1419
M5,ALTUNIZADE,22,0.1564
M5,ALTUNIZADE,23,0.189
M5,BAGLARBASI,0,0.0244
M5,BAGLARBASI,1,0.0221
M5,BAGLARBASI,2,0.0269
M5,BAGLARBASI,3,0.0285
M5,BAGLARBASI,4,0.0268
M5,BAGLARBASI,5,0.0269
M5,BAGLARBASI,6,0.0167
M5,BAGLARBASI,7,0.0167
M5,BAGLARBASI,8,0.0186
M5,BAGLARBASI,9,0.0227
M5,BAGLARBASI,10,0.0318
M5,BAGLARBASI,11,0.038
M5,BAGLARBASI,12,0.0385
M5,BAGLARBASI,13,0.0401
M5,BAGLARBASI,14,0.0489
M5,BAGLARBASI,15,0.062
M5,BAGLARBASI,16,0.0666
M5,BAGLARBASI,17,0.056
M5,BAGLARBASI,18,0.046
M5,BAGLARBASI,19,0.0431
M5,BAGLARBASI,20,0.045
M5,BAGLARBASI,21,0.0517
M5,BAGLARBASI,22,0.0526
M5,BAGLARBASI,23,0.0327
M5,BULGURLU,0,0.0341
M5,BULGURLU,1,0.0243
M5,BULGURLU,2,0.0221
M5,BULGURLU,3,0.0234
M5,BULGURLU,4,0.0257
M5,BULGURLU,5,0.0828
M5,BULGURLU,6,0.0741
M5,BULGURLU,7,0.0872
M5,BULGURLU,8,0.0968
M5,BULGURLU,9,0.0903
M5,BULGURLU,10,0.0793
M5,BULGURLU,11,0.0726
M5,BULGURLU,12,0.0702
M5,BULGURLU,13,0.0645
M5,BULGURLU,14,0.0612
M5,BULGURLU,15,0.0646
M5,BULGURLU,16,0.0581
M5,BULGURLU,17,0.0465
M5,BULGURLU,18,0.0426
M5,BULGURLU,19,0.0412
M5,BULGURLU,20,0.0418
M5,BULGURLU,21,0.0421
M5,BULGURLU,22,0.0454
M5,BULGURLU,23,0.0407
M5,CAKMAK,0,0.0314
M5,CAKMAK,1,0.0178
M5,CAKMAK,2,0.0182
M5,CAKMAK,3,0.0213
M5,CAKMAK,4,0.0318
M5,CAKMAK,5,0.0693
M5,CAKMAK,6,0.0606
M5,CAKMAK,7,0.0642
M5,CAKMAK,8,0.0617
M5,CAKMAK,9,0.0595
M5,CAKMAK,10,0.0596
M5,CAKMAK,11,0.0612
M5,CAKMAK,12,0.0589
M5,CAKMAK,13,0.0558
M5,CAKMAK,14,0.0568
M5,CAKMAK,15,0.0507
M5,CAKMAK,16,0.057
M5,CAKMAK,17,0.0596
M5,CAKMAK,18,0.0566
M5,CAKMAK,19,0.0507
M5,CAKMAK,20,0.0512
M5,CAKMAK,21,0.0503
M5,CAKMAK,22,0.0564
M5,CAKMAK,23,0.0355
M5,CARSI,0,0.0535
M5,CARSI,1,0.0322
M5,CARSI,2,0.0293
M5,CARSI,3,0.0286
M5,CARSI,4,0.036
M5,CARSI,5,0.1009
M5,CARSI,6,0.0816
M5,CARSI,7,0.0868
M5,CARSI,8,0.0799
M5,CARSI,9,0.0717
M5,CARSI,10,0.0738
M5,CARSI,11,0.0775
M5,CARSI,12,0.0799
M5,CARSI,13,0.0811
M5,CARSI,14,0.0832
M5,CARSI,15,0.0815
M5,CARSI,16,0.0747
M5,CARSI,17,0.0666
M5,CARSI,18,0.0597
M5,CARSI,19,0.067
M5,CARSI,20,0.0713
M5,CARSI,21,0.0667
M5,CARSI,22,0.0529
M5,CARSI,23,0.0513
M5,CEKMEKOY,0,0.0325
M5,CEKMEKOY,1,0.0269
M5,CEKMEKOY,2,0.0255
M5,CEKMEKOY,3,0.0334
M5,CEKMEKOY,4,0.0443
M5,CEKMEKOY,5,0.2212
M5,CEKMEKOY,6,0.2289
M5,CEKMEKOY,7,0.1896
M5,CEKMEKOY,8,0.1663
M5,CEKMEKOY,9,0.1716
M5,CEKMEKOY,10,0.162
M5,CEKMEKOY,11,0.1542
M5,CEKMEKOY,12,0.1451
M5,CEKMEKOY,13,0.1364
M5,CEKMEKOY,14,0.119
M5,CEKMEKOY,15,0.0884
M5,CEKMEKOY,16,0.0796
M5,CEKMEKOY,17,0.0705
M5,CEKMEKOY,18,0.0671
M5,CEKMEKOY,19,0.0654
M5,CEKMEKOY,20,0.0562
M5,CEKMEKOY,21,0.0513
M5,CEKMEKOY,22,0.0422
M5,CEKMEKOY,23,0.0426
M5,DUDULLU,0,0.0168
M5,DUDULLU,1,0.0124
M5,DUDULLU,2,0.013
M5,DUDULLU,3,0.0184
M5,DUDULLU,4,0.0157
M5,DUDULLU,5,0.0377
M5,DUDULLU,6,0.0641
M5,DUDULLU,7,0.0595
M5,DUDULLU,8,0.0625
M5,DUDULLU,9,0.0664
M5,DUDULLU,10,0.0642
M5,DUDULLU,11,0.0648
M5,DUDULLU,12,0.0673
M5,DUDULLU,13,0.0667
M5,DUDULLU,14,0.064
M5,DUDULLU,15,0.0559
M5,DUDULLU,16,0.0602
M5,DUDULLU,17,0.0622
M5,DUDULLU,18,0.0818
M5,DUDULLU,19,0.0667
M5,DUDULLU,20,0.0562
M5,DUDULLU,21,0.054
M5,DUDULLU,22,0.0506
M5,DUDULLU,23,0.036
M5,FISTIKAGACI,0,0.0091
M5,FISTIKAGACI,1,0.0095
M5,FISTIKAGACI,2,0.0093
M5,FISTIKAGACI,3,0.0095
M5,FISTIKAGACI,4,0.0097
M5,FISTIKAGACI,5,0.0136
M5,FISTIKAGACI,6,0.0125
M5,FISTIKAGACI,7,0.0135
M5,FISTIKAGACI,8,0.0149
M5,FISTIKAGACI,9,0.0144
M5,FISTIKAGACI,10,0.0146
M5,FISTIKAGACI,11,0.0138
M5,FISTIKAGACI,12,0.0134
M5,FISTIKAGACI,13,0.0161
M5,FISTIKAGACI,14,0.0146
M5,FISTIKAGACI,15,0.0353
M5,FISTIKAGACI,16,0.0135
M5,FISTIKAGACI,17,0.0102
M5,FISTIKAGACI,18,0.0094
M5,FISTIKAGACI,19,0.0103
M5,FISTIKAGACI,20,0.0103
M5,FISTIKAGACI,21,0.0111
M5,FISTIKAGACI,22,0.0105
M5,FISTIKAGACI,23,0.0117
M5,IHLAMUR KUYU,0,0.0155
M5,IHLAMUR KUYU,1,0.0134
M5,IHLAMUR KUYU,2,0.0109
M5,IHLAMUR KUYU,3,0.0141
M5,IHLAMUR KUYU,4,0.0199
M5,IHLAMUR KUYU,5,0.0328
M5,IHLAMUR KUYU,6,0.0396
M5,IHLAMUR KUYU,7,0.0402
M5,IHLAMUR KUYU,8,0.0421
M5,IHLAMUR KUYU,9,0.0355
M5,IHLAMUR KUYU,10,0.0294
M5,IHLAMUR KUYU,11,0.0275
M5,IHLAMUR KUYU,12,0.0291
M5,IHLAMUR KUYU,13,0.031
M5,IHLAMUR KUYU,14,0.0262
M5,IHLAMUR KUYU,15,0.0216
M5,IHLAMUR KUYU,16,0.0201
M5,IHLAMUR KUYU,17,0.021
M5,IHLAMUR KUYU,18,0.0209
M5,IHLAMUR KUYU,19,0.0229
M5,IHLAMUR KUYU,20,0.0191
M5,IHLAMUR KUYU,21,0.017
M5,IHLAMUR KUYU,22,0.018
M5,IHLAMUR KUYU,23,0.0156
M5,IHLAMURKUYU,0,0.0042
M5,IHLAMURKUYU,1,0.0029
M5,IHLAMURKUYU,2,0.0023
M5,IHLAMURKUYU,3,0.0032
M5,IHLAMURKUYU,4,0.0058
M5,IHLAMURKUYU,5,0.0093
M5,IHLAMURKUYU,6,0.0073
M5,IHLAMURKUYU,7,0.0072
M5,IHLAMURKUYU,8,0.0074
M5,IHLAMURKUYU,9,0.0066
M5,IHLAMURKUYU,10,0.0055
M5,IHLAMURKUYU,11,0.0051
M5,IHLAMURKUYU,12,0.0056
M5,IHLAMURKUYU,13,0.0049
M5,IHLAMURKUYU,14,0.0045
M5,IHLAMURKUYU,15,0.0037
M5,IHLAMURKUYU,16,0.0035
M5,IHLAMURKUYU,17,0.0041
M5,IHLAMURKUYU,18,0.0039
M5,IHLAMURKUYU,19,0.0043
M5,IHLAMURKUYU,20,0.0039
M5,IHLAMURKUYU,21,0.004
M5,IHLAMURKUYU,22,0.0039
M5,IHLAMURKUYU,23,0.0036
M5,IMAM HATIP LISESI,0,0.0085
M5,IMAM HATIP LISESI,1,0.0054
M5,IMAM HATIP LISESI,2,0.0058
M5,IMAM HATIP LISESI,3,0.006
M5,IMAM HATIP LISESI,4,0.0132
M5,IMAM HATIP LISESI,5,0.0348
M5,IMAM HATIP LISESI,6,0.0468
M5,IMAM HATIP LISESI,7,0.0441
M5,IMAM HATIP LISESI,8,0.0414
M5,IMAM HATIP LISESI,9,0.0382
M5,IMAM HATIP LISESI,10,0.0339
M5,IMAM HATIP LISESI,11,0.0321
M5,IMAM HATIP LISESI,12,0.032
M5,IMAM HATIP LISESI,13,0.0313
M5,IMAM HATIP LISESI,14,0.0282
M5,IMAM HATIP LISESI,15,0.0211
M5,IMAM HATIP LISESI,16,0.0172
M5,IMAM HATIP LISESI,17,0.0155
M5,IMAM HATIP LISESI,18,0.0209
M5,IMAM HATIP LISESI,19,0.0199
M5,IMAM HATIP LISESI,20,0.0149
M5,IMAM HATIP LISESI,21,0.0128
M5,IMAM HATIP LISESI,22,0.0102
M5,IMAM HATIP LISESI,23,0.0096
M5,KISIKLI,0,0.0092
M5,KISIKLI,1,0.0084
M5,KISIKLI,2,0.0053
M5,KISIKLI,3,0.0043
M5,KISIKLI,4,0.0052
M5,KISIKLI,5,0.0075
M5,KISIKLI,6,0.0074
M5,KISIKLI,7,0.009
M5,KISIKLI,8,0.0096
M5,KISIKLI,9,0.0099
M5,KISIKLI,10,0.0103
M5,KISIKLI,11,0.0107
M5,KISIKLI,12,0.0118
M5,KISIKLI,13,0.0127
M5,KISIKLI,14,0.0131
M5,KISIKLI,15,0.0206
M5,KISIKLI,16,0.0196
M5,KISIKLI,17,0.0193
M5,KISIKLI,18,0.0137
M5,KISIKLI,19,0.0102
M5,KISIKLI,20,0.0117
M5,KISIKLI,21,0.0124
M5,KISIKLI,22,0.011
M5,KISIKLI,23,0.01
M5,MECLIS,0,0.002
M5,MECLIS,1,0.0012
M5,MECLIS,2,0.0009
M5,MECLIS,3,0.0007
M5,MECLIS,4,0.0013
M5,MECLIS,5,0.007
M5,MECLIS,6,0.0103
M5,MECLIS,7,0.0066
M5,MECLIS,8,0.0062
M5,MECLIS,9,0.0061
M5,MECLIS,10,0.0064
M5,MECLIS,11,0.0063
M5,MECLIS,12,0.0061
M5,MECLIS,13,0.0057
M5,MECLIS,14,0.0051
M5,MECLIS,15,0.0042
M5,MECLIS,16,0.0043
M5,MECLIS,17,0.0031
M5,MECLIS,18,0.0034
M5,MECLIS,19,0.0029
M5,MECLIS,20,0.0033
M5,MECLIS,21,0.0031
M5,MECLIS,22,0.0027
M5,MECLIS,23,0.0023
M5,NECIP FAZIL,0,0.0134
M5,NECIP FAZIL,1,0.009
M5,NECIP FAZIL,2,0.0074
M5,NECIP FAZIL,3,0.0086
M5,NECIP FAZIL,4,0.0118
M5,NECIP FAZIL,5,0.0327
M5,NECIP FAZIL,6,0.0466
M5,NECIP FAZIL,7,0.0406
M5,NECIP FAZIL,8,0.0345
M5,NECIP FAZIL,9,0.0352
M5,NECIP FAZIL,10,0.0349
M5,NECIP FAZIL,11,0.0362
M5,NECIP FAZIL,12,0.0376
M5,NECIP FAZIL,13,0.0388
M5,NECIP FAZIL,14,0.0359
M5,NECIP FAZIL,15,0.0301
M5,NECIP FAZIL,16,0.0344
M5,NECIP FAZIL,17,0.0328
M5,NECIP FAZIL,18,0.0332
M5,NECIP FAZIL,19,0.0325
M5,NECIP FAZIL,20,0.0358
M5,NECIP FAZIL,21,0.0364
M5,NECIP FAZIL,22,0.037
M5,NECIP FAZIL,23,0.0216
M5,SAMANDIRA MERKEZ,0,0.0032
M5,SAMANDIRA MERKEZ,1,0.0023
M5,SAMANDIRA MERKEZ,2,0.0029
M5,SAMANDIRA MERKEZ,3,0.0026
M5,SAMANDIRA MERKEZ,4,0.0045
M5,SAMANDIRA MERKEZ,5,0.0222
M5,SAMANDIRA MERKEZ,6,0.0259
M5,SAMANDIRA MERKEZ,7,0.0198
M5,SAMANDIRA MERKEZ,8,0.0158
M5,SAMANDIRA MERKEZ,9,0.0162
M5,SAMANDIRA MERKEZ,10,0.0166
M5,SAMANDIRA MERKEZ,11,0.0165
M5,SAMANDIRA MERKEZ,12,0.015
M5,SAMANDIRA MERKEZ,13,0.0128
M5,SAMANDIRA MERKEZ,14,0.0119
M5,SAMANDIRA MERKEZ,15,0.0087
M5,SAMANDIRA MERKEZ,16,0.0084
M5,SAMANDIRA MERKEZ,17,0.0076
M5,SAMANDIRA MERKEZ,18,0.0075
M5,SAMANDIRA MERKEZ,19,0.0065
M5,SAMANDIRA MERKEZ,20,0.0068
M5,SAMANDIRA MERKEZ,21,0.0069
M5,SAMANDIRA MERKEZ,22,0.0057
M5,SAMANDIRA MERKEZ,23,0.0047
M5,SANCAKTEPE,0,0.0027
M5,SANCAKTEPE,1,0.0013
M5,SANCAKTEPE,2,0.0012
M5,SANCAKTEPE,3,0.0013
M5,SANCAKTEPE,4,0.0024
M5,SANCAKTEPE,5,0.0056
M5,SANCAKTEPE,6,0.0066
M5,SANCAKTEPE,7,0.0057
M5,SANCAKTEPE,8,0.0047
M5,SANCAKTEPE,9,0.0048
M5,SANCAKTEPE,10,0.0051
M5,SANCAKTEPE,11,0.0053
M5,SANCAKTEPE,12,0.0051
M5,SANCAKTEPE,13,0.0047
M5,SANCAKTEPE,14,0.0044
M5,SANCAKTEPE,15,0.004
M5,SANCAKTEPE,16,0.0035
M5,SANCAKTEPE,17,0.0037
M5,SANCAKTEPE,18,0.0028
M5,SANCAKTEPE,19,0.0027
M5,SANCAKTEPE,20,0.0035
M5,SANCAKTEPE,21,0.0038
M5,SANCAKTEPE,22,0.0038
M5,SANCAKTEPE,23,0.0035
M5,SARIGAZI,0,0.0049
M5,SARIGAZI,1,0.0031
M5,SARIGAZI,2,0.0033
M5,SARIGAZI,3,0.0053
M5,SARIGAZI,4,0.0044
M5,SARIGAZI,5,0.0223
M5,SARIGAZI,6,0.028
M5,SARIGAZI,7,0.0204
M5,SARIGAZI,8,0.0166
M5,SARIGAZI,9,0.0167
M5,SARIGAZI,10,0.0176
M5,SARIGAZI,11,0.0174
M5,SARIGAZI,12,0.0166
M5,SARIGAZI,13,0.0157
M5,SARIGAZI,14,0.0138
M5,SARIGAZI,15,0.0098
M5,SARIGAZI,16,0.0085
M5,SARIGAZI,17,0.007
M5,SARIGAZI,18,0.0066
M5,SARIGAZI,19,0.0065
M5,SARIGAZI,20,0.0072
M5,SARIGAZI,21,0.0067
M5,SARIGAZI,22,0.0053
M5,SARIGAZI,23,0.0052
M5,UMRANIYE,0,0.0473
M5,UMRANIYE,1,0.0298
M5,UMRANIYE,2,0.0291
M5,UMRANIYE,3,0.0277
M5,UMRANIYE,4,0.0325
M5,UMRANIYE,5,0.0683
M5,UMRANIYE,6,0.0709
M5,UMRANIYE,7,0.0968
M5,UMRANIYE,8,0.0973
M5,UMRANIYE,9,0.0886
M5,UMRANIYE,10,0.0835
M5,UMRANIYE,11,0.0829
M5,UMRANIYE,12,0.0795
M5,UMRANIYE,13,0.0759
M5,UMRANIYE,14,0.0767
M5,UMRANIYE,15,0.0649
M5,UMRANIYE,16,0.0648
M5,UMRANIYE,17,0.0596
M5,UMRANIYE,18,0.0556
M5,UMRANIYE,19,0.0539
M5,UMRANIYE,20,0.0563
M5,UMRANIYE,21,0.0529
M5,UMRANIYE,22,0.0438
M5,UMRANIYE,23,0.0455
M5,USKUDAR,0,0.3725
M5,USKUDAR,1,0.3994
M5,USKUDAR,2,0.2983
M5,USKUDAR,3,0.1658
M5,USKUDAR,4,0.1343
M5,USKUDAR,5,0.0362
M5,USKUDAR,6,0.0483
M5,USKUDAR,7,0.0595
M5,USKUDAR,8,0.0834
M5,USKUDAR,9,0.0996
M5,USKUDAR,10,0.1188
M5,USKUDAR,11,0.1261
M5,USKUDAR,12,0.1313
M5,USKUDAR,13,0.1446
M5,USKUDAR,14,0.1699
M5,USKUDAR,15,0.1964
M5,USKUDAR,16,0.2219
M5,USKUDAR,17,0.2441
M5,USKUDAR,18,0.2435
M5,USKUDAR,19,0.2599
M5,USKUDAR,20,0.2896
M5,USKUDAR,21,0.3151
M5,USKUDAR,22,0.335
M5,USKUDAR,23,0.3993
M5,YAMANEVLER,0,0.0194
M5,YAMANEVLER,1,0.0136
M5,YAMANEVLER,2,0.0145
M5,YAMANEVLER,3,0.0152
M5,YAMANEVLER,4,0.0163
M5,YAMANEVLER,5,0.03
M5,YAMANEVLER,6,0.0369
M5,YAMANEVLER,7,0.0412
M5,YAMANEVLER,8,0.0401
M5,YAMANEVLER,9,0.037
M5,YAMANEVLER,10,0.039
M5,YAMANEVLER,11,0.0395
M5,YAMANEVLER,12,0.0406
M5,YAMANEVLER,13,0.0409
M5,YAMANEVLER,14,0.0406
M5,YAMANEVLER,15,0.04
M5,YAMANEVLER,16,0.041
M5,YAMANEVLER,17,0.0367
M5,YAMANEVLER,18,0.0343
M5,YAMANEVLER,19,0.0362
M5,YAMANEVLER,20,0.0427
M5,YAMANEVLER,21,0.0446
M5,YAMANEVLER,22,0.0437
M5,YAMANEVLER,23,0.0264
M6,LEVENT,0,0.5006
M6,LEVENT,1,0.5322
M6,LEVENT,2,0.4961
M6,LEVENT,3,0.6139
M6,LEVENT,4,0.6205
M6,LEVENT,5,0.5362
M6,LEVENT,6,0.7451
M6,LEVENT,7,0.8035
M6,LEVENT,8,0.7849
M6,LEVENT,9,0.7604
M6,LEVENT,10,0.7124
M6,LEVENT,11,0.6453
M6,LEVENT,12,0.6049
M6,LEVENT,13,0.57
M6,LEVENT,14,0.5359
M6,LEVENT,15,0.4288
M6,LEVENT,16,0.4489
M6,LEVENT,17,0.4264
M6,LEVENT,18,0.4565
M6,LEVENT,19,0.4602
M6,LEVENT,20,0.4734
M6,LEVENT,21,0.4434
M6,LEVENT,22,0.4262
M6,LEVENT,23,0.4285
M6,BOGAZICI,0,0.3636
M6,BOGAZICI,1,0.3651
M6,BOGAZICI,2,0.423
M6,BOGAZICI,3,0.3099
M6,BOGAZICI,4,0.3079
M6,BOGAZICI,5,0.2976
M6,BOGAZICI,6,0.1511
M6,BOGAZICI,7,0.1281
M6,BOGAZICI,8,0.1279
M6,BOGAZICI,9,0.1323
M6,BOGAZICI,10,0.1452
M6,BOGAZICI,11,0.1807
M6,BOGAZICI,12,0.2079
M6,BOGAZICI,13,0.2318
M6,BOGAZICI,14,0.2485
M6,BOGAZICI,15,0.2167
M6,BOGAZICI,16,0.2577
M6,BOGAZICI,17,0.2783
M6,BOGAZICI,18,0.2494
M6,BOGAZICI,19,0.2931
M6,BOGAZICI,20,0.3308
M6,BOGAZICI,21,0.3732
M6,BOGAZICI,22,0.3594
M6,BOGAZICI,23,0.4103
M6,ETILER,0,0.0814
M6,ETILER,1,0.051
M6,ETILER,2,0.0464
M6,ETILER,3,0.0454
M6,ETILER,4,0.0424
M6,ETILER,5,0.1418
M6,ETILER,6,0.0797
M6,ETILER,7,0.047
M6,ETILER,8,0.058
M6,ETILER,9,0.0696
M6,ETILER,10,0.0824
M6,ETILER,11,0.0963
M6,ETILER,12,0.1029
M6,ETILER,13,0.1074
M6,ETILER,14,0.1236
M6,ETILER,15,0.1825
M6,ETILER,16,0.1467
M6,ETILER,17,0.1539
M6,ETILER,18,0.1553
M6,ETILER,19,0.1411
M6,ETILER,20,0.0997
M6,ETILER,21,0.0996
M6,ETILER,22,0.0975
M6,ETILER,23,0.0938
M6,NISPETIYE,0,0.0545
M6,NISPETIYE,1,0.0518
M6,NISPETIYE,2,0.0345
M6,NISPETIYE,3,0.0308
M6,NISPETIYE,4,0.0292
M6,NISPETIYE,5,0.0244
M6,NISPETIYE,6,0.0241
M6,NISPETIYE,7,0.0215
M6,NISPETIYE,8,0.0292
M6,NISPETIYE,9,0.0377
M6,NISPETIYE,10,0.0601
M6,NISPETIYE,11,0.0777
M6,NISPETIYE,12,0.0843
M6,NISPETIYE,13,0.0908
M6,NISPETIYE,14,0.092
M6,NISPETIYE,15,0.172
M6,NISPETIYE,16,0.1467
M6,NISPETIYE,17,0.1414
M6,NISPETIYE,18,0.1388
M6,NISPETIYE,19,0.1056
M6,NISPETIYE,20,0.0961
M6,NISPETIYE,21,0.0838
M6,NISPETIYE,22,0.117
M6,NISPETIYE,23,0.0674
M7,MAHMUTBEY,0,0.0499
M7,MAHMUTBEY,1,0.0181
M7,MAHMUTBEY,2,0.0128
M7,MAHMUTBEY,3,0.0104
M7,MAHMUTBEY,4,0.0144
M7,MAHMUTBEY,5,0.0412
M7,MAHMUTBEY,6,0.0911
M7,MAHMUTBEY,7,0.1129
M7,MAHMUTBEY,8,0.1126
M7,MAHMUTBEY,9,0.1091
M7,MAHMUTBEY,10,0.1065
M7,MAHMUTBEY,11,0.1006
M7,MAHMUTBEY,12,0.0994
M7,MAHMUTBEY,13,0.0936
M7,MAHMUTBEY,14,0.0907
M7,MAHMUTBEY,15,0.0822
M7,MAHMUTBEY,16,0.0932
M7,MAHMUTBEY,17,0.1059
M7,MAHMUTBEY,18,0.1217
M7,MAHMUTBEY,19,0.105
M7,MAHMUTBEY,20,0.0851
M7,MAHMUTBEY,21,0.0795
M7,MAHMUTBEY,22,0.0822
M7,MAHMUTBEY,23,0.0843
M7,GOZTEPE,0,0.0163
M7,GOZTEPE,1,0.012
M7,GOZTEPE,2,0.0089
M7,GOZTEPE,3,0.009
M7,GOZTEPE,4,0.0101
M7,GOZTEPE,5,0.051
M7,GOZTEPE,6,0.0596
M7,GOZTEPE,7,0.0611
M7,GOZTEPE,8,0.0521
M7,GOZTEPE,9,0.0435
M7,GOZTEPE,10,0.0436
M7,GOZTEPE,11,0.0421
M7,GOZTEPE,12,0.0472
M7,GOZTEPE,13,0.0408
M7,GOZTEPE,14,0.0422
M7,GOZTEPE,15,0.0391
M7,GOZTEPE,16,0.0367
M7,GOZTEPE,17,0.0334
M7,GOZTEPE,18,0.0328
M7,GOZTEPE,19,0.0308
M7,GOZTEPE,20,0.0296
M7,GOZTEPE,21,0.0289
M7,GOZTEPE,22,0.024
M7,GOZTEPE,23,0.0247
M7,ALIBEYKOY,0,0.1082
M7,ALIBEYKOY,1,0.0477
M7,ALIBEYKOY,2,0.0351
M7,ALIBEYKOY,3,0.0327
M7,ALIBEYKOY,4,0.0372
M7,ALIBEYKOY,5,0.0534
M7,ALIBEYKOY,6,0.0606
M7,ALIBEYKOY,7,0.0598
M7,ALIBEYKOY,8,0.071
M7,ALIBEYKOY,9,0.0716
M7,ALIBEYKOY,10,0.0718
M7,ALIBEYKOY,11,0.0782
M7,ALIBEYKOY,12,0.0836
M7,ALIBEYKOY,13,0.0874
M7,ALIBEYKOY,14,0.0916
M7,ALIBEYKOY,15,0.1052
M7,ALIBEYKOY,16,0.1001
M7,ALIBEYKOY,17,0.0849
M7,ALIBEYKOY,18,0.07
M7,ALIBEYKOY,19,0.0772
M7,ALIBEYKOY,20,0.0845
M7,ALIBEYKOY,21,0.0843
M7,ALIBEYKOY,22,0.0781
M7,ALIBEYKOY,23,0.0862
M7,CAGLAYAN,0,0.0336
M7,CAGLAYAN,1,0.0334
M7,CAGLAYAN,2,0.0327
M7,CAGLAYAN,3,0.0308
M7,CAGLAYAN,4,0.0305
M7,CAGLAYAN,5,0.0301
M7,CAGLAYAN,6,0.0226
M7,CAGLAYAN,7,0.0235
M7,CAGLAYAN,8,0.0281
M7,CAGLAYAN,9,0.0334
M7,CAGLAYAN,10,0.0445
M7,CAGLAYAN,11,0.049
M7,CAGLAYAN,12,0.0458
M7,CAGLAYAN,13,0.0471
M7,CAGLAYAN,14,0.0512
M7,CAGLAYAN,15,0.05
M7,CAGLAYAN,16,0.0587
M7,CAGLAYAN,17,0.0633
M7,CAGLAYAN,18,0.0637
M7,CAGLAYAN,19,0.0812
M7,CAGLAYAN,20,0.0641
M7,CAGLAYAN,21,0.0464
M7,CAGLAYAN,22,0.0369
M7,CAGLAYAN,23,0.036
M7,CIRCIR,0,0.0131
M7,CIRCIR,1,0.0093
M7,CIRCIR,2,0.0082
M7,CIRCIR,3,0.0078
M7,CIRCIR,4,0.0108
M7,CIRCIR,5,0.0774
M7,CIRCIR,6,0.0579
M7,CIRCIR,7,0.0606
M7,CIRCIR,8,0.0564
M7,CIRCIR,9,0.0504
M7,CIRCIR,10,0.0431
M7,CIRCIR,11,0.0409
M7,CIRCIR,12,0.038
M7,CIRCIR,13,0.0342
M7,CIRCIR,14,0.0308
M7,CIRCIR,15,0.0242
M7,CIRCIR,16,0.0198
M7,CIRCIR,17,0.0154
M7,CIRCIR,18,0.0123
M7,CIRCIR,19,0.0132
M7,CIRCIR,20,0.0154
M7,CIRCIR,21,0.0159
M7,CIRCIR,22,0.0131
M7,CIRCIR,23,0.0129
M7,KAGITHANE,0,0.1127
M7,KAGITHANE,1,0.047
M7,KAGITHANE,2,0.041
M7,KAGITHANE,3,0.0472
M7,KAGITHANE,4,0.0473
M7,KAGITHANE,5,0.0402
M7,KAGITHANE,6,0.0466
M7,KAGITHANE,7,0.05
M7,KAGITHANE,8,0.064
M7,KAGITHANE,9,0.0768
M7,KAGITHANE,10,0.0835
M7,KAGITHANE,11,0.0907
M7,KAGITHANE,12,0.0958
M7,KAGITHANE,13,0.0971
M7,KAGITHANE,14,0.1021
M7,KAGITHANE,15,0.1091
M7,KAGITHANE,16,0.113
M7,KAGITHANE,17,0.108
M7,KAGITHANE,18,0.1
M7,KAGITHANE,19,0.0908
M7,KAGITHANE,20,0.0895
M7,KAGITHANE,21,0.0875
M7,KAGITHANE,22,0.0935
M7,KAGITHANE,23,0.0975
M7,KARADENIZ MAH.,0,0.0535
M7,KARADENIZ MAH.,1,0.0195
M7,KARADENIZ MAH.,2,0.0156
M7,KARADENIZ MAH.,3,0.0151
M7,KARADENIZ MAH.,4,0.0205
M7,KARADENIZ MAH.,5,0.0841
M7,KARADENIZ MAH.,6,0.112
M7,KARADENIZ MAH.,7,0.1132
M7,KARADENIZ MAH.,8,0.1156
M7,KARADENIZ MAH.,9,0.1022
M7,KARADENIZ MAH.,10,0.0945
M7,KARADENIZ MAH.,11,0.088
M7,KARADENIZ MAH.,12,0.0858
M7,KARADENIZ MAH.,13,0.0877
M7,KARADENIZ MAH.,14,0.0862
M7,KARADENIZ MAH.,15,0.0759
M7,KARADENIZ MAH.,16,0.0744
M7,KARADENIZ MAH.,17,0.0674
M7,KARADENIZ MAH.,18,0.0657
M7,KARADENIZ MAH.,19,0.0804
M7,KARADENIZ MAH.,20,0.0844
M7,KARADENIZ MAH.,21,0.0914
M7,KARADENIZ MAH.,22,0.0925
M7,KARADENIZ MAH.,23,0.0611
M7,KAZIMKARABEKIR,0,0.0265
M7,KAZIMKARABEKIR,1,0.0168
M7,KAZIMKARABEKIR,2,0.0137
M7,KAZIMKARABEKIR,3,0.0137
M7,KAZIMKARABEKIR,4,0.0172
M7,KAZIMKARABEKIR,5,0.0954
M7,KAZIMKARABEKIR,6,0.1041
M7,KAZIMKARABEKIR,7,0.1048
M7,KAZIMKARABEKIR,8,0.1001
M7,KAZIMKARABEKIR,9,0.0948
M7,KAZIMKARABEKIR,10,0.088
M7,KAZIMKARABEKIR,11,0.0829
M7,KAZIMKARABEKIR,12,0.0791
M7,KAZIMKARABEKIR,13,0.0794
M7,KAZIMKARABEKIR,14,0.0732
M7,KAZIMKARABEKIR,15,0.0627
M7,KAZIMKARABEKIR,16,0.0479
M7,KAZIMKARABEKIR,17,0.0357
M7,KAZIMKARABEKIR,18,0.0314
M7,KAZIMKARABEKIR,19,0.0334
M7,KAZIMKARABEKIR,20,0.0344
M7,KAZIMKARABEKIR,21,0.0356
M7,KAZIMKARABEKIR,22,0.0314
M7,KAZIMKARABEKIR,23,0.0278
M7,M7 FULYA,0,0.0024
M7,M7 FULYA,1,0.003
M7,M7 FULYA,2,0.0027
M7,M7 FULYA,3,0.0031
M7,M7 FULYA,4,0.002
M7,M7 FULYA,5,0.002
M7,M7 FULYA,6,0.0014
M7,M7 FULYA,7,0.0024
M7,M7 FULYA,8,0.003
M7,M7 FULYA,9,0.0037
M7,M7 FULYA,10,0.0043
M7,M7 FULYA,11,0.0047
M7,M7 FULYA,12,0.0048
M7,M7 FULYA,13,0.0049
M7,M7 FULYA,14,0.0053
M7,M7 FULYA,15,0.0088
M7,M7 FULYA,16,0.0076
M7,M7 FULYA,17,0.0085
M7,M7 FULYA,18,0.0069
M7,M7 FULYA,19,0.005
M7,M7 FULYA,20,0.0048
M7,M7 FULYA,21,0.0041
M7,M7 FULYA,22,0.0042
M7,M7 FULYA,23,0.0045
M7,MECIDIYEKOY,0,0.4262
M7,MECIDIYEKOY,1,0.57
M7,MECIDIYEKOY,2,0.6375
M7,MECIDIYEKOY,3,0.6551
M7,MECIDIYEKOY,4,0.6518
M7,MECIDIYEKOY,5,0.0952
M7,MECIDIYEKOY,6,0.0783
M7,MECIDIYEKOY,7,0.0687
M7,MECIDIYEKOY,8,0.0892
M7,MECIDIYEKOY,9,0.1269
M7,MECIDIYEKOY,10,0.1498
M7,MECIDIYEKOY,11,0.155
M7,MECIDIYEKOY,12,0.156
M7,MECIDIYEKOY,13,0.1633
M7,MECIDIYEKOY,14,0.1798
M7,MECIDIYEKOY,15,0.2174
M7,MECIDIYEKOY,16,0.2551
M7,MECIDIYEKOY,17,0.2981
M7,MECIDIYEKOY,18,0.3223
M7,MECIDIYEKOY,19,0.3241
M7,MECIDIYEKOY,20,0.3426
M7,MECIDIYEKOY,21,0.356
M7,MECIDIYEKOY,22,0.3872
M7,MECIDIYEKOY,23,0.4161
M7,NURTEPE,0,0.0184
M7,NURTEPE,1,0.0165
M7,NURTEPE,2,0.0133
M7,NURTEPE,3,0.0145
M7,NURTEPE,4,0.015
M7,NURTEPE,5,0.0737
M7,NURTEPE,6,0.0524
M7,NURTEPE,7,0.0513
M7,NURTEPE,8,0.0528
M7,NURTEPE,9,0.0542
M7,NURTEPE,10,0.049
M7,NURTEPE,11,0.0475
M7,NURTEPE,12,0.0465
M7,NURTEPE,13,0.045
M7,NURTEPE,14,0.0409
M7,NURTEPE,15,0.031
M7,NURTEPE,16,0.0261
M7,NURTEPE,17,0.023
M7,NURTEPE,18,0.0202
M7,NURTEPE,19,0.0211
M7,NURTEPE,20,0.0234
M7,NURTEPE,21,0.0215
M7,NURTEPE,22,0.0176
M7,NURTEPE,23,0.0183
M7,ORUCREIS,0,0.0128
M7,ORUCREIS,1,0.0067
M7,ORUCREIS,2,0.0064
M7,ORUCREIS,3,0.0057
M7,ORUCREIS,4,0.0118
M7,ORUCREIS,5,0.077
M7,ORUCREIS,6,0.0688
M7,ORUCREIS,7,0.0617
M7,ORUCREIS,8,0.0474
M7,ORUCREIS,9,0.0392
M7,ORUCREIS,10,0.0377
M7,ORUCREIS,11,0.0387
M7,ORUCREIS,12,0.0421
M7,ORUCREIS,13,0.0448
M7,ORUCREIS,14,0.0408
M7,ORUCREIS,15,0.0331
M7,ORUCREIS,16,0.0233
M7,ORUCREIS,17,0.0193
M7,ORUCREIS,18,0.0186
M7,ORUCREIS,19,0.0211
M7,ORUCREIS,20,0.0227
M7,ORUCREIS,21,0.0217
M7,ORUCREIS,22,0.0166
M7,ORUCREIS,23,0.0161
M7,TEKSTILKENT,0,0.0027
M7,TEKSTILKENT,1,0.0012
M7,TEKSTILKENT,2,0.0012
M7,TEKSTILKENT,3,0.0011
M7,TEKSTILKENT,4,0.0015
M7,TEKSTILKENT,5,0.0026
M7,TEKSTILKENT,6,0.009
M7,TEKSTILKENT,7,0.0116
M7,TEKSTILKENT,8,0.0113
M7,TEKSTILKENT,9,0.0139
M7,TEKSTILKENT,10,0.0158
M7,TEKSTILKENT,11,0.0153
M7,TEKSTILKENT,12,0.0149
M7,TEKSTILKENT,13,0.0152
M7,TEKSTILKENT,14,0.0156
M7,TEKSTILKENT,15,0.016
M7,TEKSTILKENT,16,0.0179
M7,TEKSTILKENT,17,0.034
M7,TEKSTILKENT,18,0.0384
M7,TEKSTILKENT,19,0.017
M7,TEKSTILKENT,20,0.0106
M7,TEKSTILKENT,21,0.0078
M7,TEKSTILKENT,22,0.0061
M7,TEKSTILKENT,23,0.0072
M7,VEYSELKARANI,0,0.0261
M7,VEYSELKARANI,1,0.0184
M7,VEYSELKARANI,2,0.0141
M7,VEYSELKARANI,3,0.0149
M7,VEYSELKARANI,4,0.0191
M7,VEYSELKARANI,5,0.1054
M7,VEYSELKARANI,6,0.0732
M7,VEYSELKARANI,7,0.0725
M7,VEYSELKARANI,8,0.0671
M7,VEYSELKARANI,9,0.061
M7,VEYSELKARANI,10,0.0538
M7,VEYSELKARANI,11,0.0538
M7,VEYSELKARANI,12,0.0508
M7,VEYSELKARANI,13,0.0492
M7,VEYSELKARANI,14,0.0451
M7,VEYSELKARANI,15,0.0387
M7,VEYSELKARANI,16,0.0331
M7,VEYSELKARANI,17,0.0277
M7,VEYSELKARANI,18,0.0251
M7,VEYSELKARANI,19,0.0282
M7,VEYSELKARANI,20,0.0347
M7,VEYSELKARANI,21,0.0414
M7,VEYSELKARANI,22,0.0472
M7,VEYSELKARANI,23,0.0335
M7,YENIMAHALLE,0,0.0144
M7,YENIMAHALLE,1,0.009
M7,YENIMAHALLE,2,0.0079
M7,YENIMAHALLE,3,0.0064
M7,YENIMAHALLE,4,0.0095
M7,YENIMAHALLE,5,0.0884
M7,YENIMAHALLE,6,0.0795
M7,YENIMAHALLE,7,0.0677
M7,YENIMAHALLE,8,0.0585
M7,YENIMAHALLE,9,0.0555
M7,YENIMAHALLE,10,0.0544
M7,YENIMAHALLE,11,0.052
M7,YENIMAHALLE,12,0.0525
M7,YENIMAHALLE,13,0.0532
M7,YENIMAHALLE,14,0.0481
M7,YENIMAHALLE,15,0.0446
M7,YENIMAHALLE,16,0.0438
M7,YENIMAHALLE,17,0.0277
M7,YENIMAHALLE,18,0.0276
M7,YENIMAHALLE,19,0.0277
M7,YENIMAHALLE,20,0.0242
M7,YENIMAHALLE,21,0.0235
M7,YENIMAHALLE,22,0.0171
M7,YENIMAHALLE,23,0.0156
M7,YESILPINAR,0,0.0205
M7,YESILPINAR,1,0.0146
M7,YESILPINAR,2,0.0123
M7,YESILPINAR,3,0.012
M7,YESILPINAR,4,0.0183
M7,YESILPINAR,5,0.0747
M7,YESILPINAR,6,0.0793
M7,YESILPINAR,7,0.0745
M7,YESILPINAR,8,0.0652
M7,YESILPINAR,9,0.0567
M7,YESILPINAR,10,0.0501
M7,YESILPINAR,11,0.0499
M7,YESILPINAR,12,0.0472
M7,YESILPINAR,13,0.0447
M7,YESILPINAR,14,0.041
M7,YESILPINAR,15,0.0296
M7,YESILPINAR,16,0.0237
M7,YESILPINAR,17,0.0198
M7,YESILPINAR,18,0.0172
M7,YESILPINAR,19,0.0196
M7,YESILPINAR,20,0.0221
M7,YESILPINAR,21,0.0228
M7,YESILPINAR,22,0.02
M7,YESILPINAR,23,0.0202
M7,YILDIZ,0,0.0626
M7,YILDIZ,1,0.1568
M7,YILDIZ,2,0.1368
M7,YILDIZ,3,0.1205
M7,YILDIZ,4,0.083
M7,YILDIZ,5,0.0082
M7,YILDIZ,6,0.0035
M7,YILDIZ,7,0.0038
M7,YILDIZ,8,0.0055
M7,YILDIZ,9,0.0071
M7,YILDIZ,10,0.0096
M7,YILDIZ,11,0.0107
M7,YILDIZ,12,0.0106
M7,YILDIZ,13,0.0124
M7,YILDIZ,14,0.0153
M7,YILDIZ,15,0.0324
M7,YILDIZ,16,0.0254
M7,YILDIZ,17,0.0276
M7,YILDIZ,18,0.0261
M7,YILDIZ,19,0.0242
M7,YILDIZ,20,0.0281
M7,YILDIZ,21,0.0318
M7,YILDIZ,22,0.032
M7,YILDIZ,23,0.0381
M8,NAN,7,0.0
M8,BOSTANCI,0,0.5089
M8,BOSTANCI,1,0.405
M8,BOSTANCI,2,0.2784
M8,BOSTANCI,3,0.1413
M8,BOSTANCI,4,0.1038
M8,BOSTANCI,5,0.0368
M8,BOSTANCI,6,0.0518
M8,BOSTANCI,7,0.0605
M8,BOSTANCI,8,0.0818
M8,BOSTANCI,9,0.0889
M8,BOSTANCI,10,0.0897
M8,BOSTANCI,11,0.086
M8,BOSTANCI,12,0.0843
M8,BOSTANCI,13,0.0957
M8,BOSTANCI,14,0.1042
M8,BOSTANCI,15,0.1211
M8,BOSTANCI,16,0.1358
M8,BOSTANCI,17,0.1344
M8,BOSTANCI,18,0.1325
M8,BOSTANCI,19,0.178
M8,BOSTANCI,20,0.234
M8,BOSTANCI,21,0.2761
M8,BOSTANCI,22,0.3057
M8,BOSTANCI,23,0.1088
M8,KOZYATAGI,0,0.1743
M8,KOZYATAGI,1,0.2704
M8,KOZYATAGI,2,0.3503
M8,KOZYATAGI,3,0.5109
M8,KOZYATAGI,4,0.434
M8,KOZYATAGI,5,0.0845
M8,KOZYATAGI,6,0.0917
M8,KOZYATAGI,7,0.107
M8,KOZYATAGI,8,0.1284
M8,KOZYATAGI,9,0.1457
M8,KOZYATAGI,10,0.153
M8,KOZYATAGI,11,0.1579
M8,KOZYATAGI,12,0.1595
M8,KOZYATAGI,13,0.1599
M8,KOZYATAGI,14,0.173
M8,KOZYATAGI,15,0.1846
M8,KOZYATAGI,16,0.2104
M8,KOZYATAGI,17,0.2103
M8,KOZYATAGI,18,0.2204
M8,KOZYATAGI,19,0.2314
M8,KOZYATAGI,20,0.232
M8,KOZYATAGI,21,0.2263
M8,KOZYATAGI,22,0.2491
M8,KOZYATAGI,23,0.2419
M8,DUDULLU,0,0.1433
M8,DUDULLU,1,0.1617
M8,DUDULLU,2,0.2066
M8,DUDULLU,3,0.0978
M8,DUDULLU,4,0.1981
M8,DUDULLU,5,0.1227
M8,DUDULLU,6,0.2644
M8,DUDULLU,7,0.3175
M8,DUDULLU,8,0.3332
M8,DUDULLU,9,0.3029
M8,DUDULLU,10,0.2646
M8,DUDULLU,11,0.2555
M8,DUDULLU,12,0.2479
M8,DUDULLU,13,0.2461
M8,DUDULLU,14,0.2368
M8,DUDULLU,15,0.1928
M8,DUDULLU,16,0.2004
M8,DUDULLU,17,0.1879
M8,DUDULLU,18,0.1789
M8,DUDULLU,19,0.2079
M8,DUDULLU,20,0.2011
M8,DUDULLU,21,0.1838
M8,DUDULLU,22,0.1631
M8,DUDULLU,23,0.254
M8,AYSE KADIN,0,0.0037
M8,AYSE KADIN,5,0.0152
M8,AYSE KADIN,6,0.007
M8,AYSE KADIN,7,0.006
M8,AYSE KADIN,8,0.0065
M8,AYSE KADIN,9,0.0082
M8,AYSE KADIN,10,0.0098
M8,AYSE KADIN,11,0.01
M8,AYSE KADIN,12,0.0094
M8,AYSE KADIN,13,0.0095
M8,AYSE KADIN,14,0.0103
M8,AYSE KADIN,15,0.0106
M8,AYSE KADIN,16,0.0112
M8,AYSE KADIN,17,0.0112
M8,AYSE KADIN,18,0.0088
M8,AYSE KADIN,19,0.0122
M8,AYSE KADIN,20,0.0151
M8,AYSE KADIN,21,0.0206
M8,AYSE KADIN,22,0.0297
M8,AYSE KADIN,23,0.0276
M8,AYSEKADIN,0,0.0495
M8,AYSEKADIN,1,0.0401
M8,AYSEKADIN,2,0.0389
M8,AYSEKADIN,3,0.1033
M8,AYSEKADIN,4,0.0283
M8,AYSEKADIN,5,0.0306
M8,AYSEKADIN,6,0.0212
M8,AYSEKADIN,7,0.0202
M8,AYSEKADIN,8,0.0238
M8,AYSEKADIN,9,0.0281
M8,AYSEKADIN,10,0.0341
M8,AYSEKADIN,11,0.032
M8,AYSEKADIN,12,0.0327
M8,AYSEKADIN,13,0.0327
M8,AYSEKADIN,14,0.036
M8,AYSEKADIN,15,0.0392
M8,AYSEKADIN,16,0.0402
M8,AYSEKADIN,17,0.0381
M8,AYSEKADIN,18,0.032
M8,AYSEKADIN,19,0.0416
M8,AYSEKADIN,20,0.0501
M8,AYSEKADIN,21,0.0642
M8,AYSEKADIN,22,0.0674
M8,AYSEKADIN,23,0.0531
M8,EMIN ALI PASA,0,0.0096
M8,EMIN ALI PASA,1,0.0153
M8,EMIN ALI PASA,2,0.0269
M8,EMIN ALI PASA,3,0.0109
M8,EMIN ALI PASA,4,0.0283
M8,EMIN ALI PASA,5,0.038
M8,EMIN ALI PASA,6,0.0154
M8,EMIN ALI PASA,7,0.0217
M8,EMIN ALI PASA,8,0.0219
M8,EMIN ALI PASA,9,0.0234
M8,EMIN ALI PASA,10,0.0244
M8,EMIN ALI PASA,11,0.0228
M8,EMIN ALI PASA,12,0.0218
M8,EMIN ALI PASA,13,0.0227
M8,EMIN ALI PASA,14,0.0229
M8,EMIN ALI PASA,15,0.0358
M8,EMIN ALI PASA,16,0.0219
M8,EMIN ALI PASA,17,0.0207
M8,EMIN ALI PASA,18,0.0162
M8,EMIN ALI PASA,19,0.0205
M8,EMIN ALI PASA,20,0.0232
M8,EMIN ALI PASA,21,0.0238
M8,EMIN ALI PASA,22,0.0224
M8,EMIN ALI PASA,23,0.013
M8,HUZUR,0,0.0111
M8,HUZUR,1,0.0177
M8,HUZUR,2,0.003
M8,HUZUR,3,0.0326
M8,HUZUR,4,0.0094
M8,HUZUR,5,0.1578
M8,HUZUR,6,0.1249
M8,HUZUR,7,0.0889
M8,HUZUR,8,0.0634
M8,HUZUR,9,0.0541
M8,HUZUR,10,0.0513
M8,HUZUR,11,0.0501
M8,HUZUR,12,0.0479
M8,HUZUR,13,0.0442
M8,HUZUR,14,0.0403
M8,HUZUR,15,0.0253
M8,HUZUR,16,0.022
M8,HUZUR,17,0.0163
M8,HUZUR,18,0.013
M8,HUZUR,19,0.0164
M8,HUZUR,20,0.0167
M8,HUZUR,21,0.0155
M8,HUZUR,22,0.0107
M8,HUZUR,23,0.0077
M8,ICERENKOY,0,0.0325
M8,ICERENKOY,1,0.0248
M8,ICERENKOY,2,0.024
M8,ICERENKOY,3,0.0272
M8,ICERENKOY,4,0.0283
M8,ICERENKOY,5,0.0677
M8,ICERENKOY,6,0.0719
M8,ICERENKOY,7,0.074
M8,ICERENKOY,8,0.0732
M8,ICERENKOY,9,0.0715
M8,ICERENKOY,10,0.0804
M8,ICERENKOY,11,0.0854
M8,ICERENKOY,12,0.0867
M8,ICERENKOY,13,0.0877
M8,ICERENKOY,14,0.0848
M8,ICERENKOY,15,0.1144
M8,ICERENKOY,16,0.0768
M8,ICERENKOY,17,0.0678
M8,ICERENKOY,18,0.0639
M8,ICERENKOY,19,0.0566
M8,ICERENKOY,20,0.0548
M8,ICERENKOY,21,0.0494
M8,ICERENKOY,22,0.0427
M8,ICERENKOY,23,0.0747
M8,IMES,0,0.0103
M8,IMES,1,0.0106
M8,IMES,2,0.003
M8,IMES,3,0.0054
M8,IMES,4,0.0472
M8,IMES,5,0.1251
M8,IMES,6,0.066
M8,IMES,7,0.0483
M8,IMES,8,0.0436
M8,IMES,9,0.0488
M8,IMES,10,0.0502
M8,IMES,11,0.0493
M8,IMES,12,0.0499
M8,IMES,13,0.0484
M8,IMES,14,0.0461
M8,IMES,15,0.0374
M8,IMES,16,0.0473
M8,IMES,17,0.0926
M8,IMES,18,0.1135
M8,IMES,19,0.0536
M8,IMES,20,0.031
M8,IMES,21,0.0248
M8,IMES,22,0.018
M8,IMES,23,0.046
M8,KAYISDAGI,0,0.014
M8,KAYISDAGI,1,0.0213
M8,KAYISDAGI,2,0.012
M8,KAYISDAGI,3,0.0272
M8,KAYISDAGI,4,0.0566
M8,KAYISDAGI,5,0.037
M8,KAYISDAGI,6,0.0312
M8,KAYISDAGI,7,0.0339
M8,KAYISDAGI,8,0.0298
M8,KAYISDAGI,9,0.037
M8,KAYISDAGI,10,0.0403
M8,KAYISDAGI,11,0.0428
M8,KAYISDAGI,12,0.0434
M8,KAYISDAGI,13,0.0448
M8,KAYISDAGI,14,0.0422
M8,KAYISDAGI,15,0.0608
M8,KAYISDAGI,16,0.0562
M8,KAYISDAGI,17,0.0496
M8,KAYISDAGI,18,0.0418
M8,KAYISDAGI,19,0.031
M8,KAYISDAGI,20,0.029
M8,KAYISDAGI,21,0.025
M8,KAYISDAGI,22,0.0245
M8,KAYISDAGI,23,0.0658
M8,KUCUKBAKKALKOY,0,0.0177
M8,KUCUKBAKKALKOY,1,0.0165
M8,KUCUKBAKKALKOY,2,0.0299
M8,KUCUKBAKKALKOY,3,0.0054
M8,KUCUKBAKKALKOY,4,0.0094
M8,KUCUKBAKKALKOY,5,0.0295
M8,KUCUKBAKKALKOY,6,0.0322
M8,KUCUKBAKKALKOY,7,0.0344
M8,KUCUKBAKKALKOY,8,0.0344
M8,KUCUKBAKKALKOY,9,0.0365
M8,KUCUKBAKKALKOY,10,0.0471
M8,KUCUKBAKKALKOY,11,0.0547
M8,KUCUKBAKKALKOY,12,0.0613
M8,KUCUKBAKKALKOY,13,0.0587
M8,KUCUKBAKKALKOY,14,0.0633
M8,KUCUKBAKKALKOY,15,0.0649
M8,KUCUKBAKKALKOY,16,0.073
M8,KUCUKBAKKALKOY,17,0.068
M8,KUCUKBAKKALKOY,18,0.0586
M8,KUCUKBAKKALKOY,19,0.0508
M8,KUCUKBAKKALKOY,20,0.0449
M8,KUCUKBAKKALKOY,21,0.0352
M8,KUCUKBAKKALKOY,22,0.0237
M8,KUCUKBAKKALKOY,23,0.0415
M8,MEVLANA,0,0.0155
M8,MEVLANA,1,0.0106
M8,MEVLANA,2,0.015
M8,MEVLANA,3,0.0217
M8,MEVLANA,4,0.0283
M8,MEVLANA,5,0.0946
M8,MEVLANA,6,0.0939
M8,MEVLANA,7,0.095
M8,MEVLANA,8,0.0884
M8,MEVLANA,9,0.0835
M8,MEVLANA,10,0.0814
M8,MEVLANA,11,0.0782
M8,MEVLANA,12,0.0802
M8,MEVLANA,13,0.078
M8,MEVLANA,14,0.072
M8,MEVLANA,15,0.0659
M8,MEVLANA,16,0.0579
M8,MEVLANA,17,0.0468
M8,MEVLANA,18,0.0537
M8,MEVLANA,19,0.0425
M8,MEVLANA,20,0.0346
M8,MEVLANA,21,0.0306
M8,MEVLANA,22,0.0232
M8,MEVLANA,23,0.0449
M8,MODOKO,0,0.0044
M8,MODOKO,4,0.0094
M8,MODOKO,5,0.0231
M8,MODOKO,6,0.0311
M8,MODOKO,7,0.0263
M8,MODOKO,8,0.0219
M8,MODOKO,9,0.0232
M8,MODOKO,10,0.0232
M8,MODOKO,11,0.025
M8,MODOKO,12,0.0265
M8,MODOKO,13,0.0267
M8,MODOKO,14,0.0272
M8,MODOKO,15,0.0194
M8,MODOKO,16,0.021
M8,MODOKO,17,0.0318
M8,MODOKO,18,0.0427
M8,MODOKO,19,0.0341
M8,MODOKO,20,0.0155
M8,MODOKO,21,0.0086
M8,MODOKO,22,0.0064
M8,MODOKO,23,0.0113
M8,MODOKO KEYAP,0,0.0007
M8,MODOKO KEYAP,5,0.0118
M8,MODOKO KEYAP,6,0.0101
M8,MODOKO KEYAP,7,0.0072
M8,MODOKO KEYAP,8,0.0062
M8,MODOKO KEYAP,9,0.0066
M8,MODOKO KEYAP,10,0.007
M8,MODOKO KEYAP,11,0.0074
M8,MODOKO KEYAP,12,0.0078
M8,MODOKO KEYAP,13,0.0078
M8,MODOKO KEYAP,14,0.0076
M8,MODOKO KEYAP,15,0.0057
M8,MODOKO KEYAP,16,0.0059
M8,MODOKO KEYAP,17,0.0085
M8,MODOKO KEYAP,18,0.0122
M8,MODOKO KEYAP,19,0.0107
M8,MODOKO KEYAP,20,0.005
M8,MODOKO KEYAP,21,0.0032
M8,MODOKO KEYAP,22,0.0028
M8,MODOKO KEYAP,23,0.0069
M8,PARSELLER,0,0.0044
M8,PARSELLER,1,0.0059
M8,PARSELLER,2,0.012
M8,PARSELLER,3,0.0163
M8,PARSELLER,4,0.0189
M8,PARSELLER,5,0.1257
M8,PARSELLER,6,0.0872
M8,PARSELLER,7,0.0592
M8,PARSELLER,8,0.0434
M8,PARSELLER,9,0.0415
M8,PARSELLER,10,0.0434
M8,PARSELLER,11,0.043
M8,PARSELLER,12,0.0406
M8,PARSELLER,13,0.0372
M8,PARSELLER,14,0.0332
M8,PARSELLER,15,0.0222
M8,PARSELLER,16,0.0201
M8,PARSELLER,17,0.0161
M8,PARSELLER,18,0.0117
M8,PARSELLER,19,0.0129
M8,PARSELLER,20,0.013
M8,PARSELLER,21,0.0126
M8,PARSELLER,22,0.0106
M8,PARSELLER,23,0.0029
M9,ATAKOY,0,0.0787
M9,ATAKOY,1,0.1743
M9,ATAKOY,2,0.0333
M9,ATAKOY,5,0.0092
M9,ATAKOY,6,0.0164
M9,ATAKOY,7,0.0218
M9,ATAKOY,8,0.0328
M9,ATAKOY,9,0.0401
M9,ATAKOY,10,0.0416
M9,ATAKOY,11,0.0362
M9,ATAKOY,12,0.0361
M9,ATAKOY,13,0.0372
M9,ATAKOY,14,0.0425
M9,ATAKOY,15,0.0485
M9,ATAKOY,16,0.0467
M9,ATAKOY,17,0.0443
M9,ATAKOY,18,0.0445
M9,ATAKOY,19,0.0557
M9,ATAKOY,20,0.0678
M9,ATAKOY,21,0.0739
M9,ATAKOY,22,0.0649
M9,ATAKOY,23,0.1302
M9,NAN,11,0.0
M9,15 TEMMUZ,0,0.0153
M9,15 TEMMUZ,1,0.0122
M9,15 TEMMUZ,3,0.1765
M9,15 TEMMUZ,5,0.0311
M9,15 TEMMUZ,6,0.0242
M9,15 TEMMUZ,7,0.0228
M9,15 TEMMUZ,8,0.024
M9,15 TEMMUZ,9,0.029
M9,15 TEMMUZ,10,0.0319
M9,15 TEMMUZ,11,0.0313
M9,15 TEMMUZ,12,0.034
M9,15 TEMMUZ,13,0.0326
M9,15 TEMMUZ,14,0.0338
M9,15 TEMMUZ,15,0.032
M9,15 TEMMUZ,16,0.0308
M9,15 TEMMUZ,17,0.0315
M9,15 TEMMUZ,18,0.0281
M9,15 TEMMUZ,19,0.0209
M9,15 TEMMUZ,20,0.0192
M9,15 TEMMUZ,21,0.0152
M9,15 TEMMUZ,22,0.0115
M9,15 TEMMUZ,23,0.023
M9,29 EKIM CUMHURIYET,0,0.0052
M9,29 EKIM CUMHURIYET,1,0.0092
M9,29 EKIM CUMHURIYET,5,0.005
M9,29 EKIM CUMHURIYET,6,0.0062
M9,29 EKIM CUMHURIYET,7,0.0049
M9,29 EKIM CUMHURIYET,8,0.0056
M9,29 EKIM CUMHURIYET,9,0.0083
M9,29 EKIM CUMHURIYET,10,0.0105
M9,29 EKIM CUMHURIYET,11,0.0104
M9,29 EKIM CUMHURIYET,12,0.0115
M9,29 EKIM CUMHURIYET,13,0.0115
M9,29 EKIM CUMHURIYET,14,0.0125
M9,29 EKIM CUMHURIYET,15,0.0135
M9,29 EKIM CUMHURIYET,16,0.0135
M9,29 EKIM CUMHURIYET,17,0.0221
M9,29 EKIM CUMHURIYET,18,0.0363
M9,29 EKIM CUMHURIYET,19,0.0502
M9,29 EKIM CUMHURIYET,20,0.0142
M9,29 EKIM CUMHURIYET,21,0.0089
M9,29 EKIM CUMHURIYET,22,0.0055
M9,29 EKIM CUMHURIYET,23,0.0109
M9,ATATURK MAHALLESI,0,0.0255
M9,ATATURK MAHALLESI,1,0.0275
M9,ATATURK MAHALLESI,5,0.0585
M9,ATATURK MAHALLESI,6,0.0423
M9,ATATURK MAHALLESI,7,0.0445
M9,ATATURK MAHALLESI,8,0.0409
M9,ATATURK MAHALLESI,9,0.0424
M9,ATATURK MAHALLESI,10,0.0431
M9,ATATURK MAHALLESI,11,0.0415
M9,ATATURK MAHALLESI,12,0.042
M9,ATATURK MAHALLESI,13,0.0428
M9,ATATURK MAHALLESI,14,0.0405
M9,ATATURK MAHALLESI,15,0.0328
M9,ATATURK MAHALLESI,16,0.0237
M9,ATATURK MAHALLESI,17,0.0182
M9,ATATURK MAHALLESI,18,0.0157
M9,ATATURK MAHALLESI,19,0.0199
M9,ATATURK MAHALLESI,20,0.0224
M9,ATATURK MAHALLESI,21,0.0215
M9,ATATURK MAHALLESI,22,0.0154
M9,ATATURK MAHALLESI,23,0.0246
M9,BAHARIYE,0,0.069
M9,BAHARIYE,1,0.1284
M9,BAHARIYE,2,0.5667
M9,BAHARIYE,3,0.2941
M9,BAHARIYE,4,0.1053
M9,BAHARIYE,5,0.4129
M9,BAHARIYE,6,0.2235
M9,BAHARIYE,7,0.2785
M9,BAHARIYE,8,0.2446
M9,BAHARIYE,9,0.1921
M9,BAHARIYE,10,0.1847
M9,BAHARIYE,11,0.1682
M9,BAHARIYE,12,0.1718
M9,BAHARIYE,13,0.1669
M9,BAHARIYE,14,0.1576
M9,BAHARIYE,15,0.1259
M9,BAHARIYE,16,0.1014
M9,BAHARIYE,17,0.1026
M9,BAHARIYE,18,0.1097
M9,BAHARIYE,19,0.119
M9,BAHARIYE,20,0.1097
M9,BAHARIYE,21,0.1042
M9,BAHARIYE,22,0.0784
M9,BAHARIYE,23,0.1333
M9,COBANCESME,0,0.0067
M9,COBANCESME,1,0.0122
M9,COBANCESME,2,0.0667
M9,COBANCESME,3,0.0588
M9,COBANCESME,5,0.0086
M9,COBANCESME,6,0.0077
M9,COBANCESME,7,0.0081
M9,COBANCESME,8,0.0078
M9,COBANCESME,9,0.0085
M9,COBANCESME,10,0.0093
M9,COBANCESME,11,0.0095
M9,COBANCESME,12,0.0108
M9,COBANCESME,13,0.0113
M9,COBANCESME,14,0.0122
M9,COBANCESME,15,0.015
M9,COBANCESME,16,0.0149
M9,COBANCESME,17,0.0219
M9,COBANCESME,18,0.0174
M9,COBANCESME,19,0.0138
M9,COBANCESME,20,0.0079
M9,COBANCESME,21,0.0066
M9,COBANCESME,22,0.0048
M9,COBANCESME,23,0.0103
M9,DOGU SANAYI,0,0.0159
M9,DOGU SANAYI,1,0.0183
M9,DOGU SANAYI,5,0.017
M9,DOGU SANAYI,6,0.0108
M9,DOGU SANAYI,7,0.0109
M9,DOGU SANAYI,8,0.014
M9,DOGU SANAYI,9,0.0215
M9,DOGU SANAYI,10,0.027
M9,DOGU SANAYI,11,0.0256
M9,DOGU SANAYI,12,0.0266
M9,DOGU SANAYI,13,0.0255
M9,DOGU SANAYI,14,0.0287
M9,DOGU SANAYI,15,0.0373
M9,DOGU SANAYI,16,0.0379
M9,DOGU SANAYI,17,0.039
M9,DOGU SANAYI,18,0.0373
M9,DOGU SANAYI,19,0.0219
M9,DOGU SANAYI,20,0.0194
M9,DOGU SANAYI,21,0.0172
M9,DOGU SANAYI,22,0.0189
M9,DOGU SANAYI,23,0.0179
M9,HALKALI,0,0.0205
M9,HALKALI,1,0.0183
M9,HALKALI,5,0.0241
M9,HALKALI,6,0.0158
M9,HALKALI,7,0.0167
M9,HALKALI,8,0.0201
M9,HALKALI,9,0.0242
M9,HALKALI,10,0.0247
M9,HALKALI,11,0.0232
M9,HALKALI,12,0.0236
M9,HALKALI,13,0.0221
M9,HALKALI,14,0.0222
M9,HALKALI,15,0.0223
M9,HALKALI,16,0.0187
M9,HALKALI,17,0.0155
M9,HALKALI,18,0.0128
M9,HALKALI,19,0.0125
M9,HALKALI,20,0.015
M9,HALKALI,21,0.015
M9,HALKALI,22,0.0138
M9,HALKALI,23,0.0185
M9,HAVALIMANI,5,0.0
M9,HAVALIMANI,6,0.0
M9,HAVALIMANI,7,0.0
M9,HAVALIMANI,8,0.0
M9,HAVALIMANI,9,0.0
M9,HAVALIMANI,10,0.0
M9,HAVALIMANI,11,0.0
M9,HAVALIMANI,12,0.0
M9,HAVALIMANI,23,0.0
M9,IHLAS YUVA,0,0.0058
M9,IHLAS YUVA,1,0.0183
M9,IHLAS YUVA,4,0.0526
M9,IHLAS YUVA,5,0.0024
M9,IHLAS YUVA,6,0.0034
M9,IHLAS YUVA,7,0.003
M9,IHLAS YUVA,8,0.0039
M9,IHLAS YUVA,9,0.0056
M9,IHLAS YUVA,10,0.0069
M9,IHLAS YUVA,11,0.0072
M9,IHLAS YUVA,12,0.0079
M9,IHLAS YUVA,13,0.0082
M9,IHLAS YUVA,14,0.0092
M9,IHLAS YUVA,15,0.0101
M9,IHLAS YUVA,16,0.0116
M9,IHLAS YUVA,17,0.0278
M9,IHLAS YUVA,18,0.0214
M9,IHLAS YUVA,19,0.0221
M9,IHLAS YUVA,20,0.008
M9,IHLAS YUVA,21,0.0048
M9,IHLAS YUVA,22,0.0034
M9,IHLAS YUVA,23,0.0063
M9,M9 IKITELLI,0,0.0019
M9,M9 IKITELLI,4,0.0526
M9,M9 IKITELLI,5,0.0024
M9,M9 IKITELLI,6,0.0009
M9,M9 IKITELLI,7,0.0005
M9,M9 IKITELLI,8,0.0008
M9,M9 IKITELLI,9,0.0013
M9,M9 IKITELLI,10,0.0023
M9,M9 IKITELLI,11,0.0023
M9,M9 IKITELLI,12,0.0028
M9,M9 IKITELLI,13,0.0032
M9,M9 IKITELLI,14,0.0038
M9,M9 IKITELLI,15,0.0048
M9,M9 IKITELLI,16,0.0051
M9,M9 IKITELLI,17,0.0076
M9,M9 IKITELLI,18,0.0114
M9,M9 IKITELLI,19,0.0096
M9,M9 IKITELLI,20,0.0062
M9,M9 IKITELLI,21,0.0031
M9,M9 IKITELLI,22,0.0026
M9,M9 IKITELLI,23,0.0031
M9,M9 IKITELLI SANAYI,0,0.012
M9,M9 IKITELLI SANAYI,1,0.0092
M9,M9 IKITELLI SANAYI,5,0.007
M9,M9 IKITELLI SANAYI,6,0.0034
M9,M9 IKITELLI SANAYI,7,0.0028
M9,M9 IKITELLI SANAYI,8,0.0047
M9,M9 IKITELLI SANAYI,9,0.0062
M9,M9 IKITELLI SANAYI,10,0.0094
M9,M9 IKITELLI SANAYI,11,0.0099
M9,M9 IKITELLI SANAYI,12,0.0132
M9,M9 IKITELLI SANAYI,13,0.0151
M9,M9 IKITELLI SANAYI,14,0.0164
M9,M9 IKITELLI SANAYI,15,0.0188
M9,M9 IKITELLI SANAYI,16,0.0251
M9,M9 IKITELLI SANAYI,17,0.0438
M9,M9 IKITELLI SANAYI,18,0.0533
M9,M9 IKITELLI SANAYI,19,0.0401
M9,M9 IKITELLI SANAYI,20,0.0287
M9,M9 IKITELLI SANAYI,21,0.0167
M9,M9 IKITELLI SANAYI,22,0.0137
M9,M9 IKITELLI SANAYI,23,0.0152
M9,M9 YENIBOSNA,0,0.1046
M9,M9 YENIBOSNA,1,0.2691
M9,M9 YENIBOSNA,2,0.0667
M9,M9 YENIBOSNA,3,0.1176
M9,M9 YENIBOSNA,4,0.0526
M9,M9 YENIBOSNA,5,0.0682
M9,M9 YENIBOSNA,6,0.0471
M9,M9 YENIBOSNA,7,0.0518
M9,M9 YENIBOSNA,8,0.0747
M9,M9 YENIBOSNA,9,0.0816
M9,M9 YENIBOSNA,10,0.0745
M9,M9 YENIBOSNA,11,0.0715
M9,M9 YENIBOSNA,12,0.073
M9,M9 YENIBOSNA,13,0.0767
M9,M9 YENIBOSNA,14,0.0807
M9,M9 YENIBOSNA,15,0.084
M9,M9 YENIBOSNA,16,0.0864
M9,M9 YENIBOSNA,17,0.0836
M9,M9 YENIBOSNA,18,0.0741
M9,M9 YENIBOSNA,19,0.0752
M9,M9 YENIBOSNA,20,0.0691
M9,M9 YENIBOSNA,21,0.0656
M9,M9 YENIBOSNA,22,0.0505
M9,M9 YENIBOSNA,23,0.0996
M9,MASKO,0,0.1155
M9,MASKO,1,0.0795
M9,MASKO,2,0.0333
M9,MASKO,4,0.0526
M9,MASKO,5,0.0371
M9,MASKO,6,0.0178
M9,MASKO,7,0.0132
M9,MASKO,8,0.0149
M9,MASKO,9,0.0231
M9,MASKO,10,0.0418
M9,MASKO,11,0.054
M9,MASKO,12,0.0719
M9,MASKO,13,0.09
M9,MASKO,14,0.1327
M9,MASKO,15,0.1742
M9,MASKO,16,0.2203
M9,MASKO,17,0.2236
M9,MASKO,18,0.2371
M9,MASKO,19,0.2722
M9,MASKO,20,0.3774
M9,MASKO,21,0.4351
M9,MASKO,22,0.5838
M9,MASKO,23,0.294
M9,MIMAR SINAN,0,0.0009
M9,MIMAR SINAN,5,0.0005
M9,MIMAR SINAN,6,0.0005
M9,MIMAR SINAN,7,0.0006
M9,MIMAR SINAN,8,0.0007
M9,MIMAR SINAN,9,0.001
M9,MIMAR SINAN,10,0.001
M9,MIMAR SINAN,11,0.001
M9,MIMAR SINAN,12,0.0009
M9,MIMAR SINAN,13,0.001
M9,MIMAR SINAN,14,0.001
M9,MIMAR SINAN,15,0.0014
M9,MIMAR SINAN,16,0.0015
M9,MIMAR SINAN,17,0.0013
M9,MIMAR SINAN,18,0.0017
M9,MIMAR SINAN,19,0.0008
M9,MIMAR SINAN,20,0.0006
M9,MIMAR SINAN,21,0.0004
M9,MIMAR SINAN,22,0.0003
M9,MIMAR SINAN,23,0.0011
M9,OLIMPIYAT,0,0.4624
M9,OLIMPIYAT,1,0.1498
M9,OLIMPIYAT,2,0.1333
M9,OLIMPIYAT,3,0.2353
M9,OLIMPIYAT,4,0.6316
M9,OLIMPIYAT,5,0.1891
M9,OLIMPIYAT,6,0.5065
M9,OLIMPIYAT,7,0.4499
M9,OLIMPIYAT,8,0.4318
M9,OLIMPIYAT,9,0.4118
M9,OLIMPIYAT,10,0.3607
M9,OLIMPIYAT,11,0.3755
M9,OLIMPIYAT,12,0.3411
M9,OLIMPIYAT,13,0.3208
M9,OLIMPIYAT,14,0.2769
M9,OLIMPIYAT,15,0.2406
M9,OLIMPIYAT,16,0.1898
M9,OLIMPIYAT,17,0.1646
M9,OLIMPIYAT,18,0.1235
M9,OLIMPIYAT,19,0.123
M9,OLIMPIYAT,20,0.1308
M9,OLIMPIYAT,21,0.1243
M9,OLIMPIYAT,22,0.0806
M9,OLIMPIYAT,23,0.126
M9,ZIYA GOKALP MAH,0,0.0297
M9,ZIYA GOKALP MAH,1,0.0122
M9,ZIYA GOKALP MAH,5,0.051
M9,ZIYA GOKALP MAH,6,0.0244
M9,ZIYA GOKALP MAH,7,0.0239
M9,ZIYA GOKALP MAH,8,0.0258
M9,ZIYA GOKALP MAH,9,0.0376
M9,ZIYA GOKALP MAH,10,0.0481
M9,ZIYA GOKALP MAH,11,0.0472
M9,ZIYA GOKALP MAH,12,0.0461
M9,ZIYA GOKALP MAH,13,0.0461
M9,ZIYA GOKALP MAH,14,0.0429
M9,ZIYA GOKALP MAH,15,0.0482
M9,ZIYA GOKALP MAH,16,0.0551
M9,ZIYA GOKALP MAH,17,0.0509
M9,ZIYA GOKALP MAH,18,0.0543
M9,ZIYA GOKALP MAH,19,0.0431
M9,ZIYA GOKALP MAH,20,0.0353
M9,ZIYA GOKALP MAH,21,0.0302
M9,ZIYA GOKALP MAH,22,0.0174
M9,ZIYA GOKALP MAH,23,0.0314
M9,ZIYA GOKALP MAH.,0,0.0302
M9,ZIYA GOKALP MAH.,1,0.0612
M9,ZIYA GOKALP MAH.,2,0.1
M9,ZIYA GOKALP MAH.,3,0.1176
M9,ZIYA GOKALP MAH.,4,0.0526
M9,ZIYA GOKALP MAH.,5,0.0761
M9,ZIYA GOKALP MAH.,6,0.0492
M9,ZIYA GOKALP MAH.,7,0.0459
M9,ZIYA GOKALP MAH.,8,0.0529
M9,ZIYA GOKALP MAH.,9,0.0657
M9,ZIYA GOKALP MAH.,10,0.0823
M9,ZIYA GOKALP MAH.,11,0.0854
M9,ZIYA GOKALP MAH.,12,0.0866
M9,ZIYA GOKALP MAH.,13,0.089
M9,ZIYA GOKALP MAH.,14,0.0864
M9,ZIYA GOKALP MAH.,15,0.0908
M9,ZIYA GOKALP MAH.,16,0.1175
M9,ZIYA GOKALP MAH.,17,0.1016
M9,ZIYA GOKALP MAH.,18,0.1214
M9,ZIYA GOKALP MAH.,19,0.1001
M9,ZIYA GOKALP MAH.,20,0.0684
M9,ZIYA GOKALP MAH.,21,0.0573
M9,ZIYA GOKALP MAH.,22,0.0345
M9,ZIYA GOKALP MAH.,23,0.0548
MARMARAY,ATAKOY,0,0.0134
MARMARAY,ATAKOY,1,0.0109
MARMARAY,ATAKOY,2,0.0038
MARMARAY,ATAKOY,3,0.0013
MARMARAY,ATAKOY,4,0.0064
MARMARAY,ATAKOY,5,0.0119
MARMARAY,ATAKOY,6,0.01
MARMARAY,ATAKOY,7,0.0142
MARMARAY,ATAKOY,8,0.0165
MARMARAY,ATAKOY,9,0.0164
MARMARAY,ATAKOY,10,0.0162
MARMARAY,ATAKOY,11,0.0149
MARMARAY,ATAKOY,12,0.0145
MARMARAY,ATAKOY,13,0.014
MARMARAY,ATAKOY,14,0.0134
MARMARAY,ATAKOY,15,0.0142
MARMARAY,ATAKOY,16,0.0122
MARMARAY,ATAKOY,17,0.0132
MARMARAY,ATAKOY,18,0.0112
MARMARAY,ATAKOY,19,0.0094
MARMARAY,ATAKOY,20,0.0095
MARMARAY,ATAKOY,21,0.0101
MARMARAY,ATAKOY,22,0.0156
MARMARAY,ATAKOY,23,0.0096
MARMARAY,BAKIRKOY,0,0.0335
MARMARAY,BAKIRKOY,1,0.0249
MARMARAY,BAKIRKOY,2,0.0169
MARMARAY,BAKIRKOY,3,0.011
MARMARAY,BAKIRKOY,4,0.0414
MARMARAY,BAKIRKOY,5,0.0229
MARMARAY,BAKIRKOY,6,0.0323
MARMARAY,BAKIRKOY,7,0.0378
MARMARAY,BAKIRKOY,8,0.0416
MARMARAY,BAKIRKOY,9,0.0424
MARMARAY,BAKIRKOY,10,0.044
MARMARAY,BAKIRKOY,11,0.0458
MARMARAY,BAKIRKOY,12,0.0481
MARMARAY,BAKIRKOY,13,0.0514
MARMARAY,BAKIRKOY,14,0.0511
MARMARAY,BAKIRKOY,15,0.0509
MARMARAY,BAKIRKOY,16,0.0492
MARMARAY,BAKIRKOY,17,0.0457
MARMARAY,BAKIRKOY,18,0.0453
MARMARAY,BAKIRKOY,19,0.0527
MARMARAY,BAKIRKOY,20,0.0544
MARMARAY,BAKIRKOY,21,0.0547
MARMARAY,BAKIRKOY,22,0.0507
MARMARAY,BAKIRKOY,23,0.0313
MARMARAY,NAN,13,0.0
MARMARAY,NAN,14,0.0
MARMARAY,NAN,19,0.0
MARMARAY,YENIKAPI,0,0.1942
MARMARAY,YENIKAPI,1,0.1582
MARMARAY,YENIKAPI,2,0.1941
MARMARAY,YENIKAPI,3,0.2291
MARMARAY,YENIKAPI,4,0.2452
MARMARAY,YENIKAPI,5,0.0509
MARMARAY,YENIKAPI,6,0.0793
MARMARAY,YENIKAPI,7,0.0825
MARMARAY,YENIKAPI,8,0.0983
MARMARAY,YENIKAPI,9,0.1116
MARMARAY,YENIKAPI,10,0.1177
MARMARAY,YENIKAPI,11,0.1221
MARMARAY,YENIKAPI,12,0.1274
MARMARAY,YENIKAPI,13,0.1347
MARMARAY,YENIKAPI,14,0.1414
MARMARAY,YENIKAPI,15,0.1498
MARMARAY,YENIKAPI,16,0.1527
MARMARAY,YENIKAPI,17,0.1584
MARMARAY,YENIKAPI,18,0.1682
MARMARAY,YENIKAPI,19,0.1758
MARMARAY,YENIKAPI,20,0.1669
MARMARAY,YENIKAPI,21,0.1487
MARMARAY,YENIKAPI,22,0.1416
MARMARAY,YENIKAPI,23,0.1624
MARMARAY,ZEYTINBURNU,0,0.0184
MARMARAY,ZEYTINBURNU,1,0.0122
MARMARAY,ZEYTINBURNU,2,0.0085
MARMARAY,ZEYTINBURNU,3,0.0057
MARMARAY,ZEYTINBURNU,4,0.0191
MARMARAY,ZEYTINBURNU,5,0.0416
MARMARAY,ZEYTINBURNU,6,0.0359
MARMARAY,ZEYTINBURNU,7,0.0372
MARMARAY,ZEYTINBURNU,8,0.0416
MARMARAY,ZEYTINBURNU,9,0.0349
MARMARAY,ZEYTINBURNU,10,0.0304
MARMARAY,ZEYTINBURNU,11,0.0292
MARMARAY,ZEYTINBURNU,12,0.029
MARMARAY,ZEYTINBURNU,13,0.031
MARMARAY,ZEYTINBURNU,14,0.0312
MARMARAY,ZEYTINBURNU,15,0.0266
MARMARAY,ZEYTINBURNU,16,0.0236
MARMARAY,ZEYTINBURNU,17,0.0224
MARMARAY,ZEYTINBURNU,18,0.0259
MARMARAY,ZEYTINBURNU,19,0.0292
MARMARAY,ZEYTINBURNU,20,0.0266
MARMARAY,ZEYTINBURNU,21,0.027
MARMARAY,ZEYTINBURNU,22,0.026
MARMARAY,ZEYTINBURNU,23,0.0242
MARMARAY,BOSTANCI,0,0.0465
MARMARAY,BOSTANCI,1,0.0583
MARMARAY,BOSTANCI,2,0.0825
MARMARAY,BOSTANCI,3,0.0269
MARMARAY,BOSTANCI,4,0.0191
MARMARAY,BOSTANCI,5,0.0233
MARMARAY,BOSTANCI,6,0.0266
MARMARAY,BOSTANCI,7,0.0319
MARMARAY,BOSTANCI,8,0.0332
MARMARAY,BOSTANCI,9,0.0352
MARMARAY,BOSTANCI,10,0.0325
MARMARAY,BOSTANCI,11,0.0319
MARMARAY,BOSTANCI,12,0.0309
MARMARAY,BOSTANCI,13,0.031
MARMARAY,BOSTANCI,14,0.0282
MARMARAY,BOSTANCI,15,0.0286
MARMARAY,BOSTANCI,16,0.0271
MARMARAY,BOSTANCI,17,0.0272
MARMARAY,BOSTANCI,18,0.0308
MARMARAY,BOSTANCI,19,0.0307
MARMARAY,BOSTANCI,20,0.0313
MARMARAY,BOSTANCI,21,0.0296
MARMARAY,BOSTANCI,22,0.0309
MARMARAY,BOSTANCI,23,0.0443
MARMARAY,GOZTEPE,0,0.0091
MARMARAY,GOZTEPE,1,0.0123
MARMARAY,GOZTEPE,2,0.014
MARMARAY,GOZTEPE,3,0.0062
MARMARAY,GOZTEPE,4,0.0064
MARMARAY,GOZTEPE,5,0.017
MARMARAY,GOZTEPE,6,0.014
MARMARAY,GOZTEPE,7,0.017
MARMARAY,GOZTEPE,8,0.0186
MARMARAY,GOZTEPE,9,0.0196
MARMARAY,GOZTEPE,10,0.02
MARMARAY,GOZTEPE,11,0.0189
MARMARAY,GOZTEPE,12,0.0181
MARMARAY,GOZTEPE,13,0.0173
MARMARAY,GOZTEPE,14,0.0167
MARMARAY,GOZTEPE,15,0.0216
MARMARAY,GOZTEPE,16,0.0176
MARMARAY,GOZTEPE,17,0.0165
MARMARAY,GOZTEPE,18,0.0152
MARMARAY,GOZTEPE,19,0.0147
MARMARAY,GOZTEPE,20,0.0131
MARMARAY,GOZTEPE,21,0.0113
MARMARAY,GOZTEPE,22,0.0105
MARMARAY,GOZTEPE,23,0.0116
MARMARAY,KARTAL,0,0.0106
MARMARAY,KARTAL,1,0.0103
MARMARAY,KARTAL,2,0.0122
MARMARAY,KARTAL,3,0.0088
MARMARAY,KARTAL,4,0.0446
MARMARAY,KARTAL,5,0.0352
MARMARAY,KARTAL,6,0.039
MARMARAY,KARTAL,7,0.0336
MARMARAY,KARTAL,8,0.0285
MARMARAY,KARTAL,9,0.0288
MARMARAY,KARTAL,10,0.0268
MARMARAY,KARTAL,11,0.0264
MARMARAY,KARTAL,12,0.0256
MARMARAY,KARTAL,13,0.0235
MARMARAY,KARTAL,14,0.0218
MARMARAY,KARTAL,15,0.0189
MARMARAY,KARTAL,16,0.0171
MARMARAY,KARTAL,17,0.0153
MARMARAY,KARTAL,18,0.0145
MARMARAY,KARTAL,19,0.0139
MARMARAY,KARTAL,20,0.0144
MARMARAY,KARTAL,21,0.0139
MARMARAY,KARTAL,22,0.0115
MARMARAY,KARTAL,23,0.0097
MARMARAY,KUCUKYALI,0,0.0061
MARMARAY,KUCUKYALI,1,0.0076
MARMARAY,KUCUKYALI,2,0.0088
MARMARAY,KUCUKYALI,3,0.0053
MARMARAY,KUCUKYALI,4,0.0159
MARMARAY,KUCUKYALI,5,0.025
MARMARAY,KUCUKYALI,6,0.0203
MARMARAY,KUCUKYALI,7,0.0238
MARMARAY,KUCUKYALI,8,0.0239
MARMARAY,KUCUKYALI,9,0.0225
MARMARAY,KUCUKYALI,10,0.0198
MARMARAY,KUCUKYALI,11,0.019
MARMARAY,KUCUKYALI,12,0.0183
MARMARAY,KUCUKYALI,13,0.0172
MARMARAY,KUCUKYALI,14,0.0158
MARMARAY,KUCUKYALI,15,0.0136
MARMARAY,KUCUKYALI,16,0.0125
MARMARAY,KUCUKYALI,17,0.0111
MARMARAY,KUCUKYALI,18,0.0105
MARMARAY,KUCUKYALI,19,0.0106
MARMARAY,KUCUKYALI,20,0.01
MARMARAY,KUCUKYALI,21,0.0091
MARMARAY,KUCUKYALI,22,0.0083
MARMARAY,KUCUKYALI,23,0.0077
MARMARAY,MALTEPE,0,0.0132
MARMARAY,MALTEPE,1,0.015
MARMARAY,MALTEPE,2,0.0114
MARMARAY,MALTEPE,3,0.007
MARMARAY,MALTEPE,4,0.0159
MARMARAY,MALTEPE,5,0.0371
MARMARAY,MALTEPE,6,0.0303
MARMARAY,MALTEPE,7,0.0314
MARMARAY,MALTEPE,8,0.0291
MARMARAY,MALTEPE,9,0.0262
MARMARAY,MALTEPE,10,0.0245
MARMARAY,MALTEPE,11,0.0244
MARMARAY,MALTEPE,12,0.024
MARMARAY,MALTEPE,13,0.0229
MARMARAY,MALTEPE,14,0.0214
MARMARAY,MALTEPE,15,0.0189
MARMARAY,MALTEPE,16,0.0167
MARMARAY,MALTEPE,17,0.0159
MARMARAY,MALTEPE,18,0.0157
MARMARAY,MALTEPE,19,0.0162
MARMARAY,MALTEPE,20,0.016
MARMARAY,MALTEPE,21,0.0155
MARMARAY,MALTEPE,22,0.0134
MARMARAY,MALTEPE,23,0.013
MARMARAY,PENDIK,0,0.0188
MARMARAY,PENDIK,1,0.0115
MARMARAY,PENDIK,2,0.0109
MARMARAY,PENDIK,3,0.0123
MARMARAY,PENDIK,4,0.0127
MARMARAY,PENDIK,5,0.0427
MARMARAY,PENDIK,6,0.0425
MARMARAY,PENDIK,7,0.0402
MARMARAY,PENDIK,8,0.0333
MARMARAY,PENDIK,9,0.0327
MARMARAY,PENDIK,10,0.0346
MARMARAY,PENDIK,11,0.0349
MARMARAY,PENDIK,12,0.0358
MARMARAY,PENDIK,13,0.0351
MARMARAY,PENDIK,14,0.0336
MARMARAY,PENDIK,15,0.0322
MARMARAY,PENDIK,16,0.0315
MARMARAY,PENDIK,17,0.0283
MARMARAY,PENDIK,18,0.027
MARMARAY,PENDIK,19,0.0295
MARMARAY,PENDIK,20,0.0318
MARMARAY,PENDIK,21,0.0289
MARMARAY,PENDIK,22,0.0221
MARMARAY,PENDIK,23,0.0188
MARMARAY,USKUDAR,0,0.1113
MARMARAY,USKUDAR,1,0.0904
MARMARAY,USKUDAR,2,0.0667
MARMARAY,USKUDAR,3,0.1515
MARMARAY,USKUDAR,4,0.086
MARMARAY,USKUDAR,5,0.1284
MARMARAY,USKUDAR,6,0.1244
MARMARAY,USKUDAR,7,0.1302
MARMARAY,USKUDAR,8,0.1405
MARMARAY,USKUDAR,9,0.1321
MARMARAY,USKUDAR,10,0.12
MARMARAY,USKUDAR,11,0.11
MARMARAY,USKUDAR,12,0.1073
MARMARAY,USKUDAR,13,0.1034
MARMARAY,USKUDAR,14,0.1039
MARMARAY,USKUDAR,15,0.1
MARMARAY,USKUDAR,16,0.0986
MARMARAY,USKUDAR,17,0.1001
MARMARAY,USKUDAR,18,0.0989
MARMARAY,USKUDAR,19,0.1028
MARMARAY,USKUDAR,20,0.1159
MARMARAY,USKUDAR,21,0.1284
MARMARAY,USKUDAR,22,0.1298
MARMARAY,USKUDAR,23,0.1386
MARMARAY,YENIMAHALLE,0,0.0042
MARMARAY,YENIMAHALLE,1,0.0045
MARMARAY,YENIMAHALLE,2,0.002
MARMARAY,YENIMAHALLE,3,0.0053
MARMARAY,YENIMAHALLE,4,0.0096
MARMARAY,YENIMAHALLE,5,0.0102
MARMARAY,YENIMAHALLE,6,0.0117
MARMARAY,YENIMAHALLE,7,0.0162
MARMARAY,YENIMAHALLE,8,0.0195
MARMARAY,YENIMAHALLE,9,0.0157
MARMARAY,YENIMAHALLE,10,0.0134
MARMARAY,YENIMAHALLE,11,0.0115
MARMARAY,YENIMAHALLE,12,0.0104
MARMARAY,YENIMAHALLE,13,0.0096
MARMARAY,YENIMAHALLE,14,0.0107
MARMARAY,YENIMAHALLE,15,0.0085
MARMARAY,YENIMAHALLE,16,0.009
MARMARAY,YENIMAHALLE,17,0.0081
MARMARAY,YENIMAHALLE,18,0.0083
MARMARAY,YENIMAHALLE,19,0.0072
MARMARAY,YENIMAHALLE,20,0.0068
MARMARAY,YENIMAHALLE,21,0.0068
MARMARAY,YENIMAHALLE,22,0.0067
MARMARAY,YENIMAHALLE,23,0.0055
MARMARAY,HALKALI,0,0.0044
MARMARAY,HALKALI,1,0.0038
MARMARAY,HALKALI,2,0.0008
MARMARAY,HALKALI,3,0.0022
MARMARAY,HALKALI,4,0.0223
MARMARAY,HALKALI,5,0.0399
MARMARAY,HALKALI,6,0.0364
MARMARAY,HALKALI,7,0.0407
MARMARAY,HALKALI,8,0.0293
MARMARAY,HALKALI,9,0.0295
MARMARAY,HALKALI,10,0.0282
MARMARAY,HALKALI,11,0.0281
MARMARAY,HALKALI,12,0.0292
MARMARAY,HALKALI,13,0.0299
MARMARAY,HALKALI,14,0.0243
MARMARAY,HALKALI,15,0.0181
MARMARAY,HALKALI,16,0.0161
MARMARAY,HALKALI,17,0.0142
MARMARAY,HALKALI,18,0.0112
MARMARAY,HALKALI,19,0.0105
MARMARAY,HALKALI,20,0.0105
MARMARAY,HALKALI,21,0.0112
MARMARAY,HALKALI,22,0.0091
MARMARAY,HALKALI,23,0.0024
MARMARAY,ATALAR,0,0.0064
MARMARAY,ATALAR,1,0.0063
MARMARAY,ATALAR,2,0.0079
MARMARAY,ATALAR,3,0.0048
MARMARAY,ATALAR,4,0.0127
MARMARAY,ATALAR,5,0.0206
MARMARAY,ATALAR,6,0.0258
MARMARAY,ATALAR,7,0.022
MARMARAY,ATALAR,8,0.0192
MARMARAY,ATALAR,9,0.0173
MARMARAY,ATALAR,10,0.0161
MARMARAY,ATALAR,11,0.0159
MARMARAY,ATALAR,12,0.0162
MARMARAY,ATALAR,13,0.0156
MARMARAY,ATALAR,14,0.0135
MARMARAY,ATALAR,15,0.0113
MARMARAY,ATALAR,16,0.0108
MARMARAY,ATALAR,17,0.0093
MARMARAY,ATALAR,18,0.0085
MARMARAY,ATALAR,19,0.0085
MARMARAY,ATALAR,20,0.0083
MARMARAY,ATALAR,21,0.0083
MARMARAY,ATALAR,22,0.0074
MARMARAY,ATALAR,23,0.0064
MARMARAY,AYDINTEPE,0,0.0028
MARMARAY,AYDINTEPE,1,0.0014
MARMARAY,AYDINTEPE,2,0.0011
MARMARAY,AYDINTEPE,3,0.0009
MARMARAY,AYDINTEPE,5,0.0118
MARMARAY,AYDINTEPE,6,0.0131
MARMARAY,AYDINTEPE,7,0.0097
MARMARAY,AYDINTEPE,8,0.0097
MARMARAY,AYDINTEPE,9,0.0081
MARMARAY,AYDINTEPE,10,0.0082
MARMARAY,AYDINTEPE,11,0.0082
MARMARAY,AYDINTEPE,12,0.0082
MARMARAY,AYDINTEPE,13,0.0074
MARMARAY,AYDINTEPE,14,0.0068
MARMARAY,AYDINTEPE,15,0.0059
MARMARAY,AYDINTEPE,16,0.0071
MARMARAY,AYDINTEPE,17,0.0095
MARMARAY,AYDINTEPE,18,0.0076
MARMARAY,AYDINTEPE,19,0.0052
MARMARAY,AYDINTEPE,20,0.0051
MARMARAY,AYDINTEPE,21,0.0038
MARMARAY,AYDINTEPE,22,0.003
MARMARAY,AYDINTEPE,23,0.0024
MARMARAY,AYRILIKCESMESI,0,0.068
MARMARAY,AYRILIKCESMESI,1,0.1048
MARMARAY,AYRILIKCESMESI,2,0.1308
MARMARAY,AYRILIKCESMESI,3,0.0885
MARMARAY,AYRILIKCESMESI,4,0.0701
MARMARAY,AYRILIKCESMESI,5,0.0186
MARMARAY,AYRILIKCESMESI,6,0.0398
MARMARAY,AYRILIKCESMESI,7,0.0528
MARMARAY,AYRILIKCESMESI,8,0.0603
MARMARAY,AYRILIKCESMESI,9,0.0641
MARMARAY,AYRILIKCESMESI,10,0.0646
MARMARAY,AYRILIKCESMESI,11,0.0636
MARMARAY,AYRILIKCESMESI,12,0.0633
MARMARAY,AYRILIKCESMESI,13,0.0616
MARMARAY,AYRILIKCESMESI,14,0.0606
MARMARAY,AYRILIKCESMESI,15,0.0615
MARMARAY,AYRILIKCESMESI,16,0.0609
MARMARAY,AYRILIKCESMESI,17,0.0592
MARMARAY,AYRILIKCESMESI,18,0.059
MARMARAY,AYRILIKCESMESI,19,0.0594
MARMARAY,AYRILIKCESMESI,20,0.0669
MARMARAY,AYRILIKCESMESI,21,0.074
MARMARAY,AYRILIKCESMESI,22,0.0766
MARMARAY,AYRILIKCESMESI,23,0.0845
MARMARAY,BASAK,0,0.0045
MARMARAY,BASAK,1,0.0039
MARMARAY,BASAK,2,0.0028
MARMARAY,BASAK,3,0.0013
MARMARAY,BASAK,5,0.0118
MARMARAY,BASAK,6,0.0123
MARMARAY,BASAK,7,0.011
MARMARAY,BASAK,8,0.0097
MARMARAY,BASAK,9,0.009
MARMARAY,BASAK,10,0.0087
MARMARAY,BASAK,11,0.0087
MARMARAY,BASAK,12,0.0091
MARMARAY,BASAK,13,0.0085
MARMARAY,BASAK,14,0.0072
MARMARAY,BASAK,15,0.0067
MARMARAY,BASAK,16,0.0061
MARMARAY,BASAK,17,0.0059
MARMARAY,BASAK,18,0.005
MARMARAY,BASAK,19,0.0048
MARMARAY,BASAK,20,0.0048
MARMARAY,BASAK,21,0.005
MARMARAY,BASAK,22,0.0046
MARMARAY,BASAK,23,0.0042
MARMARAY,CAYIROVA,0,0.0007
MARMARAY,CAYIROVA,1,0.0004
MARMARAY,CAYIROVA,2,0.0001
MARMARAY,CAYIROVA,3,0.0004
MARMARAY,CAYIROVA,5,0.0003
MARMARAY,CAYIROVA,6,0.0014
MARMARAY,CAYIROVA,7,0.0019
MARMARAY,CAYIROVA,8,0.0018
MARMARAY,CAYIROVA,9,0.0031
MARMARAY,CAYIROVA,10,0.0038
MARMARAY,CAYIROVA,11,0.0033
MARMARAY,CAYIROVA,12,0.0029
MARMARAY,CAYIROVA,13,0.0026
MARMARAY,CAYIROVA,14,0.0024
MARMARAY,CAYIROVA,15,0.0022
MARMARAY,CAYIROVA,16,0.0028
MARMARAY,CAYIROVA,17,0.0023
MARMARAY,CAYIROVA,18,0.0015
MARMARAY,CAYIROVA,19,0.0017
MARMARAY,CAYIROVA,20,0.002
MARMARAY,CAYIROVA,21,0.0016
MARMARAY,CAYIROVA,22,0.0011
MARMARAY,CAYIROVA,23,0.0004
MARMARAY,CEVIZLI,0,0.005
MARMARAY,CEVIZLI,1,0.0041
MARMARAY,CEVIZLI,2,0.0046
MARMARAY,CEVIZLI,3,0.0026
MARMARAY,CEVIZLI,4,0.0032
MARMARAY,CEVIZLI,5,0.0175
MARMARAY,CEVIZLI,6,0.0222
MARMARAY,CEVIZLI,7,0.0219
MARMARAY,CEVIZLI,8,0.0207
MARMARAY,CEVIZLI,9,0.0187
MARMARAY,CEVIZLI,10,0.0176
MARMARAY,CEVIZLI,11,0.0177
MARMARAY,CEVIZLI,12,0.018
MARMARAY,CEVIZLI,13,0.0158
MARMARAY,CEVIZLI,14,0.0157
MARMARAY,CEVIZLI,15,0.015
MARMARAY,CEVIZLI,16,0.0169
MARMARAY,CEVIZLI,17,0.0133
MARMARAY,CEVIZLI,18,0.0111
MARMARAY,CEVIZLI,19,0.0094
MARMARAY,CEVIZLI,20,0.0102
MARMARAY,CEVIZLI,21,0.0084
MARMARAY,CEVIZLI,22,0.0067
MARMARAY,CEVIZLI,23,0.0058
MARMARAY,DARICA,0,0.0006
MARMARAY,DARICA,1,0.0004
MARMARAY,DARICA,2,0.0002
MARMARAY,DARICA,3,0.0004
MARMARAY,DARICA,4,0.0064
MARMARAY,DARICA,5,0.0126
MARMARAY,DARICA,6,0.0156
MARMARAY,DARICA,7,0.0105
MARMARAY,DARICA,8,0.0056
MARMARAY,DARICA,9,0.0047
MARMARAY,DARICA,10,0.0048
MARMARAY,DARICA,11,0.0044
MARMARAY,DARICA,12,0.0042
MARMARAY,DARICA,13,0.0036
MARMARAY,DARICA,14,0.0032
MARMARAY,DARICA,15,0.0024
MARMARAY,DARICA,16,0.0027
MARMARAY,DARICA,17,0.0023
MARMARAY,DARICA,18,0.002
MARMARAY,DARICA,19,0.0014
MARMARAY,DARICA,20,0.0016
MARMARAY,DARICA,21,0.0014
MARMARAY,DARICA,22,0.0011
MARMARAY,DARICA,23,0.0003
MARMARAY,ERENKOY,0,0.0274
MARMARAY,ERENKOY,1,0.0338
MARMARAY,ERENKOY,2,0.0353
MARMARAY,ERENKOY,3,0.0233
MARMARAY,ERENKOY,4,0.0032
MARMARAY,ERENKOY,5,0.0199
MARMARAY,ERENKOY,6,0.017
MARMARAY,ERENKOY,7,0.0199
MARMARAY,ERENKOY,8,0.0214
MARMARAY,ERENKOY,9,0.0231
MARMARAY,ERENKOY,10,0.0236
MARMARAY,ERENKOY,11,0.0222
MARMARAY,ERENKOY,12,0.0204
MARMARAY,ERENKOY,13,0.0209
MARMARAY,ERENKOY,14,0.0197
MARMARAY,ERENKOY,15,0.0204
MARMARAY,ERENKOY,16,0.0203
MARMARAY,ERENKOY,17,0.0212
MARMARAY,ERENKOY,18,0.0205
MARMARAY,ERENKOY,19,0.0213
MARMARAY,ERENKOY,20,0.0224
MARMARAY,ERENKOY,21,0.0237
MARMARAY,ERENKOY,22,0.0241
MARMARAY,ERENKOY,23,0.0294
MARMARAY,FATIH,0,0.0019
MARMARAY,FATIH,1,0.0011
MARMARAY,FATIH,2,0.0004
MARMARAY,FATIH,3,0.004
MARMARAY,FATIH,5,0.0062
MARMARAY,FATIH,6,0.0182
MARMARAY,FATIH,7,0.0111
MARMARAY,FATIH,8,0.0089
MARMARAY,FATIH,9,0.0101
MARMARAY,FATIH,10,0.0119
MARMARAY,FATIH,11,0.0124
MARMARAY,FATIH,12,0.0128
MARMARAY,FATIH,13,0.0109
MARMARAY,FATIH,14,0.0099
MARMARAY,FATIH,15,0.0092
MARMARAY,FATIH,16,0.0104
MARMARAY,FATIH,17,0.0083
MARMARAY,FATIH,18,0.0063
MARMARAY,FATIH,19,0.0055
MARMARAY,FATIH,20,0.005
MARMARAY,FATIH,21,0.0043
MARMARAY,FATIH,22,0.003
MARMARAY,FATIH,23,0.0009
MARMARAY,FENERYOLU,0,0.0207
MARMARAY,FENERYOLU,1,0.0249
MARMARAY,FENERYOLU,2,0.0204
MARMARAY,FENERYOLU,3,0.0141
MARMARAY,FENERYOLU,4,0.0096
MARMARAY,FENERYOLU,5,0.0095
MARMARAY,FENERYOLU,6,0.0102
MARMARAY,FENERYOLU,7,0.0116
MARMARAY,FENERYOLU,8,0.0112
MARMARAY,FENERYOLU,9,0.0132
MARMARAY,FENERYOLU,10,0.0156
MARMARAY,FENERYOLU,11,0.0163
MARMARAY,FENERYOLU,12,0.0175
MARMARAY,FENERYOLU,13,0.0169
MARMARAY,FENERYOLU,14,0.0174
MARMARAY,FENERYOLU,15,0.0194
MARMARAY,FENERYOLU,16,0.0215
MARMARAY,FENERYOLU,17,0.023
MARMARAY,FENERYOLU,18,0.0226
MARMARAY,FENERYOLU,19,0.0195
MARMARAY,FENERYOLU,20,0.0188
MARMARAY,FENERYOLU,21,0.0177
MARMARAY,FENERYOLU,22,0.0186
MARMARAY,FENERYOLU,23,0.0235
MARMARAY,FLORYA,0,0.0054
MARMARAY,FLORYA,1,0.0026
MARMARAY,FLORYA,2,0.0023
MARMARAY,FLORYA,4,0.0064
MARMARAY,FLORYA,5,0.0017
MARMARAY,FLORYA,6,0.0024
MARMARAY,FLORYA,7,0.0028
MARMARAY,FLORYA,8,0.0033
MARMARAY,FLORYA,9,0.0033
MARMARAY,FLORYA,10,0.0037
MARMARAY,FLORYA,11,0.0041
MARMARAY,FLORYA,12,0.0045
MARMARAY,FLORYA,13,0.0049
MARMARAY,FLORYA,14,0.0052
MARMARAY,FLORYA,15,0.0072
MARMARAY,FLORYA,16,0.0085
MARMARAY,FLORYA,17,0.0057
MARMARAY,FLORYA,18,0.0049
MARMARAY,FLORYA,19,0.0049
MARMARAY,FLORYA,20,0.0054
MARMARAY,FLORYA,21,0.0054
MARMARAY,FLORYA,22,0.005
MARMARAY,FLORYA,23,0.0039
MARMARAY,FLORYA AQUA,0,0.0383
MARMARAY,FLORYA AQUA,1,0.0148
MARMARAY,FLORYA AQUA,2,0.0068
MARMARAY,FLORYA AQUA,3,0.0106
MARMARAY,FLORYA AQUA,4,0.0541
MARMARAY,FLORYA AQUA,5,0.0034
MARMARAY,FLORYA AQUA,6,0.0035
MARMARAY,FLORYA AQUA,7,0.004
MARMARAY,FLORYA AQUA,8,0.0047
MARMARAY,FLORYA AQUA,9,0.0051
MARMARAY,FLORYA AQUA,10,0.0063
MARMARAY,FLORYA AQUA,11,0.0072
MARMARAY,FLORYA AQUA,12,0.0081
MARMARAY,FLORYA AQUA,13,0.009
MARMARAY,FLORYA AQUA,14,0.0111
MARMARAY,FLORYA AQUA,15,0.0134
MARMARAY,FLORYA AQUA,16,0.0161
MARMARAY,FLORYA AQUA,17,0.0164
MARMARAY,FLORYA AQUA,18,0.0176
MARMARAY,FLORYA AQUA,19,0.0202
MARMARAY,FLORYA AQUA,20,0.0279
MARMARAY,FLORYA AQUA,21,0.0352
MARMARAY,FLORYA AQUA,22,0.046
MARMARAY,FLORYA AQUA,23,0.0258
MARMARAY,GEBZE,0,0.0041
MARMARAY,GEBZE,1,0.0028
MARMARAY,GEBZE,2,0.0002
MARMARAY,GEBZE,3,0.0031
MARMARAY,GEBZE,4,0.0191
MARMARAY,GEBZE,5,0.0639
MARMARAY,GEBZE,6,0.0438
MARMARAY,GEBZE,7,0.0348
MARMARAY,GEBZE,8,0.0228
MARMARAY,GEBZE,9,0.0243
MARMARAY,GEBZE,10,0.0277
MARMARAY,GEBZE,11,0.0297
MARMARAY,GEBZE,12,0.0254
MARMARAY,GEBZE,13,0.0204
MARMARAY,GEBZE,14,0.0185
MARMARAY,GEBZE,15,0.0191
MARMARAY,GEBZE,16,0.0133
MARMARAY,GEBZE,17,0.0121
MARMARAY,GEBZE,18,0.0109
MARMARAY,GEBZE,19,0.0147
MARMARAY,GEBZE,20,0.0105
MARMARAY,GEBZE,21,0.0122
MARMARAY,GEBZE,22,0.0102
MARMARAY,GEBZE,23,0.002
MARMARAY,GUZELYALI,0,0.0016
MARMARAY,GUZELYALI,1,0.0011
MARMARAY,GUZELYALI,2,0.001
MARMARAY,GUZELYALI,3,0.0009
MARMARAY,GUZELYALI,4,0.0064
MARMARAY,GUZELYALI,5,0.0068
MARMARAY,GUZELYALI,6,0.0099
MARMARAY,GUZELYALI,7,0.007
MARMARAY,GUZELYALI,8,0.0062
MARMARAY,GUZELYALI,9,0.0045
MARMARAY,GUZELYALI,10,0.0045
MARMARAY,GUZELYALI,11,0.0043
MARMARAY,GUZELYALI,12,0.0049
MARMARAY,GUZELYALI,13,0.0047
MARMARAY,GUZELYALI,14,0.0038
MARMARAY,GUZELYALI,15,0.0032
MARMARAY,GUZELYALI,16,0.0036
MARMARAY,GUZELYALI,17,0.0028
MARMARAY,GUZELYALI,18,0.003
MARMARAY,GUZELYALI,19,0.0022
MARMARAY,GUZELYALI,20,0.0019
MARMARAY,GUZELYALI,21,0.0018
MARMARAY,GUZELYALI,22,0.0013
MARMARAY,GUZELYALI,23,0.001
MARMARAY,ICMELER,0,0.0042
MARMARAY,ICMELER,1,0.0024
MARMARAY,ICMELER,2,0.003
MARMARAY,ICMELER,3,0.0048
MARMARAY,ICMELER,4,0.0223
MARMARAY,ICMELER,5,0.0205
MARMARAY,ICMELER,6,0.0152
MARMARAY,ICMELER,7,0.0115
MARMARAY,ICMELER,8,0.011
MARMARAY,ICMELER,9,0.0118
MARMARAY,ICMELER,10,0.0129
MARMARAY,ICMELER,11,0.0131
MARMARAY,ICMELER,12,0.0121
MARMARAY,ICMELER,13,0.0119
MARMARAY,ICMELER,14,0.0116
MARMARAY,ICMELER,15,0.0106
MARMARAY,ICMELER,16,0.0131
MARMARAY,ICMELER,17,0.0135
MARMARAY,ICMELER,18,0.0115
MARMARAY,ICMELER,19,0.0079
MARMARAY,ICMELER,20,0.0079
MARMARAY,ICMELER,21,0.0057
MARMARAY,ICMELER,22,0.0049
MARMARAY,ICMELER,23,0.0029
MARMARAY,IDEALTEPE,0,0.0078
MARMARAY,IDEALTEPE,1,0.011
MARMARAY,IDEALTEPE,2,0.0095
MARMARAY,IDEALTEPE,3,0.0022
MARMARAY,IDEALTEPE,4,0.0032
MARMARAY,IDEALTEPE,5,0.013
MARMARAY,IDEALTEPE,6,0.0117
MARMARAY,IDEALTEPE,7,0.013
MARMARAY,IDEALTEPE,8,0.0134
MARMARAY,IDEALTEPE,9,0.0119
MARMARAY,IDEALTEPE,10,0.0108
MARMARAY,IDEALTEPE,11,0.0104
MARMARAY,IDEALTEPE,12,0.0101
MARMARAY,IDEALTEPE,13,0.0094
MARMARAY,IDEALTEPE,14,0.0083
MARMARAY,IDEALTEPE,15,0.0078
MARMARAY,IDEALTEPE,16,0.0072
MARMARAY,IDEALTEPE,17,0.0064
MARMARAY,IDEALTEPE,18,0.0066
MARMARAY,IDEALTEPE,19,0.0071
MARMARAY,IDEALTEPE,20,0.0076
MARMARAY,IDEALTEPE,21,0.0079
MARMARAY,IDEALTEPE,22,0.0076
MARMARAY,IDEALTEPE,23,0.008
MARMARAY,KAYNARCA,0,0.0038
MARMARAY,KAYNARCA,1,0.0028
MARMARAY,KAYNARCA,2,0.0023
MARMARAY,KAYNARCA,3,0.0031
MARMARAY,KAYNARCA,4,0.0032
MARMARAY,KAYNARCA,5,0.0078
MARMARAY,KAYNARCA,6,0.0164
MARMARAY,KAYNARCA,7,0.0129
MARMARAY,KAYNARCA,8,0.011
MARMARAY,KAYNARCA,9,0.009
MARMARAY,KAYNARCA,10,0.009
MARMARAY,KAYNARCA,11,0.0091
MARMARAY,KAYNARCA,12,0.0086
MARMARAY,KAYNARCA,13,0.0078
MARMARAY,KAYNARCA,14,0.0076
MARMARAY,KAYNARCA,15,0.0061
MARMARAY,KAYNARCA,16,0.0058
MARMARAY,KAYNARCA,17,0.0052
MARMARAY,KAYNARCA,18,0.0047
MARMARAY,KAYNARCA,19,0.0042
MARMARAY,KAYNARCA,20,0.0044
MARMARAY,KAYNARCA,21,0.0043
MARMARAY,KAYNARCA,22,0.0039
MARMARAY,KAYNARCA,23,0.0033
MARMARAY,KAZLICESME,0,0.0068
MARMARAY,KAZLICESME,1,0.0048
MARMARAY,KAZLICESME,2,0.0023
MARMARAY,KAZLICESME,3,0.0022
MARMARAY,KAZLICESME,4,0.0255
MARMARAY,KAZLICESME,5,0.0201
MARMARAY,KAZLICESME,6,0.0198
MARMARAY,KAZLICESME,7,0.023
MARMARAY,KAZLICESME,8,0.0283
MARMARAY,KAZLICESME,9,0.025
MARMARAY,KAZLICESME,10,0.0234
MARMARAY,KAZLICESME,11,0.0231
MARMARAY,KAZLICESME,12,0.0236
MARMARAY,KAZLICESME,13,0.0246
MARMARAY,KAZLICESME,14,0.0245
MARMARAY,KAZLICESME,15,0.0251
MARMARAY,KAZLICESME,16,0.0224
MARMARAY,KAZLICESME,17,0.0221
MARMARAY,KAZLICESME,18,0.0194
MARMARAY,KAZLICESME,19,0.0179
MARMARAY,KAZLICESME,20,0.0159
MARMARAY,KAZLICESME,21,0.0141
MARMARAY,KAZLICESME,22,0.0127
MARMARAY,KAZLICESME,23,0.0092
MARMARAY,KUCUKCEKMECE,0,0.0104
MARMARAY,KUCUKCEKMECE,1,0.0065
MARMARAY,KUCUKCEKMECE,2,0.0051
MARMARAY,KUCUKCEKMECE,3,0.0132
MARMARAY,KUCUKCEKMECE,4,0.0064
MARMARAY,KUCUKCEKMECE,5,0.0443
MARMARAY,KUCUKCEKMECE,6,0.0405
MARMARAY,KUCUKCEKMECE,7,0.0397
MARMARAY,KUCUKCEKMECE,8,0.0407
MARMARAY,KUCUKCEKMECE,9,0.0403
MARMARAY,KUCUKCEKMECE,10,0.0376
MARMARAY,KUCUKCEKMECE,11,0.0359
MARMARAY,KUCUKCEKMECE,12,0.0343
MARMARAY,KUCUKCEKMECE,13,0.0337
MARMARAY,KUCUKCEKMECE,14,0.0307
MARMARAY,KUCUKCEKMECE,15,0.0241
MARMARAY,KUCUKCEKMECE,16,0.0194
MARMARAY,KUCUKCEKMECE,17,0.0163
MARMARAY,KUCUKCEKMECE,18,0.0145
MARMARAY,KUCUKCEKMECE,19,0.0148
MARMARAY,KUCUKCEKMECE,20,0.0142
MARMARAY,KUCUKCEKMECE,21,0.0127
MARMARAY,KUCUKCEKMECE,22,0.0102
MARMARAY,KUCUKCEKMECE,23,0.0054
MARMARAY,M.KEMAL,0,0.003
MARMARAY,M.KEMAL,1,0.0024
MARMARAY,M.KEMAL,2,0.0005
MARMARAY,M.KEMAL,3,0.0057
MARMARAY,M.KEMAL,4,0.0096
MARMARAY,M.KEMAL,5,0.0558
MARMARAY,M.KEMAL,6,0.0302
MARMARAY,M.KEMAL,7,0.0271
MARMARAY,M.KEMAL,8,0.0221
MARMARAY,M.KEMAL,9,0.0195
MARMARAY,M.KEMAL,10,0.0163
MARMARAY,M.KEMAL,11,0.0157
MARMARAY,M.KEMAL,12,0.0148
MARMARAY,M.KEMAL,13,0.0149
MARMARAY,M.KEMAL,14,0.0139
MARMARAY,M.KEMAL,15,0.0095
MARMARAY,M.KEMAL,16,0.0066
MARMARAY,M.KEMAL,17,0.0051
MARMARAY,M.KEMAL,18,0.0044
MARMARAY,M.KEMAL,19,0.0044
MARMARAY,M.KEMAL,20,0.005
MARMARAY,M.KEMAL,21,0.0053
MARMARAY,M.KEMAL,22,0.0046
MARMARAY,M.KEMAL,23,0.0018
MARMARAY,OSMANGAZI,0,0.0012
MARMARAY,OSMANGAZI,1,0.0007
MARMARAY,OSMANGAZI,2,0.0002
MARMARAY,OSMANGAZI,3,0.0004
MARMARAY,OSMANGAZI,5,0.0163
MARMARAY,OSMANGAZI,6,0.0211
MARMARAY,OSMANGAZI,7,0.0136
MARMARAY,OSMANGAZI,8,0.0085
MARMARAY,OSMANGAZI,9,0.0075
MARMARAY,OSMANGAZI,10,0.0077
MARMARAY,OSMANGAZI,11,0.0075
MARMARAY,OSMANGAZI,12,0.0069
MARMARAY,OSMANGAZI,13,0.006
MARMARAY,OSMANGAZI,14,0.0052
MARMARAY,OSMANGAZI,15,0.0042
MARMARAY,OSMANGAZI,16,0.0039
MARMARAY,OSMANGAZI,17,0.0039
MARMARAY,OSMANGAZI,18,0.0033
MARMARAY,OSMANGAZI,19,0.0028
MARMARAY,OSMANGAZI,20,0.0029
MARMARAY,OSMANGAZI,21,0.0025
MARMARAY,OSMANGAZI,22,0.0018
MARMARAY,OSMANGAZI,23,0.0007
MARMARAY,SIRKECI,0,0.054
MARMARAY,SIRKECI,1,0.0582
MARMARAY,SIRKECI,2,0.0473
MARMARAY,SIRKECI,3,0.1137
MARMARAY,SIRKECI,4,0.0287
MARMARAY,SIRKECI,5,0.0185
MARMARAY,SIRKECI,6,0.0092
MARMARAY,SIRKECI,7,0.0087
MARMARAY,SIRKECI,8,0.0091
MARMARAY,SIRKECI,9,0.0179
MARMARAY,SIRKECI,10,0.0313
MARMARAY,SIRKECI,11,0.0417
MARMARAY,SIRKECI,12,0.0486
MARMARAY,SIRKECI,13,0.057
MARMARAY,SIRKECI,14,0.0781
MARMARAY,SIRKECI,15,0.0956
MARMARAY,SIRKECI,16,0.1061
MARMARAY,SIRKECI,17,0.1256
MARMARAY,SIRKECI,18,0.1367
MARMARAY,SIRKECI,19,0.1202
MARMARAY,SIRKECI,20,0.0841
MARMARAY,SIRKECI,21,0.0711
MARMARAY,SIRKECI,22,0.0716
MARMARAY,SIRKECI,23,0.0857
MARMARAY,SOGUTLUCESME,0,0.1034
MARMARAY,SOGUTLUCESME,1,0.1676
MARMARAY,SOGUTLUCESME,2,0.1879
MARMARAY,SOGUTLUCESME,3,0.1568
MARMARAY,SOGUTLUCESME,4,0.1306
MARMARAY,SOGUTLUCESME,5,0.0417
MARMARAY,SOGUTLUCESME,6,0.0236
MARMARAY,SOGUTLUCESME,7,0.0219
MARMARAY,SOGUTLUCESME,8,0.0262
MARMARAY,SOGUTLUCESME,9,0.0318
MARMARAY,SOGUTLUCESME,10,0.0374
MARMARAY,SOGUTLUCESME,11,0.0402
MARMARAY,SOGUTLUCESME,12,0.0367
MARMARAY,SOGUTLUCESME,13,0.0411
MARMARAY,SOGUTLUCESME,14,0.0438
MARMARAY,SOGUTLUCESME,15,0.0447
MARMARAY,SOGUTLUCESME,16,0.0495
MARMARAY,SOGUTLUCESME,17,0.0522
MARMARAY,SOGUTLUCESME,18,0.0582
MARMARAY,SOGUTLUCESME,19,0.0588
MARMARAY,SOGUTLUCESME,20,0.0655
MARMARAY,SOGUTLUCESME,21,0.0734
MARMARAY,SOGUTLUCESME,22,0.0816
MARMARAY,SOGUTLUCESME,23,0.0983
MARMARAY,SUADIYE,0,0.0554
MARMARAY,SUADIYE,1,0.0596
MARMARAY,SUADIYE,2,0.0573
MARMARAY,SUADIYE,3,0.0326
MARMARAY,SUADIYE,4,0.0064
MARMARAY,SUADIYE,5,0.0096
MARMARAY,SUADIYE,6,0.0113
MARMARAY,SUADIYE,7,0.0132
MARMARAY,SUADIYE,8,0.0145
MARMARAY,SUADIYE,9,0.0154
MARMARAY,SUADIYE,10,0.0165
MARMARAY,SUADIYE,11,0.0165
MARMARAY,SUADIYE,12,0.0166
MARMARAY,SUADIYE,13,0.0172
MARMARAY,SUADIYE,14,0.0181
MARMARAY,SUADIYE,15,0.0208
MARMARAY,SUADIYE,16,0.0228
MARMARAY,SUADIYE,17,0.0257
MARMARAY,SUADIYE,18,0.0284
MARMARAY,SUADIYE,19,0.0326
MARMARAY,SUADIYE,20,0.041
MARMARAY,SUADIYE,21,0.0454
MARMARAY,SUADIYE,22,0.0512
MARMARAY,SUADIYE,23,0.0592
MARMARAY,SUREYYA PLAJI,0,0.0229
MARMARAY,SUREYYA PLAJI,1,0.0246
MARMARAY,SUREYYA PLAJI,2,0.0165
MARMARAY,SUREYYA PLAJI,3,0.0106
MARMARAY,SUREYYA PLAJI,4,0.0032
MARMARAY,SUREYYA PLAJI,5,0.0182
MARMARAY,SUREYYA PLAJI,6,0.0145
MARMARAY,SUREYYA PLAJI,7,0.0172
MARMARAY,SUREYYA PLAJI,8,0.0167
MARMARAY,SUREYYA PLAJI,9,0.0152
MARMARAY,SUREYYA PLAJI,10,0.0144
MARMARAY,SUREYYA PLAJI,11,0.0143
MARMARAY,SUREYYA PLAJI,12,0.0148
MARMARAY,SUREYYA PLAJI,13,0.0144
MARMARAY,SUREYYA PLAJI,14,0.0139
MARMARAY,SUREYYA PLAJI,15,0.0129
MARMARAY,SUREYYA PLAJI,16,0.0128
MARMARAY,SUREYYA PLAJI,17,0.0124
MARMARAY,SUREYYA PLAJI,18,0.0121
MARMARAY,SUREYYA PLAJI,19,0.0138
MARMARAY,SUREYYA PLAJI,20,0.0168
MARMARAY,SUREYYA PLAJI,21,0.0199
MARMARAY,SUREYYA PLAJI,22,0.0217
MARMARAY,SUREYYA PLAJI,23,0.025
MARMARAY,TERSANE,0,0.003
MARMARAY,TERSANE,1,0.0016
MARMARAY,TERSANE,2,0.0011
MARMARAY,TERSANE,3,0.0022
MARMARAY,TERSANE,4,0.0032
MARMARAY,TERSANE,5,0.009
MARMARAY,TERSANE,6,0.0143
MARMARAY,TERSANE,7,0.0103
MARMARAY,TERSANE,8,0.0095
MARMARAY,TERSANE,9,0.0076
MARMARAY,TERSANE,10,0.007
MARMARAY,TERSANE,11,0.0071
MARMARAY,TERSANE,12,0.0075
MARMARAY,TERSANE,13,0.0071
MARMARAY,TERSANE,14,0.0065
MARMARAY,TERSANE,15,0.0056
MARMARAY,TERSANE,16,0.0064
MARMARAY,TERSANE,17,0.0076
MARMARAY,TERSANE,18,0.0064
MARMARAY,TERSANE,19,0.0051
MARMARAY,TERSANE,20,0.0054
MARMARAY,TERSANE,21,0.0051
MARMARAY,TERSANE,22,0.0055
MARMARAY,TERSANE,23,0.0021
MARMARAY,TUZLA,0,0.0071
MARMARAY,TUZLA,1,0.0043
MARMARAY,TUZLA,2,0.0028
MARMARAY,TUZLA,3,0.0053
MARMARAY,TUZLA,4,0.0096
MARMARAY,TUZLA,5,0.0218
MARMARAY,TUZLA,6,0.0141
MARMARAY,TUZLA,7,0.0112
MARMARAY,TUZLA,8,0.0109
MARMARAY,TUZLA,9,0.0103
MARMARAY,TUZLA,10,0.01
MARMARAY,TUZLA,11,0.0103
MARMARAY,TUZLA,12,0.0112
MARMARAY,TUZLA,13,0.0111
MARMARAY,TUZLA,14,0.0087
MARMARAY,TUZLA,15,0.008
MARMARAY,TUZLA,16,0.0087
MARMARAY,TUZLA,17,0.009
MARMARAY,TUZLA,18,0.0082
MARMARAY,TUZLA,19,0.0068
MARMARAY,TUZLA,20,0.007
MARMARAY,TUZLA,21,0.0072
MARMARAY,TUZLA,22,0.0077
MARMARAY,TUZLA,23,0.0044
MARMARAY,YESILKOY,0,0.0309
MARMARAY,YESILKOY,1,0.0191
MARMARAY,YESILKOY,2,0.0126
MARMARAY,YESILKOY,3,0.0141
MARMARAY,YESILKOY,4,0.0127
MARMARAY,YESILKOY,5,0.0029
MARMARAY,YESILKOY,6,0.0066
MARMARAY,YESILKOY,7,0.006
MARMARAY,YESILKOY,8,0.0069
MARMARAY,YESILKOY,9,0.0083
MARMARAY,YESILKOY,10,0.0088
MARMARAY,YESILKOY,11,0.0082
MARMARAY,YESILKOY,12,0.0081
MARMARAY,YESILKOY,13,0.0081
MARMARAY,YESILKOY,14,0.0088
MARMARAY,YESILKOY,15,0.0142
MARMARAY,YESILKOY,16,0.0114
MARMARAY,YESILKOY,17,0.011
MARMARAY,YESILKOY,18,0.0096
MARMARAY,YESILKOY,19,0.0098
MARMARAY,YESILKOY,20,0.0115
MARMARAY,YESILKOY,21,0.0135
MARMARAY,YESILKOY,22,0.0144
MARMARAY,YESILKOY,23,0.0149
MARMARAY,YESILYURT,0,0.0061
MARMARAY,YESILYURT,1,0.004
MARMARAY,YESILYURT,2,0.0023
MARMARAY,YESILYURT,3,0.0013
MARMARAY,YESILYURT,5,0.0017
MARMARAY,YESILYURT,6,0.0043
MARMARAY,YESILYURT,7,0.0046
MARMARAY,YESILYURT,8,0.0056
MARMARAY,YESILYURT,9,0.0064
MARMARAY,YESILYURT,10,0.0061
MARMARAY,YESILYURT,11,0.0065
MARMARAY,YESILYURT,12,0.006
MARMARAY,YESILYURT,13,0.0062
MARMARAY,YESILYURT,14,0.0061
MARMARAY,YESILYURT,15,0.0069
MARMARAY,YESILYURT,16,0.0115
MARMARAY,YESILYURT,17,0.0107
MARMARAY,YESILYURT,18,0.007
MARMARAY,YESILYURT,19,0.0059
MARMARAY,YESILYURT,20,0.0054
MARMARAY,YESILYURT,21,0.0051
MARMARAY,YESILYURT,22,0.0047
MARMARAY,YESILYURT,23,0.004
MARMARAY,YUNUS,0,0.0088
MARMARAY,YUNUS,1,0.0081
MARMARAY,YUNUS,2,0.0029
MARMARAY,YUNUS,3,0.004
MARMARAY,YUNUS,5,0.0081
MARMARAY,YUNUS,6,0.0093
MARMARAY,YUNUS,7,0.0084
MARMARAY,YUNUS,8,0.0067
MARMARAY,YUNUS,9,0.0058
MARMARAY,YUNUS,10,0.0054
MARMARAY,YUNUS,11,0.0055
MARMARAY,YUNUS,12,0.006
MARMARAY,YUNUS,13,0.0058
MARMARAY,YUNUS,14,0.0056
MARMARAY,YUNUS,15,0.0052
MARMARAY,YUNUS,16,0.0076
MARMARAY,YUNUS,17,0.0057
MARMARAY,YUNUS,18,0.0057
MARMARAY,YUNUS,19,0.006
MARMARAY,YUNUS,20,0.0078
MARMARAY,YUNUS,21,0.0088
MARMARAY,YUNUS,22,0.0109
MARMARAY,YUNUS,23,0.0057
NOSTRAM,NAN,6,1.0
NOSTRAM,NAN,7,1.0
NOSTRAM,NAN,8,1.0
NOSTRAM,NAN,9,1.0
NOSTRAM,NAN,10,1.0
NOSTRAM,NAN,11,1.0
NOSTRAM,NAN,12,1.0
NOSTRAM,NAN,13,1.0
NOSTRAM,NAN,14,1.0
NOSTRAM,NAN,15,1.0
NOSTRAM,NAN,16,1.0
NOSTRAM,NAN,17,1.0
NOSTRAM,NAN,18,1.0
NOSTRAM,NAN,19,1.0
NOSTRAM,NAN,20,1.0
NOSTRAM,NAN,21,1.0
NOSTRAM,NAN,22,1.0
T1,AKSARAY,0,0.0939
T1,AKSARAY,1,0.0551
T1,AKSARAY,2,0.0396
T1,AKSARAY,3,0.0526
T1,AKSARAY,4,0.0226
T1,AKSARAY,5,0.0158
T1,AKSARAY,6,0.0626
T1,AKSARAY,7,0.0473
T1,AKSARAY,8,0.0507
T1,AKSARAY,9,0.073
T1,AKSARAY,10,0.0817
T1,AKSARAY,11,0.0762
T1,AKSARAY,12,0.0684
T1,AKSARAY,13,0.0634
T1,AKSARAY,14,0.0633
T1,AKSARAY,15,0.0613
T1,AKSARAY,16,0.0571
T1,AKSARAY,17,0.0498
T1,AKSARAY,18,0.0451
T1,AKSARAY,19,0.0519
T1,AKSARAY,20,0.0672
T1,AKSARAY,21,0.0553
T1,AKSARAY,22,0.0457
T1,AKSARAY,23,0.0457
T1,KABATAS,0,0.0274
T1,KABATAS,1,0.3071
T1,KABATAS,2,0.3344
T1,KABATAS,3,0.3563
T1,KABATAS,4,0.0409
T1,KABATAS,5,0.0274
T1,KABATAS,6,0.0215
T1,KABATAS,7,0.0237
T1,KABATAS,8,0.0291
T1,KABATAS,9,0.0349
T1,KABATAS,10,0.0387
T1,KABATAS,11,0.0414
T1,KABATAS,12,0.0408
T1,KABATAS,13,0.0393
T1,KABATAS,14,0.0392
T1,KABATAS,15,0.0401
T1,KABATAS,16,0.0394
T1,KABATAS,17,0.0401
T1,KABATAS,18,0.0403
T1,KABATAS,19,0.0396
T1,KABATAS,20,0.0514
T1,KABATAS,21,0.0628
T1,KABATAS,22,0.0644
T1,KABATAS,23,0.0921
T1,NAN,15,0.0
T1,NAN,16,0.0
T1,ZEYTINBURNU,0,0.1804
T1,ZEYTINBURNU,1,0.0512
T1,ZEYTINBURNU,2,0.0229
T1,ZEYTINBURNU,3,0.0032
T1,ZEYTINBURNU,4,0.0247
T1,ZEYTINBURNU,5,0.0885
T1,ZEYTINBURNU,6,0.0625
T1,ZEYTINBURNU,7,0.0824
T1,ZEYTINBURNU,8,0.0935
T1,ZEYTINBURNU,9,0.0696
T1,ZEYTINBURNU,10,0.0572
T1,ZEYTINBURNU,11,0.0548
T1,ZEYTINBURNU,12,0.0574
T1,ZEYTINBURNU,13,0.057
T1,ZEYTINBURNU,14,0.0548
T1,ZEYTINBURNU,15,0.0612
T1,ZEYTINBURNU,16,0.0638
T1,ZEYTINBURNU,17,0.0721
T1,ZEYTINBURNU,18,0.0821
T1,ZEYTINBURNU,19,0.0924
T1,ZEYTINBURNU,20,0.0904
T1,ZEYTINBURNU,21,0.0907
T1,ZEYTINBURNU,22,0.1121
T1,ZEYTINBURNU,23,0.1061
T1,SIRKECI,0,0.0481
T1,SIRKECI,1,0.0432
T1,SIRKECI,2,0.0645
T1,SIRKECI,3,0.0605
T1,SIRKECI,4,0.0452
T1,SIRKECI,5,0.005
T1,SIRKECI,6,0.0262
T1,SIRKECI,7,0.0434
T1,SIRKECI,8,0.0574
T1,SIRKECI,9,0.0675
T1,SIRKECI,10,0.0633
T1,SIRKECI,11,0.0607
T1,SIRKECI,12,0.0583
T1,SIRKECI,13,0.0573
T1,SIRKECI,14,0.0546
T1,SIRKECI,15,0.054
T1,SIRKECI,16,0.0529
T1,SIRKECI,17,0.0503
T1,SIRKECI,18,0.0481
T1,SIRKECI,19,0.0468
T1,SIRKECI,20,0.0521
T1,SIRKECI,21,0.0553
T1,SIRKECI,22,0.0516
T1,SIRKECI,23,0.0565
T1,AKINCILAR,0,0.0018
T1,AKINCILAR,1,0.0018
T1,AKINCILAR,2,0.0005
T1,AKINCILAR,4,0.0817
T1,AKINCILAR,5,0.0246
T1,AKINCILAR,6,0.0382
T1,AKINCILAR,7,0.0257
T1,AKINCILAR,8,0.0179
T1,AKINCILAR,9,0.0152
T1,AKINCILAR,10,0.012
T1,AKINCILAR,11,0.0115
T1,AKINCILAR,12,0.0125
T1,AKINCILAR,13,0.0144
T1,AKINCILAR,14,0.0119
T1,AKINCILAR,15,0.0093
T1,AKINCILAR,16,0.0086
T1,AKINCILAR,17,0.0091
T1,AKINCILAR,18,0.011
T1,AKINCILAR,19,0.0097
T1,AKINCILAR,20,0.0082
T1,AKINCILAR,21,0.0083
T1,AKINCILAR,22,0.0072
T1,AKINCILAR,23,0.006
T1,AKSEMSETTIN,0,0.017
T1,AKSEMSETTIN,1,0.0048
T1,AKSEMSETTIN,2,0.0034
T1,AKSEMSETTIN,3,0.0005
T1,AKSEMSETTIN,4,0.0086
T1,AKSEMSETTIN,5,0.0541
T1,AKSEMSETTIN,6,0.0506
T1,AKSEMSETTIN,7,0.0499
T1,AKSEMSETTIN,8,0.0464
T1,AKSEMSETTIN,9,0.0322
T1,AKSEMSETTIN,10,0.0283
T1,AKSEMSETTIN,11,0.0284
T1,AKSEMSETTIN,12,0.0303
T1,AKSEMSETTIN,13,0.0328
T1,AKSEMSETTIN,14,0.0305
T1,AKSEMSETTIN,15,0.0277
T1,AKSEMSETTIN,16,0.0264
T1,AKSEMSETTIN,17,0.0295
T1,AKSEMSETTIN,18,0.0338
T1,AKSEMSETTIN,19,0.0303
T1,AKSEMSETTIN,20,0.0235
T1,AKSEMSETTIN,21,0.0228
T1,AKSEMSETTIN,22,0.0242
T1,AKSEMSETTIN,23,0.0181
T1,ATATURK OGRENCI YURDU,0,0.0963
T1,ATATURK OGRENCI YURDU,1,0.0423
T1,ATATURK OGRENCI YURDU,2,0.0271
T1,ATATURK OGRENCI YURDU,3,0.0374
T1,ATATURK OGRENCI YURDU,4,0.0882
T1,ATATURK OGRENCI YURDU,5,0.1791
T1,ATATURK OGRENCI YURDU,6,0.0848
T1,ATATURK OGRENCI YURDU,7,0.0998
T1,ATATURK OGRENCI YURDU,8,0.1149
T1,ATATURK OGRENCI YURDU,9,0.1204
T1,ATATURK OGRENCI YURDU,10,0.1059
T1,ATATURK OGRENCI YURDU,11,0.096
T1,ATATURK OGRENCI YURDU,12,0.0906
T1,ATATURK OGRENCI YURDU,13,0.0806
T1,ATATURK OGRENCI YURDU,14,0.0692
T1,ATATURK OGRENCI YURDU,15,0.0599
T1,ATATURK OGRENCI YURDU,16,0.0526
T1,ATATURK OGRENCI YURDU,17,0.0498
T1,ATATURK OGRENCI YURDU,18,0.0485
T1,ATATURK OGRENCI YURDU,19,0.0476
T1,ATATURK OGRENCI YURDU,20,0.0433
T1,ATATURK OGRENCI YURDU,21,0.0432
T1,ATATURK OGRENCI YURDU,22,0.0484
T1,ATATURK OGRENCI YURDU,23,0.0509
T1,BAGCILAR,0,0.0036
T1,BAGCILAR,1,0.004
T1,BAGCILAR,4,0.0151
T1,BAGCILAR,5,0.1535
T1,BAGCILAR,6,0.0556
T1,BAGCILAR,7,0.0597
T1,BAGCILAR,8,0.0423
T1,BAGCILAR,9,0.0334
T1,BAGCILAR,10,0.0261
T1,BAGCILAR,11,0.026
T1,BAGCILAR,12,0.0277
T1,BAGCILAR,13,0.0277
T1,BAGCILAR,14,0.0251
T1,BAGCILAR,15,0.0207
T1,BAGCILAR,16,0.0199
T1,BAGCILAR,17,0.0198
T1,BAGCILAR,18,0.0213
T1,BAGCILAR,19,0.0244
T1,BAGCILAR,20,0.0228
T1,BAGCILAR,21,0.0226
T1,BAGCILAR,22,0.0215
T1,BAGCILAR,23,0.0233
T1,BEYAZIT,0,0.0379
T1,BEYAZIT,1,0.0161
T1,BEYAZIT,2,0.0091
T1,BEYAZIT,3,0.0126
T1,BEYAZIT,4,0.0204
T1,BEYAZIT,5,0.0048
T1,BEYAZIT,6,0.0111
T1,BEYAZIT,7,0.0104
T1,BEYAZIT,8,0.012
T1,BEYAZIT,9,0.0261
T1,BEYAZIT,10,0.0426
T1,BEYAZIT,11,0.0517
T1,BEYAZIT,12,0.0555
T1,BEYAZIT,13,0.0592
T1,BEYAZIT,14,0.0674
T1,BEYAZIT,15,0.0713
T1,BEYAZIT,16,0.0774
T1,BEYAZIT,17,0.0866
T1,BEYAZIT,18,0.0918
T1,BEYAZIT,19,0.0924
T1,BEYAZIT,20,0.067
T1,BEYAZIT,21,0.0496
T1,BEYAZIT,22,0.038
T1,BEYAZIT,23,0.0337
T1,CAMI,0,0.0013
T1,CAMI,1,0.0013
T1,CAMI,2,0.0002
T1,CAMI,3,0.0016
T1,CAMI,4,0.0065
T1,CAMI,5,0.0689
T1,CAMI,6,0.0553
T1,CAMI,7,0.0446
T1,CAMI,8,0.0274
T1,CAMI,9,0.0184
T1,CAMI,10,0.0141
T1,CAMI,11,0.0132
T1,CAMI,12,0.0142
T1,CAMI,13,0.0147
T1,CAMI,14,0.0121
T1,CAMI,15,0.0091
T1,CAMI,16,0.0079
T1,CAMI,17,0.0077
T1,CAMI,18,0.0076
T1,CAMI,19,0.0085
T1,CAMI,20,0.0084
T1,CAMI,21,0.0084
T1,CAMI,22,0.0065
T1,CAMI,23,0.0056
T1,CAPA,0,0.0342
T1,CAPA,1,0.0105
T1,CAPA,2,0.0102
T1,CAPA,3,0.0111
T1,CAPA,4,0.0269
T1,CAPA,5,0.0392
T1,CAPA,6,0.0481
T1,CAPA,7,0.0466
T1,CAPA,8,0.0518
T1,CAPA,9,0.0473
T1,CAPA,10,0.0473
T1,CAPA,11,0.0465
T1,CAPA,12,0.0435
T1,CAPA,13,0.043
T1,CAPA,14,0.0419
T1,CAPA,15,0.0418
T1,CAPA,16,0.0384
T1,CAPA,17,0.0291
T1,CAPA,18,0.0255
T1,CAPA,19,0.0258
T1,CAPA,20,0.0287
T1,CAPA,21,0.0295
T1,CAPA,22,0.0276
T1,CAPA,23,0.0269
T1,CEMBERLITAS,0,0.0252
T1,CEMBERLITAS,1,0.0113
T1,CEMBERLITAS,2,0.0123
T1,CEMBERLITAS,3,0.0132
T1,CEMBERLITAS,4,0.0183
T1,CEMBERLITAS,5,0.0037
T1,CEMBERLITAS,6,0.0057
T1,CEMBERLITAS,7,0.0068
T1,CEMBERLITAS,8,0.0085
T1,CEMBERLITAS,9,0.0167
T1,CEMBERLITAS,10,0.0258
T1,CEMBERLITAS,11,0.0301
T1,CEMBERLITAS,12,0.0321
T1,CEMBERLITAS,13,0.0339
T1,CEMBERLITAS,14,0.0412
T1,CEMBERLITAS,15,0.0436
T1,CEMBERLITAS,16,0.0474
T1,CEMBERLITAS,17,0.0565
T1,CEMBERLITAS,18,0.0569
T1,CEMBERLITAS,19,0.052
T1,CEMBERLITAS,20,0.0349
T1,CEMBERLITAS,21,0.0283
T1,CEMBERLITAS,22,0.0285
T1,CEMBERLITAS,23,0.0298
T1,EMINONU,0,0.0461
T1,EMINONU,1,0.1019
T1,EMINONU,2,0.0978
T1,EMINONU,3,0.0947
T1,EMINONU,4,0.028
T1,EMINONU,5,0.0147
T1,EMINONU,6,0.0147
T1,EMINONU,7,0.0169
T1,EMINONU,8,0.0249
T1,EMINONU,9,0.0264
T1,EMINONU,10,0.034
T1,EMINONU,11,0.0458
T1,EMINONU,12,0.056
T1,EMINONU,13,0.0636
T1,EMINONU,14,0.07
T1,EMINONU,15,0.0784
T1,EMINONU,16,0.0847
T1,EMINONU,17,0.0842
T1,EMINONU,18,0.0778
T1,EMINONU,19,0.0735
T1,EMINONU,20,0.0769
T1,EMINONU,21,0.0746
T1,EMINONU,22,0.0562
T1,EMINONU,23,0.0465
T1,FINDIKLI,0,0.0049
T1,FINDIKLI,1,0.0267
T1,FINDIKLI,2,0.0244
T1,FINDIKLI,3,0.0174
T1,FINDIKLI,4,0.0097
T1,FINDIKLI,5,0.0064
T1,FINDIKLI,6,0.0024
T1,FINDIKLI,7,0.0028
T1,FINDIKLI,8,0.0032
T1,FINDIKLI,9,0.0055
T1,FINDIKLI,10,0.0076
T1,FINDIKLI,11,0.0086
T1,FINDIKLI,12,0.0089
T1,FINDIKLI,13,0.0078
T1,FINDIKLI,14,0.0078
T1,FINDIKLI,15,0.0086
T1,FINDIKLI,16,0.0113
T1,FINDIKLI,17,0.0113
T1,FINDIKLI,18,0.0102
T1,FINDIKLI,19,0.0077
T1,FINDIKLI,20,0.0093
T1,FINDIKLI,21,0.0112
T1,FINDIKLI,22,0.0153
T1,FINDIKLI,23,0.0146
T1,FINDIKZADE,0,0.0314
T1,FINDIKZADE,1,0.0157
T1,FINDIKZADE,2,0.0104
T1,FINDIKZADE,3,0.0116
T1,FINDIKZADE,4,0.0398
T1,FINDIKZADE,5,0.0171
T1,FINDIKZADE,6,0.0515
T1,FINDIKZADE,7,0.0375
T1,FINDIKZADE,8,0.036
T1,FINDIKZADE,9,0.039
T1,FINDIKZADE,10,0.0394
T1,FINDIKZADE,11,0.0386
T1,FINDIKZADE,12,0.0366
T1,FINDIKZADE,13,0.0336
T1,FINDIKZADE,14,0.0327
T1,FINDIKZADE,15,0.0318
T1,FINDIKZADE,16,0.0307
T1,FINDIKZADE,17,0.0274
T1,FINDIKZADE,18,0.0241
T1,FINDIKZADE,19,0.0219
T1,FINDIKZADE,20,0.0242
T1,FINDIKZADE,21,0.0253
T1,FINDIKZADE,22,0.024
T1,FINDIKZADE,23,0.0243
T1,GULHANE,0,0.0156
T1,GULHANE,1,0.0129
T1,GULHANE,2,0.0148
T1,GULHANE,3,0.0042
T1,GULHANE,4,0.0237
T1,GULHANE,5,0.002
T1,GULHANE,6,0.0112
T1,GULHANE,7,0.0098
T1,GULHANE,8,0.0101
T1,GULHANE,9,0.0165
T1,GULHANE,10,0.0204
T1,GULHANE,11,0.0193
T1,GULHANE,12,0.0186
T1,GULHANE,13,0.0187
T1,GULHANE,14,0.0214
T1,GULHANE,15,0.0255
T1,GULHANE,16,0.0277
T1,GULHANE,17,0.0273
T1,GULHANE,18,0.0225
T1,GULHANE,19,0.019
T1,GULHANE,20,0.021
T1,GULHANE,21,0.0218
T1,GULHANE,22,0.0222
T1,GULHANE,23,0.0238
T1,GUNESTEPE,0,0.0007
T1,GUNESTEPE,1,0.0012
T1,GUNESTEPE,4,0.0634
T1,GUNESTEPE,5,0.0472
T1,GUNESTEPE,6,0.0301
T1,GUNESTEPE,7,0.0249
T1,GUNESTEPE,8,0.0156
T1,GUNESTEPE,9,0.011
T1,GUNESTEPE,10,0.0082
T1,GUNESTEPE,11,0.0076
T1,GUNESTEPE,12,0.0079
T1,GUNESTEPE,13,0.0083
T1,GUNESTEPE,14,0.0069
T1,GUNESTEPE,15,0.0053
T1,GUNESTEPE,16,0.0053
T1,GUNESTEPE,17,0.0049
T1,GUNESTEPE,18,0.0051
T1,GUNESTEPE,19,0.0071
T1,GUNESTEPE,20,0.0055
T1,GUNESTEPE,21,0.0058
T1,GUNESTEPE,22,0.0046
T1,GUNESTEPE,23,0.0041
T1,GUNGOREN,0,0.0055
T1,GUNGOREN,1,0.0029
T1,GUNGOREN,2,0.0016
T1,GUNGOREN,3,0.0068
T1,GUNGOREN,4,0.0645
T1,GUNGOREN,5,0.0292
T1,GUNGOREN,6,0.0425
T1,GUNGOREN,7,0.0477
T1,GUNGOREN,8,0.037
T1,GUNGOREN,9,0.0261
T1,GUNGOREN,10,0.0242
T1,GUNGOREN,11,0.0258
T1,GUNGOREN,12,0.0284
T1,GUNGOREN,13,0.0306
T1,GUNGOREN,14,0.0289
T1,GUNGOREN,15,0.0275
T1,GUNGOREN,16,0.0287
T1,GUNGOREN,17,0.0321
T1,GUNGOREN,18,0.0434
T1,GUNGOREN,19,0.0424
T1,GUNGOREN,20,0.0325
T1,GUNGOREN,21,0.0331
T1,GUNGOREN,22,0.0341
T1,GUNGOREN,23,0.0179
T1,HASEKI,0,0.0147
T1,HASEKI,1,0.0056
T1,HASEKI,2,0.0094
T1,HASEKI,3,0.01
T1,HASEKI,4,0.0011
T1,HASEKI,5,0.0025
T1,HASEKI,6,0.0084
T1,HASEKI,7,0.0104
T1,HASEKI,8,0.0111
T1,HASEKI,9,0.0122
T1,HASEKI,10,0.0121
T1,HASEKI,11,0.0118
T1,HASEKI,12,0.0105
T1,HASEKI,13,0.0106
T1,HASEKI,14,0.011
T1,HASEKI,15,0.0107
T1,HASEKI,16,0.0102
T1,HASEKI,17,0.0086
T1,HASEKI,18,0.0081
T1,HASEKI,19,0.0091
T1,HASEKI,20,0.0115
T1,HASEKI,21,0.013
T1,HASEKI,22,0.0135
T1,HASEKI,23,0.0117
T1,KARAKOY,0,0.0477
T1,KARAKOY,1,0.103
T1,KARAKOY,2,0.1109
T1,KARAKOY,3,0.1221
T1,KARAKOY,4,0.072
T1,KARAKOY,5,0.0109
T1,KARAKOY,6,0.0431
T1,KARAKOY,7,0.0317
T1,KARAKOY,8,0.0322
T1,KARAKOY,9,0.0392
T1,KARAKOY,10,0.0406
T1,KARAKOY,11,0.0428
T1,KARAKOY,12,0.043
T1,KARAKOY,13,0.0439
T1,KARAKOY,14,0.0456
T1,KARAKOY,15,0.0465
T1,KARAKOY,16,0.0479
T1,KARAKOY,17,0.0469
T1,KARAKOY,18,0.0414
T1,KARAKOY,19,0.0387
T1,KARAKOY,20,0.0506
T1,KARAKOY,21,0.0641
T1,KARAKOY,22,0.0695
T1,KARAKOY,23,0.0804
T1,KERESTECILER,0,0.0013
T1,KERESTECILER,1,0.0005
T1,KERESTECILER,2,0.0005
T1,KERESTECILER,3,0.0005
T1,KERESTECILER,4,0.0032
T1,KERESTECILER,5,0.0063
T1,KERESTECILER,6,0.0029
T1,KERESTECILER,7,0.003
T1,KERESTECILER,8,0.0034
T1,KERESTECILER,9,0.0034
T1,KERESTECILER,10,0.0045
T1,KERESTECILER,11,0.0054
T1,KERESTECILER,12,0.0065
T1,KERESTECILER,13,0.0078
T1,KERESTECILER,14,0.0069
T1,KERESTECILER,15,0.007
T1,KERESTECILER,16,0.0081
T1,KERESTECILER,17,0.013
T1,KERESTECILER,18,0.0218
T1,KERESTECILER,19,0.019
T1,KERESTECILER,20,0.0051
T1,KERESTECILER,21,0.0038
T1,KERESTECILER,22,0.0034
T1,KERESTECILER,23,0.0034
T1,LALELI,0,0.0311
T1,LALELI,1,0.0154
T1,LALELI,2,0.0227
T1,LALELI,3,0.0153
T1,LALELI,4,0.0108
T1,LALELI,5,0.0024
T1,LALELI,6,0.0125
T1,LALELI,7,0.0131
T1,LALELI,8,0.0169
T1,LALELI,9,0.0269
T1,LALELI,10,0.0364
T1,LALELI,11,0.0369
T1,LALELI,12,0.0355
T1,LALELI,13,0.0343
T1,LALELI,14,0.0362
T1,LALELI,15,0.0382
T1,LALELI,16,0.0383
T1,LALELI,17,0.034
T1,LALELI,18,0.0313
T1,LALELI,19,0.0369
T1,LALELI,20,0.0417
T1,LALELI,21,0.0343
T1,LALELI,22,0.0313
T1,LALELI,23,0.0307
T1,MEHMETAKIF,0,0.0026
T1,MEHMETAKIF,1,0.003
T1,MEHMETAKIF,2,0.0011
T1,MEHMETAKIF,4,0.0183
T1,MEHMETAKIF,5,0.0021
T1,MEHMETAKIF,6,0.0054
T1,MEHMETAKIF,7,0.0073
T1,MEHMETAKIF,8,0.008
T1,MEHMETAKIF,9,0.0078
T1,MEHMETAKIF,10,0.0072
T1,MEHMETAKIF,11,0.0069
T1,MEHMETAKIF,12,0.007
T1,MEHMETAKIF,13,0.007
T1,MEHMETAKIF,14,0.0089
T1,MEHMETAKIF,15,0.0128
T1,MEHMETAKIF,16,0.0084
T1,MEHMETAKIF,17,0.0077
T1,MEHMETAKIF,18,0.0081
T1,MEHMETAKIF,19,0.0069
T1,MEHMETAKIF,20,0.0067
T1,MEHMETAKIF,21,0.0066
T1,MEHMETAKIF,22,0.0069
T1,MEHMETAKIF,23,0.0068
T1,MERKEZEFENDI,0,0.0096
T1,MERKEZEFENDI,1,0.0026
T1,MERKEZEFENDI,2,0.0019
T1,MERKEZEFENDI,3,0.0032
T1,MERKEZEFENDI,4,0.0054
T1,MERKEZEFENDI,5,0.0141
T1,MERKEZEFENDI,6,0.0204
T1,MERKEZEFENDI,7,0.0188
T1,MERKEZEFENDI,8,0.0191
T1,MERKEZEFENDI,9,0.0136
T1,MERKEZEFENDI,10,0.0119
T1,MERKEZEFENDI,11,0.0105
T1,MERKEZEFENDI,12,0.0114
T1,MERKEZEFENDI,13,0.0119
T1,MERKEZEFENDI,14,0.0102
T1,MERKEZEFENDI,15,0.0098
T1,MERKEZEFENDI,16,0.0092
T1,MERKEZEFENDI,17,0.0096
T1,MERKEZEFENDI,18,0.0089
T1,MERKEZEFENDI,19,0.0083
T1,MERKEZEFENDI,20,0.0094
T1,MERKEZEFENDI,21,0.0085
T1,MERKEZEFENDI,22,0.0078
T1,MERKEZEFENDI,23,0.0079
T1,MITHATPASA,0,0.0064
T1,MITHATPASA,1,0.0023
T1,MITHATPASA,2,0.0018
T1,MITHATPASA,3,0.0011
T1,MITHATPASA,4,0.0075
T1,MITHATPASA,5,0.0383
T1,MITHATPASA,6,0.0312
T1,MITHATPASA,7,0.0296
T1,MITHATPASA,8,0.0272
T1,MITHATPASA,9,0.0163
T1,MITHATPASA,10,0.0128
T1,MITHATPASA,11,0.0118
T1,MITHATPASA,12,0.0137
T1,MITHATPASA,13,0.0146
T1,MITHATPASA,14,0.013
T1,MITHATPASA,15,0.0112
T1,MITHATPASA,16,0.0107
T1,MITHATPASA,17,0.0115
T1,MITHATPASA,18,0.0122
T1,MITHATPASA,19,0.0136
T1,MITHATPASA,20,0.0142
T1,MITHATPASA,21,0.0118
T1,MITHATPASA,22,0.0103
T1,MITHATPASA,23,0.0098
T1,PAZARTEKKE,0,0.0124
T1,PAZARTEKKE,1,0.0044
T1,PAZARTEKKE,2,0.0024
T1,PAZARTEKKE,3,0.0011
T1,PAZARTEKKE,4,0.0065
T1,PAZARTEKKE,5,0.0204
T1,PAZARTEKKE,6,0.0162
T1,PAZARTEKKE,7,0.0181
T1,PAZARTEKKE,8,0.0208
T1,PAZARTEKKE,9,0.0198
T1,PAZARTEKKE,10,0.019
T1,PAZARTEKKE,11,0.0169
T1,PAZARTEKKE,12,0.0165
T1,PAZARTEKKE,13,0.0151
T1,PAZARTEKKE,14,0.0131
T1,PAZARTEKKE,15,0.0125
T1,PAZARTEKKE,16,0.0125
T1,PAZARTEKKE,17,0.0112
T1,PAZARTEKKE,18,0.0096
T1,PAZARTEKKE,19,0.011
T1,PAZARTEKKE,20,0.0122
T1,PAZARTEKKE,21,0.0129
T1,PAZARTEKKE,22,0.0123
T1,PAZARTEKKE,23,0.0122
T1,SOGANLI,0,0.0029
T1,SOGANLI,1,0.0028
T1,SOGANLI,2,0.0019
T1,SOGANLI,3,0.0011
T1,SOGANLI,4,0.0763
T1,SOGANLI,5,0.074
T1,SOGANLI,6,0.0641
T1,SOGANLI,7,0.0533
T1,SOGANLI,8,0.0381
T1,SOGANLI,9,0.0287
T1,SOGANLI,10,0.023
T1,SOGANLI,11,0.0214
T1,SOGANLI,12,0.0216
T1,SOGANLI,13,0.0222
T1,SOGANLI,14,0.0194
T1,SOGANLI,15,0.0154
T1,SOGANLI,16,0.0146
T1,SOGANLI,17,0.014
T1,SOGANLI,18,0.0141
T1,SOGANLI,19,0.0151
T1,SOGANLI,20,0.0151
T1,SOGANLI,21,0.0149
T1,SOGANLI,22,0.0127
T1,SOGANLI,23,0.0115
T1,SULTANAHMET,0,0.0705
T1,SULTANAHMET,1,0.0502
T1,SULTANAHMET,2,0.0307
T1,SULTANAHMET,3,0.0321
T1,SULTANAHMET,4,0.029
T1,SULTANAHMET,5,0.0074
T1,SULTANAHMET,6,0.0074
T1,SULTANAHMET,7,0.0099
T1,SULTANAHMET,8,0.0105
T1,SULTANAHMET,9,0.0245
T1,SULTANAHMET,10,0.0402
T1,SULTANAHMET,11,0.0442
T1,SULTANAHMET,12,0.0429
T1,SULTANAHMET,13,0.0464
T1,SULTANAHMET,14,0.0586
T1,SULTANAHMET,15,0.0633
T1,SULTANAHMET,16,0.0678
T1,SULTANAHMET,17,0.0687
T1,SULTANAHMET,18,0.0667
T1,SULTANAHMET,19,0.0645
T1,SULTANAHMET,20,0.0682
T1,SULTANAHMET,21,0.0727
T1,SULTANAHMET,22,0.0733
T1,SULTANAHMET,23,0.0781
T1,TOPHANE,0,0.0241
T1,TOPHANE,1,0.0553
T1,TOPHANE,2,0.0843
T1,TOPHANE,3,0.0489
T1,TOPHANE,4,0.0398
T1,TOPHANE,5,0.0136
T1,TOPHANE,6,0.0075
T1,TOPHANE,7,0.0079
T1,TOPHANE,8,0.0098
T1,TOPHANE,9,0.0147
T1,TOPHANE,10,0.0194
T1,TOPHANE,11,0.0212
T1,TOPHANE,12,0.0219
T1,TOPHANE,13,0.0217
T1,TOPHANE,14,0.0224
T1,TOPHANE,15,0.0282
T1,TOPHANE,16,0.0313
T1,TOPHANE,17,0.0353
T1,TOPHANE,18,0.032
T1,TOPHANE,19,0.0308
T1,TOPHANE,20,0.0426
T1,TOPHANE,21,0.0524
T1,TOPHANE,22,0.0697
T1,TOPHANE,23,0.0629
T1,TOPKAPI,0,0.0315
T1,TOPKAPI,1,0.0109
T1,TOPKAPI,2,0.0076
T1,TOPKAPI,3,0.0047
T1,TOPKAPI,4,0.0215
T1,TOPKAPI,5,0.0121
T1,TOPKAPI,6,0.0417
T1,TOPKAPI,7,0.0559
T1,TOPKAPI,8,0.0635
T1,TOPKAPI,9,0.0501
T1,TOPKAPI,10,0.039
T1,TOPKAPI,11,0.0353
T1,TOPKAPI,12,0.036
T1,TOPKAPI,13,0.0357
T1,TOPKAPI,14,0.0324
T1,TOPKAPI,15,0.0269
T1,TOPKAPI,16,0.024
T1,TOPKAPI,17,0.0224
T1,TOPKAPI,18,0.0235
T1,TOPKAPI,19,0.0238
T1,TOPKAPI,20,0.0204
T1,TOPKAPI,21,0.0184
T1,TOPKAPI,22,0.0197
T1,TOPKAPI,23,0.0185
T1,YUSUFPASA,0,0.074
T1,YUSUFPASA,1,0.0339
T1,YUSUFPASA,2,0.0515
T1,YUSUFPASA,3,0.0763
T1,YUSUFPASA,4,0.0806
T1,YUSUFPASA,5,0.0146
T1,YUSUFPASA,6,0.0647
T1,YUSUFPASA,7,0.0611
T1,YUSUFPASA,8,0.0608
T1,YUSUFPASA,9,0.0638
T1,YUSUFPASA,10,0.0574
T1,YUSUFPASA,11,0.0526
T1,YUSUFPASA,12,0.046
T1,YUSUFPASA,13,0.0429
T1,YUSUFPASA,14,0.0432
T1,YUSUFPASA,15,0.0404
T1,YUSUFPASA,16,0.0369
T1,YUSUFPASA,17,0.0296
T1,YUSUFPASA,18,0.027
T1,YUSUFPASA,19,0.0291
T1,YUSUFPASA,20,0.0351
T1,YUSUFPASA,21,0.0378
T1,YUSUFPASA,22,0.0376
T1,YUSUFPASA,23,0.0402
T3,NAN,0,1.0
T3,NAN,1,1.0
T3,NAN,2,1.0
T3,NAN,6,1.0
T3,NAN,7,1.0
T3,NAN,8,1.0
T3,NAN,9,1.0
T3,NAN,10,1.0
T3,NAN,11,1.0
T3,NAN,12,1.0
T3,NAN,13,1.0
T3,NAN,14,1.0
T3,NAN,15,1.0
T3,NAN,16,1.0
T3,NAN,17,1.0
T3,NAN,18,1.0
T3,NAN,19,1.0
T3,NAN,20,1.0
T3,NAN,21,1.0
T3,NAN,22,1.0
T3,NAN,23,1.0
T4,SAGMALCILAR,0,0.0199
T4,SAGMALCILAR,1,0.0146
T4,SAGMALCILAR,2,0.0233
T4,SAGMALCILAR,3,0.0787
T4,SAGMALCILAR,4,0.0174
T4,SAGMALCILAR,5,0.0183
T4,SAGMALCILAR,6,0.0423
T4,SAGMALCILAR,7,0.0428
T4,SAGMALCILAR,8,0.0478
T4,SAGMALCILAR,9,0.0429
T4,SAGMALCILAR,10,0.0423
T4,SAGMALCILAR,11,0.0419
T4,SAGMALCILAR,12,0.0378
T4,SAGMALCILAR,13,0.0336
T4,SAGMALCILAR,14,0.0364
T4,SAGMALCILAR,15,0.0438
T4,SAGMALCILAR,16,0.0345
T4,SAGMALCILAR,17,0.0331
T4,SAGMALCILAR,18,0.0232
T4,SAGMALCILAR,19,0.0201
T4,SAGMALCILAR,20,0.0256
T4,SAGMALCILAR,21,0.0257
T4,SAGMALCILAR,22,0.0257
T4,SAGMALCILAR,23,0.0238
T4,YENIMAHALLE,0,0.0225
T4,YENIMAHALLE,1,0.0351
T4,YENIMAHALLE,2,0.0181
T4,YENIMAHALLE,3,0.0449
T4,YENIMAHALLE,4,0.1163
T4,YENIMAHALLE,5,0.0372
T4,YENIMAHALLE,6,0.086
T4,YENIMAHALLE,7,0.0761
T4,YENIMAHALLE,8,0.066
T4,YENIMAHALLE,9,0.0611
T4,YENIMAHALLE,10,0.0617
T4,YENIMAHALLE,11,0.0622
T4,YENIMAHALLE,12,0.0654
T4,YENIMAHALLE,13,0.0689
T4,YENIMAHALLE,14,0.0604
T4,YENIMAHALLE,15,0.0552
T4,YENIMAHALLE,16,0.0421
T4,YENIMAHALLE,17,0.0384
T4,YENIMAHALLE,18,0.0404
T4,YENIMAHALLE,19,0.0464
T4,YENIMAHALLE,20,0.0395
T4,YENIMAHALLE,21,0.0389
T4,YENIMAHALLE,22,0.0344
T4,YENIMAHALLE,23,0.0299
T4,ALI FUAT BASGIL,0,0.098
T4,ALI FUAT BASGIL,1,0.1013
T4,ALI FUAT BASGIL,2,0.0517
T4,ALI FUAT BASGIL,4,0.0122
T4,ALI FUAT BASGIL,5,0.1151
T4,ALI FUAT BASGIL,6,0.0866
T4,ALI FUAT BASGIL,7,0.0887
T4,ALI FUAT BASGIL,8,0.0911
T4,ALI FUAT BASGIL,9,0.0812
T4,ALI FUAT BASGIL,10,0.0745
T4,ALI FUAT BASGIL,11,0.0733
T4,ALI FUAT BASGIL,12,0.0748
T4,ALI FUAT BASGIL,13,0.0739
T4,ALI FUAT BASGIL,14,0.0724
T4,ALI FUAT BASGIL,15,0.0678
T4,ALI FUAT BASGIL,16,0.0578
T4,ALI FUAT BASGIL,17,0.0555
T4,ALI FUAT BASGIL,18,0.0476
T4,ALI FUAT BASGIL,19,0.0521
T4,ALI FUAT BASGIL,20,0.0626
T4,ALI FUAT BASGIL,21,0.0674
T4,ALI FUAT BASGIL,22,0.0617
T4,ALI FUAT BASGIL,23,0.0701
T4,BASTABYA,0,0.0067
T4,BASTABYA,1,0.0034
T4,BASTABYA,2,0.0362
T4,BASTABYA,4,0.0087
T4,BASTABYA,5,0.012
T4,BASTABYA,6,0.0337
T4,BASTABYA,7,0.0323
T4,BASTABYA,8,0.0296
T4,BASTABYA,9,0.0312
T4,BASTABYA,10,0.0293
T4,BASTABYA,11,0.0276
T4,BASTABYA,12,0.0282
T4,BASTABYA,13,0.0271
T4,BASTABYA,14,0.0264
T4,BASTABYA,15,0.0251
T4,BASTABYA,16,0.0201
T4,BASTABYA,17,0.0163
T4,BASTABYA,18,0.0154
T4,BASTABYA,19,0.0169
T4,BASTABYA,20,0.0164
T4,BASTABYA,21,0.0163
T4,BASTABYA,22,0.0138
T4,BASTABYA,23,0.0139
T4,BEREC,0,0.0719
T4,BEREC,1,0.0535
T4,BEREC,2,0.0233
T4,BEREC,5,0.0273
T4,BEREC,6,0.0448
T4,BEREC,7,0.0452
T4,BEREC,8,0.0536
T4,BEREC,9,0.0505
T4,BEREC,10,0.0508
T4,BEREC,11,0.0551
T4,BEREC,12,0.0563
T4,BEREC,13,0.0592
T4,BEREC,14,0.058
T4,BEREC,15,0.0549
T4,BEREC,16,0.0556
T4,BEREC,17,0.0616
T4,BEREC,18,0.064
T4,BEREC,19,0.0663
T4,BEREC,20,0.0623
T4,BEREC,21,0.0697
T4,BEREC,22,0.0669
T4,BEREC,23,0.0609
T4,CEBECI,0,0.0068
T4,CEBECI,1,0.0076
T4,CEBECI,2,0.0491
T4,CEBECI,3,0.3034
T4,CEBECI,4,0.1892
T4,CEBECI,5,0.0841
T4,CEBECI,6,0.0565
T4,CEBECI,7,0.049
T4,CEBECI,8,0.037
T4,CEBECI,9,0.038
T4,CEBECI,10,0.0383
T4,CEBECI,11,0.0371
T4,CEBECI,12,0.04
T4,CEBECI,13,0.0406
T4,CEBECI,14,0.0362
T4,CEBECI,15,0.0263
T4,CEBECI,16,0.0226
T4,CEBECI,17,0.0208
T4,CEBECI,18,0.0231
T4,CEBECI,19,0.0259
T4,CEBECI,20,0.019
T4,CEBECI,21,0.0186
T4,CEBECI,22,0.0155
T4,CEBECI,23,0.0152
T4,CUKURCESME,0,0.0304
T4,CUKURCESME,1,0.0338
T4,CUKURCESME,2,0.0258
T4,CUKURCESME,3,0.0562
T4,CUKURCESME,4,0.1285
T4,CUKURCESME,5,0.0363
T4,CUKURCESME,6,0.0635
T4,CUKURCESME,7,0.063
T4,CUKURCESME,8,0.0696
T4,CUKURCESME,9,0.0598
T4,CUKURCESME,10,0.0515
T4,CUKURCESME,11,0.0478
T4,CUKURCESME,12,0.0463
T4,CUKURCESME,13,0.0429
T4,CUKURCESME,14,0.0404
T4,CUKURCESME,15,0.034
T4,CUKURCESME,16,0.0301
T4,CUKURCESME,17,0.0263
T4,CUKURCESME,18,0.0241
T4,CUKURCESME,19,0.0264
T4,CUKURCESME,20,0.0269
T4,CUKURCESME,21,0.0284
T4,CUKURCESME,22,0.0277
T4,CUKURCESME,23,0.028
T4,TOPKAPI,0,0.0809
T4,TOPKAPI,1,0.0946
T4,TOPKAPI,5,0.0506
T4,TOPKAPI,6,0.0406
T4,TOPKAPI,7,0.0425
T4,TOPKAPI,8,0.0432
T4,TOPKAPI,9,0.0537
T4,TOPKAPI,10,0.0712
T4,TOPKAPI,11,0.0797
T4,TOPKAPI,12,0.0777
T4,TOPKAPI,13,0.0758
T4,TOPKAPI,14,0.0906
T4,TOPKAPI,15,0.1056
T4,TOPKAPI,16,0.1157
T4,TOPKAPI,17,0.1356
T4,TOPKAPI,18,0.1391
T4,TOPKAPI,19,0.137
T4,TOPKAPI,20,0.1293
T4,TOPKAPI,21,0.1093
T4,TOPKAPI,22,0.1067
T4,TOPKAPI,23,0.1222
T4,CUMHURIYET,0,0.0054
T4,CUMHURIYET,1,0.0042
T4,CUMHURIYET,2,0.0129
T4,CUMHURIYET,4,0.0347
T4,CUMHURIYET,5,0.0066
T4,CUMHURIYET,6,0.0156
T4,CUMHURIYET,7,0.0168
T4,CUMHURIYET,8,0.0157
T4,CUMHURIYET,9,0.0177
T4,CUMHURIYET,10,0.017
T4,CUMHURIYET,11,0.0159
T4,CUMHURIYET,12,0.0159
T4,CUMHURIYET,13,0.0173
T4,CUMHURIYET,14,0.0138
T4,CUMHURIYET,15,0.0125
T4,CUMHURIYET,16,0.0123
T4,CUMHURIYET,17,0.0103
T4,CUMHURIYET,18,0.0099
T4,CUMHURIYET,19,0.0097
T4,CUMHURIYET,20,0.0099
T4,CUMHURIYET,21,0.0111
T4,CUMHURIYET,22,0.0098
T4,CUMHURIYET,23,0.0087
T4,DEMIRKAPI,0,0.0263
T4,DEMIRKAPI,1,0.0276
T4,DEMIRKAPI,2,0.0233
T4,DEMIRKAPI,3,0.0674
T4,DEMIRKAPI,4,0.0226
T4,DEMIRKAPI,5,0.0059
T4,DEMIRKAPI,6,0.0092
T4,DEMIRKAPI,7,0.0088
T4,DEMIRKAPI,8,0.0124
T4,DEMIRKAPI,9,0.0124
T4,DEMIRKAPI,10,0.0136
T4,DEMIRKAPI,11,0.0148
T4,DEMIRKAPI,12,0.0159
T4,DEMIRKAPI,13,0.0182
T4,DEMIRKAPI,14,0.021
T4,DEMIRKAPI,15,0.0253
T4,DEMIRKAPI,16,0.0306
T4,DEMIRKAPI,17,0.0363
T4,DEMIRKAPI,18,0.0441
T4,DEMIRKAPI,19,0.0387
T4,DEMIRKAPI,20,0.0346
T4,DEMIRKAPI,21,0.0367
T4,DEMIRKAPI,22,0.0413
T4,DEMIRKAPI,23,0.031
T4,EDIRNEKAPI,0,0.0209
T4,EDIRNEKAPI,1,0.0112
T4,EDIRNEKAPI,2,0.0155
T4,EDIRNEKAPI,3,0.0449
T4,EDIRNEKAPI,4,0.0017
T4,EDIRNEKAPI,5,0.0096
T4,EDIRNEKAPI,6,0.0103
T4,EDIRNEKAPI,7,0.0095
T4,EDIRNEKAPI,8,0.0107
T4,EDIRNEKAPI,9,0.0105
T4,EDIRNEKAPI,10,0.0114
T4,EDIRNEKAPI,11,0.0122
T4,EDIRNEKAPI,12,0.0134
T4,EDIRNEKAPI,13,0.0116
T4,EDIRNEKAPI,14,0.0142
T4,EDIRNEKAPI,15,0.0151
T4,EDIRNEKAPI,16,0.0184
T4,EDIRNEKAPI,17,0.0211
T4,EDIRNEKAPI,18,0.0202
T4,EDIRNEKAPI,19,0.0177
T4,EDIRNEKAPI,20,0.0195
T4,EDIRNEKAPI,21,0.0176
T4,EDIRNEKAPI,22,0.0152
T4,EDIRNEKAPI,23,0.021
T4,FETIHKAPI,0,0.0099
T4,FETIHKAPI,1,0.0139
T4,FETIHKAPI,2,0.0207
T4,FETIHKAPI,3,0.0112
T4,FETIHKAPI,4,0.0347
T4,FETIHKAPI,5,0.0173
T4,FETIHKAPI,6,0.011
T4,FETIHKAPI,7,0.0139
T4,FETIHKAPI,8,0.012
T4,FETIHKAPI,9,0.0126
T4,FETIHKAPI,10,0.014
T4,FETIHKAPI,11,0.0145
T4,FETIHKAPI,12,0.0135
T4,FETIHKAPI,13,0.0137
T4,FETIHKAPI,14,0.0142
T4,FETIHKAPI,15,0.0161
T4,FETIHKAPI,16,0.0172
T4,FETIHKAPI,17,0.0202
T4,FETIHKAPI,18,0.0235
T4,FETIHKAPI,19,0.0231
T4,FETIHKAPI,20,0.0174
T4,FETIHKAPI,21,0.0159
T4,FETIHKAPI,22,0.0158
T4,FETIHKAPI,23,0.0163
T4,HACI SUKRU,0,0.0057
T4,HACI SUKRU,1,0.0058
T4,HACI SUKRU,4,0.0017
T4,HACI SUKRU,5,0.0078
T4,HACI SUKRU,6,0.0148
T4,HACI SUKRU,7,0.0148
T4,HACI SUKRU,8,0.0123
T4,HACI SUKRU,9,0.0125
T4,HACI SUKRU,10,0.0122
T4,HACI SUKRU,11,0.0117
T4,HACI SUKRU,12,0.0123
T4,HACI SUKRU,13,0.0122
T4,HACI SUKRU,14,0.0112
T4,HACI SUKRU,15,0.0092
T4,HACI SUKRU,16,0.0084
T4,HACI SUKRU,17,0.0072
T4,HACI SUKRU,18,0.0068
T4,HACI SUKRU,19,0.0072
T4,HACI SUKRU,20,0.0077
T4,HACI SUKRU,21,0.0075
T4,HACI SUKRU,22,0.0063
T4,HACI SUKRU,23,0.0061
T4,HACISUKRU,0,0.0159
T4,HACISUKRU,1,0.0202
T4,HACISUKRU,2,0.0181
T4,HACISUKRU,3,0.0225
T4,HACISUKRU,4,0.1927
T4,HACISUKRU,5,0.0251
T4,HACISUKRU,6,0.055
T4,HACISUKRU,7,0.0589
T4,HACISUKRU,8,0.0495
T4,HACISUKRU,9,0.046
T4,HACISUKRU,10,0.0425
T4,HACISUKRU,11,0.0423
T4,HACISUKRU,12,0.0437
T4,HACISUKRU,13,0.0455
T4,HACISUKRU,14,0.0426
T4,HACISUKRU,15,0.034
T4,HACISUKRU,16,0.0308
T4,HACISUKRU,17,0.026
T4,HACISUKRU,18,0.0238
T4,HACISUKRU,19,0.0269
T4,HACISUKRU,20,0.0246
T4,HACISUKRU,21,0.0239
T4,HACISUKRU,22,0.0204
T4,HACISUKRU,23,0.0195
T4,KARADENIZ MAHALLESI,0,0.0258
T4,KARADENIZ MAHALLESI,1,0.0273
T4,KARADENIZ MAHALLESI,2,0.0181
T4,KARADENIZ MAHALLESI,4,0.0156
T4,KARADENIZ MAHALLESI,5,0.1611
T4,KARADENIZ MAHALLESI,6,0.0443
T4,KARADENIZ MAHALLESI,7,0.047
T4,KARADENIZ MAHALLESI,8,0.0465
T4,KARADENIZ MAHALLESI,9,0.0425
T4,KARADENIZ MAHALLESI,10,0.038
T4,KARADENIZ MAHALLESI,11,0.0351
T4,KARADENIZ MAHALLESI,12,0.0362
T4,KARADENIZ MAHALLESI,13,0.0344
T4,KARADENIZ MAHALLESI,14,0.0319
T4,KARADENIZ MAHALLESI,15,0.0239
T4,KARADENIZ MAHALLESI,16,0.0212
T4,KARADENIZ MAHALLESI,17,0.0179
T4,KARADENIZ MAHALLESI,18,0.0151
T4,KARADENIZ MAHALLESI,19,0.0166
T4,KARADENIZ MAHALLESI,20,0.0216
T4,KARADENIZ MAHALLESI,21,0.0206
T4,KARADENIZ MAHALLESI,22,0.0203
T4,KARADENIZ MAHALLESI,23,0.0201
T4,KIPTAS VENEZIA,0,0.063
T4,KIPTAS VENEZIA,1,0.0241
T4,KIPTAS VENEZIA,2,0.0439
T4,KIPTAS VENEZIA,4,0.0069
T4,KIPTAS VENEZIA,5,0.0076
T4,KIPTAS VENEZIA,6,0.0154
T4,KIPTAS VENEZIA,7,0.0205
T4,KIPTAS VENEZIA,8,0.0241
T4,KIPTAS VENEZIA,9,0.0237
T4,KIPTAS VENEZIA,10,0.0253
T4,KIPTAS VENEZIA,11,0.0272
T4,KIPTAS VENEZIA,12,0.0296
T4,KIPTAS VENEZIA,13,0.0324
T4,KIPTAS VENEZIA,14,0.0387
T4,KIPTAS VENEZIA,15,0.0419
T4,KIPTAS VENEZIA,16,0.0483
T4,KIPTAS VENEZIA,17,0.0538
T4,KIPTAS VENEZIA,18,0.0538
T4,KIPTAS VENEZIA,19,0.0543
T4,KIPTAS VENEZIA,20,0.0716
T4,KIPTAS VENEZIA,21,0.0841
T4,KIPTAS VENEZIA,22,0.0951
T4,KIPTAS VENEZIA,23,0.0615
T4,MESCIDI SELAM,0,0.0038
T4,MESCIDI SELAM,1,0.0058
T4,MESCIDI SELAM,2,0.0103
T4,MESCIDI SELAM,4,0.0052
T4,MESCIDI SELAM,5,0.1047
T4,MESCIDI SELAM,6,0.0925
T4,MESCIDI SELAM,7,0.0778
T4,MESCIDI SELAM,8,0.0614
T4,MESCIDI SELAM,9,0.0735
T4,MESCIDI SELAM,10,0.074
T4,MESCIDI SELAM,11,0.0714
T4,MESCIDI SELAM,12,0.0663
T4,MESCIDI SELAM,13,0.0712
T4,MESCIDI SELAM,14,0.0589
T4,MESCIDI SELAM,15,0.0656
T4,MESCIDI SELAM,16,0.0701
T4,MESCIDI SELAM,17,0.0411
T4,MESCIDI SELAM,18,0.0406
T4,MESCIDI SELAM,19,0.0425
T4,MESCIDI SELAM,20,0.0333
T4,MESCIDI SELAM,21,0.0294
T4,MESCIDI SELAM,22,0.0249
T4,MESCIDI SELAM,23,0.0197
T4,METRIS,0,0.0386
T4,METRIS,1,0.0724
T4,METRIS,2,0.1137
T4,METRIS,4,0.0087
T4,METRIS,5,0.0024
T4,METRIS,6,0.0107
T4,METRIS,7,0.0181
T4,METRIS,8,0.0223
T4,METRIS,9,0.0192
T4,METRIS,10,0.0169
T4,METRIS,11,0.0174
T4,METRIS,12,0.0187
T4,METRIS,13,0.0208
T4,METRIS,14,0.0232
T4,METRIS,15,0.0247
T4,METRIS,16,0.0313
T4,METRIS,17,0.0358
T4,METRIS,18,0.038
T4,METRIS,19,0.0356
T4,METRIS,20,0.0394
T4,METRIS,21,0.0425
T4,METRIS,22,0.0468
T4,METRIS,23,0.0309
T4,RAMI,0,0.0232
T4,RAMI,1,0.0177
T4,RAMI,2,0.0103
T4,RAMI,4,0.0017
T4,RAMI,5,0.012
T4,RAMI,6,0.017
T4,RAMI,7,0.0137
T4,RAMI,8,0.0163
T4,RAMI,9,0.0206
T4,RAMI,10,0.0292
T4,RAMI,11,0.0344
T4,RAMI,12,0.0364
T4,RAMI,13,0.035
T4,RAMI,14,0.0388
T4,RAMI,15,0.06
T4,RAMI,16,0.0626
T4,RAMI,17,0.0438
T4,RAMI,18,0.0416
T4,RAMI,19,0.0365
T4,RAMI,20,0.0293
T4,RAMI,21,0.0294
T4,RAMI,22,0.0248
T4,RAMI,23,0.0273
T4,SEHITLIK,0,0.2112
T4,SEHITLIK,1,0.2082
T4,SEHITLIK,2,0.1912
T4,SEHITLIK,3,0.0112
T4,SEHITLIK,4,0.0174
T4,SEHITLIK,5,0.0314
T4,SEHITLIK,6,0.0358
T4,SEHITLIK,7,0.0388
T4,SEHITLIK,8,0.0548
T4,SEHITLIK,9,0.0672
T4,SEHITLIK,10,0.0679
T4,SEHITLIK,11,0.0659
T4,SEHITLIK,12,0.0603
T4,SEHITLIK,13,0.0554
T4,SEHITLIK,14,0.0614
T4,SEHITLIK,15,0.0619
T4,SEHITLIK,16,0.0689
T4,SEHITLIK,17,0.0889
T4,SEHITLIK,18,0.0925
T4,SEHITLIK,19,0.09
T4,SEHITLIK,20,0.0943
T4,SEHITLIK,21,0.0927
T4,SEHITLIK,22,0.1072
T4,SEHITLIK,23,0.1351
T4,SULTANCIFTLIGI,0,0.032
T4,SULTANCIFTLIGI,1,0.0411
T4,SULTANCIFTLIGI,2,0.0155
T4,SULTANCIFTLIGI,3,0.0225
T4,SULTANCIFTLIGI,4,0.1528
T4,SULTANCIFTLIGI,5,0.0699
T4,SULTANCIFTLIGI,6,0.0926
T4,SULTANCIFTLIGI,7,0.0869
T4,SULTANCIFTLIGI,8,0.0759
T4,SULTANCIFTLIGI,9,0.0809
T4,SULTANCIFTLIGI,10,0.0845
T4,SULTANCIFTLIGI,11,0.084
T4,SULTANCIFTLIGI,12,0.0842
T4,SULTANCIFTLIGI,13,0.0836
T4,SULTANCIFTLIGI,14,0.0807
T4,SULTANCIFTLIGI,15,0.0667
T4,SULTANCIFTLIGI,16,0.0623
T4,SULTANCIFTLIGI,17,0.0535
T4,SULTANCIFTLIGI,18,0.0446
T4,SULTANCIFTLIGI,19,0.0479
T4,SULTANCIFTLIGI,20,0.0502
T4,SULTANCIFTLIGI,21,0.0528
T4,SULTANCIFTLIGI,22,0.049
T4,SULTANCIFTLIGI,23,0.0469
T4,T4 KIPTAS VENEZIA,0,0.0655
T4,T4 KIPTAS VENEZIA,1,0.076
T4,T4 KIPTAS VENEZIA,2,0.1783
T4,T4 KIPTAS VENEZIA,3,0.0112
T4,T4 KIPTAS VENEZIA,5,0.0025
T4,T4 KIPTAS VENEZIA,6,0.0171
T4,T4 KIPTAS VENEZIA,7,0.0269
T4,T4 KIPTAS VENEZIA,8,0.0333
T4,T4 KIPTAS VENEZIA,9,0.0287
T4,T4 KIPTAS VENEZIA,10,0.0229
T4,T4 KIPTAS VENEZIA,11,0.0218
T4,T4 KIPTAS VENEZIA,12,0.024
T4,T4 KIPTAS VENEZIA,13,0.0238
T4,T4 KIPTAS VENEZIA,14,0.0238
T4,T4 KIPTAS VENEZIA,15,0.0265
T4,T4 KIPTAS VENEZIA,16,0.0336
T4,T4 KIPTAS VENEZIA,17,0.0387
T4,T4 KIPTAS VENEZIA,18,0.0441
T4,T4 KIPTAS VENEZIA,19,0.0398
T4,T4 KIPTAS VENEZIA,20,0.0421
T4,T4 KIPTAS VENEZIA,21,0.0402
T4,T4 KIPTAS VENEZIA,22,0.047
T4,T4 KIPTAS VENEZIA,23,0.0514
T4,TASKOPRU,0,0.0505
T4,TASKOPRU,1,0.0464
T4,TASKOPRU,2,0.0103
T4,TASKOPRU,4,0.0052
T4,TASKOPRU,5,0.1288
T4,TASKOPRU,6,0.0783
T4,TASKOPRU,7,0.0826
T4,TASKOPRU,8,0.0805
T4,TASKOPRU,9,0.0692
T4,TASKOPRU,10,0.0611
T4,TASKOPRU,11,0.0563
T4,TASKOPRU,12,0.0549
T4,TASKOPRU,13,0.0554
T4,TASKOPRU,14,0.0527
T4,TASKOPRU,15,0.0424
T4,TASKOPRU,16,0.0377
T4,TASKOPRU,17,0.0337
T4,TASKOPRU,18,0.0299
T4,TASKOPRU,19,0.032
T4,TASKOPRU,20,0.0377
T4,TASKOPRU,21,0.0368
T4,TASKOPRU,22,0.0362
T4,TASKOPRU,23,0.0379
T4,TOPCULAR,0,0.0149
T4,TOPCULAR,1,0.0095
T4,TOPCULAR,5,0.0083
T4,TOPCULAR,6,0.01
T4,TOPCULAR,7,0.0075
T4,TOPCULAR,8,0.0096
T4,TOPCULAR,9,0.0102
T4,TOPCULAR,10,0.0112
T4,TOPCULAR,11,0.0119
T4,TOPCULAR,12,0.0127
T4,TOPCULAR,13,0.0139
T4,TOPCULAR,14,0.0133
T4,TOPCULAR,15,0.0162
T4,TOPCULAR,16,0.0177
T4,TOPCULAR,17,0.0248
T4,TOPCULAR,18,0.0378
T4,TOPCULAR,19,0.033
T4,TOPCULAR,20,0.0178
T4,TOPCULAR,21,0.0159
T4,TOPCULAR,22,0.0136
T4,TOPCULAR,23,0.0139
T4,VATAN,0,0.0502
T4,VATAN,1,0.0446
T4,VATAN,2,0.0904
T4,VATAN,3,0.3258
T4,VATAN,4,0.026
T4,VATAN,5,0.018
T4,VATAN,6,0.0167
T4,VATAN,7,0.0178
T4,VATAN,8,0.0249
T4,VATAN,9,0.0342
T4,VATAN,10,0.0387
T4,VATAN,11,0.0381
T4,VATAN,12,0.0356
T4,VATAN,13,0.0332
T4,VATAN,14,0.0389
T4,VATAN,15,0.0454
T4,VATAN,16,0.0501
T4,VATAN,17,0.0593
T4,VATAN,18,0.0568
T4,VATAN,19,0.0572
T4,VATAN,20,0.0672
T4,VATAN,21,0.0685
T4,VATAN,22,0.0739
T4,VATAN,23,0.0885
T5,NAN,0,0.0001
T5,NAN,5,0.0
T5,NAN,6,0.0
T5,NAN,7,0.0001
T5,NAN,8,0.0001
T5,NAN,9,0.0002
T5,NAN,10,0.0003
T5,NAN,11,0.0
T5,NAN,22,0.0
T5,NAN,23,0.0005
T5,ALIBEYKOY,0,0.0428
T5,ALIBEYKOY,1,0.0241
T5,ALIBEYKOY,2,0.0076
T5,ALIBEYKOY,3,0.0286
T5,ALIBEYKOY,4,0.0593
T5,ALIBEYKOY,5,0.1611
T5,ALIBEYKOY,6,0.1445
T5,ALIBEYKOY,7,0.1032
T5,ALIBEYKOY,8,0.0923
T5,ALIBEYKOY,9,0.101
T5,ALIBEYKOY,10,0.0985
T5,ALIBEYKOY,11,0.0884
T5,ALIBEYKOY,12,0.0839
T5,ALIBEYKOY,13,0.0774
T5,ALIBEYKOY,14,0.0717
T5,ALIBEYKOY,15,0.0525
T5,ALIBEYKOY,16,0.0472
T5,ALIBEYKOY,17,0.0394
T5,ALIBEYKOY,18,0.0365
T5,ALIBEYKOY,19,0.0411
T5,ALIBEYKOY,20,0.0452
T5,ALIBEYKOY,21,0.0488
T5,ALIBEYKOY,22,0.0454
T5,ALIBEYKOY,23,0.0413
T5,EMINONU,0,0.1008
T5,EMINONU,1,0.167
T5,EMINONU,2,0.2405
T5,EMINONU,3,0.0286
T5,EMINONU,4,0.0805
T5,EMINONU,5,0.0194
T5,EMINONU,6,0.0232
T5,EMINONU,7,0.0319
T5,EMINONU,8,0.0465
T5,EMINONU,9,0.0864
T5,EMINONU,10,0.1265
T5,EMINONU,11,0.1514
T5,EMINONU,12,0.157
T5,EMINONU,13,0.159
T5,EMINONU,14,0.1716
T5,EMINONU,15,0.1841
T5,EMINONU,16,0.2253
T5,EMINONU,17,0.252
T5,EMINONU,18,0.2577
T5,EMINONU,19,0.2417
T5,EMINONU,20,0.2213
T5,EMINONU,21,0.2096
T5,EMINONU,22,0.2121
T5,EMINONU,23,0.2113
T5,ALIBEYKOY METRO,0,0.1796
T5,ALIBEYKOY METRO,1,0.0927
T5,ALIBEYKOY METRO,2,0.1489
T5,ALIBEYKOY METRO,3,0.3429
T5,ALIBEYKOY METRO,4,0.178
T5,ALIBEYKOY METRO,5,0.0326
T5,ALIBEYKOY METRO,6,0.1556
T5,ALIBEYKOY METRO,7,0.2185
T5,ALIBEYKOY METRO,8,0.2378
T5,ALIBEYKOY METRO,9,0.2128
T5,ALIBEYKOY METRO,10,0.1936
T5,ALIBEYKOY METRO,11,0.1756
T5,ALIBEYKOY METRO,12,0.1765
T5,ALIBEYKOY METRO,13,0.1672
T5,ALIBEYKOY METRO,14,0.1562
T5,ALIBEYKOY METRO,15,0.1179
T5,ALIBEYKOY METRO,16,0.1223
T5,ALIBEYKOY METRO,17,0.1046
T5,ALIBEYKOY METRO,18,0.1114
T5,ALIBEYKOY METRO,19,0.1247
T5,ALIBEYKOY METRO,20,0.1207
T5,ALIBEYKOY METRO,21,0.1206
T5,ALIBEYKOY METRO,22,0.1329
T5,ALIBEYKOY METRO,23,0.1449
T5,AYVANSARAY,0,0.0459
T5,AYVANSARAY,1,0.0387
T5,AYVANSARAY,2,0.0496
T5,AYVANSARAY,3,0.0857
T5,AYVANSARAY,4,0.0169
T5,AYVANSARAY,5,0.0286
T5,AYVANSARAY,6,0.0318
T5,AYVANSARAY,7,0.0278
T5,AYVANSARAY,8,0.0292
T5,AYVANSARAY,9,0.035
T5,AYVANSARAY,10,0.0362
T5,AYVANSARAY,11,0.0354
T5,AYVANSARAY,12,0.0427
T5,AYVANSARAY,13,0.0398
T5,AYVANSARAY,14,0.0316
T5,AYVANSARAY,15,0.0273
T5,AYVANSARAY,16,0.0315
T5,AYVANSARAY,17,0.0306
T5,AYVANSARAY,18,0.037
T5,AYVANSARAY,19,0.0301
T5,AYVANSARAY,20,0.0293
T5,AYVANSARAY,21,0.0289
T5,AYVANSARAY,22,0.0309
T5,AYVANSARAY,23,0.0322
T5,BALAT,0,0.0498
T5,BALAT,1,0.0472
T5,BALAT,2,0.0382
T5,BALAT,3,0.0286
T5,BALAT,4,0.0339
T5,BALAT,5,0.0649
T5,BALAT,6,0.0611
T5,BALAT,7,0.0445
T5,BALAT,8,0.0454
T5,BALAT,9,0.0471
T5,BALAT,10,0.0464
T5,BALAT,11,0.0486
T5,BALAT,12,0.0514
T5,BALAT,13,0.0578
T5,BALAT,14,0.0569
T5,BALAT,15,0.0516
T5,BALAT,16,0.06
T5,BALAT,17,0.054
T5,BALAT,18,0.048
T5,BALAT,19,0.0523
T5,BALAT,20,0.0565
T5,BALAT,21,0.0574
T5,BALAT,22,0.0508
T5,BALAT,23,0.0426
T5,CEP OTOGAR,0,0.0244
T5,CEP OTOGAR,1,0.0098
T5,CEP OTOGAR,2,0.0115
T5,CEP OTOGAR,4,0.3898
T5,CEP OTOGAR,5,0.36
T5,CEP OTOGAR,6,0.2027
T5,CEP OTOGAR,7,0.1447
T5,CEP OTOGAR,8,0.1093
T5,CEP OTOGAR,9,0.0971
T5,CEP OTOGAR,10,0.0897
T5,CEP OTOGAR,11,0.0846
T5,CEP OTOGAR,12,0.0763
T5,CEP OTOGAR,13,0.071
T5,CEP OTOGAR,14,0.064
T5,CEP OTOGAR,15,0.1275
T5,CEP OTOGAR,16,0.0516
T5,CEP OTOGAR,17,0.0512
T5,CEP OTOGAR,18,0.0403
T5,CEP OTOGAR,19,0.0411
T5,CEP OTOGAR,20,0.0547
T5,CEP OTOGAR,21,0.0544
T5,CEP OTOGAR,22,0.0512
T5,CEP OTOGAR,23,0.052
T5,CIBALI,0,0.088
T5,CIBALI,1,0.1658
T5,CIBALI,2,0.1489
T5,CIBALI,3,0.1143
T5,CIBALI,4,0.0424
T5,CIBALI,5,0.0325
T5,CIBALI,6,0.0198
T5,CIBALI,7,0.015
T5,CIBALI,8,0.0155
T5,CIBALI,9,0.0257
T5,CIBALI,10,0.0383
T5,CIBALI,11,0.0463
T5,CIBALI,12,0.051
T5,CIBALI,13,0.0609
T5,CIBALI,14,0.0621
T5,CIBALI,15,0.0686
T5,CIBALI,16,0.0936
T5,CIBALI,17,0.1255
T5,CIBALI,18,0.1396
T5,CIBALI,19,0.1208
T5,CIBALI,20,0.0917
T5,CIBALI,21,0.077
T5,CIBALI,22,0.0795
T5,CIBALI,23,0.1118
T5,EYUP DEVLET HASTANESI,0,0.0402
T5,EYUP DEVLET HASTANESI,1,0.0433
T5,EYUP DEVLET HASTANESI,2,0.0115
T5,EYUP DEVLET HASTANESI,3,0.0286
T5,EYUP DEVLET HASTANESI,4,0.0127
T5,EYUP DEVLET HASTANESI,5,0.1051
T5,EYUP DEVLET HASTANESI,6,0.0588
T5,EYUP DEVLET HASTANESI,7,0.0675
T5,EYUP DEVLET HASTANESI,8,0.0618
T5,EYUP DEVLET HASTANESI,9,0.066
T5,EYUP DEVLET HASTANESI,10,0.0677
T5,EYUP DEVLET HASTANESI,11,0.0642
T5,EYUP DEVLET HASTANESI,12,0.0465
T5,EYUP DEVLET HASTANESI,13,0.0452
T5,EYUP DEVLET HASTANESI,14,0.0476
T5,EYUP DEVLET HASTANESI,15,0.0426
T5,EYUP DEVLET HASTANESI,16,0.0451
T5,EYUP DEVLET HASTANESI,17,0.032
T5,EYUP DEVLET HASTANESI,18,0.0299
T5,EYUP DEVLET HASTANESI,19,0.031
T5,EYUP DEVLET HASTANESI,20,0.0399
T5,EYUP DEVLET HASTANESI,21,0.048
T5,EYUP DEVLET HASTANESI,22,0.048
T5,EYUP DEVLET HASTANESI,23,0.0403
T5,EYUP TELEFERIK,0,0.0889
T5,EYUP TELEFERIK,1,0.1158
T5,EYUP TELEFERIK,2,0.0382
T5,EYUP TELEFERIK,3,0.0286
T5,EYUP TELEFERIK,4,0.0212
T5,EYUP TELEFERIK,5,0.0171
T5,EYUP TELEFERIK,6,0.0256
T5,EYUP TELEFERIK,7,0.0514
T5,EYUP TELEFERIK,8,0.0451
T5,EYUP TELEFERIK,9,0.0351
T5,EYUP TELEFERIK,10,0.0344
T5,EYUP TELEFERIK,11,0.0404
T5,EYUP TELEFERIK,12,0.0459
T5,EYUP TELEFERIK,13,0.0505
T5,EYUP TELEFERIK,14,0.0625
T5,EYUP TELEFERIK,15,0.078
T5,EYUP TELEFERIK,16,0.0619
T5,EYUP TELEFERIK,17,0.0602
T5,EYUP TELEFERIK,18,0.052
T5,EYUP TELEFERIK,19,0.0583
T5,EYUP TELEFERIK,20,0.0664
T5,EYUP TELEFERIK,21,0.0733
T5,EYUP TELEFERIK,22,0.0681
T5,EYUP TELEFERIK,23,0.0536
T5,FENER,0,0.0509
T5,FENER,1,0.0466
T5,FENER,2,0.0496
T5,FENER,3,0.0286
T5,FENER,4,0.0297
T5,FENER,5,0.0465
T5,FENER,6,0.0526
T5,FENER,7,0.0403
T5,FENER,8,0.0419
T5,FENER,9,0.0465
T5,FENER,10,0.0472
T5,FENER,11,0.05
T5,FENER,12,0.0532
T5,FENER,13,0.0573
T5,FENER,14,0.0572
T5,FENER,15,0.0533
T5,FENER,16,0.0606
T5,FENER,17,0.054
T5,FENER,18,0.0476
T5,FENER,19,0.0509
T5,FENER,20,0.0569
T5,FENER,21,0.0594
T5,FENER,22,0.0556
T5,FENER,23,0.0486
T5,FESHANE,0,0.1463
T5,FESHANE,1,0.1207
T5,FESHANE,2,0.0038
T5,FESHANE,3,0.0286
T5,FESHANE,4,0.0212
T5,FESHANE,5,0.03
T5,FESHANE,6,0.0279
T5,FESHANE,7,0.0365
T5,FESHANE,8,0.039
T5,FESHANE,9,0.0412
T5,FESHANE,10,0.0434
T5,FESHANE,11,0.0469
T5,FESHANE,12,0.053
T5,FESHANE,13,0.0592
T5,FESHANE,14,0.0762
T5,FESHANE,15,0.0641
T5,FESHANE,16,0.0682
T5,FESHANE,17,0.0664
T5,FESHANE,18,0.0639
T5,FESHANE,19,0.0718
T5,FESHANE,20,0.0807
T5,FESHANE,21,0.0849
T5,FESHANE,22,0.0855
T5,FESHANE,23,0.0822
T5,KUCUKPAZAR,0,0.0806
T5,KUCUKPAZAR,1,0.0802
T5,KUCUKPAZAR,2,0.2023
T5,KUCUKPAZAR,3,0.2286
T5,KUCUKPAZAR,4,0.0381
T5,KUCUKPAZAR,5,0.0088
T5,KUCUKPAZAR,6,0.0133
T5,KUCUKPAZAR,7,0.0144
T5,KUCUKPAZAR,8,0.0338
T5,KUCUKPAZAR,9,0.0581
T5,KUCUKPAZAR,10,0.0625
T5,KUCUKPAZAR,11,0.0583
T5,KUCUKPAZAR,12,0.0538
T5,KUCUKPAZAR,13,0.0543
T5,KUCUKPAZAR,14,0.0491
T5,KUCUKPAZAR,15,0.0463
T5,KUCUKPAZAR,16,0.0547
T5,KUCUKPAZAR,17,0.0625
T5,KUCUKPAZAR,18,0.075
T5,KUCUKPAZAR,19,0.0724
T5,KUCUKPAZAR,20,0.0665
T5,KUCUKPAZAR,21,0.0638
T5,KUCUKPAZAR,22,0.0746
T5,KUCUKPAZAR,23,0.083
T5,SILAHTARAGA,0,0.0256
T5,SILAHTARAGA,1,0.0174
T5,SILAHTARAGA,2,0.0153
T5,SILAHTARAGA,4,0.0466
T5,SILAHTARAGA,5,0.0618
T5,SILAHTARAGA,6,0.1108
T5,SILAHTARAGA,7,0.1193
T5,SILAHTARAGA,8,0.1124
T5,SILAHTARAGA,9,0.0799
T5,SILAHTARAGA,10,0.0559
T5,SILAHTARAGA,11,0.0517
T5,SILAHTARAGA,12,0.0521
T5,SILAHTARAGA,13,0.0467
T5,SILAHTARAGA,14,0.0438
T5,SILAHTARAGA,15,0.043
T5,SILAHTARAGA,16,0.0314
T5,SILAHTARAGA,17,0.0276
T5,SILAHTARAGA,18,0.0244
T5,SILAHTARAGA,19,0.0277
T5,SILAHTARAGA,20,0.0327
T5,SILAHTARAGA,21,0.0361
T5,SILAHTARAGA,22,0.0322
T5,SILAHTARAGA,23,0.0251
T5,UNIVERSITE,0,0.0361
T5,UNIVERSITE,1,0.0308
T5,UNIVERSITE,2,0.0344
T5,UNIVERSITE,3,0.0286
T5,UNIVERSITE,4,0.0297
T5,UNIVERSITE,5,0.0316
T5,UNIVERSITE,6,0.0723
T5,UNIVERSITE,7,0.085
T5,UNIVERSITE,8,0.0898
T5,UNIVERSITE,9,0.0678
T5,UNIVERSITE,10,0.0596
T5,UNIVERSITE,11,0.0582
T5,UNIVERSITE,12,0.0568
T5,UNIVERSITE,13,0.0537
T5,UNIVERSITE,14,0.0494
T5,UNIVERSITE,15,0.0431
T5,UNIVERSITE,16,0.0466
T5,UNIVERSITE,17,0.0399
T5,UNIVERSITE,18,0.0368
T5,UNIVERSITE,19,0.036
T5,UNIVERSITE,20,0.0375
T5,UNIVERSITE,21,0.0378
T5,UNIVERSITE,22,0.0333
T5,UNIVERSITE,23,0.0306
TCDD-GH,GAYRETTEPE,0,0.2593
TCDD-GH,GAYRETTEPE,1,0.0065
TCDD-GH,GAYRETTEPE,2,0.0095
TCDD-GH,GAYRETTEPE,3,0.003
TCDD-GH,GAYRETTEPE,4,0.0025
TCDD-GH,GAYRETTEPE,5,0.1039
TCDD-GH,GAYRETTEPE,6,0.0925
TCDD-GH,GAYRETTEPE,7,0.0988
TCDD-GH,GAYRETTEPE,8,0.1197
TCDD-GH,GAYRETTEPE,9,0.1464
TCDD-GH,GAYRETTEPE,10,0.1405
TCDD-GH,GAYRETTEPE,11,0.1291
TCDD-GH,GAYRETTEPE,12,0.1257
TCDD-GH,GAYRETTEPE,13,0.1168
TCDD-GH,GAYRETTEPE,14,0.1081
TCDD-GH,GAYRETTEPE,15,0.1156
TCDD-GH,GAYRETTEPE,16,0.1275
TCDD-GH,GAYRETTEPE,17,0.1417
TCDD-GH,GAYRETTEPE,18,0.1568
TCDD-GH,GAYRETTEPE,19,0.1406
TCDD-GH,GAYRETTEPE,20,0.1412
TCDD-GH,GAYRETTEPE,21,0.1471
TCDD-GH,GAYRETTEPE,22,0.1433
TCDD-GH,GAYRETTEPE,23,0.1373
TCDD-GH,KAGITHANE,0,0.4022
TCDD-GH,KAGITHANE,1,0.1284
TCDD-GH,KAGITHANE,2,0.1962
TCDD-GH,KAGITHANE,3,0.2175
TCDD-GH,KAGITHANE,4,0.3509
TCDD-GH,KAGITHANE,5,0.3054
TCDD-GH,KAGITHANE,6,0.3794
TCDD-GH,KAGITHANE,7,0.3784
TCDD-GH,KAGITHANE,8,0.4348
TCDD-GH,KAGITHANE,9,0.4456
TCDD-GH,KAGITHANE,10,0.3964
TCDD-GH,KAGITHANE,11,0.3465
TCDD-GH,KAGITHANE,12,0.3282
TCDD-GH,KAGITHANE,13,0.3034
TCDD-GH,KAGITHANE,14,0.2697
TCDD-GH,KAGITHANE,15,0.2653
TCDD-GH,KAGITHANE,16,0.2581
TCDD-GH,KAGITHANE,17,0.2521
TCDD-GH,KAGITHANE,18,0.2756
TCDD-GH,KAGITHANE,19,0.2862
TCDD-GH,KAGITHANE,20,0.2498
TCDD-GH,KAGITHANE,21,0.2679
TCDD-GH,KAGITHANE,22,0.2457
TCDD-GH,KAGITHANE,23,0.2469
TCDD-GH,HALKALI,15,0.0
TCDD-GH,HALKALI,16,0.0
TCDD-GH,HAVALIMANI,0,0.1728
TCDD-GH,HAVALIMANI,1,0.6492
TCDD-GH,HAVALIMANI,2,0.539
TCDD-GH,HAVALIMANI,3,0.4653
TCDD-GH,HAVALIMANI,4,0.4211
TCDD-GH,HAVALIMANI,5,0.4163
TCDD-GH,HAVALIMANI,6,0.2247
TCDD-GH,HAVALIMANI,7,0.1581
TCDD-GH,HAVALIMANI,8,0.1204
TCDD-GH,HAVALIMANI,9,0.1287
TCDD-GH,HAVALIMANI,10,0.2035
TCDD-GH,HAVALIMANI,11,0.2728
TCDD-GH,HAVALIMANI,12,0.2808
TCDD-GH,HAVALIMANI,13,0.3063
TCDD-GH,HAVALIMANI,14,0.3302
TCDD-GH,HAVALIMANI,15,0.3056
TCDD-GH,HAVALIMANI,16,0.2767
TCDD-GH,HAVALIMANI,17,0.2562
TCDD-GH,HAVALIMANI,18,0.2608
TCDD-GH,HAVALIMANI,19,0.3104
TCDD-GH,HAVALIMANI,20,0.3699
TCDD-GH,HAVALIMANI,21,0.3557
TCDD-GH,HAVALIMANI,22,0.3862
TCDD-GH,HAVALIMANI,23,0.4516
TCDD-GH,ARNAVUTKOY,0,0.0019
TCDD-GH,ARNAVUTKOY,1,0.0084
TCDD-GH,ARNAVUTKOY,2,0.0019
TCDD-GH,ARNAVUTKOY,4,0.0025
TCDD-GH,ARNAVUTKOY,5,0.0823
TCDD-GH,ARNAVUTKOY,6,0.0864
TCDD-GH,ARNAVUTKOY,7,0.0737
TCDD-GH,ARNAVUTKOY,8,0.0483
TCDD-GH,ARNAVUTKOY,9,0.0453
TCDD-GH,ARNAVUTKOY,10,0.0462
TCDD-GH,ARNAVUTKOY,11,0.0438
TCDD-GH,ARNAVUTKOY,12,0.0403
TCDD-GH,ARNAVUTKOY,13,0.0413
TCDD-GH,ARNAVUTKOY,14,0.0383
TCDD-GH,ARNAVUTKOY,15,0.0297
TCDD-GH,ARNAVUTKOY,16,0.0258
TCDD-GH,ARNAVUTKOY,17,0.0231
TCDD-GH,ARNAVUTKOY,18,0.0218
TCDD-GH,ARNAVUTKOY,19,0.0208
TCDD-GH,ARNAVUTKOY,20,0.0225
TCDD-GH,ARNAVUTKOY,21,0.0276
TCDD-GH,ARNAVUTKOY,22,0.024
TCDD-GH,ARNAVUTKOY,23,0.0155
TCDD-GH,GOKTURK,0,0.1158
TCDD-GH,GOKTURK,1,0.107
TCDD-GH,GOKTURK,2,0.0629
TCDD-GH,GOKTURK,3,0.0755
TCDD-GH,GOKTURK,4,0.0426
TCDD-GH,GOKTURK,5,0.0188
TCDD-GH,GOKTURK,6,0.0626
TCDD-GH,GOKTURK,7,0.1079
TCDD-GH,GOKTURK,8,0.1212
TCDD-GH,GOKTURK,9,0.0939
TCDD-GH,GOKTURK,10,0.0903
TCDD-GH,GOKTURK,11,0.0865
TCDD-GH,GOKTURK,12,0.0996
TCDD-GH,GOKTURK,13,0.1042
TCDD-GH,GOKTURK,14,0.0911
TCDD-GH,GOKTURK,15,0.1027
TCDD-GH,GOKTURK,16,0.1271
TCDD-GH,GOKTURK,17,0.1618
TCDD-GH,GOKTURK,18,0.1662
TCDD-GH,GOKTURK,19,0.1442
TCDD-GH,GOKTURK,20,0.132
TCDD-GH,GOKTURK,21,0.1249
TCDD-GH,GOKTURK,22,0.1244
TCDD-GH,GOKTURK,23,0.0938
TCDD-GH,HASDAL,0,0.0051
TCDD-GH,HASDAL,1,0.0195
TCDD-GH,HASDAL,2,0.0552
TCDD-GH,HASDAL,3,0.0574
TCDD-GH,HASDAL,4,0.0401
TCDD-GH,HASDAL,5,0.0102
TCDD-GH,HASDAL,6,0.0089
TCDD-GH,HASDAL,7,0.0082
TCDD-GH,HASDAL,8,0.0058
TCDD-GH,HASDAL,9,0.0063
TCDD-GH,HASDAL,10,0.0062
TCDD-GH,HASDAL,11,0.0048
TCDD-GH,HASDAL,12,0.0048
TCDD-GH,HASDAL,13,0.0051
TCDD-GH,HASDAL,14,0.0049
TCDD-GH,HASDAL,15,0.005
TCDD-GH,HASDAL,16,0.0051
TCDD-GH,HASDAL,17,0.0051
TCDD-GH,HASDAL,18,0.0044
TCDD-GH,HASDAL,19,0.0052
TCDD-GH,HASDAL,20,0.0043
TCDD-GH,HASDAL,21,0.0033
TCDD-GH,HASDAL,22,0.0034
TCDD-GH,HASDAL,23,0.0029
TCDD-GH,HAVALIMANI   (KARGO TERMINALI),0,0.0012
TCDD-GH,HAVALIMANI   (KARGO TERMINALI),1,0.0266
TCDD-GH,HAVALIMANI   (KARGO TERMINALI),2,0.0533
TCDD-GH,HAVALIMANI   (KARGO TERMINALI),3,0.0937
TCDD-GH,HAVALIMANI   (KARGO TERMINALI),4,0.0727
TCDD-GH,HAVALIMANI   (KARGO TERMINALI),5,0.0147
TCDD-GH,HAVALIMANI   (KARGO TERMINALI),6,0.0097
TCDD-GH,HAVALIMANI   (KARGO TERMINALI),7,0.0116
TCDD-GH,HAVALIMANI   (KARGO TERMINALI),8,0.0081
TCDD-GH,HAVALIMANI   (KARGO TERMINALI),9,0.0095
TCDD-GH,HAVALIMANI   (KARGO TERMINALI),10,0.0087
TCDD-GH,HAVALIMANI   (KARGO TERMINALI),11,0.01
TCDD-GH,HAVALIMANI   (KARGO TERMINALI),12,0.0115
TCDD-GH,HAVALIMANI   (KARGO TERMINALI),13,0.0091
TCDD-GH,HAVALIMANI   (KARGO TERMINALI),14,0.0146
TCDD-GH,HAVALIMANI   (KARGO TERMINALI),15,0.0144
TCDD-GH,HAVALIMANI   (KARGO TERMINALI),16,0.0256
TCDD-GH,HAVALIMANI   (KARGO TERMINALI),17,0.0221
TCDD-GH,HAVALIMANI   (KARGO TERMINALI),18,0.0103
TCDD-GH,HAVALIMANI   (KARGO TERMINALI),19,0.0074
TCDD-GH,HAVALIMANI   (KARGO TERMINALI),20,0.007
TCDD-GH,HAVALIMANI   (KARGO TERMINALI),21,0.0059
TCDD-GH,HAVALIMANI   (KARGO TERMINALI),22,0.016
TCDD-GH,HAVALIMANI   (KARGO TERMINALI),23,0.0097
TCDD-GH,HAVALIMANI (KARGO TERMINALI ),0,0.0045
TCDD-GH,HAVALIMANI (KARGO TERMINALI ),1,0.0058
TCDD-GH,HAVALIMANI (KARGO TERMINALI ),2,0.0038
TCDD-GH,HAVALIMANI (KARGO TERMINALI ),3,0.0181
TCDD-GH,HAVALIMANI (KARGO TERMINALI ),4,0.0201
TCDD-GH,HAVALIMANI (KARGO TERMINALI ),5,0.0079
TCDD-GH,HAVALIMANI (KARGO TERMINALI ),6,0.01
TCDD-GH,HAVALIMANI (KARGO TERMINALI ),7,0.0078
TCDD-GH,HAVALIMANI (KARGO TERMINALI ),8,0.0054
TCDD-GH,HAVALIMANI (KARGO TERMINALI ),9,0.006
TCDD-GH,HAVALIMANI (KARGO TERMINALI ),10,0.0061
TCDD-GH,HAVALIMANI (KARGO TERMINALI ),11,0.0069
TCDD-GH,HAVALIMANI (KARGO TERMINALI ),12,0.0079
TCDD-GH,HAVALIMANI (KARGO TERMINALI ),13,0.0075
TCDD-GH,HAVALIMANI (KARGO TERMINALI ),14,0.0138
TCDD-GH,HAVALIMANI (KARGO TERMINALI ),15,0.0156
TCDD-GH,HAVALIMANI (KARGO TERMINALI ),16,0.0214
TCDD-GH,HAVALIMANI (KARGO TERMINALI ),17,0.0228
TCDD-GH,HAVALIMANI (KARGO TERMINALI ),18,0.0098
TCDD-GH,HAVALIMANI (KARGO TERMINALI ),19,0.0057
TCDD-GH,HAVALIMANI (KARGO TERMINALI ),20,0.0059
TCDD-GH,HAVALIMANI (KARGO TERMINALI ),21,0.0049
TCDD-GH,HAVALIMANI (KARGO TERMINALI ),22,0.0185
TCDD-GH,HAVALIMANI (KARGO TERMINALI ),23,0.0131
TCDD-GH,IHSANIYE,0,0.0113
TCDD-GH,IHSANIYE,1,0.0201
TCDD-GH,IHSANIYE,2,0.04
TCDD-GH,IHSANIYE,3,0.0363
TCDD-GH,IHSANIYE,4,0.0351
TCDD-GH,IHSANIYE,5,0.0097
TCDD-GH,IHSANIYE,6,0.0614
TCDD-GH,IHSANIYE,7,0.0838
TCDD-GH,IHSANIYE,8,0.0601
TCDD-GH,IHSANIYE,9,0.0505
TCDD-GH,IHSANIYE,10,0.0394
TCDD-GH,IHSANIYE,11,0.0357
TCDD-GH,IHSANIYE,12,0.0348
TCDD-GH,IHSANIYE,13,0.0348
TCDD-GH,IHSANIYE,14,0.0334
TCDD-GH,IHSANIYE,15,0.0254
TCDD-GH,IHSANIYE,16,0.026
TCDD-GH,IHSANIYE,17,0.0271
TCDD-GH,IHSANIYE,18,0.0295
TCDD-GH,IHSANIYE,19,0.0255
TCDD-GH,IHSANIYE,20,0.0218
TCDD-GH,IHSANIYE,21,0.0158
TCDD-GH,IHSANIYE,22,0.0088
TCDD-GH,IHSANIYE,23,0.0051
TCDD-GH,KEMERBURGAZ,0,0.0231
TCDD-GH,KEMERBURGAZ,1,0.0097
TCDD-GH,KEMERBURGAZ,2,0.0152
TCDD-GH,KEMERBURGAZ,3,0.0272
TCDD-GH,KEMERBURGAZ,4,0.01
TCDD-GH,KEMERBURGAZ,5,0.0144
TCDD-GH,KEMERBURGAZ,6,0.0395
TCDD-GH,KEMERBURGAZ,7,0.048
TCDD-GH,KEMERBURGAZ,8,0.0592
TCDD-GH,KEMERBURGAZ,9,0.0526
TCDD-GH,KEMERBURGAZ,10,0.0475
TCDD-GH,KEMERBURGAZ,11,0.0478
TCDD-GH,KEMERBURGAZ,12,0.0502
TCDD-GH,KEMERBURGAZ,13,0.0571
TCDD-GH,KEMERBURGAZ,14,0.0828
TCDD-GH,KEMERBURGAZ,15,0.1099
TCDD-GH,KEMERBURGAZ,16,0.0925
TCDD-GH,KEMERBURGAZ,17,0.0786
TCDD-GH,KEMERBURGAZ,18,0.0571
TCDD-GH,KEMERBURGAZ,19,0.0466
TCDD-GH,KEMERBURGAZ,20,0.0378
TCDD-GH,KEMERBURGAZ,21,0.038
TCDD-GH,KEMERBURGAZ,22,0.0235
TCDD-GH,KEMERBURGAZ,23,0.02
TCDD-GH,TASOLUK,0,0.0029
TCDD-GH,TASOLUK,1,0.0188
TCDD-GH,TASOLUK,2,0.0229
TCDD-GH,TASOLUK,3,0.006
TCDD-GH,TASOLUK,4,0.0025
TCDD-GH,TASOLUK,5,0.0163
TCDD-GH,TASOLUK,6,0.0248
TCDD-GH,TASOLUK,7,0.0236
TCDD-GH,TASOLUK,8,0.0171
TCDD-GH,TASOLUK,9,0.0153
TCDD-GH,TASOLUK,10,0.0152
TCDD-GH,TASOLUK,11,0.0162
TCDD-GH,TASOLUK,12,0.0163
TCDD-GH,TASOLUK,13,0.0144
TCDD-GH,TASOLUK,14,0.0132
TCDD-GH,TASOLUK,15,0.0109
TCDD-GH,TASOLUK,16,0.0142
TCDD-GH,TASOLUK,17,0.0095
TCDD-GH,TASOLUK,18,0.0079
TCDD-GH,TASOLUK,19,0.0074
TCDD-GH,TASOLUK,20,0.0078
TCDD-GH,TASOLUK,21,0.0088
TCDD-GH,TASOLUK,22,0.0062
TCDD-GH,TASOLUK,23,0.0041
TCDD-HB,ALTINSEHIR,7,0.0001
TCDD-HB,ALTINSEHIR,13,0.0278
TCDD-HB,ALTINSEHIR,14,0.0417
TCDD-HB,ALTINSEHIR,15,0.0526
TCDD-HB,ALTINSEHIR,17,0.005
TCDD-HB,ALTINSEHIR,18,0.0
TCDD-HB,ALTINSEHIR,19,0.0031
TCDD-HB,ALTINSEHIR,20,0.0714
TCDD-HB,ALTINSEHIR,21,0.2222
TCDD-HB,ALTINSEHIR,23,0.5
TCDD-HB,HALKALI,6,0.0156
TCDD-HB,HALKALI,7,0.0004
TCDD-HB,HALKALI,8,0.6
TCDD-HB,HALKALI,9,0.6957
TCDD-HB,HALKALI,10,0.2857
TCDD-HB,HALKALI,11,0.4706
TCDD-HB,HALKALI,12,0.2273
TCDD-HB,HALKALI,13,0.5556
TCDD-HB,HALKALI,14,0.4583
TCDD-HB,HALKALI,15,0.4737
TCDD-HB,HALKALI,16,0.1304
TCDD-HB,HALKALI,17,0.8769
TCDD-HB,HALKALI,18,0.8772
TCDD-HB,HALKALI,19,0.0583
TCDD-HB,HALKALI,20,0.2857
TCDD-HB,HALKALI,21,0.2222
TCDD-HB,HALKALI,22,0.25
TCDD-HB,BAHCESEHIR,0,1.0
TCDD-HB,BAHCESEHIR,3,1.0
TCDD-HB,BAHCESEHIR,4,0.2
TCDD-HB,BAHCESEHIR,5,1.0
TCDD-HB,BAHCESEHIR,6,0.9781
TCDD-HB,BAHCESEHIR,7,0.9464
TCDD-HB,BAHCESEHIR,8,0.4
TCDD-HB,BAHCESEHIR,9,0.3043
TCDD-HB,BAHCESEHIR,10,0.7143
TCDD-HB,BAHCESEHIR,11,0.4118
TCDD-HB,BAHCESEHIR,12,0.3636
TCDD-HB,BAHCESEHIR,13,0.3889
TCDD-HB,BAHCESEHIR,14,0.4583
TCDD-HB,BAHCESEHIR,15,0.3684
TCDD-HB,BAHCESEHIR,16,0.6087
TCDD-HB,BAHCESEHIR,17,0.108
TCDD-HB,BAHCESEHIR,18,0.1205
TCDD-HB,BAHCESEHIR,19,0.5675
TCDD-HB,BAHCESEHIR,20,0.5
TCDD-HB,BAHCESEHIR,21,0.2222
TCDD-HB,BAHCESEHIR,22,0.3
TCDD-HB,BAHCESEHIR,23,0.5
TCDD-HB,ISPARTAKULE,4,0.8
TCDD-HB,ISPARTAKULE,6,0.0062
TCDD-HB,ISPARTAKULE,7,0.0531
TCDD-HB,ISPARTAKULE,11,0.1176
TCDD-HB,ISPARTAKULE,12,0.4091
TCDD-HB,ISPARTAKULE,13,0.0278
TCDD-HB,ISPARTAKULE,15,0.0526
TCDD-HB,ISPARTAKULE,16,0.2609
TCDD-HB,ISPARTAKULE,17,0.0101
TCDD-HB,ISPARTAKULE,18,0.0023
TCDD-HB,ISPARTAKULE,19,0.3712
TCDD-HB,ISPARTAKULE,20,0.1429
TCDD-HB,ISPARTAKULE,21,0.1111
TCDD-HB,ISPARTAKULE,22,0.45
TCDD-HB,KONUTBIRLIK,14,0.0417
TCDD-HB,KONUTBIRLIK,15,0.0526
TCDD-HB,KONUTBIRLIK,21,0.2222
TCDD-SK,YENIKAPI,0,0.3611
TCDD-SK,YENIKAPI,1,0.4286
TCDD-SK,YENIKAPI,3,0.5
TCDD-SK,YENIKAPI,4,0.2857
TCDD-SK,YENIKAPI,5,0.0207
TCDD-SK,YENIKAPI,6,0.1474
TCDD-SK,YENIKAPI,7,0.1708
TCDD-SK,YENIKAPI,8,0.1567
TCDD-SK,YENIKAPI,9,0.1767
TCDD-SK,YENIKAPI,10,0.1385
TCDD-SK,YENIKAPI,11,0.1434
TCDD-SK,YENIKAPI,12,0.1404
TCDD-SK,YENIKAPI,13,0.1385
TCDD-SK,YENIKAPI,14,0.1318
TCDD-SK,YENIKAPI,15,0.1233
TCDD-SK,YENIKAPI,16,0.1276
TCDD-SK,YENIKAPI,17,0.1407
TCDD-SK,YENIKAPI,18,0.1666
TCDD-SK,YENIKAPI,19,0.192
TCDD-SK,YENIKAPI,20,0.196
TCDD-SK,YENIKAPI,21,0.2204
TCDD-SK,YENIKAPI,22,0.2329
TCDD-SK,YENIKAPI,23,0.3085
TCDD-SK,KAZLICESME,0,0.0556
TCDD-SK,KAZLICESME,4,0.4286
TCDD-SK,KAZLICESME,5,0.1135
TCDD-SK,KAZLICESME,6,0.1193
TCDD-SK,KAZLICESME,7,0.1786
TCDD-SK,KAZLICESME,8,0.1531
TCDD-SK,KAZLICESME,9,0.1701
TCDD-SK,KAZLICESME,10,0.1679
TCDD-SK,KAZLICESME,11,0.1504
TCDD-SK,KAZLICESME,12,0.1825
TCDD-SK,KAZLICESME,13,0.1677
TCDD-SK,KAZLICESME,14,0.1541
TCDD-SK,KAZLICESME,15,0.122
TCDD-SK,KAZLICESME,16,0.1054
TCDD-SK,KAZLICESME,17,0.1112
TCDD-SK,KAZLICESME,18,0.1146
TCDD-SK,KAZLICESME,19,0.1282
TCDD-SK,KAZLICESME,20,0.1356
TCDD-SK,KAZLICESME,21,0.1391
TCDD-SK,KAZLICESME,22,0.1215
TCDD-SK,KAZLICESME,23,0.0067
TCDD-SK,SIRKECI,0,0.1944
TCDD-SK,SIRKECI,5,0.019
TCDD-SK,SIRKECI,6,0.0229
TCDD-SK,SIRKECI,7,0.0344
TCDD-SK,SIRKECI,8,0.0366
TCDD-SK,SIRKECI,9,0.0572
TCDD-SK,SIRKECI,10,0.0717
TCDD-SK,SIRKECI,11,0.0781
TCDD-SK,SIRKECI,12,0.112
TCDD-SK,SIRKECI,13,0.125
TCDD-SK,SIRKECI,14,0.1429
TCDD-SK,SIRKECI,15,0.1751
TCDD-SK,SIRKECI,16,0.1811
TCDD-SK,SIRKECI,17,0.2592
TCDD-SK,SIRKECI,18,0.2844
TCDD-SK,SIRKECI,19,0.2476
TCDD-SK,SIRKECI,20,0.1876
TCDD-SK,SIRKECI,21,0.1559
TCDD-SK,SIRKECI,22,0.1902
TCDD-SK,SIRKECI,23,0.1306
TCDD-SK,CANKURTARAN,0,0.0556
TCDD-SK,CANKURTARAN,1,0.1429
TCDD-SK,CANKURTARAN,2,0.5
TCDD-SK,CANKURTARAN,4,0.0714
TCDD-SK,CANKURTARAN,5,0.0141
TCDD-SK,CANKURTARAN,6,0.0206
TCDD-SK,CANKURTARAN,7,0.0235
TCDD-SK,CANKURTARAN,8,0.0246
TCDD-SK,CANKURTARAN,9,0.0399
TCDD-SK,CANKURTARAN,10,0.0613
TCDD-SK,CANKURTARAN,11,0.065
TCDD-SK,CANKURTARAN,12,0.069
TCDD-SK,CANKURTARAN,13,0.0675
TCDD-SK,CANKURTARAN,14,0.0884
TCDD-SK,CANKURTARAN,15,0.1102
TCDD-SK,CANKURTARAN,16,0.1003
TCDD-SK,CANKURTARAN,17,0.1167
TCDD-SK,CANKURTARAN,18,0.0825
TCDD-SK,CANKURTARAN,19,0.0704
TCDD-SK,CANKURTARAN,20,0.0914
TCDD-SK,CANKURTARAN,21,0.112
TCDD-SK,CANKURTARAN,22,0.1287
TCDD-SK,CANKURTARAN,23,0.1751
TCDD-SK,CERRAHPASA,0,0.1667
TCDD-SK,CERRAHPASA,5,0.0652
TCDD-SK,CERRAHPASA,6,0.0854
TCDD-SK,CERRAHPASA,7,0.0721
TCDD-SK,CERRAHPASA,8,0.0949
TCDD-SK,CERRAHPASA,9,0.1545
TCDD-SK,CERRAHPASA,10,0.1928
TCDD-SK,CERRAHPASA,11,0.2134
TCDD-SK,CERRAHPASA,12,0.1459
TCDD-SK,CERRAHPASA,13,0.152
TCDD-SK,CERRAHPASA,14,0.1799
TCDD-SK,CERRAHPASA,15,0.1967
TCDD-SK,CERRAHPASA,16,0.2093
TCDD-SK,CERRAHPASA,17,0.1003
TCDD-SK,CERRAHPASA,18,0.0708
TCDD-SK,CERRAHPASA,19,0.0707
TCDD-SK,CERRAHPASA,20,0.085
TCDD-SK,CERRAHPASA,21,0.0841
TCDD-SK,CERRAHPASA,22,0.0703
TCDD-SK,CERRAHPASA,23,0.0508
TCDD-SK,KOCA MUSTAFA PASA,0,0.0278
TCDD-SK,KOCA MUSTAFA PASA,3,0.3333
TCDD-SK,KOCA MUSTAFA PASA,5,0.2919
TCDD-SK,KOCA MUSTAFA PASA,6,0.3253
TCDD-SK,KOCA MUSTAFA PASA,7,0.2933
TCDD-SK,KOCA MUSTAFA PASA,8,0.3289
TCDD-SK,KOCA MUSTAFA PASA,9,0.1934
TCDD-SK,KOCA MUSTAFA PASA,10,0.1561
TCDD-SK,KOCA MUSTAFA PASA,11,0.1423
TCDD-SK,KOCA MUSTAFA PASA,12,0.1392
TCDD-SK,KOCA MUSTAFA PASA,13,0.1314
TCDD-SK,KOCA MUSTAFA PASA,14,0.1157
TCDD-SK,KOCA MUSTAFA PASA,15,0.1091
TCDD-SK,KOCA MUSTAFA PASA,16,0.0827
TCDD-SK,KOCA MUSTAFA PASA,17,0.0767
TCDD-SK,KOCA MUSTAFA PASA,18,0.064
TCDD-SK,KOCA MUSTAFA PASA,19,0.0645
TCDD-SK,KOCA MUSTAFA PASA,20,0.0745
TCDD-SK,KOCA MUSTAFA PASA,21,0.0866
TCDD-SK,KOCA MUSTAFA PASA,22,0.0799
TCDD-SK,KOCA MUSTAFA PASA,23,0.0753
TCDD-SK,KUMKAPI,0,0.1111
TCDD-SK,KUMKAPI,1,0.4286
TCDD-SK,KUMKAPI,2,0.5
TCDD-SK,KUMKAPI,3,0.1667
TCDD-SK,KUMKAPI,4,0.1429
TCDD-SK,KUMKAPI,5,0.0504
TCDD-SK,KUMKAPI,6,0.0823
TCDD-SK,KUMKAPI,7,0.063
TCDD-SK,KUMKAPI,8,0.0519
TCDD-SK,KUMKAPI,9,0.0963
TCDD-SK,KUMKAPI,10,0.1207
TCDD-SK,KUMKAPI,11,0.1246
TCDD-SK,KUMKAPI,12,0.1175
TCDD-SK,KUMKAPI,13,0.1269
TCDD-SK,KUMKAPI,14,0.1162
TCDD-SK,KUMKAPI,15,0.11
TCDD-SK,KUMKAPI,16,0.1507
TCDD-SK,KUMKAPI,17,0.1557
TCDD-SK,KUMKAPI,18,0.1863
TCDD-SK,KUMKAPI,19,0.1997
TCDD-SK,KUMKAPI,20,0.198
TCDD-SK,KUMKAPI,21,0.1647
TCDD-SK,KUMKAPI,22,0.1346
TCDD-SK,KUMKAPI,23,0.2337
TCDD-SK,YEDIKULE,0,0.0278
TCDD-SK,YEDIKULE,4,0.0714
TCDD-SK,YEDIKULE,5,0.4251
TCDD-SK,YEDIKULE,6,0.1966
TCDD-SK,YEDIKULE,7,0.1644
TCDD-SK,YEDIKULE,8,0.1533
TCDD-SK,YEDIKULE,9,0.112
TCDD-SK,YEDIKULE,10,0.091
TCDD-SK,YEDIKULE,11,0.0829
TCDD-SK,YEDIKULE,12,0.0935
TCDD-SK,YEDIKULE,13,0.0911
TCDD-SK,YEDIKULE,14,0.0711
TCDD-SK,YEDIKULE,15,0.0536
TCDD-SK,YEDIKULE,16,0.0431
TCDD-SK,YEDIKULE,17,0.0395
TCDD-SK,YEDIKULE,18,0.0308
TCDD-SK,YEDIKULE,19,0.0269
TCDD-SK,YEDIKULE,20,0.0318
TCDD-SK,YEDIKULE,21,0.0372
TCDD-SK,YEDIKULE,22,0.0419
TCDD-SK,YEDIKULE,23,0.0194
TCDD-SK,YEDIKULKE,15,0.0
TF1,MACKA,2,1.0
TF1,MACKA,3,1.0
TF1,MACKA,5,1.0
TF1,MACKA,6,1.0
TF1,MACKA,7,1.0
TF1,MACKA,8,1.0
TF1,MACKA,9,1.0
TF1,MACKA,10,1.0
TF1,MACKA,11,1.0
TF1,MACKA,12,1.0
TF1,MACKA,13,1.0
TF1,MACKA,14,1.0
TF1,MACKA,15,1.0
TF1,MACKA,16,1.0
TF1,MACKA,17,1.0
TF1,MACKA,18,1.0
TF1,MACKA,19,1.0
TF1,MACKA,20,1.0
TF1,MACKA,21,1.0
TF1,MACKA,22,1.0
TF2,EYUP,0,1.0
TF2,EYUP,6,1.0
TF2,EYUP,7,0.7042
TF2,EYUP,8,0.655
TF2,EYUP,9,0.5847
TF2,EYUP,10,0.5777
TF2,EYUP,11,0.5662
TF2,EYUP,12,0.5482
TF2,EYUP,13,0.537
TF2,EYUP,14,0.5361
TF2,EYUP,15,0.5255
TF2,EYUP,16,0.5062
TF2,EYUP,17,0.5185
TF2,EYUP,18,0.5339
TF2,EYUP,19,0.54
TF2,EYUP,20,0.5393
TF2,EYUP,21,0.5023
TF2,EYUP,22,0.4228
TF2,EYUP,23,0.5385
TF2,PIERLOTI,4,1.0
TF2,PIERLOTI,7,0.2958
TF2,PIERLOTI,8,0.345
TF2,PIERLOTI,9,0.4153
TF2,PIERLOTI,10,0.4223
TF2,PIERLOTI,11,0.4338
TF2,PIERLOTI,12,0.4518
TF2,PIERLOTI,13,0.463
TF2,PIERLOTI,14,0.4639
TF2,PIERLOTI,15,0.4745
TF2,PIERLOTI,16,0.4938
TF2,PIERLOTI,17,0.4815
TF2,PIERLOTI,18,0.4661
TF2,PIERLOTI,19,0.46
TF2,PIERLOTI,20,0.4607
TF2,PIERLOTI,21,0.4977
TF2,PIERLOTI,22,0.5772
TF2,PIERLOTI,23,0.4615
TUNEL,KARAKOY,0,0.5
TUNEL,KARAKOY,6,0.8278
TUNEL,KARAKOY,7,0.8264
TUNEL,KARAKOY,8,0.762
TUNEL,KARAKOY,9,0.7355
TUNEL,KARAKOY,10,0.6952
TUNEL,KARAKOY,11,0.6856
TUNEL,KARAKOY,12,0.7018
TUNEL,KARAKOY,13,0.698
TUNEL,KARAKOY,14,0.7118
TUNEL,KARAKOY,15,0.7066
TUNEL,KARAKOY,16,0.7101
TUNEL,KARAKOY,17,0.7199
TUNEL,KARAKOY,18,0.7376
TUNEL,KARAKOY,19,0.7186
TUNEL,KARAKOY,20,0.6928
TUNEL,KARAKOY,21,0.6966
TUNEL,KARAKOY,22,0.7019
TUNEL,BEYOGLU,0,0.5
TUNEL,BEYOGLU,6,0.1722
TUNEL,BEYOGLU,7,0.1736
TUNEL,BEYOGLU,8,0.238
TUNEL,BEYOGLU,9,0.2645
TUNEL,BEYOGLU,10,0.3048
TUNEL,BEYOGLU,11,0.3144
TUNEL,BEYOGLU,12,0.2982
TUNEL,BEYOGLU,13,0.302
TUNEL,BEYOGLU,14,0.2882
TUNEL,BEYOGLU,15,0.2934
TUNEL,BEYOGLU,16,0.2899
TUNEL,BEYOGLU,17,0.2801
TUNEL,BEYOGLU,18,0.2624
TUNEL,BEYOGLU,19,0.2814
TUNEL,BEYOGLU,20,0.3072
TUNEL,BEYOGLU,21,0.3034
TUNEL,BEYOGLU,22,0.2981
TUNEL,BEYOGLU,23,1.0
